skill_id,skill_name,reason
1,#Create Digital Marketing Campaigns #Generating company Quality Blog Content #Understanding Social Media Best Practices #Executing Campaigns on Social Networks # Facebook #Linkedin #Youtube #Instagram,special_character_noise
3,#metro #track #blastless track #pway,special_character_noise
5,000 to 25,experience_or_qualification
6,02c,experience_or_qualification
7,0365,special_character_noise
10,1 Year Banking Experience,experience_or_qualification
11,1 to 2 years of experience in Gen AI tasks,sentence_or_description
12,1. Deep understanding of SFE principles,sentence_or_description
13,1. Excellent knowledge of HR functions and employment laws. 2. Strong communication,sentence_or_description
14,1. Good spoken and written english and tamil,sentence_or_description
15,1. Negotiation Skills,sentence_or_description
16,1. Strong communication and negotiation skills 2. Lead generation and business development 3. Good command of communication and presentation 4. Market research and competitor analysis 5. Strong knowledge of industrial fasteners and hardware products,sentence_or_description
17,1.0,special_character_noise
18,1.Good Written & Verbal communication skills 2.organizational skills for tracking several projects at the same time 3.Experience with MVC architecture,sentence_or_description
19,1.Sales Leadership 2.Relationship Management 3.Team Management 4.Communication Skills 5.Training & Coaching 6.Analytical Thinking 7.Customer Focus 8.Product Knowledge 9.Compliance & Process Adherence 10.Strategic Planning,sentence_or_description
20,1.Site supervision 2.Project coordination 3.Quality & safety management 4.Material & resource handling 5. Team leadership 6. Problem-solving 7. Knowledge of drawings & finishes,sentence_or_description
21,10+ years of experience in AI/ML,sentence_or_description
22,10.0,special_character_noise
24,1040,special_character_noise
25,1040s,experience_or_qualification
26,1065,special_character_noise
29,10th,experience_or_qualification
30,10th Pass,experience_or_qualification
32,11th,experience_or_qualification
33,12 class,non_skill_phrase
35,12+ Years in IT Sales Enterprise Sales Global Market,experience_or_qualification
38,12+yrs specific skills in core construction equipment sales cranes piling rig tower crane scissor and boom lift Excavators,sentence_or_description
39,12C,experience_or_qualification
40,12TH / ITI / DIPLOMA / ANY DEGREE,experience_or_qualification
41,12c,experience_or_qualification
42,12t,experience_or_qualification
43,12th,experience_or_qualification
44,12th Pass,experience_or_qualification
45,12th pass,experience_or_qualification
46,13,special_character_noise
47,132Kv,experience_or_qualification
48,132kv,experience_or_qualification
49,14,special_character_noise
50,14001,special_character_noise
51,14155,special_character_noise
52,14281,special_character_noise
53,15,special_character_noise
54,16949,special_character_noise
55,17025,special_character_noise
56,18,special_character_noise
57,19C,experience_or_qualification
58,19c,experience_or_qualification
60,1st LINE MANAGER,experience_or_qualification
61,1st Party Collection,experience_or_qualification
62,1st line manager,experience_or_qualification
63,1st party Collection,experience_or_qualification
64,1yrs Banking Experience in CASA Sales,sentence_or_description
70,2 years experience,sentence_or_description
71,2-3 yrs of HFM experience,experience_or_qualification
72,2-Wheeler Preferred,sentence_or_description
74,2. Knowledge of solvents and co-solvents,sentence_or_description
75,2. medical content writing,sentence_or_description
78,2023,special_character_noise
79,2024,special_character_noise
80,2025,special_character_noise
81,2025 Pass Out,experience_or_qualification
82,21 CFR 820,experience_or_qualification
85,220Kv,experience_or_qualification
86,220kv,experience_or_qualification
87,23779,special_character_noise
88,24,special_character_noise
89,24.7 AI,sentence_or_description
90,24/7,special_character_noise
91,247.ai,sentence_or_description
92,24Q,experience_or_qualification
93,24X7,experience_or_qualification
94,25,special_character_noise
95,25 LPA,experience_or_qualification
96,26Q,experience_or_qualification
97,27+ age,experience_or_qualification
98,270,special_character_noise
99,27644,special_character_noise
100,27701,special_character_noise
101,282824,special_character_noise
102,28414,special_character_noise
103,28816,special_character_noise
104,2D,invalid_short_skill
123,2Nd Class Boiler,experience_or_qualification
126,2d,invalid_short_skill
131,2g,invalid_short_skill
132,2nd Class license,experience_or_qualification
133,2nd hand cars,experience_or_qualification
141,3 to 5 years in secretarial admin role,experience_or_qualification
142,3 to 5 years of HR experience . Strong knowledge of labor laws and HR practices. Excellent communication and interpersonal skills. Proficiency in MS Office and HR software . Good organizational and multitasking abilities,sentence_or_description
143,3 to 6 Years Exp. in Mfg Industry,experience_or_qualification
145,3-4 Yrs. Exp. on the same level,sentence_or_description
147,3. Process optimization,sentence_or_description
149,3000,special_character_noise
154,365,special_character_noise
155,37430,special_character_noise
156,37462,special_character_noise
157,37496,special_character_noise
158,38120,special_character_noise
159,38184,special_character_noise
160,3B,invalid_short_skill
163,3D,invalid_short_skill
215,3DX,invalid_short_skill
219,3G,invalid_short_skill
222,3NF,invalid_short_skill
223,3PL,invalid_short_skill
224,3Pl,invalid_short_skill
225,3Rd Party Collection,experience_or_qualification
226,3d,invalid_short_skill
243,3dX,invalid_short_skill
247,3dx,invalid_short_skill
248,3g,invalid_short_skill
250,3m,invalid_short_skill
251,3pl,invalid_short_skill
256,4 yrs of proven track record of selling Tiles/Cement/Ply wood/Building Materials/Adhesives,sentence_or_description
257,400Kv,experience_or_qualification
259,401,special_character_noise
260,401 K,experience_or_qualification
261,401K,experience_or_qualification
264,41462,special_character_noise
265,42786,special_character_noise
266,43233,special_character_noise
267,43533,special_character_noise
268,43897,special_character_noise
269,44133,special_character_noise
270,45001,special_character_noise
271,45001& 50001,special_character_noise
272,47118,special_character_noise
273,47337,special_character_noise
274,47622,special_character_noise
275,47636,special_character_noise
276,49437,special_character_noise
277,49646,special_character_noise
278,4C,invalid_short_skill
279,4Cs,invalid_short_skill
280,4G,invalid_short_skill
282,4Gl,invalid_short_skill
284,4c,invalid_short_skill
285,4g,invalid_short_skill
288,5 S,invalid_short_skill
294,5+ years of experience in IT operations or application support,sentence_or_description
295,5+ years of work experience in Business Development and Growth. 3+ years experience in B2C Sales,sentence_or_description
298,5000,special_character_noise
300,52509,special_character_noise
301,53481,special_character_noise
302,53609,special_character_noise
303,5471,special_character_noise
304,5CT,invalid_short_skill
305,5G,invalid_short_skill
310,5S,invalid_short_skill
316,5g,invalid_short_skill
318,6+yrs DEFENSE BACKGROUND security protocol procedures Emergency response planning Should have licence Gun,sentence_or_description
319,65158,special_character_noise
320,66462,special_character_noise
322,68850,special_character_noise
323,6A,invalid_short_skill
327,7 Years and above handling of Supervisors & Labours team,experience_or_qualification
328,7+ yrs extensive skills in legal legislations labour laws statutory legislation compliances in projects & asset sites preferably from renewable/wind power projects,sentence_or_description
329,7+yrs skills in Inspection of Foundation casting WTG installation Transmission Tower PSS & 33kV lines works specifically for WIND POWER project,sentence_or_description
330,7+yrs skills in WTG S/s/TL Civil work Material Inspection Quality Audit & training of Quality Management System ISO 9001 certification,sentence_or_description
331,7000,special_character_noise
332,70721,special_character_noise
334,744000076036886,special_character_noise
335,744000076036984,special_character_noise
336,744000076037006,special_character_noise
337,74768,special_character_noise
338,765KV,experience_or_qualification
339,765kV,experience_or_qualification
340,765kv,experience_or_qualification
342,78909,special_character_noise
343,79725,special_character_noise
347,7Qc,invalid_short_skill
349,7qc,invalid_short_skill
352,8+,special_character_noise
354,8.8x,sentence_or_description
355,80090,special_character_noise
356,802.11,special_character_noise
357,80976,special_character_noise
358,81122,special_character_noise
359,82708,special_character_noise
360,835,special_character_noise
361,84280,special_character_noise
362,8448100705,special_character_noise
363,8571,special_character_noise
364,86006,special_character_noise
365,88095,special_character_noise
366,88130,special_character_noise
367,88140,special_character_noise
368,88164,special_character_noise
369,8858,special_character_noise
370,8865,special_character_noise
371,89073,special_character_noise
372,89077,special_character_noise
373,89125,special_character_noise
374,89481,special_character_noise
375,89483,special_character_noise
376,89707,special_character_noise
377,8D,invalid_short_skill
381,8d,invalid_short_skill
383,9.x,sentence_or_description
384,90000,special_character_noise
385,9001,special_character_noise
386,90049,special_character_noise
387,90143,special_character_noise
388,90145,special_character_noise
389,90156,special_character_noise
390,90269,special_character_noise
391,93K,experience_or_qualification
393,A good working knowledge of sterilisation and infection control standards,sentence_or_description
395,A production trainee is an entry-level employee who receives hands-on training in manufacturing and production processes to develop the skills needed for a full-time role,sentence_or_description
396,A qualified professional such as CA / CS / CMA / CPA / CFA OR A post-graduate in Finance,sentence_or_description
397,A sales executive should have good communication,sentence_or_description
399,A+,invalid_short_skill
410,A/P,invalid_short_skill
411,A/R,invalid_short_skill
412,A2A,invalid_short_skill
414,A2O,invalid_short_skill
415,A2R,invalid_short_skill
416,A360,experience_or_qualification
417,AA,invalid_short_skill
418,AAA,invalid_short_skill
420,AAC,invalid_short_skill
427,AB,invalid_short_skill
431,ABAP 7.5 syntax,sentence_or_description
440,ABC,invalid_short_skill
442,ABM,invalid_short_skill
443,ABS,invalid_short_skill
444,AC,invalid_short_skill
454,ACA,invalid_short_skill
455,ACB,invalid_short_skill
458,ACC,invalid_short_skill
472,ACE,invalid_short_skill
473,ACH,invalid_short_skill
476,ACI,invalid_short_skill
479,ACL,invalid_short_skill
481,ACN,invalid_short_skill
482,ACS,invalid_short_skill
485,AD,invalid_short_skill
489,ADB,invalid_short_skill
490,ADC,invalid_short_skill
494,ADF,invalid_short_skill
497,ADL,invalid_short_skill
501,ADM,invalid_short_skill
505,ADO,invalid_short_skill
508,ADP,invalid_short_skill
512,AE,invalid_short_skill
514,AEM,invalid_short_skill
515,AEM 6.x,sentence_or_description
526,AEO,invalid_short_skill
527,AEP,invalid_short_skill
530,AET,invalid_short_skill
533,AFO,invalid_short_skill
539,AGM,invalid_short_skill
542,AGS,invalid_short_skill
543,AGV,invalid_short_skill
544,AHA,invalid_short_skill
548,AHT,invalid_short_skill
549,AHU,invalid_short_skill
649,AID,invalid_short_skill
653,AIF,invalid_short_skill
983,AIS,invalid_short_skill
987,AIX,invalid_short_skill
992,AJO,invalid_short_skill
994,AKS,invalid_short_skill
995,AL,invalid_short_skill
1000,ALL DEGREE,non_skill_phrase
1002,ALM,invalid_short_skill
1004,ALT,invalid_short_skill
1005,ALV,invalid_short_skill
1006,AM,invalid_short_skill
1010,AMA,invalid_short_skill
1015,AMC,invalid_short_skill
1019,AMD,invalid_short_skill
1021,AME,invalid_short_skill
1025,AMF,invalid_short_skill
1027,AML,invalid_short_skill
1030,AMM,invalid_short_skill
1032,AMR,invalid_short_skill
1033,AMS,invalid_short_skill
1048,ANM,invalid_short_skill
1055,ANT,invalid_short_skill
1056,ANZ,invalid_short_skill
1057,AOP,invalid_short_skill
1058,AOR,invalid_short_skill
1060,AOT,invalid_short_skill
1061,AP,invalid_short_skill
1072,APC,invalid_short_skill
1141,APL,invalid_short_skill
1143,APM,invalid_short_skill
1145,APO,invalid_short_skill
1159,APT,invalid_short_skill
1161,AR,invalid_short_skill
1197,ARC,invalid_short_skill
1201,ARD,invalid_short_skill
1204,ARM,invalid_short_skill
1213,ARP,invalid_short_skill
1214,ART,invalid_short_skill
1215,AS,invalid_short_skill
1217,AS 400,experience_or_qualification
1218,AS 9100,experience_or_qualification
1220,AS/400,experience_or_qualification
1221,AS1,invalid_short_skill
1222,AS2,invalid_short_skill
1223,AS400,experience_or_qualification
1226,AS9100,experience_or_qualification
1237,ASE,invalid_short_skill
1238,ASH,invalid_short_skill
1249,ASM,invalid_short_skill
1251,ASME 14.5,sentence_or_description
1256,ASME PTC 19.5,sentence_or_description
1262,ASP,invalid_short_skill
1277,ASR,invalid_short_skill
1380,ATF,invalid_short_skill
1381,ATL,invalid_short_skill
1383,ATM,invalid_short_skill
1388,ATP,invalid_short_skill
1390,ATS,invalid_short_skill
1396,ATU,invalid_short_skill
1400,AUM,invalid_short_skill
1402,AUS,invalid_short_skill
1413,AUm,invalid_short_skill
1414,AV,invalid_short_skill
1423,AVC,invalid_short_skill
1428,AVR,invalid_short_skill
1429,AVS,invalid_short_skill
1433,AWK,invalid_short_skill
1434,AWR,invalid_short_skill
1499,AX 2012 R3,experience_or_qualification
1500,AXI,invalid_short_skill
1502,AZ-900,experience_or_qualification
1506,Aa,invalid_short_skill
1507,Aaa,invalid_short_skill
1508,Aac,invalid_short_skill
1511,Aas,invalid_short_skill
1513,Ab,invalid_short_skill
1528,Abb,invalid_short_skill
1531,Abf,invalid_short_skill
1533,Ability to Review Credit Card and bank statements,sentence_or_description
1534,Ability to coordinate,sentence_or_description
1535,Ability to ensure cleanliness & hygiene,sentence_or_description
1536,Ability to generate and convert the leads to sales,sentence_or_description
1537,Ability to handle multiple tasks and prioritize it effectively,sentence_or_description
1538,Ability to handle technical discussions with customers & consultants l,sentence_or_description
1539,Ability to manage and supervise a team of support staff,sentence_or_description
1540,Ability to perform under pressure and adapt to last-minute changes,sentence_or_description
1541,Ability to persuade,sentence_or_description
1542,Ability to read & interpret assembly drawings,sentence_or_description
1543,Ability to read Architectural and/or Engineering drawings,sentence_or_description
1544,Ability to read and comprehend,sentence_or_description
1545,Ability to read and interpret structural and architectural drawings,sentence_or_description
1546,Ability to work under pressure,sentence_or_description
1547,Ability to work under tight deadlines and handle multiple tasks,sentence_or_description
1553,Abm,invalid_short_skill
1564,Ac,invalid_short_skill
1602,Acc,invalid_short_skill
1726,Accounts & Taxation Good experience in Real Estate,sentence_or_description
1785,Acd,invalid_short_skill
1787,Ace,invalid_short_skill
1793,Ach,invalid_short_skill
1795,Aci,invalid_short_skill
1796,Acl,invalid_short_skill
1798,Acm,invalid_short_skill
1810,Act,invalid_short_skill
1840,Active listening Strong communication and persuasion abilities Prospecting and relationship-building skills Problem-solving Negotiation Product knowledge And time management,sentence_or_description
1876,Ada,invalid_short_skill
1886,Adb,invalid_short_skill
1888,Adc,invalid_short_skill
1899,Adhere to strategies and improvements Travel to different sites gaining practical experiences Adhere to health and safety guidelines Co-ordinate with sub-contractors and complete the project,sentence_or_description
1907,Adk,invalid_short_skill
1908,Adl,invalid_short_skill
1909,Adm,invalid_short_skill
1987,Adobe Experience Cloud,experience_or_qualification
1988,Adobe Experience Management,experience_or_qualification
1989,Adobe Experience Manager,experience_or_qualification
1990,Adobe Experience Manager AEM,experience_or_qualification
2013,Adobe experience manager,experience_or_qualification
2083,Aem,invalid_short_skill
2091,Aep,invalid_short_skill
2108,Aes,invalid_short_skill
2125,Africa Market Experience,experience_or_qualification
2127,Afs,invalid_short_skill
2236,Agm,invalid_short_skill
2261,Aha,invalid_short_skill
2262,Ahb,invalid_short_skill
2264,Ahp,invalid_short_skill
2266,Aht,invalid_short_skill
2267,Ahu,invalid_short_skill
2281,Aia,invalid_short_skill
2282,Aif,invalid_short_skill
2347,Ais,invalid_short_skill
2351,Aix,invalid_short_skill
2359,Aks,invalid_short_skill
2360,Al,invalid_short_skill
2369,Ale,invalid_short_skill
2399,Alm,invalid_short_skill
2431,Alv,invalid_short_skill
2472,Amc,invalid_short_skill
2491,Ami,invalid_short_skill
2492,Aml,invalid_short_skill
2503,Ams,invalid_short_skill
2508,Amx,invalid_short_skill
2724,Anm,invalid_short_skill
2750,Ant,invalid_short_skill
2769,Any Graduate,non_skill_phrase
2771,Any Graduate with own Two Wheeler Must - Min Two Years of Sales Experience in Payments - Fintech,sentence_or_description
2772,Any LAP / HL /Mortgage / Lending product -field / direct sales,sentence_or_description
2773,Any graduate,non_skill_phrase
2778,Aoi,invalid_short_skill
2779,Aop,invalid_short_skill
2780,Ap,invalid_short_skill
2811,Apb,invalid_short_skill
2812,Apc,invalid_short_skill
2989,Apr,invalid_short_skill
2993,Aps,invalid_short_skill
2997,Aqa,invalid_short_skill
3023,Arc,invalid_short_skill
3125,Ars,invalid_short_skill
3126,Art,invalid_short_skill
3164,As,invalid_short_skill
3167,As part of our continuous growth and commitment to academic excellence,sentence_or_description
3170,As9100D,experience_or_qualification
3171,Asa,invalid_short_skill
3182,Asg,invalid_short_skill
3183,Ash,invalid_short_skill
3197,Aso,invalid_short_skill
3287,Assist in tax filings & audits and compliance and stategies and forecasts,sentence_or_description
3289,Assist with day-to-day administrative tasks Handle incoming calls and direct them appropriately Maintain office files,sentence_or_description
3375,Associate Member of the Institute of Charted Accountants of India with any Graduation and Minimum 5 Years of Post-Qualification experience,sentence_or_description
3395,Asst. Mgr. Account,sentence_or_description
3402,At least 5 years strong Leadership skill or Plant Operations,experience_or_qualification
3409,Atl,invalid_short_skill
3436,Attention to detail and ability to work under pressure,sentence_or_description
3445,Au,invalid_short_skill
3503,Audit coded charts for accuracy and compliance with FQHC billing and coding rules. Provide detailed feedback and training to coders to reduce errors and improve outcomes. Monitor compliance with CMS,sentence_or_description
3657,Automation Script development Experience in Python,sentence_or_description
3668,Automation Tester C# Pune,special_character_noise
3783,Avp,invalid_short_skill
3827,Axi,invalid_short_skill
4003,B,invalid_short_skill
4017,B. Arch D. Arch,sentence_or_description
4018,B. E Civil B. Tech Civil,sentence_or_description
4019,B.A,invalid_short_skill
4024,B.E,invalid_short_skill
4032,B.Sc. Nursing,sentence_or_description
4046,B1,invalid_short_skill
4048,B2,invalid_short_skill
4049,B2B,invalid_short_skill
4058,B2B Design Experience,experience_or_qualification
4062,B2B Experience,experience_or_qualification
4089,B2B Sales & Business Development Project Sales & Key Account Management Lead Generation & Prospecting Negotiation & Deal Closure Proposal & Presentation Skills,sentence_or_description
4117,B2C,invalid_short_skill
4131,B2F,invalid_short_skill
4132,B2G,invalid_short_skill
4134,B2b,invalid_short_skill
4140,B360,experience_or_qualification
4141,BA,invalid_short_skill
4147,BAISC COMPUTER KNOWLEDGE WITH EXCEL WORD PHOTOSHOP STOCK MAINTAINANCE IN EXCEL AND KNOWLEDGE OF TALLY,sentence_or_description
4157,BAS,invalid_short_skill
4162,BBA,invalid_short_skill
4167,BBD,invalid_short_skill
4168,BBE,invalid_short_skill
4169,BBM,invalid_short_skill
4171,BC,invalid_short_skill
4174,BCA,invalid_short_skill
4177,BCD,invalid_short_skill
4181,BCM,invalid_short_skill
4188,BD,invalid_short_skill
4191,BD experience in the ash handling domain,sentence_or_description
4192,BDA,invalid_short_skill
4193,BDC,invalid_short_skill
4194,BDD,invalid_short_skill
4196,BDE,invalid_short_skill
4197,BDM,invalid_short_skill
4198,BDO,invalid_short_skill
4199,BDR,invalid_short_skill
4200,BDS,invalid_short_skill
4202,BE,invalid_short_skill
4210,BED,invalid_short_skill
4211,BEE,invalid_short_skill
4222,BEd,invalid_short_skill
4239,BG,invalid_short_skill
4240,BGC,invalid_short_skill
4241,BGP,invalid_short_skill
4244,BGV,invalid_short_skill
4248,BHM,invalid_short_skill
4254,BI,invalid_short_skill
4280,BIM,invalid_short_skill
4292,BIP,invalid_short_skill
4294,BIS,invalid_short_skill
4297,BIW,invalid_short_skill
4303,BL,invalid_short_skill
4305,BLE,invalid_short_skill
4315,BMM,invalid_short_skill
4316,BMR,invalid_short_skill
4317,BMS,invalid_short_skill
4324,BNA,invalid_short_skill
4330,BOI,invalid_short_skill
4331,BOM,invalid_short_skill
4335,BOP,invalid_short_skill
4342,BOQ,invalid_short_skill
4349,BOm,invalid_short_skill
4350,BP,invalid_short_skill
4351,BPC,invalid_short_skill
4353,BPD,invalid_short_skill
4357,BPM,invalid_short_skill
4361,BPO,invalid_short_skill
4363,BPO Experience is mandatory,experience_or_qualification
4393,BPR,invalid_short_skill
4394,BPS,invalid_short_skill
4396,BPT,invalid_short_skill
4398,BPo,invalid_short_skill
4399,BRC,invalid_short_skill
4402,BRD,invalid_short_skill
4407,BRM,invalid_short_skill
4409,BRS,invalid_short_skill
4414,BSC,invalid_short_skill
4422,BSE,invalid_short_skill
4426,BSP,invalid_short_skill
4428,BSW,invalid_short_skill
4436,BT,invalid_short_skill
4440,BTL,invalid_short_skill
4446,BTP,invalid_short_skill
4450,BTS,invalid_short_skill
4452,BU,invalid_short_skill
4456,BUSINESS,generic
4460,BW,invalid_short_skill
4472,Bac,invalid_short_skill
4480,Back Office,generic
4491,Back office,generic
4666,Bar,invalid_short_skill
4716,Basic function of engine & deep knowledge of process at workshop,sentence_or_description
4717,Basic knowledge of Excel or ERP software,sentence_or_description
4718,Basic knowledge of Six Sigma,sentence_or_description
4719,Basic knowledge of agriculture/plantation activities. Possess Degree in Agriculture/Plantation. Capable of working long hours during peak harvest season. Good liaison with local and government authorities,sentence_or_description
4720,Basic knowledge of financial products,sentence_or_description
4721,Basic knowledge of handling mostly all pharmaceutical equipments. familier with laboratory test techniques,sentence_or_description
4722,Basic knowledge of quantity calculations,sentence_or_description
4723,Basic knowledge of the banking industry,sentence_or_description
4771,Bba,invalid_short_skill
4772,Bbi,invalid_short_skill
4773,Bbm,invalid_short_skill
4774,Bbs,invalid_short_skill
4775,Bc,invalid_short_skill
4776,Bcm,invalid_short_skill
4779,Bcs,invalid_short_skill
4780,Bd,invalid_short_skill
4781,Bdd,invalid_short_skill
4785,Bde,invalid_short_skill
4786,Bdm,invalid_short_skill
4787,Bds,invalid_short_skill
4832,Bed,invalid_short_skill
4879,Bet,invalid_short_skill
4893,Bg,invalid_short_skill
4894,Bgp,invalid_short_skill
4896,Bgv,invalid_short_skill
4900,Bhm,invalid_short_skill
4903,Bi,invalid_short_skill
4960,Bil,invalid_short_skill
5019,Bim,invalid_short_skill
5031,Bio,invalid_short_skill
5083,Bip,invalid_short_skill
5086,Bis,invalid_short_skill
5100,Biw,invalid_short_skill
5108,Bl,invalid_short_skill
5125,Ble,invalid_short_skill
5170,Bls,invalid_short_skill
5196,Bm,invalid_short_skill
5197,Bmc,invalid_short_skill
5202,Bml,invalid_short_skill
5204,Bmm,invalid_short_skill
5205,Bmr,invalid_short_skill
5207,Bms,invalid_short_skill
5211,Bo,invalid_short_skill
5212,BoM,invalid_short_skill
5213,BoQ,invalid_short_skill
5225,Bod,invalid_short_skill
5236,Boe,invalid_short_skill
5252,Bom,invalid_short_skill
5279,Bookkeeping & Ledger Management Accounts Payable & Receivable Bank Reconciliation Financial Reporting GST & Tax Compliance Basics Accounting Software- Tally/QuickBooks,sentence_or_description
5300,Bop,invalid_short_skill
5302,Boq,invalid_short_skill
5309,Bot,invalid_short_skill
5323,Box,invalid_short_skill
5325,Bpc,invalid_short_skill
5332,Bpo,invalid_short_skill
5353,Bpr,invalid_short_skill
5355,Bps,invalid_short_skill
5356,Bpt,invalid_short_skill
5463,Brc,invalid_short_skill
5464,Brd,invalid_short_skill
5481,Brf,invalid_short_skill
5531,Brs,invalid_short_skill
5532,Bsc,invalid_short_skill
5539,Bse,invalid_short_skill
5540,Bsf,invalid_short_skill
5541,Bsm,invalid_short_skill
5542,Bso,invalid_short_skill
5544,Bsp,invalid_short_skill
5545,Bss,invalid_short_skill
5551,Btl,invalid_short_skill
5595,Bug,invalid_short_skill
5652,Bulletins of India urgently requires Web & Software Developer for its Information & Technology division and expansion,sentence_or_description
5663,Bus,invalid_short_skill
5668,Business,generic
5711,Business Development,generic
5721,Business Development Lead Generation & Prospecting Client Relationship Management Negotiation & Deal Closure Communication & Presentation Skills Knowledge of IT / Software / SaaS Products,sentence_or_description
5919,C,invalid_short_skill
5933,C#,special_character_noise
5934,C# & Kubernetes,special_character_noise
5935,C# .NET,special_character_noise
5936,C# .Net,special_character_noise
5937,C# ASP.NET MVC,special_character_noise
5938,C# Dot Net,special_character_noise
5939,C# Selenium Jobs Pune,special_character_noise
5940,C# selenium,special_character_noise
5941,C#.Net,special_character_noise
5942,C#.net,special_character_noise
5943,C&B,invalid_short_skill
5944,C&I,invalid_short_skill
5945,C+,invalid_short_skill
5946,C++,invalid_short_skill
5947,C++ 11.0,sentence_or_description
5955,C++11,experience_or_qualification
5956,C++17,experience_or_qualification
5960,C. G. Road,sentence_or_description
5964,C1,invalid_short_skill
5966,C2,invalid_short_skill
5967,C2C,invalid_short_skill
5968,C2H,invalid_short_skill
5969,C2M,invalid_short_skill
5970,C2h,invalid_short_skill
5973,CA,invalid_short_skill
5991,CA7,invalid_short_skill
6017,CAE,invalid_short_skill
6022,CAI,invalid_short_skill
6026,CAL,invalid_short_skill
6037,CAN,invalid_short_skill
6057,CAR,invalid_short_skill
6065,CAS,invalid_short_skill
6078,CBE,invalid_short_skill
6079,CBG,invalid_short_skill
6081,CBO,invalid_short_skill
6084,CC,invalid_short_skill
6086,CCA,invalid_short_skill
6090,CCE,invalid_short_skill
6091,CCH,invalid_short_skill
6093,CCM,invalid_short_skill
6099,CCS,invalid_short_skill
6110,CCU,invalid_short_skill
6114,CD,invalid_short_skill
6116,CDA,invalid_short_skill
6117,CDC,invalid_short_skill
6119,CDD,invalid_short_skill
6120,CDE,invalid_short_skill
6122,CDH,invalid_short_skill
6123,CDI,invalid_short_skill
6125,CDK,invalid_short_skill
6127,CDL,invalid_short_skill
6128,CDM,invalid_short_skill
6130,CDP,invalid_short_skill
6131,CDQ,invalid_short_skill
6132,CDS,invalid_short_skill
6136,CDX,invalid_short_skill
6143,CEA,invalid_short_skill
6145,CED,invalid_short_skill
6147,CEH,invalid_short_skill
6149,CEO,invalid_short_skill
6156,CF,invalid_short_skill
6157,CFA,invalid_short_skill
6158,CFC,invalid_short_skill
6165,CFM,invalid_short_skill
6169,CFP,invalid_short_skill
6170,CFS,invalid_short_skill
6175,CFT,invalid_short_skill
6177,CFX,invalid_short_skill
6179,CGI,invalid_short_skill
6181,CHA,invalid_short_skill
6191,CHF,invalid_short_skill
6193,CHP,invalid_short_skill
6196,CHS,invalid_short_skill
6197,CI,invalid_short_skill
6223,CIA,invalid_short_skill
6229,CIC,invalid_short_skill
6241,CIS,invalid_short_skill
6249,CKA,invalid_short_skill
6252,CL,invalid_short_skill
6254,CL/400,experience_or_qualification
6259,CLE,invalid_short_skill
6260,CLI,invalid_short_skill
6266,CLM,invalid_short_skill
6268,CLP,invalid_short_skill
6270,CLS,invalid_short_skill
6271,CLU,invalid_short_skill
6276,CM1500,experience_or_qualification
6277,CM360,experience_or_qualification
6278,CMA,invalid_short_skill
6281,CMC,invalid_short_skill
6287,CME,invalid_short_skill
6288,CMM,invalid_short_skill
6296,CMMi L3 Dev experience,experience_or_qualification
6297,CMO,invalid_short_skill
6301,CMS,invalid_short_skill
6302,CMS 1500,experience_or_qualification
6305,CMS1500,experience_or_qualification
6306,CMT,invalid_short_skill
6307,CNA,invalid_short_skill
6310,CNC,invalid_short_skill
6342,CNG,invalid_short_skill
6343,CNN,invalid_short_skill
6344,CNS,invalid_short_skill
6345,CO,invalid_short_skill
6358,COC,invalid_short_skill
6364,COM,invalid_short_skill
6390,COO,invalid_short_skill
6392,COP,invalid_short_skill
6400,COS,invalid_short_skill
6416,CP,invalid_short_skill
6423,CPC,invalid_short_skill
6429,CPL,invalid_short_skill
6430,CPM,invalid_short_skill
6434,CPQ,invalid_short_skill
6436,CPR,invalid_short_skill
6437,CPS,invalid_short_skill
6440,CPT,invalid_short_skill
6445,CPWD Projects Building Construction Site Execution QA/QC Civil Supervision AutoCAD Billing & Documentation,sentence_or_description
6448,CQA,invalid_short_skill
6452,CRA,invalid_short_skill
6453,CRC,invalid_short_skill
6454,CRD,invalid_short_skill
6455,CRE,invalid_short_skill
6466,CRF,invalid_short_skill
6525,CRO,invalid_short_skill
6526,CRS,invalid_short_skill
6527,CRT,invalid_short_skill
6529,CS,invalid_short_skill
6534,CS1000,experience_or_qualification
6535,CSA,invalid_short_skill
6542,CSD,invalid_short_skill
6544,CSE,invalid_short_skill
6546,CSI,invalid_short_skill
6547,CSM,invalid_short_skill
6549,CSO,invalid_short_skill
6552,CSR,invalid_short_skill
6566,CSS3. Responsive design implementation. REST API integration,sentence_or_description
6571,CST,invalid_short_skill
6572,CSV,invalid_short_skill
6574,CSW,invalid_short_skill
6576,CT,invalid_short_skill
6582,CT600,experience_or_qualification
6583,CTA,invalid_short_skill
6584,CTB,invalid_short_skill
6587,CTD,invalid_short_skill
6589,CTE,invalid_short_skill
6590,CTI,invalid_short_skill
6591,CTL,invalid_short_skill
6592,CTO,invalid_short_skill
6594,CTQ,invalid_short_skill
6595,CTR,invalid_short_skill
6597,CTS,invalid_short_skill
6598,CTT,invalid_short_skill
6599,CTV,invalid_short_skill
6612,CV,invalid_short_skill
6614,CVI,invalid_short_skill
6615,CVP,invalid_short_skill
6616,CVS,invalid_short_skill
6617,CVT,invalid_short_skill
6620,CWI,invalid_short_skill
6622,CXO,invalid_short_skill
6628,Ca,invalid_short_skill
6633,Caa,invalid_short_skill
6634,Cab,invalid_short_skill
6668,Cac,invalid_short_skill
6685,Cae,invalid_short_skill
6735,Call Support,generic
6851,Cap,invalid_short_skill
6933,Car,invalid_short_skill
7024,Cas,invalid_short_skill
7105,Cat,invalid_short_skill
7149,Cbi,invalid_short_skill
7150,Cbm,invalid_short_skill
7151,Cbs,invalid_short_skill
7152,Cbt,invalid_short_skill
7153,Cc,invalid_short_skill
7155,Cca,invalid_short_skill
7157,Ccc,invalid_short_skill
7158,Ccd,invalid_short_skill
7160,Cce,invalid_short_skill
7161,Cch,invalid_short_skill
7165,Ccr,invalid_short_skill
7166,Ccs,invalid_short_skill
7175,Ccu,invalid_short_skill
7176,Cd,invalid_short_skill
7178,Cdc,invalid_short_skill
7179,Cdd,invalid_short_skill
7180,Cdh,invalid_short_skill
7181,Cdi,invalid_short_skill
7183,Cdm,invalid_short_skill
7184,Cdo,invalid_short_skill
7185,Cdp,invalid_short_skill
7187,Cds,invalid_short_skill
7190,Ce,invalid_short_skill
7191,Ced,invalid_short_skill
7193,Ceh,invalid_short_skill
7263,Cfr,invalid_short_skill
7264,Cha,invalid_short_skill
7346,Chartered Accountant with 1st time passes desirable,experience_or_qualification
7496,Ci,invalid_short_skill
7505,Cic,invalid_short_skill
7511,Cif,invalid_short_skill
7522,Cip,invalid_short_skill
7542,Cis,invalid_short_skill
7592,Cit,invalid_short_skill
7620,Civil Engineering Graduate with 10+ years experience in project execution,sentence_or_description
7754,Client,generic
7771,Client Experience,experience_or_qualification
7772,Client Experience Management,experience_or_qualification
7797,Client Prospecting & Lead Generation & Relationship Management CRM system & achieving monthly or annual sales targets and quotas & Client Support,sentence_or_description
7923,Clo,invalid_short_skill
8080,Cmo,invalid_short_skill
8084,Cnc,invalid_short_skill
8089,Cnn,invalid_short_skill
8090,Co,invalid_short_skill
8101,Coa,invalid_short_skill
8118,Cob,invalid_short_skill
8124,Coc,invalid_short_skill
8132,Cod,invalid_short_skill
8160,Coe,invalid_short_skill
8200,Collaborates with Marketing team on product and sales materials to ensure they are current and focused for the applicable presentation,sentence_or_description
8261,Com,invalid_short_skill
8276,Commercial Accounting Accounting Credit Control Receivable Management Accounts Receivable,sentence_or_description
8318,Commercial Real Estate OR CRE OR Real Estate Accounting OR Property Accounting,sentence_or_description
8380,Communication,generic
8403,Communication Skills Sales & Negotiation Client Relationship Management Lead Generation Market Research Email & Phone Etiquette,sentence_or_description
8418,Communication skill is critical for front desk employees. It refers to the ability to exchange information,sentence_or_description
8419,Communication skills Edtech Sales Relationship Management Student Counseling B2C Sales Consultative Sales Cold Calling CRM Software,sentence_or_description
8477,Compassion & empathy // Good communication skills // Ability to work under pressure // Strong sense of responsibility // Team collaboration // Basic technical proficiency with medical equipment,sentence_or_description
8607,Computer,generic
8662,Con,invalid_short_skill
8834,Consultant | FT: Strategy & Ops | Bengaluru | Finance Transformation,sentence_or_description
8935,Content Writer who have exp. education domain of academics content creators for Assessment develops Co. SOP content question bank,sentence_or_description
9119,Coo,invalid_short_skill
9146,Cop,invalid_short_skill
9176,Core Accounts including consolidation of Accounts. Direct and Indirect Taxes Oversee Secretarial matters Commercial /Administrative area,sentence_or_description
9179,Core B2B Selling Experience,experience_or_qualification
9355,Cos,invalid_short_skill
9391,Cost Estimation Project Management Microsoft Excel AutoCAD SAP Billing Software Data Analysis Communication Problem Solving Time Management,sentence_or_description
9478,Cpd,invalid_short_skill
9483,Cpq,invalid_short_skill
9485,Cpr,invalid_short_skill
9489,Cq5,invalid_short_skill
9490,Cqa,invalid_short_skill
9535,Creative Writing Proofreading Problem Solving Creativity Skills Creative Content Creation Social Media,sentence_or_description
9546,Creativity & innovation Market awareness & trend forecasting Attention to detail & quality Team collaboration Time management & multitasking,sentence_or_description
9752,Cs,invalid_short_skill
9760,Csv,invalid_short_skill
9762,Ctm,invalid_short_skill
9764,Cto,invalid_short_skill
9765,Ctr,invalid_short_skill
9767,Cts,invalid_short_skill
9833,Customer,generic
9865,Customer Experience,experience_or_qualification
9866,Customer Experience & Service Excellence,experience_or_qualification
9867,Customer Experience Executive,experience_or_qualification
9868,Customer Experience Management,experience_or_qualification
9869,Customer Experience Manager,experience_or_qualification
9922,Customer Service,generic
9975,Customer experience,experience_or_qualification
9976,Customer experience management,experience_or_qualification
10008,Customer-Centric Approach Sales and Negotiation Business Development Tourism Industry Knowledge Problem-Solving Result-Driven,sentence_or_description
10026,Cut,invalid_short_skill
10043,Cvd,invalid_short_skill
10044,Cx,invalid_short_skill
10045,Cxo,invalid_short_skill
10102,D 365,experience_or_qualification
10106,D&C,invalid_short_skill
10110,D2C,invalid_short_skill
10113,D365,experience_or_qualification
10125,DA,invalid_short_skill
10127,DAB,invalid_short_skill
10128,DAC,invalid_short_skill
10130,DAG,invalid_short_skill
10132,DAM,invalid_short_skill
10134,DAO,invalid_short_skill
10135,DAP,invalid_short_skill
10137,DAS,invalid_short_skill
10147,DAX,invalid_short_skill
10149,DB,invalid_short_skill
10162,DB2/400,experience_or_qualification
10163,DBA,invalid_short_skill
10164,DBL,invalid_short_skill
10165,DBM,invalid_short_skill
10167,DBT,invalid_short_skill
10174,DCA,invalid_short_skill
10175,DCF,invalid_short_skill
10176,DCH,invalid_short_skill
10177,DCI,invalid_short_skill
10178,DCL,invalid_short_skill
10179,DCM,invalid_short_skill
10180,DCP,invalid_short_skill
10182,DCS,invalid_short_skill
10189,DD,invalid_short_skill
10190,DDD,invalid_short_skill
10191,DDR,invalid_short_skill
10196,DEB,invalid_short_skill
10198,DEC,invalid_short_skill
10205,DEM,invalid_short_skill
10209,DES,invalid_short_skill
10210,DESIGN,generic
10217,DEX,invalid_short_skill
10218,DEd,invalid_short_skill
10221,DFD,invalid_short_skill
10222,DFF,invalid_short_skill
10223,DFM,invalid_short_skill
10227,DFS,invalid_short_skill
10229,DFT,invalid_short_skill
10232,DFX,invalid_short_skill
10233,DG,invalid_short_skill
10240,DGM,invalid_short_skill
10243,DGO,invalid_short_skill
10248,DHM,invalid_short_skill
10249,DI,invalid_short_skill
10268,DLP,invalid_short_skill
10270,DLS,invalid_short_skill
10271,DM,invalid_short_skill
10296,DMA,invalid_short_skill
10297,DME,invalid_short_skill
10306,DMF,invalid_short_skill
10311,DMN,invalid_short_skill
10312,DMO,invalid_short_skill
10314,DMS,invalid_short_skill
10317,DMU,invalid_short_skill
10320,DNB,invalid_short_skill
10361,DNN,invalid_short_skill
10362,DNS,invalid_short_skill
10368,DOM,invalid_short_skill
10377,DPF,invalid_short_skill
10378,DPI,invalid_short_skill
10379,DPM,invalid_short_skill
10381,DPR,invalid_short_skill
10383,DPT,invalid_short_skill
10385,DR,invalid_short_skill
10388,DRA,invalid_short_skill
10390,DRC,invalid_short_skill
10393,DRG,invalid_short_skill
10396,DRI,invalid_short_skill
10397,DRM,invalid_short_skill
10398,DRS,invalid_short_skill
10399,DRT,invalid_short_skill
10401,DS,invalid_short_skill
10402,DS800,experience_or_qualification
10403,DSA,invalid_short_skill
10405,DSC,invalid_short_skill
10407,DSD,invalid_short_skill
10409,DSF,invalid_short_skill
10410,DSH,invalid_short_skill
10412,DSL,invalid_short_skill
10414,DSO,invalid_short_skill
10416,DSP,invalid_short_skill
10419,DSR,invalid_short_skill
10420,DST,invalid_short_skill
10424,DT,invalid_short_skill
10426,DTC,invalid_short_skill
10430,DTP,invalid_short_skill
10432,DTS,invalid_short_skill
10433,DTV,invalid_short_skill
10434,DU,invalid_short_skill
10436,DUT,invalid_short_skill
10438,DV360,experience_or_qualification
10439,DVB,invalid_short_skill
10440,DVD,invalid_short_skill
10441,DVE,invalid_short_skill
10443,DVR,invalid_short_skill
10446,DWH,invalid_short_skill
10450,DWh,invalid_short_skill
10451,DXC,invalid_short_skill
10453,DXF,invalid_short_skill
10491,Dap,invalid_short_skill
10515,Data,generic
10618,Data Management,generic
10685,Data Services 4.2,sentence_or_description
10702,Data Vault 2.0,sentence_or_description
10718,Data analysisBusiness analyticsAnalyticalSchedulingData AnalystData analyticsBusiness intelligenceCustomer engagementOperationsMonitorin,sentence_or_description
10751,Data management,generic
10901,Dax,invalid_short_skill
10909,Db,invalid_short_skill
10918,Dbt,invalid_short_skill
10919,Dc,invalid_short_skill
10926,Dch,invalid_short_skill
10931,Ddc,invalid_short_skill
10932,Ddr,invalid_short_skill
10933,De,invalid_short_skill
11037,Decision-making ability to prioritise tasks during exceptions,sentence_or_description
11051,Deep technical knowledge of finishing materials and market trends,sentence_or_description
11085,Define and monitor KPIs related to product quality and process efficiency,sentence_or_description
11145,Dem,invalid_short_skill
11227,Depth knowledge of networking,sentence_or_description
11257,Design,generic
11329,Design implement and manage a KRA based performance system across departments optimized for medical device manufacturing operations,sentence_or_description
11359,Desired Skills required Strategy to drive TPM practices in organization Total Quality Management Lean Manufacturing techniques System,sentence_or_description
11391,Det,invalid_short_skill
11405,Dev,invalid_short_skill
11426,Develop and implement QC procedures and test methods for new and existing products,sentence_or_description
11442,Development,generic
11492,Df,invalid_short_skill
11493,DfR,invalid_short_skill
11494,Dfp,invalid_short_skill
11500,Dhf,invalid_short_skill
11501,Dhm,invalid_short_skill
11582,Digital Ad Sales Manager responsible for selling ad space across OTT,sentence_or_description
11703,Dip,invalid_short_skill
11801,Dismantling activities while ensuring the Safety compliances and Quality assurance at each milestone,sentence_or_description
11862,Distributor Management Team Handling Sales Target Achievement Market Expansion Retailer/Dealer Network Product Visibility & Merchandising FMCG Sales Negotiation & Communication MIS & Reporting Collection & Payment Follow-up,sentence_or_description
11882,Dlo,invalid_short_skill
11883,Dlp,invalid_short_skill
11884,Dm,invalid_short_skill
11887,Dma,invalid_short_skill
11890,Dmc,invalid_short_skill
11891,Dme,invalid_short_skill
11892,Dmf,invalid_short_skill
11894,Dms,invalid_short_skill
11896,Dmx,invalid_short_skill
11898,Do,invalid_short_skill
11899,DoT,invalid_short_skill
11900,Doc,invalid_short_skill
11983,Doe,invalid_short_skill
12024,Donor Experience,experience_or_qualification
12062,Dotnet. C#. ReactJS,special_character_noise
12076,Dra,invalid_short_skill
12117,Drg,invalid_short_skill
12176,Dry,invalid_short_skill
12190,Dsr,invalid_short_skill
12226,Dv 360,experience_or_qualification
12228,Dx,invalid_short_skill
12229,Dxf,invalid_short_skill
12262,E,invalid_short_skill
12289,E&I,invalid_short_skill
12292,E&M,invalid_short_skill
12343,E/M,invalid_short_skill
12350,E1,invalid_short_skill
12358,E2e,invalid_short_skill
12360,E360,experience_or_qualification
12361,E3D,invalid_short_skill
12363,E3S,invalid_short_skill
12364,E4H,invalid_short_skill
12365,E5,invalid_short_skill
12366,EA,invalid_short_skill
12371,EA to CEO / EA to MD / EA to Director,sentence_or_description
12375,EAC,invalid_short_skill
12376,EAI,invalid_short_skill
12377,EAM,invalid_short_skill
12378,EAR,invalid_short_skill
12382,EAV,invalid_short_skill
12383,EB,invalid_short_skill
12386,EBO,invalid_short_skill
12387,EBP,invalid_short_skill
12388,EBS,invalid_short_skill
12392,EC,invalid_short_skill
12397,ECB,invalid_short_skill
12398,ECC,invalid_short_skill
12402,ECD,invalid_short_skill
12403,ECE,invalid_short_skill
12404,ECG,invalid_short_skill
12410,ECL,invalid_short_skill
12413,ECM,invalid_short_skill
12414,ECN,invalid_short_skill
12418,ECP,invalid_short_skill
12420,ECR,invalid_short_skill
12423,ECS,invalid_short_skill
12425,ECU,invalid_short_skill
12429,ED,invalid_short_skill
12442,EDA,invalid_short_skill
12445,EDC,invalid_short_skill
12449,EDD,invalid_short_skill
12450,EDI,invalid_short_skill
12455,EDK,invalid_short_skill
12456,EDM,invalid_short_skill
12460,EDP,invalid_short_skill
12465,EDR,invalid_short_skill
12466,EDS,invalid_short_skill
12468,EEE,invalid_short_skill
12470,EEG,invalid_short_skill
12473,EFF,invalid_short_skill
12474,EFP,invalid_short_skill
12475,EFT,invalid_short_skill
12477,EGP,invalid_short_skill
12478,EGS,invalid_short_skill
12479,EHR,invalid_short_skill
12482,EHS,invalid_short_skill
12483,EHS & HSE Experience,experience_or_qualification
12493,EHV,invalid_short_skill
12496,EIB,invalid_short_skill
12498,EIM,invalid_short_skill
12499,EIP,invalid_short_skill
12500,EIR,invalid_short_skill
12501,EJB,invalid_short_skill
12502,EJS,invalid_short_skill
12503,EKG,invalid_short_skill
12504,EKS,invalid_short_skill
12506,ELB,invalid_short_skill
12512,ELK,invalid_short_skill
12517,ELT,invalid_short_skill
12522,EM,invalid_short_skill
12529,EMA,invalid_short_skill
12531,EMC,invalid_short_skill
12543,EMG,invalid_short_skill
12545,EMI,invalid_short_skill
12547,EMP,invalid_short_skill
12552,EMR,invalid_short_skill
12555,EMS,invalid_short_skill
12556,EMS 14001,experience_or_qualification
12561,EMV,invalid_short_skill
12570,ENM,invalid_short_skill
12580,ENT,invalid_short_skill
12586,EOB,invalid_short_skill
12587,EOS,invalid_short_skill
12588,EOT,invalid_short_skill
12595,EPC,invalid_short_skill
12611,EPF,invalid_short_skill
12617,EPM,invalid_short_skill
12626,EQN,invalid_short_skill
12628,ER,invalid_short_skill
12632,ERA,invalid_short_skill
12634,ERD,invalid_short_skill
12635,ERM,invalid_short_skill
12701,ES6,invalid_short_skill
12703,ESB,invalid_short_skill
12704,ESD,invalid_short_skill
12705,ESG,invalid_short_skill
12709,ESI,invalid_short_skill
12714,ESL,invalid_short_skill
12715,ESM,invalid_short_skill
12720,ESP,invalid_short_skill
12726,ESS,invalid_short_skill
12730,ETA,invalid_short_skill
12766,ETP,invalid_short_skill
12776,EU,invalid_short_skill
12781,EUC,invalid_short_skill
12785,EV,invalid_short_skill
12799,EVM,invalid_short_skill
12800,EVS,invalid_short_skill
12802,EWF,invalid_short_skill
12803,EWM,invalid_short_skill
12806,EWS,invalid_short_skill
12817,EXl,invalid_short_skill
12819,EYP,invalid_short_skill
12821,Ead,invalid_short_skill
12841,Eb,invalid_short_skill
12844,Ebo,invalid_short_skill
12857,Eco,invalid_short_skill
12887,Ecu,invalid_short_skill
12896,Edd,invalid_short_skill
12911,Edq,invalid_short_skill
12912,Edr,invalid_short_skill
12917,Education,generic
12956,Ees,invalid_short_skill
12979,Ei,invalid_short_skill
12980,Eib,invalid_short_skill
12985,Ekl,invalid_short_skill
12986,Eks,invalid_short_skill
13184,Elk,invalid_short_skill
13187,Elt,invalid_short_skill
13188,Elv,invalid_short_skill
13385,End,invalid_short_skill
13388,End To End Ap Experience,experience_or_qualification
13425,End-to-end implementation experience,experience_or_qualification
13465,Eng,invalid_short_skill
13502,Engineering,generic
13594,Ensure zero accident Initiate Risk assessment Safety Audit Safety standardization,sentence_or_description
13707,Eoq,invalid_short_skill
13708,Eot,invalid_short_skill
13710,Epc,invalid_short_skill
13727,Eps,invalid_short_skill
13795,Era,invalid_short_skill
13805,Erm,invalid_short_skill
13843,Esr,invalid_short_skill
13866,Etc,generic
13897,Euc,invalid_short_skill
13910,Ev,invalid_short_skill
13948,Event Planning and Execution. Brand Promotion. Reporting and Documentation,sentence_or_description
13975,Ewm,invalid_short_skill
13976,Ews,invalid_short_skill
13977,Ex,invalid_short_skill
13999,Excel - Good organizing skills - Good English Speaking - Good Customer Service Aptitude,sentence_or_description
14021,Excellent Communication,sentence_or_description
14022,Excellent Communication In English,sentence_or_description
14023,Excellent Communication Skills,sentence_or_description
14024,Excellent Communication Skills in English,sentence_or_description
14025,Excellent Communication in Telugu,sentence_or_description
14026,Excellent Communication skills,sentence_or_description
14033,Excellent English written and verbal communication skills. Ability to draft professional business correspondence,sentence_or_description
14037,Excellent Verbal And Written Communication Skills Business Development Lead generation Sales & Marketing Business Expansion Email Writing Hospitality Relationship Management After Sales Service,sentence_or_description
14038,Excellent academic record with throughout first division have some teaching experience,sentence_or_description
14041,Excellent communication,sentence_or_description
14042,Excellent communication & interpersonal skills,sentence_or_description
14043,Excellent communication and coordination skills across cross-functional teams,sentence_or_description
14044,Excellent communication and interpersonal skills,sentence_or_description
14045,Excellent communication and multitasking abilities,sentence_or_description
14046,Excellent communication and writing skills,sentence_or_description
14047,Excellent communication in English/ Hindi,sentence_or_description
14048,Excellent communication in Hindi,sentence_or_description
14049,Excellent communication skills,sentence_or_description
14076,Exe. / Snr. Exe. Account,sentence_or_description
14147,Exp,invalid_short_skill
14148,Exp. 2-3 Yrs,experience_or_qualification
14170,Experience & Understanding of Chemical Products,experience_or_qualification
14171,Experience Center,experience_or_qualification
14172,Experience Cloud,experience_or_qualification
14173,Experience Design,experience_or_qualification
14174,Experience and Hands on Exposure on PLC,experience_or_qualification
14175,Experience in 2 wheeler company,sentence_or_description
14176,Experience in Automotive Lubricants Engine oil,sentence_or_description
14177,Experience in BFP motor and turbine driven and CEP system engineering,sentence_or_description
14178,Experience in HVAC industry ia added advantage,sentence_or_description
14179,Experience in IMS,sentence_or_description
14180,Experience in IT Inside sales or Software Sales must be preferred,sentence_or_description
14181,Experience in PV Panel Production,sentence_or_description
14182,Experience in REVIT/ BIM/Lumion/Sketch up/ Rhino preferred,sentence_or_description
14183,Experience in administration or facility management roles,sentence_or_description
14184,Experience in construction or engineering projects,sentence_or_description
14185,Experience in field marketing,sentence_or_description
14186,Experience in field of Electricals Panels - HT/ LT Panels,sentence_or_description
14187,Experience in generating new leads through various sales/marketing techniques etc,sentence_or_description
14188,Experience in installation of Fire Alarm Systems,sentence_or_description
14189,Experience in international travel sales Strong in converting Meta PPC leads Familiarity with softwares or other travel CRMs Excellent spoken English Willing to work in night shifts,sentence_or_description
14190,Experience in managing blue-collar and technical workforce,sentence_or_description
14191,Experience in onboarding both entry-level OPT candidates and senior consultants on the bench,sentence_or_description
14192,Experience in rate negotiation,sentence_or_description
14193,Experience in steel fabrication and production management,sentence_or_description
14194,Experience in steel plants,sentence_or_description
14195,Experience in textile/ spinning mill construction,sentence_or_description
14196,Experience with CMS platforms,sentence_or_description
14197,Experience with Health Cloud,sentence_or_description
14198,Experience with Zoho and Tally,sentence_or_description
14199,Experienced in Sample development - Expertise of Costing process. - Strong Communication skills. - computer savvy,sentence_or_description
14216,Expertise in stage-wise inspection protocols for large rotating and static equipment,sentence_or_description
14264,Exposure of testing and quality control methods in similar industry will be an added advantage,sentence_or_description
14266,Exposure to MW-scale tenders PSU NTPC SECI DISCOMs State Nodal Agencies,sentence_or_description
14289,External Customer facing experience,experience_or_qualification
14308,Eye,invalid_short_skill
14317,F#,special_character_noise
14318,F&A,invalid_short_skill
14327,F&B,invalid_short_skill
14335,F&D,invalid_short_skill
14337,F&F,invalid_short_skill
14338,F&O,invalid_short_skill
14339,F2B,invalid_short_skill
14340,F5,invalid_short_skill
14343,FA,invalid_short_skill
14348,FAO,invalid_short_skill
14350,FAS,invalid_short_skill
14353,FAW,invalid_short_skill
14355,FBB,invalid_short_skill
14356,FBD,invalid_short_skill
14358,FC,invalid_short_skill
14359,FCA,invalid_short_skill
14360,FCC,invalid_short_skill
14363,FCL,invalid_short_skill
14367,FCP,invalid_short_skill
14368,FCR,invalid_short_skill
14369,FCT,invalid_short_skill
14370,FCU,invalid_short_skill
14372,FD,invalid_short_skill
14373,FDA,invalid_short_skill
14378,FDI,invalid_short_skill
14380,FDM,invalid_short_skill
14387,FEA,invalid_short_skill
14390,FEM,invalid_short_skill
14394,FFA,invalid_short_skill
14395,FFI,invalid_short_skill
14396,FG,invalid_short_skill
14402,FI,invalid_short_skill
14434,FIS,invalid_short_skill
14435,FIT,invalid_short_skill
14437,FIU,invalid_short_skill
14442,FLS,invalid_short_skill
14469,FMS,invalid_short_skill
14484,FPA,invalid_short_skill
14485,FPD,invalid_short_skill
14489,FPM,invalid_short_skill
14492,FPS,invalid_short_skill
14494,FPT,invalid_short_skill
14496,FR,invalid_short_skill
14500,FRC,invalid_short_skill
14501,FRD,invalid_short_skill
14506,FRM,invalid_short_skill
14508,FRP,invalid_short_skill
14511,FRS,invalid_short_skill
14517,FSC,invalid_short_skill
14520,FSD,invalid_short_skill
14522,FSI,invalid_short_skill
14524,FSM,invalid_short_skill
14532,FTA,invalid_short_skill
14535,FTL,invalid_short_skill
14537,FTO,invalid_short_skill
14538,FTP,invalid_short_skill
14540,FTT,invalid_short_skill
14544,FUP,invalid_short_skill
14545,FX,invalid_short_skill
14690,Far,invalid_short_skill
14755,Fat,invalid_short_skill
14766,Fba,invalid_short_skill
14767,Fcc,invalid_short_skill
14771,Fct,invalid_short_skill
14772,Fdd,invalid_short_skill
14843,Field,generic
14851,Field Experience,experience_or_qualification
14893,Field inspection & material testing Prepare & implement QAPs / Method Statements,sentence_or_description
14951,Fin,invalid_short_skill
15031,Finance business partnering experience,experience_or_qualification
15199,Finishing and interior experience in Commercial buildiungs,sentence_or_description
15318,Fix,invalid_short_skill
15476,Fm,invalid_short_skill
15480,Fnb,invalid_short_skill
15486,Foe,invalid_short_skill
15693,Fpo,invalid_short_skill
15805,Fresher Or Experience,experience_or_qualification
15813,Friendly Well balanced personality Helpful attitude Flexibility in scheduling Customer service Cross cultural sensitivity Teamwork and co-operation Listening and Oral skills Basic writing skills Enthusiastic and pleasant personality,sentence_or_description
15870,Fs,invalid_short_skill
15871,Fsa,invalid_short_skill
15872,Fso,invalid_short_skill
15873,Ftd,invalid_short_skill
15874,Ftk,invalid_short_skill
15937,Functional & Regression Testing C#,special_character_noise
15963,Functional experience,experience_or_qualification
15964,Functional or Regression or Retesting or UI or Usability or Cross-Browser Testing,sentence_or_description
16040,GA,invalid_short_skill
16043,GA4,invalid_short_skill
16050,GAM,invalid_short_skill
16053,GAP,invalid_short_skill
16054,GAS,invalid_short_skill
16057,GBG,invalid_short_skill
16058,GC,invalid_short_skill
16063,GCC,invalid_short_skill
16066,GCG,invalid_short_skill
16078,GCS,invalid_short_skill
16083,GDB,invalid_short_skill
16085,GDS,invalid_short_skill
16089,GEL,invalid_short_skill
16090,GEM,invalid_short_skill
16096,GEO,invalid_short_skill
16097,GET,invalid_short_skill
16099,GFC,invalid_short_skill
16102,GFR,invalid_short_skill
16106,GHP,invalid_short_skill
16107,GHS,invalid_short_skill
16108,GI,invalid_short_skill
16111,GIB,invalid_short_skill
16113,GIF,invalid_short_skill
16115,GIS,invalid_short_skill
16128,GKE,invalid_short_skill
16132,GL,invalid_short_skill
16140,GLO,invalid_short_skill
16141,GLP,invalid_short_skill
16143,GLR,invalid_short_skill
16161,GMO,invalid_short_skill
16163,GMP,invalid_short_skill
16165,GMS,invalid_short_skill
16166,GNM,invalid_short_skill
16170,GO,invalid_short_skill
16172,GOOD COMMUNICATION SKILLS IS MUST,sentence_or_description
16174,GOOD KNOWLEDGE,generic
16178,GP,invalid_short_skill
16179,GPA,invalid_short_skill
16183,GPM,invalid_short_skill
16184,GPO,invalid_short_skill
16185,GPR,invalid_short_skill
16187,GPS,invalid_short_skill
16192,GPT,invalid_short_skill
16193,GPT-3.5,sentence_or_description
16198,GRA,invalid_short_skill
16201,GRADUATE,generic
16203,GRC,invalid_short_skill
16211,GRE,invalid_short_skill
16215,GRN,invalid_short_skill
16220,GRS,invalid_short_skill
16223,GRaduate,generic
16224,GSM,invalid_short_skill
16227,GSP,invalid_short_skill
16228,GST,invalid_short_skill
16271,GT,invalid_short_skill
16274,GTK,invalid_short_skill
16275,GTM,invalid_short_skill
16276,GTS,invalid_short_skill
16279,GUI,invalid_short_skill
16286,GWT,invalid_short_skill
16289,Ga,invalid_short_skill
16293,Gad,invalid_short_skill
16298,Gam,invalid_short_skill
16309,Gan,invalid_short_skill
16312,Gap,invalid_short_skill
16345,Gas,invalid_short_skill
16375,Gav,invalid_short_skill
16380,Gd,invalid_short_skill
16383,Gdc,invalid_short_skill
16384,Gde,invalid_short_skill
16385,Gdp,invalid_short_skill
16412,Gemini 2.5 Pro,sentence_or_description
16422,Gen,invalid_short_skill
16546,Geo,invalid_short_skill
16556,Geological Exploration Open Cast Mining Raw Material EvaluationGeological Survey & Mapping Expertise,sentence_or_description
16599,Gic,invalid_short_skill
16604,Gin,invalid_short_skill
16607,Gis,invalid_short_skill
16610,Git,invalid_short_skill
16669,Global Experience,experience_or_qualification
16715,Gls,invalid_short_skill
16722,Gmc,invalid_short_skill
16727,Go,invalid_short_skill
16781,Good Communication,sentence_or_description
16782,Good Communication Excellent Food Presentation,sentence_or_description
16783,Good Communication In English,sentence_or_description
16784,Good Communication Skill,sentence_or_description
16785,Good Communication Skills,sentence_or_description
16786,Good Communication Skills In English. Hindi & Marathi. candidate Should Be Willing To Travel To Different Areas Of Navi Mumbai & Parts Of Mumbai To Meet Clients & Develop Business,sentence_or_description
16787,Good Communication Skills Undergraduate,sentence_or_description
16788,Good Communication and Analytical skills,sentence_or_description
16789,Good Communication in English,sentence_or_description
16790,Good Communication in English and Kannada,sentence_or_description
16791,Good Communication required. Candidates with minimum 1 year sales experience can apply. Graduates/12th pass both can apply. Comfortable with Work From Office. Salary - 19K to 20K CTC,sentence_or_description
16792,Good Communication skill,sentence_or_description
16793,Good Communication skills,sentence_or_description
16803,Good Knowledge of Nutraceutical industry,sentence_or_description
16804,Good Knowledge of medial/ hospital based terminology. Good/excellent typing skills. Willing to work hard/under pressure,sentence_or_description
16810,Good Time-management skills Great interpersonal and communication skills Knowledge of MS Office especially Excel and Word,sentence_or_description
16816,Good communication,sentence_or_description
16817,Good communication & documentation skills,sentence_or_description
16818,Good communication Skill,sentence_or_description
16819,Good communication and negotiation skills,sentence_or_description
16820,Good communication and negotiation skills. Experience in handling purchases,sentence_or_description
16821,Good communication skill,sentence_or_description
16822,Good communication skills,sentence_or_description
16823,Good communication skills in English Hands on experience in MS Excel,sentence_or_description
16824,Good communication skills in English and Kannada or Tamil any 2 languages mandatory. Basic computer knowledge and typing skills Customer service orientation Freshers and experienced candidates 0to 2 years can apply,sentence_or_description
16825,Good communication skills in local languages,sentence_or_description
16826,Good communication skills is must,sentence_or_description
16832,Good knowledge of EV production machines,sentence_or_description
16833,Good knowledge of MS Excel,sentence_or_description
16834,Good knowledge of fabrication drawing and for cv whatsapp 9216321822,sentence_or_description
16835,Good knowledge of local routes and traffic rules,sentence_or_description
16850,Good understanding of technical enquiries and ability to interpret PID and GADs Knowledge of process parameters and industrial applications Strong commercial and technical understanding Proficiency in preparing accurate quotations,sentence_or_description
16976,Gpa,invalid_short_skill
16988,Graduate,generic
16996,Graduate degree holder. Proficient in computer skills Must know Hindi and English Valid Qatar Driving License is mandatory. Excellent communication negotiation and presentation skills,sentence_or_description
17021,Graphic Designer to create engaging and visually appealing designs across digital and print media. The ideal candidate will have strong creative skills,sentence_or_description
17140,Gsd,invalid_short_skill
17143,Gst,invalid_short_skill
17159,Gtm,invalid_short_skill
17170,Guest Experience,experience_or_qualification
17171,Guest Experience Enhancement,experience_or_qualification
17172,Guest Experience Strategy,experience_or_qualification
17228,GxP,invalid_short_skill
17229,Gxp,invalid_short_skill
17230,Gym,invalid_short_skill
17245,H.264,experience_or_qualification
17246,H.265,experience_or_qualification
17247,H1,invalid_short_skill
17250,H1B,invalid_short_skill
17251,H264,experience_or_qualification
17256,HAL,invalid_short_skill
17260,HAM,invalid_short_skill
17269,HAP,invalid_short_skill
17274,HB,invalid_short_skill
17275,HBE,invalid_short_skill
17277,HCC,invalid_short_skill
17286,HCI,invalid_short_skill
17287,HCL,invalid_short_skill
17289,HCM,invalid_short_skill
17302,HCV,invalid_short_skill
17305,HDL,invalid_short_skill
17308,HDR,invalid_short_skill
17309,HE,invalid_short_skill
17312,HEI,invalid_short_skill
17315,HF,invalid_short_skill
17317,HFC,invalid_short_skill
17318,HFM,invalid_short_skill
17319,HFR,invalid_short_skill
17321,HHC,invalid_short_skill
17323,HI,invalid_short_skill
17329,HIL,invalid_short_skill
17336,HIS,invalid_short_skill
17338,HK,invalid_short_skill
17339,HL,invalid_short_skill
17342,HLD,invalid_short_skill
17344,HLS,invalid_short_skill
17345,HM,invalid_short_skill
17346,HMC,invalid_short_skill
17353,HMP,invalid_short_skill
17354,HMS,invalid_short_skill
17356,HN,invalid_short_skill
17357,HNI,invalid_short_skill
17372,HOI,invalid_short_skill
17390,HP,invalid_short_skill
17405,HPV,invalid_short_skill
17406,HR,invalid_short_skill
17439,HR Executive Recruitment & Onboarding Employee Relations HR Policies & Compliance Payroll & Attendance Communication Skills MS Office & HR Software Time Management Problem Solving Confidentiality Teamwork & Adaptability,sentence_or_description
17539,HRC,invalid_short_skill
17540,HRD,invalid_short_skill
17546,HRM,invalid_short_skill
17551,HRO,invalid_short_skill
17563,HSE,invalid_short_skill
17572,HSS,invalid_short_skill
17574,HT,invalid_short_skill
17591,HTL,invalid_short_skill
17631,HVAC industry preferred,sentence_or_description
17642,HW,invalid_short_skill
17645,Hac,invalid_short_skill
17664,Ham,invalid_short_skill
17674,Hand holding & training Zonal Team to achieve sales as well recruitment targets,sentence_or_description
17679,Handle inbound and outbound sales calls from the office to drive conversions and repeat business,sentence_or_description
17687,Handling ERP experience is must,experience_or_qualification
17701,Hands experience screw Compressor,experience_or_qualification
17702,Hands on experience with PCAN tools & CAN protocol,sentence_or_description
17704,Hands-on experience in Tally ERP,sentence_or_description
17705,Hands-on experience with vendor audit processes and welding PWHT inspections,sentence_or_description
17728,Hardware Debugging with at least 1 year of practical experience,experience_or_qualification
17767,Hat,invalid_short_skill
17769,Having Experience in turnkey project,sentence_or_description
17770,Having Knowledge of Employee Payroll,sentence_or_description
17771,Having a B. Arch. degree. Minimum 2 year experience designing floor plans,sentence_or_description
17772,Having hospital sales & marketing experience,experience_or_qualification
17783,Hcc,invalid_short_skill
17794,He must be responsible for providing communication/marketing support to the business units and corporate initiatives,sentence_or_description
17795,He/ She should be working in Banking industry . into Current Account Acquisition / Saving Account Acquisition,sentence_or_description
17995,Hfc,invalid_short_skill
18002,High,generic
18043,Highly experienced Hotel Chief Engineer with a proven track record in engineering and maintenance. Skilled in troubleshooting,sentence_or_description
18086,His,invalid_short_skill
18100,HoD,invalid_short_skill
18201,Hospital experience,experience_or_qualification
18232,Hot,invalid_short_skill
18295,Hpc,invalid_short_skill
18298,Hql,invalid_short_skill
18299,Hr,invalid_short_skill
18343,Hss,invalid_short_skill
18350,Hub,invalid_short_skill
18363,Hue,invalid_short_skill
18473,I,invalid_short_skill
18475,I&C,invalid_short_skill
18477,I/O,invalid_short_skill
18479,I2,invalid_short_skill
18480,I2C,invalid_short_skill
18484,IAC,invalid_short_skill
18487,IAI,invalid_short_skill
18488,IAM,invalid_short_skill
18492,IAP,invalid_short_skill
18493,IAR,invalid_short_skill
18494,IAS,invalid_short_skill
18506,IAc,invalid_short_skill
18507,IB,invalid_short_skill
18517,IBC,invalid_short_skill
18525,IBH,invalid_short_skill
18526,IBM,invalid_short_skill
18527,IBM 3800,experience_or_qualification
18528,IBM 3900,experience_or_qualification
18567,IBN,invalid_short_skill
18570,IBP,invalid_short_skill
18573,IBR,invalid_short_skill
18574,IBS,invalid_short_skill
18579,ICC,invalid_short_skill
18582,ICD,invalid_short_skill
18590,ICE,invalid_short_skill
18594,ICF,invalid_short_skill
18597,ICH,invalid_short_skill
18603,ICM,invalid_short_skill
18604,ICN,invalid_short_skill
18606,ICP,invalid_short_skill
18607,ICS,invalid_short_skill
18615,ICT,invalid_short_skill
18617,ICU,invalid_short_skill
18629,IDM,invalid_short_skill
18633,IDN,invalid_short_skill
18637,IDQ,invalid_short_skill
18638,IDS,invalid_short_skill
18639,IDT,invalid_short_skill
18642,IE,invalid_short_skill
18646,IEA,invalid_short_skill
18647,IEC,invalid_short_skill
18648,IEC 17025,experience_or_qualification
18649,IEC 60601,experience_or_qualification
18650,IEC 61439,experience_or_qualification
18651,IEC 61508,experience_or_qualification
18652,IEC 62443,experience_or_qualification
18653,IEC17065,experience_or_qualification
18658,IEP,invalid_short_skill
18661,IEX,invalid_short_skill
18663,IFA,invalid_short_skill
18666,IFC,invalid_short_skill
18671,IFD,invalid_short_skill
18675,IFR,invalid_short_skill
18684,IFS,invalid_short_skill
18687,IGA,invalid_short_skill
18696,IGM,invalid_short_skill
18698,IGT,invalid_short_skill
18700,IHM,invalid_short_skill
18703,III,invalid_short_skill
18704,IIM,invalid_short_skill
18706,IIP,invalid_short_skill
18707,IIS,invalid_short_skill
18708,IIT,invalid_short_skill
18709,IIW,invalid_short_skill
18711,IJP480620,experience_or_qualification
18712,IJP482402,experience_or_qualification
18713,IJP482782,experience_or_qualification
18714,IJP484551,experience_or_qualification
18715,IJP484552,experience_or_qualification
18716,IJP484689,experience_or_qualification
18717,IJP484777,experience_or_qualification
18718,IJP484881,experience_or_qualification
18719,IJP485035,experience_or_qualification
18720,IJP485528,experience_or_qualification
18721,IJP486248,experience_or_qualification
18722,IJP486249,experience_or_qualification
18723,IJP486258,experience_or_qualification
18724,IJP486259,experience_or_qualification
18725,IJP486278,experience_or_qualification
18726,IJP486280,experience_or_qualification
18727,IJP486289,experience_or_qualification
18728,IJP486290,experience_or_qualification
18729,IJP486302,experience_or_qualification
18730,IJP486316,experience_or_qualification
18731,IJP486322,experience_or_qualification
18732,IJP486337,experience_or_qualification
18733,IJP486339,experience_or_qualification
18734,IJP486378,experience_or_qualification
18735,IJP486422,experience_or_qualification
18736,IJP486424,experience_or_qualification
18737,IJP486436,experience_or_qualification
18738,IJP486534,experience_or_qualification
18739,IJP486535,experience_or_qualification
18740,IJP486565,experience_or_qualification
18741,IJP486568,experience_or_qualification
18742,IJP486587,experience_or_qualification
18743,IJP486617,experience_or_qualification
18744,IJP486621,experience_or_qualification
18745,IJP486695,experience_or_qualification
18746,ILE,invalid_short_skill
18750,ILL,invalid_short_skill
18751,ILO,invalid_short_skill
18752,ILT,invalid_short_skill
18753,IM,invalid_short_skill
18756,IME,invalid_short_skill
18757,IMF,invalid_short_skill
18763,IMS,invalid_short_skill
18766,INC,invalid_short_skill
18769,IND,invalid_short_skill
18784,INT,invalid_short_skill
18806,IP,invalid_short_skill
18835,IPC,invalid_short_skill
18838,IPD,invalid_short_skill
18849,IPO,invalid_short_skill
18858,IPP,invalid_short_skill
18861,IPR,invalid_short_skill
18863,IPS,invalid_short_skill
18873,IQ,invalid_short_skill
18874,IQC,invalid_short_skill
18875,IR,invalid_short_skill
18882,IRB,invalid_short_skill
18890,IRM,invalid_short_skill
18892,IRR,invalid_short_skill
18895,IS 10322,experience_or_qualification
18896,IS 13252,experience_or_qualification
18897,IS 15885,experience_or_qualification
18898,IS 16046,experience_or_qualification
18899,IS 16102,experience_or_qualification
18900,IS 302,experience_or_qualification
18901,IS 456,experience_or_qualification
18902,IS 616,experience_or_qualification
18903,IS 62368,experience_or_qualification
18908,IS0 42001,experience_or_qualification
18909,ISA,invalid_short_skill
18912,ISC,invalid_short_skill
18915,ISD,invalid_short_skill
18925,ISO 10002,experience_or_qualification
18926,ISO 13485,experience_or_qualification
18927,ISO 13845,experience_or_qualification
18928,ISO 14001,experience_or_qualification
18929,ISO 14644,experience_or_qualification
18930,ISO 1469,experience_or_qualification
18931,ISO 14731,experience_or_qualification
18932,ISO 14971,experience_or_qualification
18933,ISO 16949,experience_or_qualification
18934,ISO 17025,experience_or_qualification
18935,ISO 19011,experience_or_qualification
18936,ISO 20022,experience_or_qualification
18938,ISO 22301,experience_or_qualification
18939,ISO 26262,experience_or_qualification
18940,ISO 27000,experience_or_qualification
18941,ISO 27001,experience_or_qualification
18944,ISO 3834,experience_or_qualification
18945,ISO 45001,experience_or_qualification
18948,ISO 9000,experience_or_qualification
18949,ISO 9001,experience_or_qualification
18967,ISO-14001,experience_or_qualification
18968,ISO-22301,experience_or_qualification
18969,ISO-45001,experience_or_qualification
18970,ISO-50001,experience_or_qualification
18974,ISO14001,experience_or_qualification
18975,ISO26262,experience_or_qualification
18976,ISO27001,experience_or_qualification
18978,ISO8583,experience_or_qualification
18979,ISO9001,experience_or_qualification
18980,ISP,invalid_short_skill
18983,ISR,invalid_short_skill
18986,ISS,invalid_short_skill
18989,ISU,invalid_short_skill
18991,IT,invalid_short_skill
19052,IT Knowledge,generic
19057,IT Management,generic
19099,IT Services,generic
19101,IT Skills,generic
19143,IT infrastructure experience,experience_or_qualification
19152,IT management,generic
19179,IT services,generic
19182,IT skills,generic
19206,ITI,invalid_short_skill
19232,ITK,invalid_short_skill
19237,ITP,invalid_short_skill
19239,ITR,invalid_short_skill
19253,ITX,invalid_short_skill
19256,IV,invalid_short_skill
19259,IVA,invalid_short_skill
19260,IVD,invalid_short_skill
19263,IVF,invalid_short_skill
19266,IVI,invalid_short_skill
19267,IVP,invalid_short_skill
19268,IVR,invalid_short_skill
19279,IWE,invalid_short_skill
19280,IX,invalid_short_skill
19285,IaC,invalid_short_skill
19290,Iac,invalid_short_skill
19316,Ibp,invalid_short_skill
19317,Ic,invalid_short_skill
19320,Ice,invalid_short_skill
19325,Icn,invalid_short_skill
19330,Id,invalid_short_skill
19354,Idp,invalid_short_skill
19355,Idq,invalid_short_skill
19357,Idt,invalid_short_skill
19363,Ifc,invalid_short_skill
19369,Igt,invalid_short_skill
19370,Ihc,invalid_short_skill
19372,Iiq,invalid_short_skill
19381,Ilm,invalid_short_skill
19382,Ilo,invalid_short_skill
19468,In Depth knowledge of plywood sector,sentence_or_description
19478,In-depth knowledge of the lighting industry,sentence_or_description
19705,Industry,generic
19706,Industry 4.0,sentence_or_description
19707,Industry 4.0 experience,sentence_or_description
19712,Industry Experience,experience_or_qualification
19866,Inj,invalid_short_skill
20438,Inventory & Stock Control Warehouse Management & 5S Practices ERP Systems Material Handling & Documentation Dispatch & Logistics Coordination Problem-Solving Skills Attention to Detail & Accuracy,sentence_or_description
20496,Investing experience,experience_or_qualification
20542,Inviting Application Immunology /Ph.D. Freshers Discovery Biology,sentence_or_description
20559,Invoice processing & payment follow-up Account reconciliation & aging analysis Spectrum Software proficiency,sentence_or_description
20568,Io,invalid_short_skill
20576,Ion,invalid_short_skill
20615,Irc,invalid_short_skill
20624,Irr,invalid_short_skill
20629,Ise,invalid_short_skill
20631,Ism,invalid_short_skill
20633,Iso 50001,experience_or_qualification
20638,Iso21434,experience_or_qualification
20643,Isr,invalid_short_skill
20649,Ist,invalid_short_skill
20727,Itx,invalid_short_skill
20728,Iui,invalid_short_skill
20731,Ivd,invalid_short_skill
20732,Ivf,invalid_short_skill
20734,J,invalid_short_skill
20737,J1939,experience_or_qualification
20754,JAX,invalid_short_skill
20760,JCB,invalid_short_skill
20761,JCI,invalid_short_skill
20762,JCL,invalid_short_skill
20765,JD,invalid_short_skill
20768,JDA,invalid_short_skill
20770,JDE,invalid_short_skill
20776,JEE,invalid_short_skill
20783,JFR,invalid_short_skill
20788,JIS,invalid_short_skill
20789,JIT,invalid_short_skill
20790,JLG,invalid_short_skill
20796,JML,invalid_short_skill
20798,JMS,invalid_short_skill
20803,JNI,invalid_short_skill
20805,JPA,invalid_short_skill
20811,JSA,invalid_short_skill
20813,JSF,invalid_short_skill
20814,JSM,invalid_short_skill
20818,JSP,invalid_short_skill
20827,JV,invalid_short_skill
20828,JVM,invalid_short_skill
20829,JVS,invalid_short_skill
20831,JWT,invalid_short_skill
20840,Jam,invalid_short_skill
20861,Java 7/JEE 1.7,sentence_or_description
20888,Java Development experience,experience_or_qualification
20960,Jaw,invalid_short_skill
20962,Jcr,invalid_short_skill
21126,Jvm,invalid_short_skill
21128,Jwt,invalid_short_skill
21130,K-Rise preferred,sentence_or_description
21131,K12,experience_or_qualification
21133,K6,invalid_short_skill
21134,K8,invalid_short_skill
21135,K8s,invalid_short_skill
21139,KAM,invalid_short_skill
21142,KCS,invalid_short_skill
21144,KF,invalid_short_skill
21145,KFC,invalid_short_skill
21149,KLD,invalid_short_skill
21150,KM,invalid_short_skill
21151,KNN,invalid_short_skill
21153,KNOWLEDGE OF Conveyors,sentence_or_description
21154,KNowledge of Tire Manufacturing Machines,sentence_or_description
21155,KOL,invalid_short_skill
21169,KPO,invalid_short_skill
21170,KQL,invalid_short_skill
21172,KRA,invalid_short_skill
21176,KTM,invalid_short_skill
21177,KTS,invalid_short_skill
21179,KVA,invalid_short_skill
21180,KVM,invalid_short_skill
21181,KYB,invalid_short_skill
21207,Kam,invalid_short_skill
21239,Kdb,invalid_short_skill
21254,Key,generic
21335,Kms,invalid_short_skill
21365,Knowledge Of Computer,sentence_or_description
21366,Knowledge Of Tally,sentence_or_description
21375,Knowledge of 4QT,sentence_or_description
21376,Knowledge of AUTOCAD,sentence_or_description
21377,Knowledge of All Scrutiny,sentence_or_description
21378,Knowledge of All Software i.e. SAP/ERP,sentence_or_description
21379,Knowledge of Auto Cad & M.S office is a must Knowledge of 3D modeling in Sketch up/ 3ds max&Photoshop editing,sentence_or_description
21380,Knowledge of Automotive Market,sentence_or_description
21381,Knowledge of Construction Materials,sentence_or_description
21382,Knowledge of DFMEA/ DRBFM,sentence_or_description
21383,Knowledge of Double tax avoidance agreements,sentence_or_description
21384,Knowledge of EMS & Ambulance Operations,sentence_or_description
21385,Knowledge of ERP / Analytics Marketing,sentence_or_description
21386,Knowledge of Finalization,sentence_or_description
21387,Knowledge of GenAI frameworks,sentence_or_description
21388,Knowledge of Healthcare Billing Software,sentence_or_description
21389,Knowledge of IATF 16949 system requirement and its compliance,sentence_or_description
21390,Knowledge of ISO and Six Sigma quality tools,sentence_or_description
21391,Knowledge of IT tools,sentence_or_description
21392,Knowledge of Investment products,sentence_or_description
21393,Knowledge of Jewellery Industries,sentence_or_description
21394,Knowledge of Jewellery Manufacturing,sentence_or_description
21395,Knowledge of Kromex,sentence_or_description
21396,Knowledge of Quality Standards,sentence_or_description
21397,Knowledge of Reagents preparation and solution standardization,sentence_or_description
21398,Knowledge of SAP System,sentence_or_description
21399,Knowledge of Social Compliances,sentence_or_description
21400,Knowledge of Social Media Tool,sentence_or_description
21401,Knowledge of Tally,sentence_or_description
21402,Knowledge of Thermoplastics,sentence_or_description
21403,Knowledge of Ti & Siepan,sentence_or_description
21404,Knowledge of Transport Laws & Regulations,sentence_or_description
21405,Knowledge of accounting principles,sentence_or_description
21406,Knowledge of baking techniques & recipes,sentence_or_description
21407,Knowledge of common defects,sentence_or_description
21408,Knowledge of construction materials,sentence_or_description
21409,Knowledge of electrical Component,sentence_or_description
21410,Knowledge of fabrication,sentence_or_description
21411,Knowledge of fire safety,sentence_or_description
21412,Knowledge of heavy engineering production processes,sentence_or_description
21413,Knowledge of hospital consumables,sentence_or_description
21414,Knowledge of industrial sales,sentence_or_description
21415,Knowledge of inventory,sentence_or_description
21416,Knowledge of inventory management,sentence_or_description
21417,Knowledge of logistics/transport operations and tracking systems. Proficiency in MS Excel / ERP / GPS tracking tools. Strong communication and customer handling skills. Ability to work in a fast-paced operational environment,sentence_or_description
21418,Knowledge of multi-org structures,sentence_or_description
21419,Knowledge of procurement software or ERP systems,sentence_or_description
21420,Knowledge of property portals,sentence_or_description
21421,Knowledge of pumps,sentence_or_description
21422,Knowledge of quality management,sentence_or_description
21423,Knowledge of safety,sentence_or_description
21424,Knowledge of statistical analysis,sentence_or_description
21425,Knowledge of technological trends to build strategy,sentence_or_description
21426,Knowledge of trading system protocols,sentence_or_description
21435,Kol,invalid_short_skill
21458,Kql,invalid_short_skill
21467,Ku,invalid_short_skill
21490,L,invalid_short_skill
21491,L&D,invalid_short_skill
21496,L1,invalid_short_skill
21505,L2,invalid_short_skill
21512,L2 Production Support Experience,experience_or_qualification
21525,L3,invalid_short_skill
21530,L4,invalid_short_skill
21535,LAC,invalid_short_skill
21538,LAN,invalid_short_skill
21549,LAP,invalid_short_skill
21555,LAW,invalid_short_skill
21557,LBN,invalid_short_skill
21559,LBS,invalid_short_skill
21560,LC,invalid_short_skill
21566,LCA,invalid_short_skill
21567,LCD,invalid_short_skill
21568,LCL,invalid_short_skill
21572,LCO,invalid_short_skill
21573,LCR,invalid_short_skill
21574,LCV,invalid_short_skill
21576,LDO,invalid_short_skill
21579,LDR,invalid_short_skill
21580,LDS,invalid_short_skill
21581,LE,invalid_short_skill
21585,LED,invalid_short_skill
21589,LES,invalid_short_skill
21592,LEX,invalid_short_skill
21593,LFR,invalid_short_skill
21594,LG,invalid_short_skill
21595,LIC,invalid_short_skill
21606,LIN,invalid_short_skill
21613,LLB,invalid_short_skill
21614,LLD,invalid_short_skill
21615,LLM,invalid_short_skill
21629,LLm,invalid_short_skill
21633,LMS,invalid_short_skill
21640,LNG,invalid_short_skill
21644,LNS,invalid_short_skill
21651,LOS,invalid_short_skill
21652,LOT,invalid_short_skill
21655,LPD,invalid_short_skill
21658,LPN,invalid_short_skill
21659,LPO,invalid_short_skill
21660,LPS,invalid_short_skill
21661,LPT,invalid_short_skill
21662,LR,invalid_short_skill
21663,LRE,invalid_short_skill
21669,LSA,invalid_short_skill
21671,LSS,invalid_short_skill
21673,LT,invalid_short_skill
21690,LTL,invalid_short_skill
21692,LTS,invalid_short_skill
21693,LV,invalid_short_skill
21695,LVM,invalid_short_skill
21696,LVS,invalid_short_skill
21697,LWC,invalid_short_skill
21698,LWF,invalid_short_skill
21699,LWR,invalid_short_skill
21700,LWS,invalid_short_skill
21702,Lab,invalid_short_skill
21838,Lap,invalid_short_skill
21905,Law,invalid_short_skill
21923,Lcs,invalid_short_skill
21924,Lda,invalid_short_skill
21944,Lead Experience,experience_or_qualification
21955,Lead Generation International B2B Sales Business Development International B2B Sales Customer Relationship Management International B2B Sales Key Account Management Negotiation Problem-Solving Strategic Planning,sentence_or_description
21971,Lead and mentor a team of mechanical engineers in the design,sentence_or_description
21986,Lead training sessions and prepare UAT/test cases. Experience with at least 3 end-to-end implementations,sentence_or_description
22010,Leadership and team management. Strong guest service orientation. Conflict resolution and problem-solving. Time management and organizational skills. Attention to detail and ability to maintain high standards of cleanliness and service,sentence_or_description
22050,Learning Experience,experience_or_qualification
22089,Led TNI & compliance programs. Experience in creating content & training programs .Fecilitating behavioural training programs Worked on LMS,sentence_or_description
22098,Ledgers and Cash/Bank transactions .Possess a sound understanding of taxation laws majorly GST,sentence_or_description
22122,Legal Drafting & Documentation Contract Negotiation Compliance & Regulatory Knowledge Litigation Support Attention to Detail Problem-Solving & Analytical Thinking,sentence_or_description
22189,Lfr,invalid_short_skill
22190,Lgd,invalid_short_skill
22242,Liferay 7.4 portal development,sentence_or_description
22402,Lis,invalid_short_skill
22437,Llb,invalid_short_skill
22439,Llm,invalid_short_skill
22441,Ln,invalid_short_skill
22531,Lod,invalid_short_skill
22613,Looking for candidates fluent in English + Hindi or English + Malayalam/Tamil/Kannada,sentence_or_description
22651,Lsf,invalid_short_skill
22653,Lsp,invalid_short_skill
22657,Ltm,invalid_short_skill
22659,Lua,invalid_short_skill
22683,Luw,invalid_short_skill
22705,Lwc,invalid_short_skill
22709,M,invalid_short_skill
22716,M&A,invalid_short_skill
22726,M.B.A,sentence_or_description
22730,M.E.P Manager,sentence_or_description
22732,M.O.P,sentence_or_description
22735,M.S.Office,sentence_or_description
22740,M.e,invalid_short_skill
22741,M2,invalid_short_skill
22742,M3,invalid_short_skill
22743,M365,experience_or_qualification
22748,MA,invalid_short_skill
22753,MAG,invalid_short_skill
22765,MAO,invalid_short_skill
22774,MAX,invalid_short_skill
22775,MBA,invalid_short_skill
22782,MBA Pass out,experience_or_qualification
22786,MBB,invalid_short_skill
22790,MBBS with MD / DNB in Neurology or equivalent. Proven experience in clinical neurology is preferred. Strong communication and interpersonal skills,sentence_or_description
22792,MBD,invalid_short_skill
22796,MBO,invalid_short_skill
22798,MBR,invalid_short_skill
22799,MBS,invalid_short_skill
22800,MCA,invalid_short_skill
22803,MCB,invalid_short_skill
22804,MCC,invalid_short_skill
22806,MCH,invalid_short_skill
22814,MCP,invalid_short_skill
22819,MCV,invalid_short_skill
22820,MCX,invalid_short_skill
22821,MCh,invalid_short_skill
22822,MD,invalid_short_skill
22865,MDA,invalid_short_skill
22866,MDE,invalid_short_skill
22867,MDF,invalid_short_skill
22868,MDG,invalid_short_skill
22871,MDH,invalid_short_skill
22872,MDM,invalid_short_skill
22879,MDS,invalid_short_skill
22880,MDT,invalid_short_skill
22881,MDX,invalid_short_skill
22883,ME,invalid_short_skill
22891,MED,invalid_short_skill
22901,MEE,invalid_short_skill
22902,MEL,invalid_short_skill
22903,MEM,invalid_short_skill
22906,MEP,invalid_short_skill
22934,MES,invalid_short_skill
22947,MF,invalid_short_skill
22951,MFC,invalid_short_skill
22952,MFG,invalid_short_skill
22953,MFI,invalid_short_skill
22954,MFR,invalid_short_skill
22955,MFT,invalid_short_skill
22962,MIB,invalid_short_skill
22973,MIG,invalid_short_skill
22974,MIG Welders and One should also be capable to undertake Sub Merged welding Crane Hydra Operator Licensed Mechanical Fitter For Heavy Steel Fabrication CNC Operator having exp in operating CNC Drilling and Cutting Machine Electrician,sentence_or_description
22979,MIN,invalid_short_skill
22980,MINIMUM 3..5 YEARS EXPERIANCE,sentence_or_description
22983,MIS,invalid_short_skill
23016,MIT,invalid_short_skill
23043,MLM,invalid_short_skill
23051,MLT,invalid_short_skill
23052,MLW,invalid_short_skill
23055,MM,invalid_short_skill
23057,MMI,invalid_short_skill
23059,MMS,invalid_short_skill
23061,MMU,invalid_short_skill
23062,MNA,invalid_short_skill
23063,MNC,invalid_short_skill
23069,MO,invalid_short_skill
23070,MOB,invalid_short_skill
23071,MOC,invalid_short_skill
23077,MOM,invalid_short_skill
23083,MP,invalid_short_skill
23086,MPC,invalid_short_skill
23090,MPI,invalid_short_skill
23094,MPP,invalid_short_skill
23095,MPR,invalid_short_skill
23096,MPT,invalid_short_skill
23097,MPU,invalid_short_skill
23098,MQ,invalid_short_skill
23101,MQL,invalid_short_skill
23105,MR,invalid_short_skill
23107,MRD,invalid_short_skill
23108,MRI,invalid_short_skill
23110,MRM,invalid_short_skill
23111,MRN,invalid_short_skill
23112,MRO,invalid_short_skill
23116,MRP,invalid_short_skill
23117,MRS,invalid_short_skill
23118,MRT,invalid_short_skill
23119,MS,invalid_short_skill
23168,MS Project Budgeting and Cost Control Problem Solving and Decision Making,sentence_or_description
23199,MSA,invalid_short_skill
23200,MSB,invalid_short_skill
23203,MSC,invalid_short_skill
23210,MSI,invalid_short_skill
23214,MSL,invalid_short_skill
23215,MSM,invalid_short_skill
23221,MSP,invalid_short_skill
23222,MSS,invalid_short_skill
23227,MSW,invalid_short_skill
23231,MT,invalid_short_skill
23233,MTI,invalid_short_skill
23235,MTO,invalid_short_skill
23236,MTS,invalid_short_skill
23245,MV,invalid_short_skill
23256,MVS,invalid_short_skill
23258,MVV,invalid_short_skill
23260,MW,invalid_short_skill
23263,MWP,invalid_short_skill
23264,MWS,invalid_short_skill
23265,MX,invalid_short_skill
23275,Mac,invalid_short_skill
23397,Mainly responsible for In-process and wet analysis,sentence_or_description
23398,Maintain,generic
23399,Maintain & Update financial records including ledgers journals and balance sheets,sentence_or_description
23403,Maintain certifications and compliance with relevant standards such as ISO 9001 ISO 14001 etc,sentence_or_description
23404,Maintain documentation per ISO 13485 and FDA 21 CFR Part 820,sentence_or_description
23464,Mam,invalid_short_skill
23492,Management,generic
23648,Manufacturing Experience,experience_or_qualification
23679,Map,invalid_short_skill
23839,Marketing and Sales in the Effluent Treatment Plants and related services,sentence_or_description
24023,Matrix Organization Experience,experience_or_qualification
24037,Mba,invalid_short_skill
24043,Mbd,invalid_short_skill
24045,Mbr,invalid_short_skill
24050,Mch,invalid_short_skill
24060,Mdf,invalid_short_skill
24061,Mdg,invalid_short_skill
24291,Mee,invalid_short_skill
24304,Mel,invalid_short_skill
24307,Mem,invalid_short_skill
24465,Mfg Industry Work Experience,experience_or_qualification
24466,Mfi,invalid_short_skill
24467,Mft,invalid_short_skill
24468,Mgr,invalid_short_skill
24471,Mhe,invalid_short_skill
24559,Microsoft C#,special_character_noise
24584,Microsoft Excel with VBA application and MS - SQL DB integration,sentence_or_description
24591,Microsoft Navision ERP is preferred,sentence_or_description
24600,Microsoft Office suite and Advance Excel for data analysis and reporting,sentence_or_description
24681,Migrations from VMware to GCVE and GCE using HCX and M2VM,sentence_or_description
24683,Mil,invalid_short_skill
24699,Mim,invalid_short_skill
24701,Min 1 yr experience in accounts,sentence_or_description
24702,Min 1 yr experience in ice cream plant and for cv whatsapp 9216321822,sentence_or_description
24703,Min 1 yr experience in real estate and willing to relicate to chandigarh,sentence_or_description
24704,Min 1-2 years in UK Year end process Current domain in UK accounting industry,sentence_or_description
24705,Min 2 yrs experience heavy steel fabrication industry in quality department,sentence_or_description
24706,Min 3 yrs experience in Foundry plant in plant mechanical maintenance,sentence_or_description
24707,Min 3 yrs experience in fmcg or food processing industry as a instrumentation engineer,sentence_or_description
24708,Min 5 yrs experience in Must have experience manufacturing industry in Brown & green field project as a civil engineer projects,sentence_or_description
24709,Min 6 yrs experience in commercial and RM PM and FG planning,sentence_or_description
24710,Min 6 yrs experience in material planning dispatch planning commercial and finance and material audit,sentence_or_description
24711,Min 7 yrs experience in construction highrise and township in mep billing electrical work and PHE,sentence_or_description
24712,Min 7 yrs experience in heavy steel fabrication industry in peoduction and willing to relocate to Rajpura Punjab,sentence_or_description
24725,Minimum 2-3 years of experience in NICU and Gynae preferred,sentence_or_description
24726,Minimum 4-5 yrs,experience_or_qualification
24779,Mls,invalid_short_skill
24785,MoU,invalid_short_skill
24848,Moc,invalid_short_skill
24955,Monitor Performance against KRAs at the individual team and department level,sentence_or_description
25011,Moq,invalid_short_skill
25080,Moz,invalid_short_skill
25085,Mr,invalid_short_skill
25143,Multi Outlet Experience,experience_or_qualification
25153,Multi-Unit Project experience,experience_or_qualification
25217,Must have worked on UK Year end process,sentence_or_description
25231,Mv,invalid_short_skill
25235,Mvi,invalid_short_skill
25236,Mx 3.1 platform,sentence_or_description
25247,Myp,invalid_short_skill
25253,N1,invalid_short_skill
25255,N2,invalid_short_skill
25256,N3,invalid_short_skill
25257,N6,invalid_short_skill
25273,NAC,invalid_short_skill
25278,NAS,invalid_short_skill
25284,NAT,invalid_short_skill
25289,NAV,invalid_short_skill
25291,NBA,invalid_short_skill
25292,NBC,invalid_short_skill
25296,NBFC experience,experience_or_qualification
25302,NCC,invalid_short_skill
25313,NDA,invalid_short_skill
25314,NDE,invalid_short_skill
25317,NDT,invalid_short_skill
25327,NEC,invalid_short_skill
25335,NEO,invalid_short_skill
25337,NEP 2020,experience_or_qualification
25338,NEP2020,experience_or_qualification
25341,NET,invalid_short_skill
25372,NFC,invalid_short_skill
25376,NFP,invalid_short_skill
25379,NFS,invalid_short_skill
25381,NGO,invalid_short_skill
25389,NHT,invalid_short_skill
25403,NID,invalid_short_skill
25407,NIM,invalid_short_skill
25410,NIS,invalid_short_skill
25423,NLD,invalid_short_skill
25427,NMR,invalid_short_skill
25428,NMS,invalid_short_skill
25435,NOC,invalid_short_skill
25446,NPA,invalid_short_skill
25447,NPC,invalid_short_skill
25448,NPD,invalid_short_skill
25452,NPI,invalid_short_skill
25455,NPS,invalid_short_skill
25457,NPV,invalid_short_skill
25458,NR,invalid_short_skill
25461,NRI,invalid_short_skill
25466,NRM,invalid_short_skill
25470,NSE,invalid_short_skill
25474,NSM,invalid_short_skill
25476,NSP,invalid_short_skill
25478,NSS,invalid_short_skill
25479,NSX,invalid_short_skill
25483,NTM,invalid_short_skill
25485,NTT,invalid_short_skill
25490,NVH,invalid_short_skill
25497,NW,invalid_short_skill
25500,NX,invalid_short_skill
25504,NaH,invalid_short_skill
25565,Ncr,invalid_short_skill
25566,Ndc,invalid_short_skill
25567,Nds,invalid_short_skill
25568,Ne,invalid_short_skill
25590,Negotiation & Presentation Skills Ability to Generate Leads,sentence_or_description
25596,Negotiation & persuasion Documentation support Liaison with government offices Networking & relationship management Problem-solving attitude,sentence_or_description
25603,Negotiations of Medical & Surgical Consumables and Implants for Central level,sentence_or_description
25626,Net,invalid_short_skill
25627,Net 2.0,sentence_or_description
25635,Net C#,special_character_noise
25645,Net Framework 4.8,sentence_or_description
25668,NetSuite experience,experience_or_qualification
25789,Networking with TOP Channel Partners including IMF & APC / CDA Partners,sentence_or_description
25893,Nft,invalid_short_skill
25898,Ngs,invalid_short_skill
25901,Nht,invalid_short_skill
25902,Ni,invalid_short_skill
25958,Non,invalid_short_skill
25997,Non-IT Hiring experience,experience_or_qualification
26034,Npa,invalid_short_skill
26094,Nvm,invalid_short_skill
26100,O,invalid_short_skill
26101,O&M,invalid_short_skill
26102,O2C,invalid_short_skill
26109,O365,experience_or_qualification
26118,O9,invalid_short_skill
26121,OAB,invalid_short_skill
26122,OAC,invalid_short_skill
26123,OAF,invalid_short_skill
26124,OAM,invalid_short_skill
26126,OAuth 2.0,sentence_or_description
26129,OBD,invalid_short_skill
26132,OBE,invalid_short_skill
26133,OBG,invalid_short_skill
26138,OBR,invalid_short_skill
26141,OCC,invalid_short_skill
26143,OCI,invalid_short_skill
26147,OCM,invalid_short_skill
26149,OCP,invalid_short_skill
26151,OCR,invalid_short_skill
26152,OCS,invalid_short_skill
26153,OCT,invalid_short_skill
26154,OCV,invalid_short_skill
26155,OD,invalid_short_skill
26160,ODA,invalid_short_skill
26163,ODI,invalid_short_skill
26166,ODS,invalid_short_skill
26173,OEE,invalid_short_skill
26175,OEM,invalid_short_skill
26197,OFC,invalid_short_skill
26202,OG,invalid_short_skill
26203,OGA,invalid_short_skill
26209,OIC,invalid_short_skill
26214,OIL,invalid_short_skill
26215,OIM,invalid_short_skill
26216,OJT,invalid_short_skill
26217,OKV,invalid_short_skill
26221,OLP,invalid_short_skill
26224,OM,invalid_short_skill
26226,OMS,invalid_short_skill
26229,ONB,invalid_short_skill
26230,ONB 2.0,sentence_or_description
26237,OOA,invalid_short_skill
26239,OOD,invalid_short_skill
26245,OOS,invalid_short_skill
26246,OOT,invalid_short_skill
26248,OPA,invalid_short_skill
26249,OPC,invalid_short_skill
26250,OPD,invalid_short_skill
26257,OPL,invalid_short_skill
26259,OPT,invalid_short_skill
26260,OQ,invalid_short_skill
26261,OQC,invalid_short_skill
26268,ORC,invalid_short_skill
26279,OS,invalid_short_skill
26283,OSB,invalid_short_skill
26285,OSD,invalid_short_skill
26289,OSI,invalid_short_skill
26292,OSM,invalid_short_skill
26294,OSP,invalid_short_skill
26299,OT,invalid_short_skill
26313,OTA,invalid_short_skill
26316,OTB,invalid_short_skill
26318,OTC,invalid_short_skill
26324,OTD,invalid_short_skill
26327,OTL,invalid_short_skill
26329,OTM,invalid_short_skill
26330,OTN,invalid_short_skill
26333,OTT,invalid_short_skill
26337,OVM,invalid_short_skill
26341,Oac,invalid_short_skill
26342,Oak,invalid_short_skill
26346,Obd,invalid_short_skill
26347,Obg,invalid_short_skill
26372,Occ,invalid_short_skill
26390,Ode,invalid_short_skill
26393,Odm,invalid_short_skill
26409,Oet,invalid_short_skill
26420,Offboarding 2.0,sentence_or_description
26449,Office Management Scheduling & Coordination Record Keeping & Documentation Communication & Interpersonal Skills MS Office & Administrative Tools Vendor & Client Coordination,sentence_or_description
26489,Ohe,invalid_short_skill
26490,Ohs,invalid_short_skill
26491,Oic,invalid_short_skill
26492,Oil,invalid_short_skill
26520,Omi,invalid_short_skill
26556,On-call experience,experience_or_qualification
26583,One year experience and good comm,experience_or_qualification
26653,Ooh,invalid_short_skill
26658,Opa,invalid_short_skill
26815,Opl,invalid_short_skill
26818,Ops,invalid_short_skill
26822,Opt,invalid_short_skill
27018,Oracle Hyperion - i.e. 11.2.x,sentence_or_description
27152,Orc,invalid_short_skill
27191,Organization,generic
27248,Otb,invalid_short_skill
27257,Ots,invalid_short_skill
27258,Ott,invalid_short_skill
27299,Outstanding customer experience,experience_or_qualification
27332,P,invalid_short_skill
27347,P&L,invalid_short_skill
27353,P&c,invalid_short_skill
27354,P2P,invalid_short_skill
27358,P2R,invalid_short_skill
27359,P4G,invalid_short_skill
27360,P6,invalid_short_skill
27361,PA,invalid_short_skill
27368,PAM,invalid_short_skill
27371,PAS,invalid_short_skill
27372,PASSED OUT CANDIDATE OF DIPLOMA / BSC OR ITI- Any trade. Working in Production dept of Tyre company,sentence_or_description
27373,PAT,invalid_short_skill
27379,PB,invalid_short_skill
27385,PBT,invalid_short_skill
27386,PC,invalid_short_skill
27390,PCA,invalid_short_skill
27392,PCB,invalid_short_skill
27412,PCC,invalid_short_skill
27414,PCD,invalid_short_skill
27419,PCF,invalid_short_skill
27421,PCG,invalid_short_skill
27423,PCI,invalid_short_skill
27430,PCM,invalid_short_skill
27436,PCR,invalid_short_skill
27439,PCS,invalid_short_skill
27441,PD,invalid_short_skill
27442,PD1,invalid_short_skill
27443,PDC,invalid_short_skill
27446,PDD,invalid_short_skill
27447,PDF,invalid_short_skill
27450,PDH,invalid_short_skill
27451,PDI,invalid_short_skill
27456,PDM,invalid_short_skill
27458,PDN,invalid_short_skill
27460,PDS,invalid_short_skill
27461,PE,invalid_short_skill
27463,PEB,invalid_short_skill
27471,PED,invalid_short_skill
27488,PET,invalid_short_skill
27491,PF,invalid_short_skill
27494,PFC,invalid_short_skill
27495,PFD,invalid_short_skill
27499,PFS,invalid_short_skill
27500,PFT,invalid_short_skill
27502,PGD,invalid_short_skill
27507,PGT,invalid_short_skill
27525,PGW,invalid_short_skill
27526,PH,invalid_short_skill
27528,PHA,invalid_short_skill
27536,PHD,invalid_short_skill
27537,PHE,invalid_short_skill
27551,PI,invalid_short_skill
27553,PIC,invalid_short_skill
27558,PID,invalid_short_skill
27561,PIL,invalid_short_skill
27562,PIM,invalid_short_skill
27570,PKC,invalid_short_skill
27571,PKI,invalid_short_skill
27574,PL,invalid_short_skill
27576,PL-100,experience_or_qualification
27577,PL-200,experience_or_qualification
27578,PL-400,experience_or_qualification
27579,PL-600,experience_or_qualification
27583,PLA,invalid_short_skill
27589,PLC,invalid_short_skill
27615,PLM,invalid_short_skill
27626,PM,invalid_short_skill
27631,PMC,invalid_short_skill
27637,PMI,invalid_short_skill
27639,PMO,invalid_short_skill
27649,PMR,invalid_short_skill
27652,PMS,invalid_short_skill
27654,PMT,invalid_short_skill
27655,PMW,invalid_short_skill
27656,PNG,invalid_short_skill
27657,PNL,invalid_short_skill
27659,PNR,invalid_short_skill
27660,PO,invalid_short_skill
27669,POC,invalid_short_skill
27671,POI,invalid_short_skill
27674,POM,invalid_short_skill
27677,PON,invalid_short_skill
27679,POP,invalid_short_skill
27681,POS,invalid_short_skill
27691,PP,invalid_short_skill
27699,PPA,invalid_short_skill
27704,PPC,invalid_short_skill
27723,PPE,invalid_short_skill
27726,PPF,invalid_short_skill
27730,PPM,invalid_short_skill
27734,PPP,invalid_short_skill
27738,PPS,invalid_short_skill
27739,PPT,invalid_short_skill
27742,PQ,invalid_short_skill
27743,PQC,invalid_short_skill
27744,PQR,invalid_short_skill
27746,PR,invalid_short_skill
27756,PRE,invalid_short_skill
27767,PRO,invalid_short_skill
27781,PROJECT,generic
27793,PRT,invalid_short_skill
27800,PRX,invalid_short_skill
27801,PS,invalid_short_skill
27803,PSA,invalid_short_skill
27806,PSD,invalid_short_skill
27808,PSE,invalid_short_skill
27810,PSG,invalid_short_skill
27811,PSM,invalid_short_skill
27813,PSO,invalid_short_skill
27814,PSP,invalid_short_skill
27816,PSS,invalid_short_skill
27819,PSU,invalid_short_skill
27822,PSV,invalid_short_skill
27824,PT,invalid_short_skill
27825,PTC,invalid_short_skill
27829,PTL,invalid_short_skill
27831,PTP,invalid_short_skill
27833,PTS,invalid_short_skill
27834,PTW,invalid_short_skill
27835,PU,invalid_short_skill
27838,PUC,invalid_short_skill
27841,PUP,invalid_short_skill
27846,PV,invalid_short_skill
27852,PVC,invalid_short_skill
27854,PVT,invalid_short_skill
27855,PWA,invalid_short_skill
27857,PWC,invalid_short_skill
27858,PWD,invalid_short_skill
27860,PXI,invalid_short_skill
27871,Pac,invalid_short_skill
27965,Pam,invalid_short_skill
27966,Pan,invalid_short_skill
28033,Part,generic
28042,Part Time,non_skill_phrase
28047,Part time,non_skill_phrase
28175,Pax,invalid_short_skill
28176,Pay,invalid_short_skill
28269,Pdc,invalid_short_skill
28270,Pdd,invalid_short_skill
28271,Pdl,invalid_short_skill
28354,Pep,invalid_short_skill
28360,Perform cleanup and categorization/coding of bank transactions for 150+ new clients monthly. Review,sentence_or_description
28362,Performance,generic
28382,Performance Management Talent ManagementLeadership Development Talent Development,sentence_or_description
28446,Permits & Approvals mgt w.r.t State & CTU guidelines,sentence_or_description
28501,Pet,invalid_short_skill
28520,Pex,invalid_short_skill
28522,Pfs,invalid_short_skill
28525,PhD,invalid_short_skill
28580,Pharmacists dispense prescription medications and provide information to patients about the drugs and their use. They also advise physicians and other healthcare workers on the selection,sentence_or_description
28598,Phd,invalid_short_skill
28599,Phe,invalid_short_skill
28600,Phi,invalid_short_skill
28636,Phy,invalid_short_skill
28698,Pim,invalid_short_skill
28710,Ping Technologies ping federate ping access ping ID ping risk intelligence ping directory,sentence_or_description
28779,Pl,invalid_short_skill
28815,Planning and organizing production / maintenance schedules. Designing the sequence of production/ maintenance operations,sentence_or_description
28822,Planning of daily travel schedule as per route plan o Collection of EMI from the customers,sentence_or_description
28953,Pll,invalid_short_skill
28982,Pmd,invalid_short_skill
28996,Pnp,invalid_short_skill
29001,PoS,invalid_short_skill
29293,PowerCenter 10.5,sentence_or_description
29323,Ppr,invalid_short_skill
29328,Practical and theoretical knowledge of ETP works,sentence_or_description
29333,Prd,invalid_short_skill
29334,Pre,invalid_short_skill
29389,Preferred Banking,sentence_or_description
29390,Preferred IHM Candidate,sentence_or_description
29391,Preferred RM,sentence_or_description
29392,Preferred in Excell Accounting,sentence_or_description
29424,Prepare and deliver compelling proposals and presentations for new business enquiries,sentence_or_description
29512,Preventive maintenance Predictive maintenance Breakdown maintenance ETP / STP / WTP Pumps,sentence_or_description
29616,Prior Experience Required,experience_or_qualification
29618,Prior experience in customer service/financial services preferred,sentence_or_description
29619,Prior experience in facility or housekeeping management is preferred,sentence_or_description
29620,Prior experience in operations or event management,sentence_or_description
29700,Process,generic
29702,Process & Product Audit Proficiency in Statistical software for data analytics Six Sigma Black / Green Belt,sentence_or_description
29758,Process Management,generic
29824,Process management,generic
29858,Procurement & vendor management Negotiation & cost control MS Excel & data reporting Inventory/stock management Basic accounting & documentation,sentence_or_description
29875,Procurement Purchase Purchase Management Purchase Vendor Development Cost Reduction Material Management Price Negotiation,sentence_or_description
29997,Product Specification & Documentation Expertise Experience in Building Materials / Doors / Fire Safety Products,sentence_or_description
30124,Production merchandiser leather bag and belts can handle independent accounts Erp or sap Buyers communications correspondence good knowledge of excel power point photoshop and illestrator,sentence_or_description
30159,Professionals,generic
30169,Proficiency in AutoCAD / MS Office for survey data management,sentence_or_description
30170,Proficiency in CRM & Sales tools,sentence_or_description
30171,Proficiency in Excel & data-driven management,sentence_or_description
30172,Proficiency in Figma,sentence_or_description
30173,Proficiency in HTML,sentence_or_description
30174,Proficiency in HVAC design principles,sentence_or_description
30175,Proficiency in Inventory Management,sentence_or_description
30176,Proficiency in Linux/Windows server administration and network troubleshooting,sentence_or_description
30177,Proficiency in MS Office,sentence_or_description
30178,Proficiency in MS Office & Excel,sentence_or_description
30179,Proficiency in MS Office and email handling,sentence_or_description
30180,Proficiency in PlanSwift and AutoCAD 2D & 3D,sentence_or_description
30181,Proficiency in SAP,sentence_or_description
30182,Proficiency in data analysis,sentence_or_description
30183,Proficiency in design tools such as Figma,sentence_or_description
30184,Proficiency in financial and statutory reporting,sentence_or_description
30185,Proficiency in handling emergency cases,sentence_or_description
30186,Proficiency in ms office,sentence_or_description
30190,Proficient in Node.js,sentence_or_description
30191,Proficient in computer operations,sentence_or_description
30192,Proficient in excel and google sheets,sentence_or_description
30193,Proficient in typing and preparing documents in both Kannada and English for official and internal communications. Capable of basic graphic designing to support presentations,sentence_or_description
30251,Project,generic
30252,Project & Institutional Sales Dealer Network Development Negotiation & Closing Skills Relationship Management Market Analysis,sentence_or_description
30318,Project Leadership Team Management Stakeholder and Client Management Contract Administration and Management Project Scheduling Software like Primavera P6,sentence_or_description
30324,Project Management,generic
30424,Promote and sell Lock The Deal range of inverter batteries and solar panels through consultant selling and inside sales efforts,sentence_or_description
30534,Proven B2B Sales & Business Development Experience Strong Background in Building Materials & Doors s Excellent Communication,sentence_or_description
30535,Proven experience as a Sales Manager or similar role,experience_or_qualification
30536,Proven experience as telecalling/telesales executive or other customer service role - Proven track record of successfully meeting sales quota preferably over the phone,sentence_or_description
30537,Proven experience in B2B SaaS sales with strong knowledge of HubSpot CRM,sentence_or_description
30538,Proven experience in NonFood Categories like Home care,sentence_or_description
30539,Proven experience in drone piloting,sentence_or_description
30540,Proven experience in end-to-end tendering from opportunity identification to submission,sentence_or_description
30567,Psf,invalid_short_skill
30580,Pt,invalid_short_skill
30583,Pte,invalid_short_skill
30584,Ptf,invalid_short_skill
30647,Purchase Bills Accounting Experience,experience_or_qualification
30664,Purchase Order creation & supply with minimum timeline against center requirement,sentence_or_description
30704,Pwa,invalid_short_skill
30705,Pwd,invalid_short_skill
30706,Pwm,invalid_short_skill
30717,Pyp,invalid_short_skill
30777,QA & Production roles. Must have strong knowledge of W2,sentence_or_description
30784,QA Automation C# Selenium,special_character_noise
30811,QA experience in the automotive sector,sentence_or_description
30825,QAC,invalid_short_skill
30826,QAD,invalid_short_skill
30827,QAP,invalid_short_skill
30831,QC,invalid_short_skill
30863,QE,invalid_short_skill
30864,QED,invalid_short_skill
30865,QFD,invalid_short_skill
30869,QM,invalid_short_skill
30871,QML,invalid_short_skill
30873,QMS 9001,experience_or_qualification
30883,QNX,invalid_short_skill
30884,QOS,invalid_short_skill
30885,QPE,invalid_short_skill
30888,QRA,invalid_short_skill
30890,QS,invalid_short_skill
30896,QS-9000,experience_or_qualification
30897,QSR,invalid_short_skill
30899,QT,invalid_short_skill
30901,QTP,invalid_short_skill
30919,Qb,invalid_short_skill
30920,Qbd,invalid_short_skill
30921,Qbr,invalid_short_skill
30939,Qlm,invalid_short_skill
30940,Qm,invalid_short_skill
30941,Qml,invalid_short_skill
30944,QoS,invalid_short_skill
30945,Qos,invalid_short_skill
30948,Qt,invalid_short_skill
30958,Qualification,generic
30992,Quality Auditing Experience Monitoring Calls,experience_or_qualification
31038,Quality Manager for the Paint Shop is responsible for developing,sentence_or_description
31157,Quota-carrying enterprise sales & new logo acquisition GTM strategy & pipeline development C-suite engagement & relationship management CRM,sentence_or_description
31168,R,invalid_short_skill
31175,R&D,invalid_short_skill
31184,R&d,invalid_short_skill
31185,R00272741,experience_or_qualification
31186,R00272751,experience_or_qualification
31187,R12,experience_or_qualification
31188,R13,experience_or_qualification
31190,R250000008381,experience_or_qualification
31191,R2R,invalid_short_skill
31198,RA,invalid_short_skill
31200,RAC,invalid_short_skill
31202,RAD,invalid_short_skill
31204,RAG,invalid_short_skill
31212,RAL,invalid_short_skill
31213,RAM,invalid_short_skill
31215,RAN,invalid_short_skill
31217,RAP,invalid_short_skill
31220,RAR,invalid_short_skill
31222,RBI,invalid_short_skill
31232,RBP,invalid_short_skill
31233,RBS,invalid_short_skill
31234,RC,invalid_short_skill
31237,RCA,invalid_short_skill
31239,RCC,invalid_short_skill
31244,RCI,invalid_short_skill
31245,RCM,invalid_short_skill
31258,RCR,invalid_short_skill
31260,RCT,invalid_short_skill
31261,RD,invalid_short_skill
31265,RDC,invalid_short_skill
31267,RDI,invalid_short_skill
31268,RDM,invalid_short_skill
31269,RDS,invalid_short_skill
31272,RE,invalid_short_skill
31278,RED,invalid_short_skill
31283,REM,invalid_short_skill
31341,RF,invalid_short_skill
31353,RFC,invalid_short_skill
31355,RFI,invalid_short_skill
31375,RFQ,invalid_short_skill
31384,RFX,invalid_short_skill
31385,RFx,invalid_short_skill
31396,RIM,invalid_short_skill
31398,RIP,invalid_short_skill
31399,RIS,invalid_short_skill
31403,RLC,invalid_short_skill
31404,RLI,invalid_short_skill
31405,RM,invalid_short_skill
31411,RMA,invalid_short_skill
31414,RMC,invalid_short_skill
31417,RMD,invalid_short_skill
31418,RMF,invalid_short_skill
31419,RMG,invalid_short_skill
31420,RMI,invalid_short_skill
31421,RMO,invalid_short_skill
31422,RMS,invalid_short_skill
31425,RN,invalid_short_skill
31426,RNN,invalid_short_skill
31427,RO,invalid_short_skill
31432,ROA,invalid_short_skill
31436,ROC,invalid_short_skill
31451,ROR,invalid_short_skill
31453,ROS,invalid_short_skill
31463,RPC,invalid_short_skill
31465,RPD,invalid_short_skill
31466,RPF,invalid_short_skill
31467,RPG,invalid_short_skill
31473,RPM,invalid_short_skill
31474,RPO,invalid_short_skill
31477,RRC,invalid_short_skill
31478,RRE,invalid_short_skill
31479,RS-232,experience_or_qualification
31480,RS232,experience_or_qualification
31481,RS485,experience_or_qualification
31483,RSA,invalid_short_skill
31487,RSD,invalid_short_skill
31489,RSI,invalid_short_skill
31490,RSM,invalid_short_skill
31493,RSO,invalid_short_skill
31495,RSS,invalid_short_skill
31497,RT,invalid_short_skill
31500,RTA,invalid_short_skill
31504,RTC,invalid_short_skill
31505,RTD,invalid_short_skill
31506,RTE,invalid_short_skill
31509,RTL,invalid_short_skill
31518,RTM,invalid_short_skill
31520,RTO,invalid_short_skill
31525,RTP,invalid_short_skill
31526,RTR,invalid_short_skill
31534,RTU,invalid_short_skill
31538,RVD,invalid_short_skill
31540,RWE,invalid_short_skill
31541,RWR,invalid_short_skill
31584,Radiology experience experience in - Ultrasound / CT Scan / MRT / X-Ray,sentence_or_description
31618,Rap,invalid_short_skill
31637,Raw,invalid_short_skill
31669,Rcu,invalid_short_skill
31671,Rdd,invalid_short_skill
31672,Rdf,invalid_short_skill
31673,Rdi,invalid_short_skill
31850,Recruiters with mandatory Pharma US Staffing experience to handle end-to-end hiring across R&D,sentence_or_description
32252,Requirements,generic
32321,Resolve client issues efficiently while maintaining a high level of customer satisfaction,sentence_or_description
32352,Responsible for end to end lead for driving Safety Projects,sentence_or_description
32353,Responsible for handing import and Export shipments,sentence_or_description
32354,Responsible for income and foreign currency throughput target set for the trade forex products for the respective branches/business,sentence_or_description
32355,Responsible for personal accounting,sentence_or_description
32644,Review and edit medical histories of patients taken in preparation for medical-legal evaluations across various specialties. Ensure error-free,sentence_or_description
32760,Rli,invalid_short_skill
32762,Rma,invalid_short_skill
32763,Rmm,invalid_short_skill
32764,Rmo,invalid_short_skill
32765,Rnd,invalid_short_skill
32766,Rnn,invalid_short_skill
32846,Rom,invalid_short_skill
32872,Ror,invalid_short_skill
32911,Row,invalid_short_skill
32920,Rpc,invalid_short_skill
32923,Rs422,experience_or_qualification
32925,Rsm,invalid_short_skill
32926,Rso,invalid_short_skill
32928,Rte,invalid_short_skill
32930,Rts,invalid_short_skill
32949,Running & Troubleshooting experience,experience_or_qualification
32965,Rwa,invalid_short_skill
32971,S,invalid_short_skill
32974,S&G,invalid_short_skill
32978,S&P,invalid_short_skill
32992,S2P,invalid_short_skill
32993,S2S,invalid_short_skill
32994,S3,invalid_short_skill
32996,S360,experience_or_qualification
32997,S3D,invalid_short_skill
32998,S4,invalid_short_skill
33007,S4H,invalid_short_skill
33011,S7,invalid_short_skill
33012,S7-300,experience_or_qualification
33013,SA 8000,experience_or_qualification
33014,SA360,experience_or_qualification
33023,SAC,invalid_short_skill
33025,SAD,invalid_short_skill
33048,SAM,invalid_short_skill
33057,SAN,invalid_short_skill
33189,SAP Customer Experience,experience_or_qualification
33349,SAP ONB 2.0,sentence_or_description
33538,SAP2000,experience_or_qualification
33540,SAR,invalid_short_skill
33543,SAS 9.4,sentence_or_description
33572,SAT,invalid_short_skill
33574,SAW,invalid_short_skill
33578,SBU,invalid_short_skill
33579,SC,invalid_short_skill
33580,SC-100,experience_or_qualification
33581,SC-200,experience_or_qualification
33597,SCM,invalid_short_skill
33607,SCP,invalid_short_skill
33609,SCR,invalid_short_skill
33613,SCT,invalid_short_skill
33614,SD,invalid_short_skill
33620,SDA,invalid_short_skill
33621,SDD,invalid_short_skill
33625,SDH,invalid_short_skill
33626,SDI,invalid_short_skill
33627,SDK,invalid_short_skill
33628,SDL,invalid_short_skill
33637,SDM,invalid_short_skill
33638,SDP,invalid_short_skill
33639,SDS,invalid_short_skill
33645,SDV,invalid_short_skill
33648,SDf,invalid_short_skill
33649,SE,invalid_short_skill
33650,SEA,invalid_short_skill
33660,SEC,invalid_short_skill
33663,SEI,invalid_short_skill
33664,SEM,invalid_short_skill
33705,SEP,invalid_short_skill
33714,SET,invalid_short_skill
33715,SEW,invalid_short_skill
33716,SEZ,invalid_short_skill
33717,SF,invalid_short_skill
33719,SF6,invalid_short_skill
33720,SFA,invalid_short_skill
33721,SFC,invalid_short_skill
33733,SFS,invalid_short_skill
33738,SGW,invalid_short_skill
33739,SHE,invalid_short_skill
33744,SI,invalid_short_skill
33750,SIF,invalid_short_skill
33751,SIL,invalid_short_skill
33754,SIP,invalid_short_skill
33759,SIS,invalid_short_skill
33761,SIT,invalid_short_skill
33765,SL1,invalid_short_skill
33766,SLA,invalid_short_skill
33775,SLD,invalid_short_skill
33778,SLF,invalid_short_skill
33779,SLI,invalid_short_skill
33781,SLM,invalid_short_skill
33782,SLO,invalid_short_skill
33785,SM,invalid_short_skill
33787,SMB,invalid_short_skill
33788,SMC,invalid_short_skill
33789,SMD,invalid_short_skill
33803,SMF,invalid_short_skill
33805,SMM,invalid_short_skill
33807,SMO,invalid_short_skill
33810,SMS,invalid_short_skill
33814,SMT,invalid_short_skill
33820,SNF,invalid_short_skill
33825,SNP,invalid_short_skill
33826,SNS,invalid_short_skill
33829,SOA,invalid_short_skill
33843,SOC,invalid_short_skill
33849,SOC Governance & Process Engineer to design and enforce security governance frameworks,sentence_or_description
33858,SOD,invalid_short_skill
33859,SOL,invalid_short_skill
33867,SOM,invalid_short_skill
33869,SOP,invalid_short_skill
33885,SOW,invalid_short_skill
33886,SOX,invalid_short_skill
33897,SPA,invalid_short_skill
33900,SPC,invalid_short_skill
33908,SPI,invalid_short_skill
33911,SPL,invalid_short_skill
33913,SPM,invalid_short_skill
33920,SPO,invalid_short_skill
33923,SPR,invalid_short_skill
33928,SPV,invalid_short_skill
33929,SPX,invalid_short_skill
33931,SQ,invalid_short_skill
33933,SQA,invalid_short_skill
33935,SQC,invalid_short_skill
34001,SQM,invalid_short_skill
34002,SQP,invalid_short_skill
34003,SQR,invalid_short_skill
34004,SQS,invalid_short_skill
34006,SR,invalid_short_skill
34015,SRA,invalid_short_skill
34019,SRM,invalid_short_skill
34020,SRO,invalid_short_skill
34021,SRS,invalid_short_skill
34022,SS,invalid_short_skill
34023,SS7,invalid_short_skill
34024,SSA,invalid_short_skill
34027,SSE,invalid_short_skill
34028,SSF,invalid_short_skill
34029,SSG,invalid_short_skill
34033,SSN,invalid_short_skill
34034,SSO,invalid_short_skill
34035,SSP,invalid_short_skill
34037,SSR,invalid_short_skill
34040,SST,invalid_short_skill
34041,ST,invalid_short_skill
34043,STA,invalid_short_skill
34052,STB,invalid_short_skill
34053,STC,invalid_short_skill
34054,STD,invalid_short_skill
34058,STL,invalid_short_skill
34062,STM,invalid_short_skill
34065,STO,invalid_short_skill
34070,STP,invalid_short_skill
34074,STR,invalid_short_skill
34079,SUB,invalid_short_skill
34083,SUM,invalid_short_skill
34085,SUN,invalid_short_skill
34090,SV,invalid_short_skill
34091,SVG,invalid_short_skill
34092,SVM,invalid_short_skill
34093,SVN,invalid_short_skill
34094,SVO,invalid_short_skill
34095,SW,invalid_short_skill
34097,SWG,invalid_short_skill
34104,Sa,invalid_short_skill
34130,Sac,invalid_short_skill
34202,Sal,invalid_short_skill
34397,Sales Strategy & Business Development Marketing Campaign Planning & Execution Market Research & Competitor Analysis Customer Team Leadership Strong Communication & Networking Willingness to travel to factory and branch locations,sentence_or_description
34508,Salesforce Experience Cloud,experience_or_qualification
34567,Sam,invalid_short_skill
34768,Saw,invalid_short_skill
34769,Sbc,invalid_short_skill
34861,Sci,invalid_short_skill
34864,Science,generic
34938,Scv,invalid_short_skill
34939,Sde,invalid_short_skill
34944,Sdr,invalid_short_skill
35133,Selenium C#,special_character_noise
35155,Sell IT Infrastructure services / Cloud Services / IT Security Services /Software Services,sentence_or_description
35165,Selling knowledge of heavy line of construction equipments,sentence_or_description
35185,Sen,invalid_short_skill
35398,Service,generic
35590,Ses,invalid_short_skill
35592,Set,invalid_short_skill
35617,Sfe,invalid_short_skill
35659,She,invalid_short_skill
35771,Should Have A Good & Friendly Personality,sentence_or_description
35772,Should Have Knowledge of Micro-Finance Industry,sentence_or_description
35773,Should be able to interact with Project Manager for drawing clarification and follow up is required,sentence_or_description
35775,Should have 2+ Yrs of Team handling experience,sentence_or_description
35792,Sic,invalid_short_skill
35876,Site Execution Supervision Quality Control Safety Compliance Project Coordination Documentation,sentence_or_description
35917,Site experience,experience_or_qualification
35936,Six,invalid_short_skill
35970,Skills Required Soft skills and excellent communication Knowledge of logistics and the warehousing industry MS Excel & MS Word and E Mail Communication Skills,sentence_or_description
35992,Sm,invalid_short_skill
36091,Sns,invalid_short_skill
36092,SoC,invalid_short_skill
36191,Software,generic
36207,Software Development,generic
36274,Software development,generic
36296,Soh,invalid_short_skill
36368,Solid experience in 4G/5G,sentence_or_description
36436,Som,invalid_short_skill
36457,Sos,invalid_short_skill
36463,Sound knowledge of API,sentence_or_description
36464,Sound knowledge of NMC Norms & Academic Regulations,sentence_or_description
36465,Sound knowledge of US Residential mortgage,sentence_or_description
36613,Spf,invalid_short_skill
36616,Spi,invalid_short_skill
36639,Spm,invalid_short_skill
36678,Spp,invalid_short_skill
36720,Sqe,invalid_short_skill
36780,Srs,invalid_short_skill
36782,Ss,invalid_short_skill
36783,Ssa,invalid_short_skill
36784,Ssd,invalid_short_skill
36785,Sse,invalid_short_skill
36788,Sst,invalid_short_skill
36789,Sta,invalid_short_skill
36831,Staffing business / Manpower Contract / NAPS / NEEM Service Provider / NTTF,sentence_or_description
36944,Stay updated on the latest trends and offerings in the publishing industry to effectively communicate and sell our products and services. Conduct market research to identify potential clients,sentence_or_description
37059,Store Manager or Store Executive or Sales or Sales Executive or Sales Manager or BDE or ASM or Field Sales or Inside Sales,sentence_or_description
37222,Strong,generic
37242,Strong automation experience,experience_or_qualification
37244,Strong communication,generic
37252,Strong communication and presentation skills. Ability to work independently with a solution-selling mindset. Understanding of lubricants and their industrial applications. Willingness to travel extensively within the assigned territory,sentence_or_description
37256,Strong convincing and counseling ability. Pleasant personality with student-friendly attitude. Good organizational and multitasking skills. Proficiency in MS Office & basic computer knowledge,sentence_or_description
37261,Strong experience with lead gen campaigns on Google and LinkedIn,sentence_or_description
37264,Strong interest in Artificial Intelligence Strong proficiency with of PHP web frameworks,sentence_or_description
37267,Strong knowledge,sentence_or_description
37268,Strong knowledge of Accounting,sentence_or_description
37269,Strong knowledge of MS office,sentence_or_description
37270,Strong knowledge of North & international travel destinations Excellent communication and customer service skills Ability to plan and organize customized travel itineraries Sales and negotiation skills Team player with a positive attitude,sentence_or_description
37271,Strong knowledge of US immigration policies,sentence_or_description
37272,Strong knowledge of Windows and/or Linux operating systems,sentence_or_description
37273,Strong knowledge of accounting software and MS Excel. Excellent analytical and organizational skills. Knowledge of tax laws,sentence_or_description
37274,Strong knowledge of boiler parts,sentence_or_description
37275,Strong knowledge of government procurement,sentence_or_description
37276,Strong knowledge of harness aggregates,sentence_or_description
37277,Strong knowledge of inventory management,sentence_or_description
37278,Strong knowledge of material specifications and testing procedures,sentence_or_description
37279,Strong knowledge of pumps,sentence_or_description
37280,Strong knowledge of recruitment for facility management roles,sentence_or_description
37281,Strong knowledge of tally prime,sentence_or_description
37282,Strong knowledge of the HoReCa industry and customer base. Excellent negotiation and relationship management skills. Strong business acumen with data-driven decision-making,sentence_or_description
37283,Strong knowledge of warehouse management,sentence_or_description
37284,Strong knowledge on annotation tools,sentence_or_description
37285,Strong knowledge sales,sentence_or_description
37288,Strong leadership and negotiation abilities. Excellent communication and presentation skills. Proficiency in CRM tools and data-driven decision-making. Good understanding of EV technology,sentence_or_description
37290,Strong negotiation and vendor management skills Good understanding of chilli varieties,sentence_or_description
37295,Strong problem-solving skills and ability to make decisions under pressure,sentence_or_description
37298,Strong sales and negotiation skills with a demonstrated ability to meet and exceed sales targets,sentence_or_description
37301,Strong understanding of DGCA CAR related to Flight Crew Licensing & Training,sentence_or_description
37302,Strong understanding of Finance module in ERP system. Familiarity with financial processes,sentence_or_description
37437,Sun,invalid_short_skill
37530,Support,generic
37550,Surat. Candidate with minimum 5 yrs relevant experience. Person will be incharge of all ICD operation including transportation,sentence_or_description
37610,Sv,invalid_short_skill
37651,Sxa,invalid_short_skill
37777,T,invalid_short_skill
37778,T&D,invalid_short_skill
37779,T&E,invalid_short_skill
37782,T1,invalid_short_skill
37783,T24,experience_or_qualification
37786,TA,invalid_short_skill
37793,TAL,invalid_short_skill
37797,TAM,invalid_short_skill
37798,TAO,invalid_short_skill
37799,TAP,invalid_short_skill
37802,TAS,invalid_short_skill
37804,TAT,invalid_short_skill
37806,TAX,invalid_short_skill
37812,TB,invalid_short_skill
37813,TBA,invalid_short_skill
37816,TBM,invalid_short_skill
37817,TBR,invalid_short_skill
37819,TCE,invalid_short_skill
37820,TCF,invalid_short_skill
37821,TCL,invalid_short_skill
37822,TCO,invalid_short_skill
37826,TCS,invalid_short_skill
37828,TCU,invalid_short_skill
37831,TDD,invalid_short_skill
37832,TDM,invalid_short_skill
37834,TDS,invalid_short_skill
37852,TE,invalid_short_skill
37862,TECHNICAL SUPPORT,generic
37876,TFE,invalid_short_skill
37878,TFS,invalid_short_skill
37879,TGT,invalid_short_skill
37899,THE CANDIDATE SHOULD BE AN APPROVED DOCTOR BY THE DIRECTORATE GENERAL OF SHIPPING,sentence_or_description
37901,TI,invalid_short_skill
37907,TIF,invalid_short_skill
37908,TIG,invalid_short_skill
37911,TIS,invalid_short_skill
37914,TL,invalid_short_skill
37915,TL 9000,experience_or_qualification
37919,TL9000,experience_or_qualification
37920,TLC,invalid_short_skill
37921,TLM,invalid_short_skill
37927,TM,invalid_short_skill
37928,TM1,invalid_short_skill
37932,TMS,invalid_short_skill
37933,TMT,invalid_short_skill
37935,TNA,invalid_short_skill
37936,TNI,invalid_short_skill
37938,TOC,invalid_short_skill
37939,TOD,invalid_short_skill
37940,TOE,invalid_short_skill
37944,TOM,invalid_short_skill
37962,TPA,invalid_short_skill
37967,TPC,invalid_short_skill
37968,TPF,invalid_short_skill
37971,TPH,invalid_short_skill
37972,TPL,invalid_short_skill
37973,TPM,invalid_short_skill
37975,TPO,invalid_short_skill
37976,TPP,invalid_short_skill
37978,TPS,invalid_short_skill
37979,TPT,invalid_short_skill
37980,TQM,invalid_short_skill
37989,TRC,invalid_short_skill
37995,TS,invalid_short_skill
37996,TS 16949,experience_or_qualification
37999,TSC,invalid_short_skill
38000,TSD,invalid_short_skill
38001,TSE,invalid_short_skill
38003,TSI,invalid_short_skill
38004,TSM,invalid_short_skill
38005,TSO,invalid_short_skill
38007,TTD,invalid_short_skill
38009,TTT,invalid_short_skill
38011,TV,invalid_short_skill
38014,TW,invalid_short_skill
38015,TWS,invalid_short_skill
38043,Tac,invalid_short_skill
38118,Tap,invalid_short_skill
38153,Tax,invalid_short_skill
38213,Tcl,invalid_short_skill
38217,Tcr,invalid_short_skill
38219,Tdl,invalid_short_skill
38225,Tea,invalid_short_skill
38233,Teacher Job Opening for Primary Level and Middle School at Ahmednagar,sentence_or_description
38259,Team,generic
38305,Team Management,generic
38313,Team Player,generic
38338,Team management,generic
38343,Team player,generic
38391,Technical,generic
38443,Technical Knowledge,generic
38493,Technical Skills,generic
38494,Technical SkillsContent Skills creativity Communication & collaboration project management,sentence_or_description
38499,Technical Support,generic
38539,Technical knowledge,generic
38559,Technical skills,generic
38563,Technical support,generic
38616,Tee,invalid_short_skill
38893,Testing Knowledge of electrical distribution Material,sentence_or_description
38943,The Human Resource Executive will be Responsible for supporting day-to-day HR functions,sentence_or_description
38944,The Mechanical Structure Erection In-Charge is responsible for supervising and coordinating all on-site activities related to the erection of mechanical structures,sentence_or_description
39026,Ti,invalid_short_skill
39062,Time,generic
39137,Tlf,invalid_short_skill
39140,Tmf,invalid_short_skill
39141,Tms,invalid_short_skill
39143,Tn,invalid_short_skill
39145,To be able to manage incoming and out going records To take attendance Take down notes and execute small desk based errands,sentence_or_description
39148,To procure goods and services required by the business to the required specification,sentence_or_description
39151,Tod,invalid_short_skill
39187,Tool corrections followups & to communicate and ensure drawing revisions during development stage,sentence_or_description
39207,Top,invalid_short_skill
39215,Tos,invalid_short_skill
39221,Tot,invalid_short_skill
39248,Tp,invalid_short_skill
39251,Tpo,invalid_short_skill
39253,Tr,invalid_short_skill
39345,Trained post graduates with minimum 2years experience as academic coordinators in reputed CBSE schools may apply with confidence,sentence_or_description
39671,Tsa,invalid_short_skill
39672,Tsd,invalid_short_skill
39673,Tse,invalid_short_skill
39676,Tsr,invalid_short_skill
39677,Ttd,invalid_short_skill
39722,Tuv,invalid_short_skill
39724,Tvc,invalid_short_skill
39770,UAL,invalid_short_skill
39771,UAN,invalid_short_skill
39774,UAT,invalid_short_skill
39785,UBR,invalid_short_skill
39788,UCD,invalid_short_skill
39791,UCP,invalid_short_skill
39792,UDB,invalid_short_skill
39795,UDM,invalid_short_skill
39798,UDS,invalid_short_skill
39799,UF,invalid_short_skill
39800,UFT,invalid_short_skill
39802,UG,invalid_short_skill
39804,UGC,invalid_short_skill
39808,UHG,invalid_short_skill
39811,UI,invalid_short_skill
39851,UI5,invalid_short_skill
39856,UIM,invalid_short_skill
39859,UK,invalid_short_skill
39898,UKG,invalid_short_skill
39900,UL 857,experience_or_qualification
39914,UPC,invalid_short_skill
39915,UPF,invalid_short_skill
39920,UPS,invalid_short_skill
39925,URC,invalid_short_skill
39928,URR,invalid_short_skill
39929,URS,invalid_short_skill
39930,US,invalid_short_skill
39931,US 3rd party collection,experience_or_qualification
39962,US HR contact center experience,experience_or_qualification
40084,USA,invalid_short_skill
40098,USG,invalid_short_skill
40100,USP,invalid_short_skill
40103,UTI,invalid_short_skill
40104,UTM,invalid_short_skill
40106,UV,invalid_short_skill
40109,UVM,invalid_short_skill
40110,UW,invalid_short_skill
40111,UX,invalid_short_skill
40124,Uae,invalid_short_skill
40125,Uan,invalid_short_skill
40127,Uav,invalid_short_skill
40132,Uc4,invalid_short_skill
40133,Ucd,invalid_short_skill
40135,Udf,invalid_short_skill
40138,Uft,invalid_short_skill
40143,Uht,invalid_short_skill
40144,Ui,invalid_short_skill
40164,Uim,invalid_short_skill
40169,Uk,invalid_short_skill
40187,Ul,invalid_short_skill
40293,Upi,invalid_short_skill
40370,Usa,invalid_short_skill
40396,User Experience,experience_or_qualification
40397,User Experience Design,experience_or_qualification
40416,User experience design,experience_or_qualification
40428,Usp,invalid_short_skill
40443,Uwp,invalid_short_skill
40452,V,invalid_short_skill
40456,V7,invalid_short_skill
40457,V8,invalid_short_skill
40460,VAM,invalid_short_skill
40465,VAR,invalid_short_skill
40467,VAS,invalid_short_skill
40468,VAT,invalid_short_skill
40476,VAX,invalid_short_skill
40477,VB,invalid_short_skill
40492,VC,invalid_short_skill
40495,VCB,invalid_short_skill
40496,VCD,invalid_short_skill
40500,VCS,invalid_short_skill
40502,VDA,invalid_short_skill
40503,VDA 6.3,sentence_or_description
40504,VDA-6.3,sentence_or_description
40505,VDI,invalid_short_skill
40507,VE,invalid_short_skill
40512,VFD,invalid_short_skill
40518,VFX,invalid_short_skill
40521,VGO,invalid_short_skill
40525,VIO,invalid_short_skill
40542,VMC,invalid_short_skill
40555,VMS,invalid_short_skill
40559,VMs,invalid_short_skill
40572,VNA,invalid_short_skill
40573,VNC,invalid_short_skill
40574,VOC,invalid_short_skill
40575,VOD,invalid_short_skill
40576,VOE,invalid_short_skill
40583,VP,invalid_short_skill
40586,VPC,invalid_short_skill
40588,VPM,invalid_short_skill
40597,VR,invalid_short_skill
40600,VRF,invalid_short_skill
40601,VRM,invalid_short_skill
40603,VRS,invalid_short_skill
40608,VSM,invalid_short_skill
40612,VTL,invalid_short_skill
40614,VTP,invalid_short_skill
40615,VWO,invalid_short_skill
40619,VaR,invalid_short_skill
40657,Van,invalid_short_skill
40678,Vb,invalid_short_skill
40684,Vcf,invalid_short_skill
40687,Vda,invalid_short_skill
40688,Vds,invalid_short_skill
40872,Very Good Communication Skills,sentence_or_description
40924,Video Surveillance Systems Troubleshooting Technical Support System Configuration Network Knowledge Electrical Wiring Customer Service Written and Verbal Communication,sentence_or_description
40938,Vim,invalid_short_skill
41050,Vmd,invalid_short_skill
41077,Voice Bot Model Context Protocol Agentic AI Conversation Chat AI Database as knowledge point Relational Database,sentence_or_description
41118,Vpc,invalid_short_skill
41124,Vrf,invalid_short_skill
41125,Vrm,invalid_short_skill
41126,Vsa,invalid_short_skill
41151,W2,invalid_short_skill
41152,W3C,invalid_short_skill
41155,WAF,invalid_short_skill
41156,WAM,invalid_short_skill
41157,WAN,invalid_short_skill
41163,WAP,invalid_short_skill
41165,WAS,invalid_short_skill
41171,WBM,invalid_short_skill
41172,WBS,invalid_short_skill
41173,WBT,invalid_short_skill
41174,WC,invalid_short_skill
41176,WCF,invalid_short_skill
41178,WCM,invalid_short_skill
41179,WCS,invalid_short_skill
41180,WCT,invalid_short_skill
41182,WDM,invalid_short_skill
41187,WEP,invalid_short_skill
41188,WFC,invalid_short_skill
41189,WFD,invalid_short_skill
41190,WFH,invalid_short_skill
41191,WFM,invalid_short_skill
41199,WG,invalid_short_skill
41200,WHO,invalid_short_skill
41209,WIX,invalid_short_skill
41210,WIZ,invalid_short_skill
41213,WM,invalid_short_skill
41215,WMI,invalid_short_skill
41219,WNS,invalid_short_skill
41222,WPA,invalid_short_skill
41223,WPF,invalid_short_skill
41224,WPQ,invalid_short_skill
41226,WPS,invalid_short_skill
41227,WQR,invalid_short_skill
41228,WQT,invalid_short_skill
41230,WSS,invalid_short_skill
41234,WTG foundation Bar Bending Schedule implementation of all QA/QC procedures concrete quality monitoring Cube Test,sentence_or_description
41235,WTP,invalid_short_skill
41236,WTX,invalid_short_skill
41336,Water Treatment Field Or Industrial Technical Sales Preferred,sentence_or_description
41357,Wd,invalid_short_skill
41358,We are looking for dynamic and customer focused professionals to join our After Sales team,sentence_or_description
41359,We are looking for team managers to handle 12 telecallers for our personal loan vertical. Must have experience in sourcing loans and handling teams,sentence_or_description
41360,We are seeking a detail-oriented and experienced Accountant who is proficient in Tally ERP to manage our day-to-day accounting operations. The ideal candidate will be responsible for maintaining financial records,sentence_or_description
41361,We are seeking a dynamic and customer-focused Customer Relations Executive to join our retail outlet specializing in wines,sentence_or_description
41362,We are seeking a motivated and experienced Support Manager to lead our support department at First ERP Software Solutions Pvt Ltd. The ideal candidate will have a strong background in customer support and team management,sentence_or_description
41363,We are seeking a skilled Substation Civil Design Engineer to join our growing T&D team. The successful candidate will be responsible for the civil and structural design of substations 11kV to 400kV across various stages of the project lifecycle,sentence_or_description
41364,We are seeking an experienced Business Analyst with a strong background in data analysis,sentence_or_description
41383,Web,invalid_short_skill
41605,Wfc,invalid_short_skill
41607,Wfo,invalid_short_skill
41655,Will be responsible for overseeing the production process,sentence_or_description
41661,Win,invalid_short_skill
41790,Wiz,invalid_short_skill
41793,Wlc,invalid_short_skill
41817,WordPress Development HTML CSS JavaScript PHP Website Maintenance Troubleshooting SEO On Page Optimization Wix GoDaddy Shopify Client Coordination Communication,sentence_or_description
41829,Work From Home,non_skill_phrase
41845,Work from home,non_skill_phrase
41894,Worked in Company with more than 500 Employees in automobile Sector,sentence_or_description
41930,Working Knowledge of Income Tax Act 1961,sentence_or_description
41933,Working knowledge of TQRDCM,sentence_or_description
41976,X,invalid_short_skill
41987,X12,experience_or_qualification
41988,X86,experience_or_qualification
41989,XAI,invalid_short_skill
41993,XD,invalid_short_skill
41994,XDR,invalid_short_skill
41995,XEN,invalid_short_skill
42013,XRD,invalid_short_skill
42015,XSD,invalid_short_skill
42017,XSS,invalid_short_skill
42018,XTS,invalid_short_skill
42019,XVA,invalid_short_skill
42020,XWB,invalid_short_skill
42024,Xc,invalid_short_skill
42028,Xcp,invalid_short_skill
42030,Xd,invalid_short_skill
42040,Xps,invalid_short_skill
42041,Xr,invalid_short_skill
42070,Yii,invalid_short_skill
42085,Yum,invalid_short_skill
42086,Z,invalid_short_skill
42089,ZIA,invalid_short_skill
42090,ZIO,invalid_short_skill
42091,ZLD,invalid_short_skill
42092,ZPA,invalid_short_skill
42150,Zos,invalid_short_skill
42154,Zsm,invalid_short_skill
42160,a,invalid_short_skill
42162,a+,invalid_short_skill
42164,aa,invalid_short_skill
42165,aaa,invalid_short_skill
42168,ab,invalid_short_skill
42171,aba,invalid_short_skill
42185,abb,invalid_short_skill
42190,ability to generate and manage leads,sentence_or_description
42191,ability to handle sensitive information appropriately,sentence_or_description
42192,ability to handle technical issues,sentence_or_description
42193,ability to multitask,sentence_or_description
42194,ability to read BOMs,sentence_or_description
42195,ability to read drawings,sentence_or_description
42196,ability to work in shifts,sentence_or_description
42197,ability to work independently,sentence_or_description
42198,ability to work under deadlines and on-site as required,sentence_or_description
42199,abm,invalid_short_skill
42289,acd,invalid_short_skill
42290,ace,invalid_short_skill
42291,ach,invalid_short_skill
42293,aci,invalid_short_skill
42294,acl,invalid_short_skill
42298,acp,invalid_short_skill
42302,act,invalid_short_skill
42322,ad,invalid_short_skill
42336,adc,invalid_short_skill
42342,ade,invalid_short_skill
42344,adf,invalid_short_skill
42349,adk,invalid_short_skill
42351,adm,invalid_short_skill
42381,ado,invalid_short_skill
42390,adobe experience cloud,experience_or_qualification
42391,adobe experience management,experience_or_qualification
42402,ads,invalid_short_skill
42437,ae,invalid_short_skill
42439,aem,invalid_short_skill
42445,aep,invalid_short_skill
42455,aes,invalid_short_skill
42463,afs,invalid_short_skill
42523,agm,invalid_short_skill
42537,aha,invalid_short_skill
42539,aht,invalid_short_skill
42547,aif,invalid_short_skill
42577,ais,invalid_short_skill
42579,aix,invalid_short_skill
42587,aks,invalid_short_skill
42588,al,invalid_short_skill
42592,ale,invalid_short_skill
42611,alm,invalid_short_skill
42615,alt,invalid_short_skill
42625,alv,invalid_short_skill
42628,am,invalid_short_skill
42643,amc,invalid_short_skill
42658,aml,invalid_short_skill
42660,amp,invalid_short_skill
42663,amr,invalid_short_skill
42664,ams,invalid_short_skill
42686,analytical & communication skills. Service/catering background preferred. Role needs integrity,sentence_or_description
42744,and IIS Web Server knowledge. -Experience using version control symbols like SVN and TFS. Have experience with JIRA,sentence_or_description
42746,and Income Tax Experience with ROC filings & statutory compliances Proficiency in Tally/Accounting software & MS Excel Good communication and client handling skills Ability to manage and guide junior staff,sentence_or_description
42751,and MS Office. Ability to manage multiple projects and deadlines in a fast-paced environment,sentence_or_description
42760,and SAP. The ideal candidate will bridge the gap between business requirements and technology solutions,sentence_or_description
42767,and Windows Mobile App including publishing applications to App Stores -Experience using HTML5,sentence_or_description
42769,and ability to work under deadlines,sentence_or_description
42770,and able to handle cleaning and housekeeping duties as per company standards,sentence_or_description
42771,and access control. Ability to write incident reports and maintain records,sentence_or_description
42775,and align merchandising strategies with business objectives to enhance visi Achieve sales targets in the assigned area distributors,sentence_or_description
42776,and an ability to operate independently with minimal oversight,sentence_or_description
42777,and an exceptional customer experience. To succeed in this role,experience_or_qualification
42783,and beers. The ideal candidate should have prior experience in a liquor/beverage retail environment,sentence_or_description
42785,and campaign management. Proficiency in MS Office,sentence_or_description
42788,and close deals in US/AUS markets. Self-starter with excellent communication and pipeline management skills,sentence_or_description
42791,and compliance requirements Ability to generate leads through networking,sentence_or_description
42795,and coordinate with the procurement team for timely availability. o Develop comprehensive project plans,sentence_or_description
42797,and coordinating with various departments to ensure a smooth patient experience,sentence_or_description
42801,and crop cycles Analytical mindset with knowledge of price trends and market intelligence Proficiency in MS Excel,sentence_or_description
42806,and data models to segment customers and design differentiated treatment strategies,sentence_or_description
42815,and driving retention and loyalty. This role involves analyzing customer data,sentence_or_description
42824,and ensuring tax compliance for individuals and businesses. Key responsibilities also include analyzing financial risks,sentence_or_description
42831,and field teams to ensure timely delivery of materials and services. Ensure projects meet client specifications,sentence_or_description
42832,and financial reporting. Ability to troubleshoot and resolve issues efficiently. Good communication to interact with stakeholders,sentence_or_description
42842,and integrity. Excellent communication,sentence_or_description
42843,and internal teams to ensure smooth workflow. Support digital marketing activities such as managing social media,sentence_or_description
42846,and inventory operations. Familiarity with machine operation or willingness to learn. Knowledge of inward/outward logistics processes. Strong communication,sentence_or_description
42847,and issuance of materials to site staff. Maintain updated stock registers,sentence_or_description
42850,and leadership abilities. Ability to work collaboratively with cross-functional teams. Understanding of real estate sales cycles and customer behavior,sentence_or_description
42852,and leading a team of technicians to ensure the highest standards of safety and quality,sentence_or_description
42856,and maintaining quality assurance and quality control protocols to ensure all painted products meet or exceed internal standards,sentence_or_description
42864,and negotiation skills. - Strong organizational and time management skills. - Ability to work in a fast-paced environment. - Proficient in CRM software and sales tools,sentence_or_description
42865,and negotiation skills. Proficiency in MS Office,sentence_or_description
42870,and organisational skills. 3. Proficiency in MS Office / HRMS tools / AI Tools. 4. Ability to work in a fast-paced,sentence_or_description
42873,and organizational skills. Knowledge of garment production and materials. Ability to work under deadlines and handle multiple tasks. Awareness of sustainable sourcing practi,sentence_or_description
42880,and performance trackers for the Sales Team and Management. Monitor and track sales targets vs. achievements across regions/teams/products,sentence_or_description
42885,and preventive maintenance Knowledge of AMC management and customer support,sentence_or_description
42886,and problem solving skills are required in Chinese and English. Computer literacy is required,sentence_or_description
42887,and problem-solving abilities. In-depth knowledge of FMCG supply chain and retail operations,sentence_or_description
42889,and problem-solving skills. Ability to communicate complex technical issues clearly to both technical and non-technical stakeholders,sentence_or_description
42890,and process equipment. Experience in products like Boiler controls,sentence_or_description
42892,and proficiency in cost estimation and budgeting software like Excel,sentence_or_description
42893,and proficient in PMS & Channel Manager. Able to handle pressure while ensuring smooth guest experiences,sentence_or_description
42897,and project timelines. They act as a liaison between the design team and the construction workforce,sentence_or_description
42916,and smooth coordination across vendors and internal teams. The role spans AP/AR,sentence_or_description
42918,and specifying procedures for the fabrication of applicable tools and equipment. Work closely with the production,sentence_or_description
42922,and storytelling. Highly analytical and data-driven. Excellent team collaboration and problem-solving with proven adaptability in startup environments. Strong written English,sentence_or_description
42923,and strong business acumen. Sales-oriented with excellent people skills & negotiation ability,sentence_or_description
42926,and successful closure of all on-site installation activities. o Coordinate effectively with clients,sentence_or_description
42928,and support functions. Designing training and development programs to strengthen product knowledge,sentence_or_description
42929,and system design. Familiarity with relevant software for design and estimation,sentence_or_description
42938,and the ability to guide and mentor students in answer writing and test preparation,sentence_or_description
42982,anm,invalid_short_skill
42997,ant,invalid_short_skill
43006,any degree,non_skill_phrase
43009,anz,invalid_short_skill
43011,aop,invalid_short_skill
43013,ap,invalid_short_skill
43026,apb,invalid_short_skill
43027,apc,invalid_short_skill
43050,apo,invalid_short_skill
43133,aps,invalid_short_skill
43136,aql,invalid_short_skill
43149,arc,invalid_short_skill
43210,arm,invalid_short_skill
43217,arp,invalid_short_skill
43220,art,invalid_short_skill
43242,as,invalid_short_skill
43244,as2,invalid_short_skill
43245,as400,experience_or_qualification
43247,as9100,experience_or_qualification
43250,asd,invalid_short_skill
43251,asg,invalid_short_skill
43252,ash,invalid_short_skill
43274,asm,invalid_short_skill
43276,aso,invalid_short_skill
43277,asp,invalid_short_skill
43290,asr,invalid_short_skill
43359,ata,invalid_short_skill
43369,atm,invalid_short_skill
43371,atp,invalid_short_skill
43373,ats,invalid_short_skill
43512,av,invalid_short_skill
43556,awt,invalid_short_skill
43557,axi,invalid_short_skill
43564,azu,invalid_short_skill
43621,b,invalid_short_skill
43631,b2b,invalid_short_skill
43638,b2c,invalid_short_skill
43643,bac,invalid_short_skill
43648,back office,generic
43791,bba,invalid_short_skill
43793,bbm,invalid_short_skill
43794,bc,invalid_short_skill
43795,bca,invalid_short_skill
43796,bcc,invalid_short_skill
43799,bcm,invalid_short_skill
43801,bcp,invalid_short_skill
43802,bcs,invalid_short_skill
43803,bd,invalid_short_skill
43804,bdc,invalid_short_skill
43805,bdd,invalid_short_skill
43808,bde,invalid_short_skill
43809,bdm,invalid_short_skill
43810,bdo,invalid_short_skill
43811,bds,invalid_short_skill
43812,be,invalid_short_skill
43823,bed,invalid_short_skill
43843,bet,invalid_short_skill
43849,bex,invalid_short_skill
43852,bfd,invalid_short_skill
43855,bgp,invalid_short_skill
43856,bhm,invalid_short_skill
43859,bi,invalid_short_skill
43894,bim,invalid_short_skill
43898,bio,invalid_short_skill
43926,bip,invalid_short_skill
43928,bis,invalid_short_skill
43934,biw,invalid_short_skill
43936,bl,invalid_short_skill
43973,bmc,invalid_short_skill
43979,bml,invalid_short_skill
43980,bmm,invalid_short_skill
43981,bmr,invalid_short_skill
43982,bms,invalid_short_skill
43986,bo,invalid_short_skill
44010,bom,invalid_short_skill
44027,bop,invalid_short_skill
44029,boq,invalid_short_skill
44030,bot,invalid_short_skill
44037,box,invalid_short_skill
44039,bp,invalid_short_skill
44040,bpc,invalid_short_skill
44041,bpf,invalid_short_skill
44042,bpm,invalid_short_skill
44046,bpo,invalid_short_skill
44057,bpr,invalid_short_skill
44058,bps,invalid_short_skill
44060,bpt,invalid_short_skill
44061,bra,invalid_short_skill
44106,brd,invalid_short_skill
44114,brf,invalid_short_skill
44143,brs,invalid_short_skill
44144,bsc,invalid_short_skill
44155,bsm,invalid_short_skill
44160,bsp,invalid_short_skill
44161,bss,invalid_short_skill
44166,btg,invalid_short_skill
44167,btl,invalid_short_skill
44169,bts,invalid_short_skill
44185,bug,invalid_short_skill
44229,bus,invalid_short_skill
44230,business,generic
44343,bw,invalid_short_skill
44347,c,invalid_short_skill
44348,c #,special_character_noise
44351,c# scripting,special_character_noise
44352,c#.net,special_character_noise
44353,c++17,experience_or_qualification
44355,c2c,invalid_short_skill
44356,c2h,invalid_short_skill
44359,ca,invalid_short_skill
44361,caa,invalid_short_skill
44388,cae,invalid_short_skill
44397,cal,invalid_short_skill
44425,call support,generic
44469,can,invalid_short_skill
44488,cap,invalid_short_skill
44519,car,invalid_short_skill
44614,cat,invalid_short_skill
44633,cawip 3.2.2,sentence_or_description
44635,cbs,invalid_short_skill
44640,cc,invalid_short_skill
44641,cca,invalid_short_skill
44642,cce,invalid_short_skill
44643,cch,invalid_short_skill
44644,ccm,invalid_short_skill
44650,ccs,invalid_short_skill
44654,cd,invalid_short_skill
44656,cda,invalid_short_skill
44657,cdc,invalid_short_skill
44658,cdd,invalid_short_skill
44659,cdf,invalid_short_skill
44660,cdh,invalid_short_skill
44661,cdi,invalid_short_skill
44663,cdm,invalid_short_skill
44665,cdp,invalid_short_skill
44666,cds,invalid_short_skill
44669,ce,invalid_short_skill
44671,ceh,invalid_short_skill
44691,ceo,invalid_short_skill
44698,cfa,invalid_short_skill
44702,cg,invalid_short_skill
44704,cha,invalid_short_skill
44803,chi,invalid_short_skill
44832,ci,invalid_short_skill
44839,cic,invalid_short_skill
44842,cif,invalid_short_skill
44844,cig,invalid_short_skill
44846,cin,invalid_short_skill
44887,civ,invalid_short_skill
44943,cli,invalid_short_skill
44944,client,generic
44999,clients,generic
45052,clm,invalid_short_skill
45053,clo,invalid_short_skill
45134,clp,invalid_short_skill
45143,cma,invalid_short_skill
45147,cmc,invalid_short_skill
45149,cme,invalid_short_skill
45150,cmm,invalid_short_skill
45155,cmo,invalid_short_skill
45157,cms,invalid_short_skill
45158,cms 1500,experience_or_qualification
45161,cms1500,experience_or_qualification
45164,cnc,invalid_short_skill
45170,cnn,invalid_short_skill
45171,cns,invalid_short_skill
45186,coc,invalid_short_skill
45254,collection experience,experience_or_qualification
45275,com,invalid_short_skill
45443,computer,generic
45468,con,invalid_short_skill
45575,consumables services and necessary for daily operations and production at Machine Shop,sentence_or_description
45717,coo,invalid_short_skill
45852,cost engineering and cost control pertaining to engineering and construction activities,sentence_or_description
45898,cpc,invalid_short_skill
45899,cpg,invalid_short_skill
45901,cpm,invalid_short_skill
45903,cpq,invalid_short_skill
45905,cps,invalid_short_skill
45906,cpt,invalid_short_skill
45910,cq5,invalid_short_skill
45911,cqa,invalid_short_skill
45913,cra,invalid_short_skill
45917,cre,invalid_short_skill
45984,crf,invalid_short_skill
46006,cro,invalid_short_skill
46021,crs,invalid_short_skill
46022,crt,invalid_short_skill
46029,cs,invalid_short_skill
46031,csa,invalid_short_skill
46033,cse,invalid_short_skill
46036,csm,invalid_short_skill
46038,csp,invalid_short_skill
46040,csr,invalid_short_skill
46045,cst,invalid_short_skill
46046,csv,invalid_short_skill
46047,cta,invalid_short_skill
46048,ctd,invalid_short_skill
46052,cts,invalid_short_skill
46091,customer,generic
46115,customer experience,experience_or_qualification
46116,customer experience design,experience_or_qualification
46117,customer experience management,experience_or_qualification
46195,cvi,invalid_short_skill
46196,cvs,invalid_short_skill
46197,cwa,invalid_short_skill
46198,cx,invalid_short_skill
46199,cxo,invalid_short_skill
46225,d2c,invalid_short_skill
46226,d365,experience_or_qualification
46233,dac,invalid_short_skill
46255,das,invalid_short_skill
46265,data,generic
46339,data management,generic
46467,dax,invalid_short_skill
46474,db,invalid_short_skill
46484,dbs,invalid_short_skill
46485,dbt,invalid_short_skill
46486,dc,invalid_short_skill
46492,dcf,invalid_short_skill
46493,dch,invalid_short_skill
46494,dcm,invalid_short_skill
46495,dcs,invalid_short_skill
46496,ddd,invalid_short_skill
46497,ddi,invalid_short_skill
46498,ddl,invalid_short_skill
46501,ddr,invalid_short_skill
46502,ddv,invalid_short_skill
46640,des,invalid_short_skill
46642,design,generic
46643,design & creativity. Proficiency in CoralDRAW,sentence_or_description
46656,design concepts etc. Proficient in AutoCad and other design software. Experience preferred in 3D modeling using Revit,sentence_or_description
46717,det,invalid_short_skill
46731,dev,invalid_short_skill
46739,development,generic
46767,dfa,invalid_short_skill
46768,dfc,invalid_short_skill
46769,dfm,invalid_short_skill
46771,dfs,invalid_short_skill
46772,dft,invalid_short_skill
46774,dg,invalid_short_skill
46777,dgm,invalid_short_skill
46779,dgo,invalid_short_skill
46782,di,invalid_short_skill
46872,din,invalid_short_skill
46883,dir,invalid_short_skill
46897,dis,invalid_short_skill
46963,dlp,invalid_short_skill
46964,dm,invalid_short_skill
46967,dma,invalid_short_skill
46970,dmc,invalid_short_skill
46972,dml,invalid_short_skill
46975,dmo,invalid_short_skill
46976,dmp,invalid_short_skill
46978,dms,invalid_short_skill
46979,dmu,invalid_short_skill
46980,dnb,invalid_short_skill
46996,dns,invalid_short_skill
46997,do,invalid_short_skill
47037,doe,invalid_short_skill
47039,dom,invalid_short_skill
47063,dop,invalid_short_skill
47067,dot,invalid_short_skill
47085,dpr,invalid_short_skill
47086,dql,invalid_short_skill
47087,dr,invalid_short_skill
47088,dra,invalid_short_skill
47105,drc,invalid_short_skill
47107,drg,invalid_short_skill
47121,drm,invalid_short_skill
47126,drs,invalid_short_skill
47140,ds,invalid_short_skill
47141,dsa,invalid_short_skill
47143,dso,invalid_short_skill
47144,dsp,invalid_short_skill
47146,dss,invalid_short_skill
47147,dst,invalid_short_skill
47149,dtp,invalid_short_skill
47159,dv 360,experience_or_qualification
47160,dvb,invalid_short_skill
47161,dvd,invalid_short_skill
47177,e,invalid_short_skill
47181,e&i,invalid_short_skill
47195,e2e,invalid_short_skill
47199,e3,invalid_short_skill
47200,e3d,invalid_short_skill
47213,ea,invalid_short_skill
47214,ead,invalid_short_skill
47216,eai,invalid_short_skill
47217,eam,invalid_short_skill
47225,ebs,invalid_short_skill
47226,ec,invalid_short_skill
47229,ecc,invalid_short_skill
47230,ece,invalid_short_skill
47231,ecg,invalid_short_skill
47234,eci,invalid_short_skill
47239,ecm,invalid_short_skill
47241,eco,invalid_short_skill
47251,ecs,invalid_short_skill
47253,ecu,invalid_short_skill
47254,ed,invalid_short_skill
47257,eda,invalid_short_skill
47259,edc,invalid_short_skill
47261,edd,invalid_short_skill
47264,edi,invalid_short_skill
47271,edm,invalid_short_skill
47272,edr,invalid_short_skill
47275,education,generic
47288,eee,invalid_short_skill
47289,eeg,invalid_short_skill
47290,ees,invalid_short_skill
47297,efficient and accurate claims processing Extensive knowledge of Commercial,sentence_or_description
47299,eft,invalid_short_skill
47301,ehp,invalid_short_skill
47302,ehr,invalid_short_skill
47303,ehs,invalid_short_skill
47305,eib,invalid_short_skill
47307,eis,invalid_short_skill
47309,ekl,invalid_short_skill
47310,eks,invalid_short_skill
47408,elk,invalid_short_skill
47410,elt,invalid_short_skill
47411,elv,invalid_short_skill
47413,em,invalid_short_skill
47414,ema,invalid_short_skill
47458,emc,invalid_short_skill
47478,emi,invalid_short_skill
47482,emm,invalid_short_skill
47483,emo,invalid_short_skill
47516,emr,invalid_short_skill
47517,ems,invalid_short_skill
47519,emt,invalid_short_skill
47521,emv,invalid_short_skill
47574,engineering,generic
47577,engineering background good negotiation skill problem solving attitude prefer to packaging machines candidate Proficiency with CRM tools willingness to travel Self-motivated,sentence_or_description
47617,enm,invalid_short_skill
47623,ens,invalid_short_skill
47632,ent,invalid_short_skill
47690,eol,invalid_short_skill
47693,epc,invalid_short_skill
47701,epm,invalid_short_skill
47702,epo,invalid_short_skill
47705,eps,invalid_short_skill
47711,equipment fabrication and general fabrication experience with good welding knowledg,sentence_or_description
47730,er,invalid_short_skill
47737,erm,invalid_short_skill
47753,esb,invalid_short_skill
47762,esd,invalid_short_skill
47763,esg,invalid_short_skill
47764,esi,invalid_short_skill
47767,esp,invalid_short_skill
47771,ess,invalid_short_skill
47774,estimate completion time and prepare flowchart to ensure workflow meets required deadlines,sentence_or_description
47777,esx,invalid_short_skill
47779,eta,invalid_short_skill
47782,etd,invalid_short_skill
47797,etp,invalid_short_skill
47799,eu,invalid_short_skill
47800,euc,invalid_short_skill
47802,ev,invalid_short_skill
47827,ewm,invalid_short_skill
47828,ews,invalid_short_skill
47848,excellent communication,sentence_or_description
47849,excellent communication and interpersonal skills for patient and team interaction,sentence_or_description
47850,excellent communication in English with presentable,sentence_or_description
47851,excellent communication skills,sentence_or_description
47852,excellent communication skills in english & ka,sentence_or_description
47898,experience,experience_or_qualification
47899,experience bpo 1 yr,experience_or_qualification
47900,experience in administrative or executive support,sentence_or_description
47901,experience in auto components Manufacturing Industry,sentence_or_description
47902,experience in design & development + project management in the automotive or white goods sector,sentence_or_description
47903,experience in institutional Sales like pipe fittings,sentence_or_description
47904,experience in purchasing or procurement,sentence_or_description
47905,experience in the service industry,sentence_or_description
47906,experience operating packaging machinery in a manufacturing environment preferred,sentence_or_description
47907,experience testing,experience_or_qualification
47908,experience with a Big 4 or mid-tier accounting firms,sentence_or_description
47923,export industry experience,experience_or_qualification
47949,eye,invalid_short_skill
47950,f,invalid_short_skill
47952,f#,special_character_noise
47953,f&o,invalid_short_skill
47954,f5,invalid_short_skill
47955,fa,invalid_short_skill
47957,fab,invalid_short_skill
47959,fabric Any additional material experience will be a plus Reporting directly to Directors,sentence_or_description
48035,fas,invalid_short_skill
48048,fat,invalid_short_skill
48056,fc,invalid_short_skill
48059,fcl,invalid_short_skill
48062,fd,invalid_short_skill
48063,fda,invalid_short_skill
48064,fdd,invalid_short_skill
48065,fdi,invalid_short_skill
48068,fea,invalid_short_skill
48075,fed,invalid_short_skill
48101,ff,invalid_short_skill
48102,fg,invalid_short_skill
48103,fgd,invalid_short_skill
48105,fi,invalid_short_skill
48114,field,generic
48147,fig,invalid_short_skill
48161,fin,invalid_short_skill
48313,fiu,invalid_short_skill
48327,fl,invalid_short_skill
48348,flm,invalid_short_skill
48358,fls,invalid_short_skill
48381,fme,invalid_short_skill
48383,fms,invalid_short_skill
48385,fna,invalid_short_skill
48469,fpa,invalid_short_skill
48470,fpd,invalid_short_skill
48474,fps,invalid_short_skill
48475,fra,invalid_short_skill
48498,frd,invalid_short_skill
48519,fresher can apply with min age 21 completed,experience_or_qualification
48524,frm,invalid_short_skill
48549,fs,invalid_short_skill
48551,fsd,invalid_short_skill
48552,fsi,invalid_short_skill
48553,fsm,invalid_short_skill
48555,fta,invalid_short_skill
48556,ftd,invalid_short_skill
48559,ftl,invalid_short_skill
48561,fto,invalid_short_skill
48562,ftp,invalid_short_skill
48572,full time,non_skill_phrase
48580,fun,invalid_short_skill
48613,fup,invalid_short_skill
48624,g,invalid_short_skill
48627,gad,invalid_short_skill
48652,gas,invalid_short_skill
48667,gc,invalid_short_skill
48669,gcc,invalid_short_skill
48670,gce,invalid_short_skill
48675,gd,invalid_short_skill
48676,gdb,invalid_short_skill
48677,gdc,invalid_short_skill
48678,gde,invalid_short_skill
48680,gds,invalid_short_skill
48686,gef,invalid_short_skill
48687,gem,invalid_short_skill
48688,gen,invalid_short_skill
48743,geo,invalid_short_skill
48758,gi,invalid_short_skill
48761,gis,invalid_short_skill
48771,gl,invalid_short_skill
48779,glm,invalid_short_skill
48801,glp,invalid_short_skill
48802,gls,invalid_short_skill
48807,gmi,invalid_short_skill
48808,gmp,invalid_short_skill
48810,gnm,invalid_short_skill
48812,go,invalid_short_skill
48830,good communication,sentence_or_description
48831,good communication english,sentence_or_description
48832,good communication skills,sentence_or_description
48833,good communication skils,sentence_or_description
48834,good hand skills. patience. an eye for detail. creative and artistic skills. the ability to change ideas into a three-dimensional design. to keep up to date with changes in jewellery/silver design and fashions. knowledge of design-related software,sentence_or_description
48836,good knowledge of boiler,sentence_or_description
48837,good knowledge of local customer base,sentence_or_description
48888,gpm,invalid_short_skill
48889,gpo,invalid_short_skill
48890,gpp,invalid_short_skill
48891,gps,invalid_short_skill
48899,graduate,generic
48901,graduates,generic
48933,grc,invalid_short_skill
48934,gre,invalid_short_skill
48947,grn,invalid_short_skill
48965,gsm,invalid_short_skill
48966,gss,invalid_short_skill
48967,gst,invalid_short_skill
48975,gtm,invalid_short_skill
48977,gts,invalid_short_skill
48989,gui,invalid_short_skill
49001,gun,invalid_short_skill
49003,gvp,invalid_short_skill
49005,gws,invalid_short_skill
49006,gwt,invalid_short_skill
49008,gxp,invalid_short_skill
49009,gym,invalid_short_skill
49023,h,invalid_short_skill
49024,h1,invalid_short_skill
49025,h1b,invalid_short_skill
49026,h323,experience_or_qualification
49027,hac,invalid_short_skill
49035,hae,invalid_short_skill
49042,hal,invalid_short_skill
49044,ham,invalid_short_skill
49060,handle routine administration work with Excellent communication n pleasing personality smart female,sentence_or_description
49108,hat,invalid_short_skill
49119,hcc,invalid_short_skill
49124,hci,invalid_short_skill
49125,hcl,invalid_short_skill
49126,hcm,invalid_short_skill
49133,hcp,invalid_short_skill
49135,hdd,invalid_short_skill
49139,hdl,invalid_short_skill
49223,hfm,invalid_short_skill
49224,hfr,invalid_short_skill
49225,hhc,invalid_short_skill
49226,hi,invalid_short_skill
49246,hil,invalid_short_skill
49265,hk,invalid_short_skill
49266,hl,invalid_short_skill
49269,hlr,invalid_short_skill
49274,hms,invalid_short_skill
49275,hni,invalid_short_skill
49334,hot,invalid_short_skill
49359,hp,invalid_short_skill
49370,hql,invalid_short_skill
49371,hr,invalid_short_skill
49405,hrm,invalid_short_skill
49408,hro,invalid_short_skill
49410,hrp,invalid_short_skill
49412,hs,invalid_short_skill
49413,hse,invalid_short_skill
49416,hsm,invalid_short_skill
49419,hss,invalid_short_skill
49421,htl,invalid_short_skill
49426,hub,invalid_short_skill
49447,hv,invalid_short_skill
49492,i2c,invalid_short_skill
49513,iac,invalid_short_skill
49515,iad,invalid_short_skill
49516,iam,invalid_short_skill
49518,iar,invalid_short_skill
49549,ibp,invalid_short_skill
49550,ic,invalid_short_skill
49552,icc,invalid_short_skill
49553,icd,invalid_short_skill
49556,ich,invalid_short_skill
49562,icm,invalid_short_skill
49566,icp,invalid_short_skill
49569,ict,invalid_short_skill
49575,ida,invalid_short_skill
49576,ide,invalid_short_skill
49587,idm,invalid_short_skill
49592,idp,invalid_short_skill
49593,idq,invalid_short_skill
49594,ids,invalid_short_skill
49595,iec,invalid_short_skill
49596,iec 62443,experience_or_qualification
49599,ifa,invalid_short_skill
49600,ifc,invalid_short_skill
49603,ifs,invalid_short_skill
49608,ihm,invalid_short_skill
49609,ihs,invalid_short_skill
49612,iiq,invalid_short_skill
49613,iis,invalid_short_skill
49617,ile,invalid_short_skill
49620,ilm,invalid_short_skill
49621,ilt,invalid_short_skill
49622,im,invalid_short_skill
49671,ims,invalid_short_skill
49708,including AutoCAD and other CAD tools. Understanding of the refrigeration cycle. Strong problem-solving,sentence_or_description
49731,increase brand awareness within the industry and increase presence and engagement,sentence_or_description
49733,ind,invalid_short_skill
49883,ins,invalid_short_skill
49957,int,invalid_short_skill
50131,inv,invalid_short_skill
50199,ip,invalid_short_skill
50212,ipa,invalid_short_skill
50214,ipc,invalid_short_skill
50221,ipo,invalid_short_skill
50225,ipr,invalid_short_skill
50231,ipv,invalid_short_skill
50233,iq,invalid_short_skill
50235,ir,invalid_short_skill
50236,irb,invalid_short_skill
50239,irm,invalid_short_skill
50247,irs,invalid_short_skill
50250,is responsible for managing customer relationships,sentence_or_description
50252,isc,invalid_short_skill
50259,iso 14001,experience_or_qualification
50264,isp,invalid_short_skill
50266,isr,invalid_short_skill
50267,iss,invalid_short_skill
50274,isu,invalid_short_skill
50276,it,invalid_short_skill
50301,it management,generic
50323,it services,generic
50325,it skills,generic
50341,iti,invalid_short_skill
50353,itk,invalid_short_skill
50356,itp,invalid_short_skill
50357,itr,invalid_short_skill
50360,itu,invalid_short_skill
50361,ivr,invalid_short_skill
50363,j1939,experience_or_qualification
50433,jax,invalid_short_skill
50440,jca,invalid_short_skill
50441,jcl,invalid_short_skill
50442,jd,invalid_short_skill
50445,jda,invalid_short_skill
50448,jde,invalid_short_skill
50449,jee,invalid_short_skill
50458,jig,invalid_short_skill
50468,jmp,invalid_short_skill
50469,jms,invalid_short_skill
50471,jni,invalid_short_skill
50491,jpa,invalid_short_skill
50495,jsf,invalid_short_skill
50498,jsp,invalid_short_skill
50500,jsx,invalid_short_skill
50508,jvm,invalid_short_skill
50509,jwt,invalid_short_skill
50511,k 12,experience_or_qualification
50521,kam,invalid_short_skill
50557,kfc,invalid_short_skill
50560,kid,invalid_short_skill
50573,km,invalid_short_skill
50574,kms,invalid_short_skill
50577,knowledge in implementation of Process safety management systems and standards of Steel plants,sentence_or_description
50579,knowledge of ERP/SCM platforms,sentence_or_description
50580,knowledge of SAC/BPC planning,sentence_or_description
50581,knowledge of account,sentence_or_description
50582,knowledge of compressor,sentence_or_description
50583,knowledge of crm,sentence_or_description
50584,knowledge of digital marketing trends,sentence_or_description
50585,knowledge of financial markets,sentence_or_description
50586,knowledge of labour law,sentence_or_description
50587,knowledge of land records management,sentence_or_description
50588,knowledge of nuclear medicine,sentence_or_description
50589,knowledge of sql,sentence_or_description
50590,knowledge of trading platforms such as ODIN,sentence_or_description
50603,kpo,invalid_short_skill
50614,kvm,invalid_short_skill
50617,l,invalid_short_skill
50619,l1,invalid_short_skill
50620,l2,invalid_short_skill
50623,l4,invalid_short_skill
50625,lab,invalid_short_skill
50669,lan,invalid_short_skill
50690,lap,invalid_short_skill
50718,law,invalid_short_skill
50733,lc,invalid_short_skill
50734,lca,invalid_short_skill
50735,lcl,invalid_short_skill
50739,le,invalid_short_skill
50796,lec,invalid_short_skill
50844,lex,invalid_short_skill
50846,lgd,invalid_short_skill
50847,li,invalid_short_skill
50855,lib,invalid_short_skill
50901,lin,invalid_short_skill
50949,lis,invalid_short_skill
50970,llb,invalid_short_skill
50971,lld,invalid_short_skill
50973,llm,invalid_short_skill
50974,lms,invalid_short_skill
50977,ln,invalid_short_skill
50978,lng,invalid_short_skill
51019,located in Gurugram.The Zoho Expert will be responsible for managing,sentence_or_description
51025,lod,invalid_short_skill
51085,lpg,invalid_short_skill
51098,luw,invalid_short_skill
51103,lv,invalid_short_skill
51105,lvm,invalid_short_skill
51106,lvs,invalid_short_skill
51107,lwc,invalid_short_skill
51108,lwf,invalid_short_skill
51111,m,invalid_short_skill
51112,m&a,invalid_short_skill
51116,m3,invalid_short_skill
51117,m365,experience_or_qualification
51119,ma,invalid_short_skill
51122,mac,invalid_short_skill
51182,maintain,generic
51221,mam,invalid_short_skill
51235,management,generic
51301,map,invalid_short_skill
51390,marketing wholesale experience,experience_or_qualification
51420,material handling experience,experience_or_qualification
51458,mba,invalid_short_skill
51466,mc,invalid_short_skill
51467,mca,invalid_short_skill
51471,mcc,invalid_short_skill
51475,mcp,invalid_short_skill
51478,mcu,invalid_short_skill
51479,md,invalid_short_skill
51492,mdf,invalid_short_skill
51493,mdg,invalid_short_skill
51496,mdm,invalid_short_skill
51498,mds,invalid_short_skill
51499,mdt,invalid_short_skill
51500,mdx,invalid_short_skill
51531,med,invalid_short_skill
51654,mep,invalid_short_skill
51676,mes,invalid_short_skill
51722,mf,invalid_short_skill
51724,mfc,invalid_short_skill
51725,mfd,invalid_short_skill
51726,mfs,invalid_short_skill
51727,mft,invalid_short_skill
51729,mha,invalid_short_skill
51730,mic,invalid_short_skill
51814,mig,invalid_short_skill
51819,mii,invalid_short_skill
51826,min 15 to 20 yrs experience in managing Multi-crore projects,sentence_or_description
51827,min 3 yrs experience in plant maintenance and utility related to electrical maintenance,sentence_or_description
51828,min 3yrs Experience in Steel bridge,sentence_or_description
51838,minimum 3 years experience,sentence_or_description
51850,mis,invalid_short_skill
51874,mlm,invalid_short_skill
51877,mlt,invalid_short_skill
51878,mm,invalid_short_skill
51880,mme,invalid_short_skill
51881,mms,invalid_short_skill
51882,mmu,invalid_short_skill
51883,mob,invalid_short_skill
51912,moc,invalid_short_skill
51921,mod,invalid_short_skill
51969,mom,invalid_short_skill
51997,mop,invalid_short_skill
52025,mou,invalid_short_skill
52033,mpi,invalid_short_skill
52036,mpp,invalid_short_skill
52037,mq,invalid_short_skill
52039,mql,invalid_short_skill
52041,mqx,invalid_short_skill
52042,mr,invalid_short_skill
52043,mrb,invalid_short_skill
52044,mri,invalid_short_skill
52045,mrm,invalid_short_skill
52046,mrn,invalid_short_skill
52047,mrp,invalid_short_skill
52049,mrs,invalid_short_skill
52050,mrt,invalid_short_skill
52051,ms,invalid_short_skill
52082,msa,invalid_short_skill
52090,msd,invalid_short_skill
52095,mso,invalid_short_skill
52096,msp,invalid_short_skill
52097,mss,invalid_short_skill
52100,mst,invalid_short_skill
52103,msw,invalid_short_skill
52104,mt,invalid_short_skill
52105,mto,invalid_short_skill
52141,mus,invalid_short_skill
52157,mvs,invalid_short_skill
52159,mws,invalid_short_skill
52160,mx,invalid_short_skill
52166,myp,invalid_short_skill
52174,nac,invalid_short_skill
52180,nas,invalid_short_skill
52182,nat,invalid_short_skill
52200,nav,invalid_short_skill
52209,nc,invalid_short_skill
52210,ncc,invalid_short_skill
52212,ncm,invalid_short_skill
52215,nda,invalid_short_skill
52216,ndk,invalid_short_skill
52217,ndt,invalid_short_skill
52218,ne,invalid_short_skill
52222,need good communication skill in hindi,sentence_or_description
52246,net,invalid_short_skill
52383,nfs,invalid_short_skill
52385,nfv,invalid_short_skill
52388,ngn,invalid_short_skill
52389,ngo,invalid_short_skill
52393,ngs,invalid_short_skill
52396,ni,invalid_short_skill
52410,nim,invalid_short_skill
52417,niv,invalid_short_skill
52420,nmr,invalid_short_skill
52421,nms,invalid_short_skill
52423,nnm,invalid_short_skill
52428,noc,invalid_short_skill
52460,npa,invalid_short_skill
52461,npd,invalid_short_skill
52462,npi,invalid_short_skill
52464,npo,invalid_short_skill
52466,nr,invalid_short_skill
52467,nre,invalid_short_skill
52468,nri,invalid_short_skill
52470,nse,invalid_short_skill
52472,nsx,invalid_short_skill
52491,nvh,invalid_short_skill
52492,nvm,invalid_short_skill
52495,nx,invalid_short_skill
52498,nxp,invalid_short_skill
52500,o 365,experience_or_qualification
52501,o2c,invalid_short_skill
52502,o9,invalid_short_skill
52506,oaf,invalid_short_skill
52508,oam,invalid_short_skill
52512,obg,invalid_short_skill
52513,obi,invalid_short_skill
52535,oc,invalid_short_skill
52536,oca,invalid_short_skill
52540,oci,invalid_short_skill
52541,ocp,invalid_short_skill
52542,ocr,invalid_short_skill
52543,ocs,invalid_short_skill
52549,odi,invalid_short_skill
52554,odm,invalid_short_skill
52559,ods,invalid_short_skill
52560,odx,invalid_short_skill
52562,oee,invalid_short_skill
52563,oem,invalid_short_skill
52609,ohc,invalid_short_skill
52610,ohh,invalid_short_skill
52611,ohs,invalid_short_skill
52613,oic,invalid_short_skill
52614,oid,invalid_short_skill
52616,oil,invalid_short_skill
52620,oim,invalid_short_skill
52622,ojt,invalid_short_skill
52626,om,invalid_short_skill
52627,omc,invalid_short_skill
52635,oms,invalid_short_skill
52667,online booking tool experience,experience_or_qualification
52690,ooa,invalid_short_skill
52692,ood,invalid_short_skill
52695,oos,invalid_short_skill
52696,oot,invalid_short_skill
52698,opc,invalid_short_skill
52700,opd,invalid_short_skill
52792,ops,invalid_short_skill
52794,opt,invalid_short_skill
52808,oq,invalid_short_skill
52814,or power backup industry Strong leadership skills with the ability to manage service teams and field engineers Experience in handling installation,sentence_or_description
52815,or related B2B sales Prior experience selling to cosmetic manufacturers and understanding of formulation processes,sentence_or_description
52817,or similar. Understanding of responsive design principles and user-centered design. Basic knowledge of HTML/CSS is a plus,sentence_or_description
52959,organization,generic
52989,os,invalid_short_skill
52991,osb,invalid_short_skill
52995,osd,invalid_short_skill
52998,osi,invalid_short_skill
53005,ot,invalid_short_skill
53007,ota,invalid_short_skill
53009,otc,invalid_short_skill
53011,otl,invalid_short_skill
53012,otm,invalid_short_skill
53013,otn,invalid_short_skill
53014,ott,invalid_short_skill
53016,oum,invalid_short_skill
53050,oversee Project Quality Asset Operations Quality Supplier Quality Mgt System Implementation at project site,sentence_or_description
53059,p,invalid_short_skill
53061,p&l,invalid_short_skill
53062,p2p,invalid_short_skill
53064,p6,invalid_short_skill
53066,pa,invalid_short_skill
53111,pam,invalid_short_skill
53113,pan,invalid_short_skill
53135,part,generic
53137,part time,non_skill_phrase
53197,pay,invalid_short_skill
53230,pbg,invalid_short_skill
53231,pbx,invalid_short_skill
53232,pc,invalid_short_skill
53235,pcb,invalid_short_skill
53239,pcc,invalid_short_skill
53240,pcf,invalid_short_skill
53241,pcg,invalid_short_skill
53242,pci,invalid_short_skill
53246,pcr,invalid_short_skill
53247,pcs,invalid_short_skill
53248,pdb,invalid_short_skill
53251,pdi,invalid_short_skill
53254,pdm,invalid_short_skill
53305,pep,invalid_short_skill
53310,performance,generic
53370,pex,invalid_short_skill
53371,pf,invalid_short_skill
53373,pfd,invalid_short_skill
53375,pft,invalid_short_skill
53378,pgt,invalid_short_skill
53382,pgw,invalid_short_skill
53383,pha,invalid_short_skill
53420,phe,invalid_short_skill
53459,pi,invalid_short_skill
53465,pid,invalid_short_skill
53471,pim,invalid_short_skill
53505,pki,invalid_short_skill
53506,pl,invalid_short_skill
53515,plan work allocation to contractors execution inspection provide full-kit coordination with internal customers PCC/Yard execution with service dept machine shop NDE,sentence_or_description
53563,plc,invalid_short_skill
53569,pll,invalid_short_skill
53570,plm,invalid_short_skill
53586,pm,invalid_short_skill
53587,pmc,invalid_short_skill
53588,pmd,invalid_short_skill
53590,pmi,invalid_short_skill
53592,pmo,invalid_short_skill
53595,pms,invalid_short_skill
53596,pmt,invalid_short_skill
53602,pnp,invalid_short_skill
53603,pnr,invalid_short_skill
53604,po,invalid_short_skill
53607,poc,invalid_short_skill
53609,poi,invalid_short_skill
53638,pom,invalid_short_skill
53640,pop,invalid_short_skill
53659,pos,invalid_short_skill
53727,pp,invalid_short_skill
53732,ppc,invalid_short_skill
53739,ppe,invalid_short_skill
53740,ppl,invalid_short_skill
53741,ppm,invalid_short_skill
53743,ppp,invalid_short_skill
53744,pps,invalid_short_skill
53745,pq,invalid_short_skill
53746,pqr,invalid_short_skill
53747,pr,invalid_short_skill
53751,pre,invalid_short_skill
53782,preferred relationship manager,sentence_or_description
53829,pri,invalid_short_skill
53877,prior experience as implant in Food Factory,experience_or_qualification
53893,pro,invalid_short_skill
53909,process,generic
53950,process management,generic
54020,product design 3D modelling & 2D drafting using tools like CATIA,sentence_or_description
54127,professional,generic
54139,proficiency in data analysis,sentence_or_description
54140,proficiency in excel formulas,sentence_or_description
54141,proficient in software Tally,sentence_or_description
54172,project,generic
54197,project domain Site Visits Monitoring Training Awareness Safety Inspection Reviews Safety Promotion Initiatives site Incident Mgt,sentence_or_description
54244,project work experience only,experience_or_qualification
54331,prt,invalid_short_skill
54338,ps,invalid_short_skill
54340,psa,invalid_short_skill
54342,psm,invalid_short_skill
54344,psr,invalid_short_skill
54347,psu,invalid_short_skill
54356,pt,invalid_short_skill
54357,ptc,invalid_short_skill
54359,pte,invalid_short_skill
54361,ptl,invalid_short_skill
54363,ptp,invalid_short_skill
54417,pv,invalid_short_skill
54418,pvs,invalid_short_skill
54420,pwm,invalid_short_skill
54423,pyp,invalid_short_skill
54458,qad,invalid_short_skill
54459,qap,invalid_short_skill
54461,qbd,invalid_short_skill
54462,qc,invalid_short_skill
54470,qe,invalid_short_skill
54478,qmc,invalid_short_skill
54479,qmf,invalid_short_skill
54480,qml,invalid_short_skill
54483,qnx,invalid_short_skill
54484,qos,invalid_short_skill
54485,qra,invalid_short_skill
54488,qs,invalid_short_skill
54489,qsr,invalid_short_skill
54490,qt,invalid_short_skill
54491,qtp,invalid_short_skill
54492,qualification,generic
54579,r,invalid_short_skill
54582,r12,experience_or_qualification
54583,r2r,invalid_short_skill
54585,r3,invalid_short_skill
54586,ra,invalid_short_skill
54588,rac,invalid_short_skill
54591,rad,invalid_short_skill
54609,rag,invalid_short_skill
54618,ran,invalid_short_skill
54621,rap,invalid_short_skill
54625,ras,invalid_short_skill
54632,raw,invalid_short_skill
54639,rbi,invalid_short_skill
54640,rca,invalid_short_skill
54641,rcc,invalid_short_skill
54643,rcm,invalid_short_skill
54646,rcs,invalid_short_skill
54648,rct,invalid_short_skill
54649,rcu,invalid_short_skill
54650,rd,invalid_short_skill
54653,rdd,invalid_short_skill
54654,rds,invalid_short_skill
54655,re,invalid_short_skill
54752,red,invalid_short_skill
54841,release and change management complex cross-team releases release governance SDLC compliance Agile/DevOps,sentence_or_description
54889,report preparation & implementing corrective measures/ Strong proficiency in Excel,sentence_or_description
54905,required basic knowledge of all departments in manufacturing industry,sentence_or_description
54911,requirements,generic
55069,rf,invalid_short_skill
55073,rfc,invalid_short_skill
55075,rfi,invalid_short_skill
55079,rfq,invalid_short_skill
55081,rfx,invalid_short_skill
55104,rim,invalid_short_skill
55134,rlc,invalid_short_skill
55135,rlu,invalid_short_skill
55136,rma,invalid_short_skill
55139,rmf,invalid_short_skill
55140,rmg,invalid_short_skill
55141,rmo,invalid_short_skill
55142,rms,invalid_short_skill
55168,roc,invalid_short_skill
55185,ror,invalid_short_skill
55203,roven experience as an HR Manager or in a relevant HR role. - Strong knowledge of labor laws and HR best practices. - Excellent interpersonal,sentence_or_description
55209,rpc,invalid_short_skill
55210,rpd,invalid_short_skill
55211,rpg,invalid_short_skill
55213,rpm,invalid_short_skill
55214,rpo,invalid_short_skill
55215,rrc,invalid_short_skill
55217,rs232,experience_or_qualification
55218,rs485,experience_or_qualification
55219,rsa,invalid_short_skill
55221,rsm,invalid_short_skill
55223,rt,invalid_short_skill
55225,rta,invalid_short_skill
55226,rtb,invalid_short_skill
55228,rtd,invalid_short_skill
55229,rte,invalid_short_skill
55231,rti,invalid_short_skill
55233,rtl,invalid_short_skill
55237,rtm,invalid_short_skill
55238,rto,invalid_short_skill
55240,rtp,invalid_short_skill
55241,rtr,invalid_short_skill
55260,rwd,invalid_short_skill
55261,rx,invalid_short_skill
55265,s,invalid_short_skill
55270,s1000d,experience_or_qualification
55271,s2p,invalid_short_skill
55272,s3,invalid_short_skill
55273,s4,invalid_short_skill
55278,s4h,invalid_short_skill
55288,sac,invalid_short_skill
55317,sag,invalid_short_skill
55489,san,invalid_short_skill
55747,sbc,invalid_short_skill
55749,sbu,invalid_short_skill
55750,sc,invalid_short_skill
55801,science,generic
55808,scm,invalid_short_skill
55818,scp,invalid_short_skill
55819,scr,invalid_short_skill
55839,sd,invalid_short_skill
55841,sda,invalid_short_skill
55842,sde,invalid_short_skill
55844,sdh,invalid_short_skill
55845,sdk,invalid_short_skill
55849,sdn,invalid_short_skill
55851,sdr,invalid_short_skill
55852,sds,invalid_short_skill
55855,sea,invalid_short_skill
55870,sec,invalid_short_skill
55958,sem,invalid_short_skill
56043,service,generic
56109,services,generic
56121,set,invalid_short_skill
56131,seu,invalid_short_skill
56136,sf6,invalid_short_skill
56137,sfa,invalid_short_skill
56138,sfb,invalid_short_skill
56146,sgw,invalid_short_skill
56211,sic,invalid_short_skill
56232,sil,invalid_short_skill
56249,sip,invalid_short_skill
56300,skills,generic
56301,skills that are needed to impart efficient therapeutic management to the patient to ensure a speedy recovery,sentence_or_description
56309,sku,invalid_short_skill
56311,sla,invalid_short_skill
56316,slc,invalid_short_skill
56317,sld,invalid_short_skill
56321,slp,invalid_short_skill
56322,slt,invalid_short_skill
56324,sm,invalid_short_skill
56350,smb,invalid_short_skill
56355,smm,invalid_short_skill
56356,smo,invalid_short_skill
56359,smt,invalid_short_skill
56370,sno,invalid_short_skill
56379,snp,invalid_short_skill
56381,sns,invalid_short_skill
56382,soa,invalid_short_skill
56390,soc,invalid_short_skill
56425,sod,invalid_short_skill
56426,soe,invalid_short_skill
56434,software,generic
56454,software development,generic
56498,soh,invalid_short_skill
56549,som,invalid_short_skill
56550,some experience in gold jewellery industry,sentence_or_description
56556,sop,invalid_short_skill
56577,sourcing n liaison with Govt deptt good communication,sentence_or_description
56591,sow,invalid_short_skill
56592,sox,invalid_short_skill
56614,spc,invalid_short_skill
56637,spf,invalid_short_skill
56639,spi,invalid_short_skill
56640,spices selling experience,experience_or_qualification
56650,spm,invalid_short_skill
56682,sps,invalid_short_skill
56686,sqa,invalid_short_skill
56720,sqr,invalid_short_skill
56728,srm,invalid_short_skill
56732,ssd,invalid_short_skill
56733,sse,invalid_short_skill
56735,ssi,invalid_short_skill
56741,ssm,invalid_short_skill
56742,sso,invalid_short_skill
56743,ssr,invalid_short_skill
56745,st,invalid_short_skill
56746,sta,invalid_short_skill
56852,stl,invalid_short_skill
56855,stm,invalid_short_skill
56856,sto,invalid_short_skill
56921,stp,invalid_short_skill
56922,str,invalid_short_skill
56964,strong Communication,generic
56969,strong communication,generic
57031,sub,invalid_short_skill
57113,support,generic
57157,sv,invalid_short_skill
57159,svc,invalid_short_skill
57160,svn,invalid_short_skill
57161,sw,invalid_short_skill
57185,sxa,invalid_short_skill
57260,t24,experience_or_qualification
57261,ta,invalid_short_skill
57267,tac,invalid_short_skill
57279,tal,invalid_short_skill
57303,tam,invalid_short_skill
57309,tao,invalid_short_skill
57310,tap,invalid_short_skill
57326,tat,invalid_short_skill
57328,tax,invalid_short_skill
57359,tcl,invalid_short_skill
57364,tcs,invalid_short_skill
57365,tdd,invalid_short_skill
57366,tdm,invalid_short_skill
57367,tdp,invalid_short_skill
57368,tds,invalid_short_skill
57372,te,invalid_short_skill
57373,tea,invalid_short_skill
57379,teaching experience,experience_or_qualification
57383,team,generic
57386,team Management,generic
57399,team management,generic
57404,team player,generic
57422,technical,generic
57425,technical Support,generic
57462,technical knowledge,generic
57494,technical skills,generic
57499,technical support,generic
57709,tff,invalid_short_skill
57710,tfs,invalid_short_skill
57711,tg,invalid_short_skill
57712,tgt,invalid_short_skill
57754,ti,invalid_short_skill
57775,tig,invalid_short_skill
57817,tk,invalid_short_skill
57818,tlf,invalid_short_skill
57819,tlm,invalid_short_skill
57820,tm,invalid_short_skill
57821,tni,invalid_short_skill
57828,tol,invalid_short_skill
57870,tp,invalid_short_skill
57871,tpa,invalid_short_skill
57873,tpm,invalid_short_skill
57875,tpo,invalid_short_skill
57877,tpt,invalid_short_skill
57878,tqm,invalid_short_skill
57879,tr,invalid_short_skill
58064,ts,invalid_short_skill
58065,tsd,invalid_short_skill
58066,tse,invalid_short_skill
58067,tsl,invalid_short_skill
58068,tso,invalid_short_skill
58069,tsr,invalid_short_skill
58092,tws,invalid_short_skill
58100,u,invalid_short_skill
58105,uat,invalid_short_skill
58109,ubr,invalid_short_skill
58112,uc4,invalid_short_skill
58114,ucd,invalid_short_skill
58115,ucp,invalid_short_skill
58116,ucs,invalid_short_skill
58119,uds,invalid_short_skill
58120,ue,invalid_short_skill
58122,uem,invalid_short_skill
58123,ufs,invalid_short_skill
58124,uft,invalid_short_skill
58129,ui,invalid_short_skill
58145,uk,invalid_short_skill
58155,ul,invalid_short_skill
58212,uos,invalid_short_skill
58217,upi,invalid_short_skill
58219,ups,invalid_short_skill
58236,us,invalid_short_skill
58282,usa,invalid_short_skill
58302,user experience design,experience_or_qualification
58316,usg,invalid_short_skill
58319,ut,invalid_short_skill
58326,utm,invalid_short_skill
58327,uv,invalid_short_skill
58328,uvm,invalid_short_skill
58329,ux,invalid_short_skill
58334,v2,invalid_short_skill
58335,v6,invalid_short_skill
58342,va,invalid_short_skill
58360,vam,invalid_short_skill
58364,var,invalid_short_skill
58371,vas,invalid_short_skill
58374,vat,invalid_short_skill
58378,vb,invalid_short_skill
58384,vcf,invalid_short_skill
58386,vdi,invalid_short_skill
58387,vds,invalid_short_skill
58388,ve,invalid_short_skill
58490,vfd,invalid_short_skill
58493,vfx,invalid_short_skill
58499,vid,invalid_short_skill
58515,vim,invalid_short_skill
58517,vio,invalid_short_skill
58537,vis,invalid_short_skill
58577,vmc,invalid_short_skill
58580,vmo,invalid_short_skill
58581,vms,invalid_short_skill
58596,vnx,invalid_short_skill
58601,vod,invalid_short_skill
58602,voe,invalid_short_skill
58627,vouchers. Good communication,sentence_or_description
58629,vp,invalid_short_skill
58630,vpc,invalid_short_skill
58631,vpd,invalid_short_skill
58638,vsa,invalid_short_skill
58643,vt,invalid_short_skill
58658,w2,invalid_short_skill
58659,w3c,invalid_short_skill
58671,wan,invalid_short_skill
58714,wbs,invalid_short_skill
58715,wbt,invalid_short_skill
58717,wcc,invalid_short_skill
58719,wcf,invalid_short_skill
58720,wcm,invalid_short_skill
58721,wcs,invalid_short_skill
58722,wd,invalid_short_skill
58724,wdm,invalid_short_skill
58725,wds,invalid_short_skill
58732,web,invalid_short_skill
58834,weekly & monthly reports and maintain the records.Raw materials quality inspection entry through ERP Outside grains procurement Receive & verify the invoice copy from loading vehicle driver,sentence_or_description
58860,wfh,invalid_short_skill
58861,wfm,invalid_short_skill
58863,wfo,invalid_short_skill
58864,wfs,invalid_short_skill
58880,willing to relocate to Rajpura Punjab and for cv whatsapp 9216321822,sentence_or_description
58884,win,invalid_short_skill
58943,with practical experience in recording and managing entries for Sales,sentence_or_description
58944,with proven negotiation skills. Excellent interpersonal and customer service skills. Excellent organizational skills. Excellent time management skills with a proven ability to meet deadlines,sentence_or_description
58945,with the ability to use CRM tools,sentence_or_description
58947,wix,invalid_short_skill
58948,wiz,invalid_short_skill
58951,wm,invalid_short_skill
58957,word and email. Support for material planning activity. Co-ordination with Customs clearance activity,sentence_or_description
58967,work from home,non_skill_phrase
59027,wpa,invalid_short_skill
59028,wpf,invalid_short_skill
59029,wps,invalid_short_skill
59041,wtp,invalid_short_skill
59044,x,invalid_short_skill
59047,x12,experience_or_qualification
59048,x86,experience_or_qualification
59058,xcp,invalid_short_skill
59060,xd,invalid_short_skill
59063,xen,invalid_short_skill
59079,xr,invalid_short_skill
59080,xra,invalid_short_skill
59084,xsd,invalid_short_skill
59098,yii,invalid_short_skill
59105,yum,invalid_short_skill
59111,zap,invalid_short_skill
59112,zbc,invalid_short_skill
59118,zld,invalid_short_skill
59130,zos,invalid_short_skill
