skill_id,skill_name,reason
1,#Create Digital Marketing Campaigns #Generating company Quality Blog Content #Understanding Social Media Best Practices #Executing Campaigns on Social Networks # Facebook #Linkedin #Youtube #Instagram,sentence_or_description
2,#doctor,non_skill_phrase
3,#metro #track #blastless track #pway,non_skill_phrase
4,0-30 bucket,numeric_or_code_noise
5,000 to 25,numeric_or_code_noise
6,02c,invalid_short_skill
7,0365,numeric_or_code_noise
10,1 Year Banking Experience,experience_or_description_phrase
11,1 to 2 years of experience in Gen AI tasks,numeric_or_code_noise
12,1. Deep understanding of SFE principles,non_skill_phrase
13,1. Excellent knowledge of HR functions and employment laws. 2. Strong communication,experience_or_description_phrase
14,1. Good spoken and written english and tamil,sentence_or_description
15,1. Negotiation Skills,non_skill_phrase
16,1. Strong communication and negotiation skills 2. Lead generation and business development 3. Good command of communication and presentation 4. Market research and competitor analysis 5. Strong knowledge of industrial fasteners and hardware products,experience_or_description_phrase
17,1.0,invalid_short_skill
18,1.Good Written & Verbal communication skills 2.organizational skills for tracking several projects at the same time 3.Experience with MVC architecture,experience_or_description_phrase
19,1.Sales Leadership 2.Relationship Management 3.Team Management 4.Communication Skills 5.Training & Coaching 6.Analytical Thinking 7.Customer Focus 8.Product Knowledge 9.Compliance & Process Adherence 10.Strategic Planning,sentence_or_description
20,1.Site supervision 2.Project coordination 3.Quality & safety management 4.Material & resource handling 5. Team leadership 6. Problem-solving 7. Knowledge of drawings & finishes,experience_or_description_phrase
21,10+ years of experience in AI/ML,experience_or_description_phrase
22,10.0,numeric_or_code_noise
24,1040,numeric_or_code_noise
25,1040s,numeric_or_code_noise
26,1065,numeric_or_code_noise
27,1099 & US visas. Excellent sourcing & negotiation skills required,experience_or_description_phrase
29,10th,education_or_qualification
30,10th Pass,education_or_qualification
32,11th,education_or_qualification
33,12 class,education_or_qualification
35,12+ Years in IT Sales Enterprise Sales Global Market,experience_or_description_phrase
36,12+yrs Fixture Fabrication Execution Enabling,experience_or_description_phrase
37,12+yrs in HSE role with RENEWABLE/WIND POWER project domain,experience_or_description_phrase
38,12+yrs specific skills in core construction equipment sales cranes piling rig tower crane scissor and boom lift Excavators,experience_or_description_phrase
39,12C,invalid_short_skill
40,12TH / ITI / DIPLOMA / ANY DEGREE,education_or_qualification
41,12c,duplicate_normalized_skill
42,12t,invalid_short_skill
43,12th,education_or_qualification
44,12th Pass,education_or_qualification
45,12th pass,duplicate_normalized_skill
46,13,invalid_short_skill
48,132kv,duplicate_normalized_skill
49,14,invalid_short_skill
50,14001,numeric_or_code_noise
51,14155,numeric_or_code_noise
52,14281,numeric_or_code_noise
53,15,invalid_short_skill
54,16949,numeric_or_code_noise
55,17025,numeric_or_code_noise
56,18,invalid_short_skill
57,19C,invalid_short_skill
58,19c,duplicate_normalized_skill
62,1st line manager,duplicate_normalized_skill
63,1st party Collection,duplicate_normalized_skill
64,1yrs Banking Experience in CASA Sales,experience_or_description_phrase
70,2 years experience,experience_or_description_phrase
71,2-3 yrs of HFM experience,numeric_or_code_noise
72,2-Wheeler Preferred,experience_or_description_phrase
74,2. Knowledge of solvents and co-solvents,experience_or_description_phrase
75,2. medical content writing,non_skill_phrase
77,20+yrs skills considered only from renewable/wind energy project,experience_or_description_phrase
78,2023,numeric_or_code_noise
79,2024,numeric_or_code_noise
80,2025,numeric_or_code_noise
82,21 CFR 820,numeric_or_code_noise
86,220kv,duplicate_normalized_skill
87,23779,numeric_or_code_noise
88,24,invalid_short_skill
92,24Q,invalid_short_skill
94,25,invalid_short_skill
96,26Q,invalid_short_skill
98,270,invalid_short_skill
99,27644,numeric_or_code_noise
100,27701,numeric_or_code_noise
101,282824,numeric_or_code_noise
102,28414,numeric_or_code_noise
103,28816,numeric_or_code_noise
117,2D design,duplicate_normalized_skill
126,2d,duplicate_normalized_skill
127,2d animation,duplicate_normalized_skill
128,2d drawing,duplicate_normalized_skill
130,2d programming,duplicate_normalized_skill
131,2g,invalid_short_skill
139,3 axis,duplicate_normalized_skill
141,3 to 5 years in secretarial admin role,numeric_or_code_noise
142,3 to 5 years of HR experience . Strong knowledge of labor laws and HR practices. Excellent communication and interpersonal skills. Proficiency in MS Office and HR software . Good organizational and multitasking abilities,numeric_or_code_noise
143,3 to 6 Years Exp. in Mfg Industry,numeric_or_code_noise
144,3 way matching,duplicate_normalized_skill
145,3-4 Yrs. Exp. on the same level,numeric_or_code_noise
147,3. Process optimization,non_skill_phrase
148,30-60-90 feedback,numeric_or_code_noise
149,3000,numeric_or_code_noise
152,33kv,duplicate_normalized_skill
153,360 Degree Marketing,education_or_qualification
154,365,invalid_short_skill
155,37430,numeric_or_code_noise
156,37462,numeric_or_code_noise
157,37496,numeric_or_code_noise
158,38120,numeric_or_code_noise
159,38184,numeric_or_code_noise
160,3B,invalid_short_skill
170,3D CAD modelling,duplicate_normalized_skill
172,3D Cad,duplicate_normalized_skill
198,3D animation,duplicate_normalized_skill
204,3D model,duplicate_normalized_skill
207,3D modeling,duplicate_normalized_skill
208,3D modelling,duplicate_normalized_skill
209,3D models,duplicate_normalized_skill
212,3D visualizer,duplicate_normalized_skill
215,3DX,invalid_short_skill
216,3Dexperience,duplicate_normalized_skill
217,3Ds Max,duplicate_normalized_skill
219,3G,invalid_short_skill
222,3NF,invalid_short_skill
223,3PL,invalid_short_skill
224,3Pl,duplicate_normalized_skill
226,3d,duplicate_normalized_skill
228,3d animation,duplicate_normalized_skill
229,3d architecture,duplicate_normalized_skill
231,3d cad,duplicate_normalized_skill
232,3d designing,duplicate_normalized_skill
234,3d max,duplicate_normalized_skill
236,3d model,duplicate_normalized_skill
237,3d modeler,duplicate_normalized_skill
238,3d modeling,duplicate_normalized_skill
239,3d printing,duplicate_normalized_skill
240,3d rendering,duplicate_normalized_skill
241,3d routing,duplicate_normalized_skill
242,3d software,duplicate_normalized_skill
243,3dX,duplicate_normalized_skill
244,3dexperience,duplicate_normalized_skill
245,3ds Max,duplicate_normalized_skill
246,3ds max,duplicate_normalized_skill
247,3dx,duplicate_normalized_skill
248,3g,duplicate_normalized_skill
249,3gpp,duplicate_normalized_skill
250,3m,invalid_short_skill
251,3pl,duplicate_normalized_skill
256,4 yrs of proven track record of selling Tiles/Cement/Ply wood/Building Materials/Adhesives,experience_or_description_phrase
258,400kv/220kv,numeric_or_code_noise
259,401,invalid_short_skill
264,41462,numeric_or_code_noise
265,42786,numeric_or_code_noise
266,43233,numeric_or_code_noise
267,43533,numeric_or_code_noise
268,43897,numeric_or_code_noise
269,44133,numeric_or_code_noise
270,45001,numeric_or_code_noise
271,45001& 50001,numeric_or_code_noise
272,47118,numeric_or_code_noise
273,47337,numeric_or_code_noise
274,47622,numeric_or_code_noise
275,47636,numeric_or_code_noise
276,49437,numeric_or_code_noise
277,49646,numeric_or_code_noise
278,4C,invalid_short_skill
279,4Cs,invalid_short_skill
282,4Gl,invalid_short_skill
284,4c,duplicate_normalized_skill
285,4g,duplicate_normalized_skill
288,5 S,invalid_short_skill
292,5 axis,duplicate_normalized_skill
293,5 why,duplicate_normalized_skill
294,5+ years of experience in IT operations or application support,experience_or_description_phrase
295,5+ years of work experience in Business Development and Growth. 3+ years experience in B2C Sales,experience_or_description_phrase
298,5000,numeric_or_code_noise
300,52509,numeric_or_code_noise
301,53481,numeric_or_code_noise
302,53609,numeric_or_code_noise
303,5471,numeric_or_code_noise
304,5CT,invalid_short_skill
310,5S,invalid_short_skill
316,5g,duplicate_normalized_skill
318,6+yrs DEFENSE BACKGROUND security protocol procedures Emergency response planning Should have licence Gun,experience_or_description_phrase
319,65158,numeric_or_code_noise
320,66462,numeric_or_code_noise
322,68850,numeric_or_code_noise
323,6A,invalid_short_skill
325,7 QC,invalid_short_skill
327,7 Years and above handling of Supervisors & Labours team,experience_or_description_phrase
328,7+ yrs extensive skills in legal legislations labour laws statutory legislation compliances in projects & asset sites preferably from renewable/wind power projects,experience_or_description_phrase
329,7+yrs skills in Inspection of Foundation casting WTG installation Transmission Tower PSS & 33kV lines works specifically for WIND POWER project,experience_or_description_phrase
330,7+yrs skills in WTG S/s/TL Civil work Material Inspection Quality Audit & training of Quality Management System ISO 9001 certification,experience_or_description_phrase
331,7000,numeric_or_code_noise
332,70721,numeric_or_code_noise
334,744000076036886,numeric_or_code_noise
335,744000076036984,numeric_or_code_noise
336,744000076037006,numeric_or_code_noise
337,74768,numeric_or_code_noise
339,765kV,duplicate_normalized_skill
340,765kv,duplicate_normalized_skill
341,765kv/400kv,numeric_or_code_noise
342,78909,numeric_or_code_noise
343,79725,numeric_or_code_noise
346,7QC tools,duplicate_normalized_skill
347,7Qc,invalid_short_skill
348,7Qc Tools,duplicate_normalized_skill
349,7qc,duplicate_normalized_skill
351,8 bit,duplicate_normalized_skill
352,8+,invalid_short_skill
353,8+yrs specifically in ELEVATOR segment,experience_or_description_phrase
355,80090,numeric_or_code_noise
356,802.11,numeric_or_code_noise
357,80976,numeric_or_code_noise
358,81122,numeric_or_code_noise
359,82708,numeric_or_code_noise
360,835,invalid_short_skill
361,84280,numeric_or_code_noise
362,8448100705,numeric_or_code_noise
363,8571,numeric_or_code_noise
364,86006,numeric_or_code_noise
365,88095,numeric_or_code_noise
366,88130,numeric_or_code_noise
367,88140,numeric_or_code_noise
368,88164,numeric_or_code_noise
369,8858,numeric_or_code_noise
370,8865,numeric_or_code_noise
371,89073,numeric_or_code_noise
372,89077,numeric_or_code_noise
373,89125,numeric_or_code_noise
374,89481,numeric_or_code_noise
375,89483,numeric_or_code_noise
376,89707,numeric_or_code_noise
377,8D,invalid_short_skill
381,8d,duplicate_normalized_skill
382,8d analysis,duplicate_normalized_skill
383,9.x,invalid_short_skill
384,90000,numeric_or_code_noise
385,9001,numeric_or_code_noise
386,90049,numeric_or_code_noise
387,90143,numeric_or_code_noise
388,90145,numeric_or_code_noise
389,90156,numeric_or_code_noise
390,90269,numeric_or_code_noise
391,93K,invalid_short_skill
393,A good working knowledge of sterilisation and infection control standards,experience_or_description_phrase
395,A production trainee is an entry-level employee who receives hands-on training in manufacturing and production processes to develop the skills needed for a full-time role,sentence_or_description
396,A qualified professional such as CA / CS / CMA / CPA / CFA OR A post-graduate in Finance,education_or_qualification
397,A sales executive should have good communication,experience_or_description_phrase
406,A/B testing,duplicate_normalized_skill
412,A2A,invalid_short_skill
414,A2O,invalid_short_skill
415,A2R,invalid_short_skill
417,AA,invalid_short_skill
418,AAA,invalid_short_skill
420,AAC,invalid_short_skill
427,AB,invalid_short_skill
440,ABC,invalid_short_skill
442,ABM,invalid_short_skill
443,ABS,invalid_short_skill
444,AC,invalid_short_skill
449,AC drives,duplicate_normalized_skill
454,ACA,invalid_short_skill
455,ACB,invalid_short_skill
458,ACC,invalid_short_skill
461,ACCOUNT,generic
472,ACE,invalid_short_skill
473,ACH,invalid_short_skill
475,ACH payments,duplicate_normalized_skill
476,ACI,invalid_short_skill
479,ACL,invalid_short_skill
481,ACN,invalid_short_skill
482,ACS,invalid_short_skill
485,AD,invalid_short_skill
489,ADB,invalid_short_skill
490,ADC,invalid_short_skill
494,ADF,invalid_short_skill
497,ADL,invalid_short_skill
501,ADM,invalid_short_skill
505,ADO,invalid_short_skill
507,ADO.Net,duplicate_normalized_skill
508,ADP,invalid_short_skill
512,AE,invalid_short_skill
514,AEM,invalid_short_skill
526,AEO,invalid_short_skill
527,AEP,invalid_short_skill
530,AET,invalid_short_skill
533,AFO,invalid_short_skill
539,AGM,invalid_short_skill
542,AGS,invalid_short_skill
543,AGV,invalid_short_skill
544,AHA,invalid_short_skill
548,AHT,invalid_short_skill
549,AHU,invalid_short_skill
586,AI Ops,duplicate_normalized_skill
608,AI automation,duplicate_normalized_skill
612,AI engineer,duplicate_normalized_skill
625,AI tools,duplicate_normalized_skill
649,AID,invalid_short_skill
653,AIF,invalid_short_skill
661,AIML engineer,duplicate_normalized_skill
662,AIOC-S01551225,numeric_or_code_noise
663,AIOC-S01569369,numeric_or_code_noise
664,AIOC-S01569379,numeric_or_code_noise
665,AIOC-S01570843,numeric_or_code_noise
666,AIOC-S01570873,numeric_or_code_noise
667,AIOC-S01570877,numeric_or_code_noise
668,AIOC-S01570896,numeric_or_code_noise
669,AIOC-S01572269,numeric_or_code_noise
670,AIOC-S01573139,numeric_or_code_noise
671,AIOC-S01573141,numeric_or_code_noise
672,AIOC-S01573387,numeric_or_code_noise
673,AIOC-S01573403,numeric_or_code_noise
674,AIOC-S01573417,numeric_or_code_noise
675,AIOC-S01573424,numeric_or_code_noise
676,AIOC-S01573455,numeric_or_code_noise
677,AIOC-S01573459,numeric_or_code_noise
678,AIOC-S01573472,numeric_or_code_noise
679,AIOC-S01575696,numeric_or_code_noise
680,AIOC-S01575700,numeric_or_code_noise
681,AIOC-S01575702,numeric_or_code_noise
682,AIOC-S01575705,numeric_or_code_noise
683,AIOC-S01576435,numeric_or_code_noise
684,AIOC-S01576436,numeric_or_code_noise
685,AIOC-S01576437,numeric_or_code_noise
686,AIOC-S01576447,numeric_or_code_noise
687,AIOC-S01576457,numeric_or_code_noise
688,AIOC-S01576458,numeric_or_code_noise
689,AIOC-S01576459,numeric_or_code_noise
690,AIOC-S01576463,numeric_or_code_noise
691,AIOC-S01576468,numeric_or_code_noise
692,AIOC-S01576496,numeric_or_code_noise
693,AIOC-S01576505,numeric_or_code_noise
694,AIOC-S01580816,numeric_or_code_noise
695,AIOC-S01580817,numeric_or_code_noise
696,AIOC-S01580818,numeric_or_code_noise
697,AIOC-S01580877,numeric_or_code_noise
698,AIOC-S01580910,numeric_or_code_noise
699,AIOC-S01580912,numeric_or_code_noise
700,AIOC-S01580913,numeric_or_code_noise
701,AIOC-S01580914,numeric_or_code_noise
702,AIOC-S01580915,numeric_or_code_noise
703,AIOC-S01580916,numeric_or_code_noise
704,AIOC-S01580917,numeric_or_code_noise
705,AIOC-S01581060,numeric_or_code_noise
706,AIOC-S01581080,numeric_or_code_noise
707,AIOC-S01583180,numeric_or_code_noise
708,AIOC-S01583182,numeric_or_code_noise
709,AIOC-S01583183,numeric_or_code_noise
710,AIOC-S01583192,numeric_or_code_noise
711,AIOC-S01585090,numeric_or_code_noise
712,AIOC-S01585095,numeric_or_code_noise
713,AIOC-S01585140,numeric_or_code_noise
714,AIOC-S01586593,numeric_or_code_noise
715,AIOC-S01586791,numeric_or_code_noise
716,AIOC-S01587272,numeric_or_code_noise
717,AIOC-S01589260,numeric_or_code_noise
718,AIOC-S01589395,numeric_or_code_noise
719,AIOC-S01589682,numeric_or_code_noise
720,AIOC-S01589683,numeric_or_code_noise
721,AIOC-S01589692,numeric_or_code_noise
722,AIOC-S01589893,numeric_or_code_noise
723,AIOC-S01590004,numeric_or_code_noise
724,AIOC-S01590007,numeric_or_code_noise
725,AIOC-S01590008,numeric_or_code_noise
726,AIOC-S01590011,numeric_or_code_noise
727,AIOC-S01590014,numeric_or_code_noise
728,AIOC-S01590015,numeric_or_code_noise
729,AIOC-S01590017,numeric_or_code_noise
730,AIOC-S01590018,numeric_or_code_noise
731,AIOC-S01590019,numeric_or_code_noise
732,AIOC-S01590020,numeric_or_code_noise
733,AIOC-S01590021,numeric_or_code_noise
734,AIOC-S01590022,numeric_or_code_noise
735,AIOC-S01590025,numeric_or_code_noise
736,AIOC-S01590026,numeric_or_code_noise
737,AIOC-S01590028,numeric_or_code_noise
738,AIOC-S01590029,numeric_or_code_noise
739,AIOC-S01590030,numeric_or_code_noise
740,AIOC-S01590031,numeric_or_code_noise
741,AIOC-S01590032,numeric_or_code_noise
742,AIOC-S01590033,numeric_or_code_noise
743,AIOC-S01590036,numeric_or_code_noise
744,AIOC-S01590037,numeric_or_code_noise
745,AIOC-S01590038,numeric_or_code_noise
746,AIOC-S01590039,numeric_or_code_noise
747,AIOC-S01590040,numeric_or_code_noise
748,AIOC-S01590041,numeric_or_code_noise
749,AIOC-S01590042,numeric_or_code_noise
750,AIOC-S01590043,numeric_or_code_noise
751,AIOC-S01590044,numeric_or_code_noise
752,AIOC-S01590047,numeric_or_code_noise
753,AIOC-S01590048,numeric_or_code_noise
754,AIOC-S01590049,numeric_or_code_noise
755,AIOC-S01590051,numeric_or_code_noise
756,AIOC-S01590052,numeric_or_code_noise
757,AIOC-S01590053,numeric_or_code_noise
758,AIOC-S01590054,numeric_or_code_noise
759,AIOC-S01590055,numeric_or_code_noise
760,AIOC-S01590058,numeric_or_code_noise
761,AIOC-S01590059,numeric_or_code_noise
762,AIOC-S01590060,numeric_or_code_noise
763,AIOC-S01590061,numeric_or_code_noise
764,AIOC-S01590062,numeric_or_code_noise
765,AIOC-S01590064,numeric_or_code_noise
766,AIOC-S01590069,numeric_or_code_noise
767,AIOC-S01590071,numeric_or_code_noise
768,AIOC-S01590083,numeric_or_code_noise
769,AIOC-S01590085,numeric_or_code_noise
770,AIOC-S01590086,numeric_or_code_noise
771,AIOC-S01590093,numeric_or_code_noise
772,AIOC-S01590174,numeric_or_code_noise
773,AIOC-S01590228,numeric_or_code_noise
774,AIOC-S01590367,numeric_or_code_noise
775,AIOC-S01590384,numeric_or_code_noise
776,AIOC-S01590385,numeric_or_code_noise
777,AIOC-S01590393,numeric_or_code_noise
778,AIOC-S01590404,numeric_or_code_noise
779,AIOC-S01590412,numeric_or_code_noise
780,AIOC-S01590469,numeric_or_code_noise
781,AIOC-S01590470,numeric_or_code_noise
782,AIOC-S01590471,numeric_or_code_noise
783,AIOC-S01590472,numeric_or_code_noise
784,AIOC-S01590513,numeric_or_code_noise
785,AIOC-S01590571,numeric_or_code_noise
786,AIOC-S01590583,numeric_or_code_noise
787,AIOC-S01590585,numeric_or_code_noise
788,AIOC-S01590597,numeric_or_code_noise
789,AIOC-S01590682,numeric_or_code_noise
790,AIOC-S01590756,numeric_or_code_noise
791,AIOC-S01590763,numeric_or_code_noise
792,AIOC-S01590765,numeric_or_code_noise
793,AIOC-S01590775,numeric_or_code_noise
794,AIOC-S01590776,numeric_or_code_noise
795,AIOC-S01590950,numeric_or_code_noise
796,AIOC-S01590951,numeric_or_code_noise
797,AIOC-S01590954,numeric_or_code_noise
798,AIOC-S01590965,numeric_or_code_noise
799,AIOC-S01590976,numeric_or_code_noise
800,AIOC-S01590987,numeric_or_code_noise
801,AIOC-S01590990,numeric_or_code_noise
802,AIOC-S01590998,numeric_or_code_noise
803,AIOC-S01591010,numeric_or_code_noise
804,AIOC-S01591011,numeric_or_code_noise
805,AIOC-S01591012,numeric_or_code_noise
806,AIOC-S01591020,numeric_or_code_noise
807,AIOC-S01591021,numeric_or_code_noise
808,AIOC-S01591022,numeric_or_code_noise
809,AIOC-S01591031,numeric_or_code_noise
810,AIOC-S01591033,numeric_or_code_noise
811,AIOC-S01591034,numeric_or_code_noise
812,AIOC-S01591040,numeric_or_code_noise
813,AIOC-S01591041,numeric_or_code_noise
814,AIOC-S01591042,numeric_or_code_noise
815,AIOC-S01591043,numeric_or_code_noise
816,AIOC-S01591053,numeric_or_code_noise
817,AIOC-S01591055,numeric_or_code_noise
818,AIOC-S01591071,numeric_or_code_noise
819,AIOC-S01591072,numeric_or_code_noise
820,AIOC-S01591073,numeric_or_code_noise
821,AIOC-S01591074,numeric_or_code_noise
822,AIOC-S01591075,numeric_or_code_noise
823,AIOC-S01591076,numeric_or_code_noise
824,AIOC-S01591077,numeric_or_code_noise
825,AIOC-S01591078,numeric_or_code_noise
826,AIOC-S01591082,numeric_or_code_noise
827,AIOC-S01591083,numeric_or_code_noise
828,AIOC-S01591084,numeric_or_code_noise
829,AIOC-S01591085,numeric_or_code_noise
830,AIOC-S01591086,numeric_or_code_noise
831,AIOC-S01591087,numeric_or_code_noise
832,AIOC-S01591088,numeric_or_code_noise
833,AIOC-S01591089,numeric_or_code_noise
834,AIOC-S01591093,numeric_or_code_noise
835,AIOC-S01591095,numeric_or_code_noise
836,AIOC-S01591096,numeric_or_code_noise
837,AIOC-S01591097,numeric_or_code_noise
838,AIOC-S01591098,numeric_or_code_noise
839,AIOC-S01591099,numeric_or_code_noise
840,AIOC-S01591100,numeric_or_code_noise
841,AIOC-S01591151,numeric_or_code_noise
842,AIOC-S01591153,numeric_or_code_noise
843,AIOC-S01591155,numeric_or_code_noise
844,AIOC-S01591164,numeric_or_code_noise
845,AIOC-S01591173,numeric_or_code_noise
846,AIOC-S01591174,numeric_or_code_noise
847,AIOC-S01591175,numeric_or_code_noise
848,AIOC-S01591177,numeric_or_code_noise
849,AIOC-S01591178,numeric_or_code_noise
850,AIOC-S01591504,numeric_or_code_noise
851,AIOC-S01591571,numeric_or_code_noise
852,AIOC-S01591573,numeric_or_code_noise
853,AIOC-S01591622,numeric_or_code_noise
854,AIOC-S01591623,numeric_or_code_noise
855,AIOC-S01591660,numeric_or_code_noise
856,AIOC-S01591661,numeric_or_code_noise
857,AIOC-S01591720,numeric_or_code_noise
858,AIOC-S01591722,numeric_or_code_noise
859,AIOC-S01591746,numeric_or_code_noise
860,AIOC-S01591765,numeric_or_code_noise
861,AIOC-S01591766,numeric_or_code_noise
862,AIOC-S01591770,numeric_or_code_noise
863,AIOC-S01591776,numeric_or_code_noise
864,AIOC-S01591781,numeric_or_code_noise
865,AIOC-S01591793,numeric_or_code_noise
866,AIOC-S01591823,numeric_or_code_noise
867,AIOC-S01591833,numeric_or_code_noise
868,AIOC-S01591834,numeric_or_code_noise
869,AIOC-S01591881,numeric_or_code_noise
870,AIOC-S01591888,numeric_or_code_noise
871,AIOC-S01591899,numeric_or_code_noise
872,AIOC-S01591900,numeric_or_code_noise
873,AIOC-S01592058,numeric_or_code_noise
874,AIOC-S01592059,numeric_or_code_noise
875,AIOC-S01592334,numeric_or_code_noise
876,AIOC-S01592413,numeric_or_code_noise
877,AIOC-S01592712,numeric_or_code_noise
878,AIOC-S01592767,numeric_or_code_noise
879,AIOC-S01599443,numeric_or_code_noise
880,AIOC-S01599454,numeric_or_code_noise
881,AIOC-S01599475,numeric_or_code_noise
882,AIOC-S01599506,numeric_or_code_noise
883,AIOC-S01599509,numeric_or_code_noise
884,AIOC-S01599516,numeric_or_code_noise
885,AIOC-S01599518,numeric_or_code_noise
886,AIOC-S01599521,numeric_or_code_noise
887,AIOC-S01599526,numeric_or_code_noise
888,AIOC-S01599531,numeric_or_code_noise
889,AIOC-S01599533,numeric_or_code_noise
890,AIOC-S01599536,numeric_or_code_noise
891,AIOC-S01599541,numeric_or_code_noise
892,AIOC-S01599547,numeric_or_code_noise
893,AIOC-S01599553,numeric_or_code_noise
894,AIOC-S01599563,numeric_or_code_noise
895,AIOC-S01599569,numeric_or_code_noise
896,AIOC-S01599574,numeric_or_code_noise
897,AIOC-S01599576,numeric_or_code_noise
898,AIOC-S01599587,numeric_or_code_noise
899,AIOC-S01599602,numeric_or_code_noise
900,AIOC-S01599608,numeric_or_code_noise
901,AIOC-S01599610,numeric_or_code_noise
902,AIOC-S01599613,numeric_or_code_noise
903,AIOC-S01599614,numeric_or_code_noise
904,AIOC-S01599617,numeric_or_code_noise
905,AIOC-S01599621,numeric_or_code_noise
906,AIOC-S01599630,numeric_or_code_noise
907,AIOC-S01599631,numeric_or_code_noise
908,AIOC-S01599636,numeric_or_code_noise
909,AIOC-S01599637,numeric_or_code_noise
910,AIOC-S01599639,numeric_or_code_noise
911,AIOC-S01599648,numeric_or_code_noise
912,AIOC-S01599651,numeric_or_code_noise
913,AIOC-S01599654,numeric_or_code_noise
914,AIOC-S01599659,numeric_or_code_noise
915,AIOC-S01599662,numeric_or_code_noise
916,AIOC-S01599663,numeric_or_code_noise
917,AIOC-S01599673,numeric_or_code_noise
918,AIOC-S01599674,numeric_or_code_noise
919,AIOC-S01599675,numeric_or_code_noise
920,AIOC-S01599676,numeric_or_code_noise
921,AIOC-S01599679,numeric_or_code_noise
922,AIOC-S01599684,numeric_or_code_noise
923,AIOC-S01599685,numeric_or_code_noise
924,AIOC-S01599696,numeric_or_code_noise
925,AIOC-S01599697,numeric_or_code_noise
926,AIOC-S01599698,numeric_or_code_noise
927,AIOC-S01599701,numeric_or_code_noise
928,AIOC-S01599704,numeric_or_code_noise
929,AIOC-S01599706,numeric_or_code_noise
930,AIOC-S01599708,numeric_or_code_noise
931,AIOC-S01599709,numeric_or_code_noise
932,AIOC-S01599712,numeric_or_code_noise
933,AIOC-S01599713,numeric_or_code_noise
934,AIOC-S01599714,numeric_or_code_noise
935,AIOC-S01599715,numeric_or_code_noise
936,AIOC-S01599717,numeric_or_code_noise
937,AIOC-S01599719,numeric_or_code_noise
938,AIOC-S01599724,numeric_or_code_noise
939,AIOC-S01599726,numeric_or_code_noise
940,AIOC-S01599729,numeric_or_code_noise
941,AIOC-S01599731,numeric_or_code_noise
942,AIOC-S01599734,numeric_or_code_noise
943,AIOC-S01599735,numeric_or_code_noise
944,AIOC-S01599736,numeric_or_code_noise
945,AIOC-S01599738,numeric_or_code_noise
946,AIOC-S01599740,numeric_or_code_noise
947,AIOC-S01599742,numeric_or_code_noise
948,AIOC-S01599745,numeric_or_code_noise
949,AIOC-S01599746,numeric_or_code_noise
950,AIOC-S01599747,numeric_or_code_noise
951,AIOC-S01599750,numeric_or_code_noise
952,AIOC-S01599751,numeric_or_code_noise
953,AIOC-S01599758,numeric_or_code_noise
954,AIOC-S01599761,numeric_or_code_noise
955,AIOC-S01599764,numeric_or_code_noise
956,AIOC-S01599769,numeric_or_code_noise
957,AIOC-S01599772,numeric_or_code_noise
958,AIOC-S01599774,numeric_or_code_noise
959,AIOC-S01599775,numeric_or_code_noise
960,AIOC-S01599807,numeric_or_code_noise
961,AIOC-S01599808,numeric_or_code_noise
962,AIOC-S01599816,numeric_or_code_noise
963,AIOC-S01599826,numeric_or_code_noise
964,AIOC-S01599948,numeric_or_code_noise
965,AIOC-S01599959,numeric_or_code_noise
966,AIOC-S01600054,numeric_or_code_noise
967,AIOC-S01600057,numeric_or_code_noise
968,AIOC-S01600064,numeric_or_code_noise
969,AIOC-S01600066,numeric_or_code_noise
970,AIOC-S01600070,numeric_or_code_noise
971,AIOC-S01600071,numeric_or_code_noise
972,AIOC-S01600072,numeric_or_code_noise
973,AIOC-S01600088,numeric_or_code_noise
974,AIOC-S01600089,numeric_or_code_noise
975,AIOC-S01600090,numeric_or_code_noise
976,AIOC-S01600091,numeric_or_code_noise
977,AIOC-S01600096,numeric_or_code_noise
978,AIOC-S01600130,numeric_or_code_noise
983,AIS,invalid_short_skill
987,AIX,invalid_short_skill
992,AJO,invalid_short_skill
994,AKS,invalid_short_skill
995,AL,invalid_short_skill
1000,ALL DEGREE,education_or_qualification
1002,ALM,invalid_short_skill
1004,ALT,invalid_short_skill
1005,ALV,invalid_short_skill
1006,AM,invalid_short_skill
1010,AMA,invalid_short_skill
1015,AMC,invalid_short_skill
1019,AMD,invalid_short_skill
1021,AME,invalid_short_skill
1025,AMF,invalid_short_skill
1027,AML,invalid_short_skill
1030,AMM,invalid_short_skill
1032,AMR,invalid_short_skill
1033,AMS,invalid_short_skill
1037,ANALYST,generic
1048,ANM,invalid_short_skill
1055,ANT,invalid_short_skill
1056,ANZ,invalid_short_skill
1057,AOP,invalid_short_skill
1058,AOR,invalid_short_skill
1060,AOT,invalid_short_skill
1061,AP,invalid_short_skill
1066,AP process,duplicate_normalized_skill
1072,APC,invalid_short_skill
1090,API Design,duplicate_normalized_skill
1113,API and UI testing. Communication has to be excellent,sentence_or_description
1117,API development,duplicate_normalized_skill
1121,API integration,duplicate_normalized_skill
1128,API security,duplicate_normalized_skill
1130,API testing,duplicate_normalized_skill
1141,APL,invalid_short_skill
1143,APM,invalid_short_skill
1145,APO,invalid_short_skill
1159,APT,invalid_short_skill
1161,AR,invalid_short_skill
1166,AR CAller,duplicate_normalized_skill
1168,AR Caller,duplicate_normalized_skill
1173,AR Executive,duplicate_normalized_skill
1183,AR analyst,duplicate_normalized_skill
1185,AR caller,duplicate_normalized_skill
1186,AR calling,duplicate_normalized_skill
1197,ARC,invalid_short_skill
1200,ARCHITECT,generic
1201,ARD,invalid_short_skill
1204,ARM,invalid_short_skill
1213,ARP,invalid_short_skill
1214,ART,invalid_short_skill
1215,AS,invalid_short_skill
1218,AS 9100,numeric_or_code_noise
1221,AS1,invalid_short_skill
1222,AS2,invalid_short_skill
1226,AS9100,numeric_or_code_noise
1237,ASE,invalid_short_skill
1238,ASH,invalid_short_skill
1249,ASM,invalid_short_skill
1262,ASP,invalid_short_skill
1267,ASP.NET Mvc,duplicate_normalized_skill
1270,ASP.Net,duplicate_normalized_skill
1271,ASP.Net Core,duplicate_normalized_skill
1272,ASP.Net MVC,duplicate_normalized_skill
1273,ASP.net,duplicate_normalized_skill
1274,ASP.net core,duplicate_normalized_skill
1277,ASR,invalid_short_skill
1286,AT&T sales,duplicate_normalized_skill
1289,ATCI-4643102-S1789336,numeric_or_code_noise
1290,ATCI-4643109-S1789329,numeric_or_code_noise
1291,ATCI-4643115-S1789323,numeric_or_code_noise
1292,ATCI-4793459-S1864288,numeric_or_code_noise
1293,ATCI-4793854-S1873214,numeric_or_code_noise
1294,ATCI-4821442-S1846746,numeric_or_code_noise
1295,ATCI-4825291-S1850409,numeric_or_code_noise
1296,ATCI-4825584-S1848099,numeric_or_code_noise
1297,ATCI-4836903-S1873575,numeric_or_code_noise
1298,ATCI-4914157-S1852205,numeric_or_code_noise
1299,ATCI-4916424-S1852020,numeric_or_code_noise
1300,ATCI-4916536-S1851998,numeric_or_code_noise
1301,ATCI-4924037-S1869773,numeric_or_code_noise
1302,ATCI-4929584-S1854527,numeric_or_code_noise
1303,ATCI-4930242-S1854480,numeric_or_code_noise
1304,ATCI-4934445-S1854503,numeric_or_code_noise
1305,ATCI-4934464-S1854554,numeric_or_code_noise
1306,ATCI-4960708-S1860797,numeric_or_code_noise
1307,ATCI-4972746-S1858875,numeric_or_code_noise
1308,ATCI-4973509-S1873954,numeric_or_code_noise
1309,ATCI-4973512-S1873953,numeric_or_code_noise
1310,ATCI-4973542-S1873965,numeric_or_code_noise
1311,ATCI-4979377-S1860486,numeric_or_code_noise
1312,ATCI-4979753-S1861383,numeric_or_code_noise
1313,ATCI-4994685-S1869614,numeric_or_code_noise
1314,ATCI-4996254-S1873526,numeric_or_code_noise
1315,ATCI-4998418-S1864639,numeric_or_code_noise
1316,ATCI-5001329-S1864677,numeric_or_code_noise
1317,ATCI-5002389-S1865888,numeric_or_code_noise
1318,ATCI-5003122-S1869741,numeric_or_code_noise
1319,ATCI-5003199-S1864503,numeric_or_code_noise
1320,ATCI-5004553-S1863613,numeric_or_code_noise
1321,ATCI-5004557-S1863617,numeric_or_code_noise
1322,ATCI-5005642-S1863800,numeric_or_code_noise
1323,ATCI-5008922-S1874526,numeric_or_code_noise
1324,ATCI-5010798-S1873563,numeric_or_code_noise
1325,ATCI-5012263-S1867434,numeric_or_code_noise
1326,ATCI-5012265-S1867445,numeric_or_code_noise
1327,ATCI-5012272-S1867422,numeric_or_code_noise
1328,ATCI-5012793-S1871629,numeric_or_code_noise
1329,ATCI-5012798-S1871633,numeric_or_code_noise
1330,ATCI-5013571-S1873074,numeric_or_code_noise
1331,ATCI-5013916-S1870130,numeric_or_code_noise
1332,ATCI-5015974-S1867789,numeric_or_code_noise
1333,ATCI-5016021-S1871644,numeric_or_code_noise
1334,ATCI-5026368-S1873890,numeric_or_code_noise
1335,ATCI-5026402-S1873473,numeric_or_code_noise
1336,ATCI-5026824-S1873754,numeric_or_code_noise
1337,ATCI-5026825-S1869702,numeric_or_code_noise
1338,ATCI-5027280-S1873485,numeric_or_code_noise
1339,ATCI-5028526-S1869311,numeric_or_code_noise
1340,ATCI-5028527-S1869318,numeric_or_code_noise
1341,ATCI-5028640-S1874077,numeric_or_code_noise
1342,ATCI-5028855-S1870532,numeric_or_code_noise
1343,ATCI-5028857-S1870529,numeric_or_code_noise
1344,ATCI-5028963-S1871653,numeric_or_code_noise
1345,ATCI-5045029-S1869177,numeric_or_code_noise
1346,ATCI-5045050-S1869425,numeric_or_code_noise
1347,ATCI-5045409-S1869277,numeric_or_code_noise
1348,ATCI-5047533-S1869693,numeric_or_code_noise
1349,ATCI-5047579-S1869435,numeric_or_code_noise
1350,ATCI-5047687-S1870727,numeric_or_code_noise
1351,ATCI-5053230-S1873873,numeric_or_code_noise
1352,ATCI-5056945-S1874279,numeric_or_code_noise
1353,ATCI-5057252-S1873348,numeric_or_code_noise
1354,ATCI-5057264-S1873366,numeric_or_code_noise
1355,ATCI-5057346-S1873355,numeric_or_code_noise
1356,ATCI-5057379-S1873335,numeric_or_code_noise
1357,ATCI-5058362-S1886858,numeric_or_code_noise
1358,ATCI-5058640-S1873435,numeric_or_code_noise
1359,ATCI-5059206-S1874114,numeric_or_code_noise
1360,ATCI-5060018-S1873247,numeric_or_code_noise
1361,ATCI-5062377-S1872989,numeric_or_code_noise
1362,ATCI-5062411-S1872996,numeric_or_code_noise
1363,ATCI-5063183-S1873003,numeric_or_code_noise
1364,ATCI-5064416-S1873861,numeric_or_code_noise
1365,ATCI-5077300-S1887243,numeric_or_code_noise
1366,ATCI-5088652-S1886682,numeric_or_code_noise
1367,ATCI-5092571-S1887086,numeric_or_code_noise
1368,ATCI-5092938-S1887119,numeric_or_code_noise
1369,ATCI-5096276-S1886632,numeric_or_code_noise
1370,ATCI-5096279-S1886636,numeric_or_code_noise
1371,ATCI-5102320-S1887454,numeric_or_code_noise
1372,ATCI-5102594-S1886837,numeric_or_code_noise
1373,ATCI-R1-S1861932,numeric_or_code_noise
1374,ATCI-R1-S1867617,numeric_or_code_noise
1375,ATCI-R1-S1867634,numeric_or_code_noise
1376,ATCI-R1-S1867635,numeric_or_code_noise
1377,ATCI-R1-S1867756,numeric_or_code_noise
1380,ATF,invalid_short_skill
1381,ATL,invalid_short_skill
1383,ATM,invalid_short_skill
1388,ATP,invalid_short_skill
1396,ATU,invalid_short_skill
1400,AUM,invalid_short_skill
1402,AUS,invalid_short_skill
1413,AUm,duplicate_normalized_skill
1414,AV,invalid_short_skill
1423,AVC,invalid_short_skill
1428,AVR,invalid_short_skill
1429,AVS,invalid_short_skill
1433,AWK,invalid_short_skill
1434,AWR,invalid_short_skill
1482,AWS cloud,duplicate_normalized_skill
1485,AWS cloud platform,duplicate_normalized_skill
1489,AWS glue,duplicate_normalized_skill
1490,AWS infrastructure,duplicate_normalized_skill
1491,AWS security,duplicate_normalized_skill
1493,AWS services,duplicate_normalized_skill
1499,AX 2012 R3,numeric_or_code_noise
1500,AXI,invalid_short_skill
1506,Aa,duplicate_normalized_skill
1507,Aaa,duplicate_normalized_skill
1508,Aac,duplicate_normalized_skill
1511,Aas,invalid_short_skill
1512,Aatp,duplicate_normalized_skill
1513,Ab,duplicate_normalized_skill
1516,Ab Testing,duplicate_normalized_skill
1518,Abap,duplicate_normalized_skill
1523,Abap Programming,duplicate_normalized_skill
1526,Abap-Hr,duplicate_normalized_skill
1528,Abb,invalid_short_skill
1529,Abb Robots,duplicate_normalized_skill
1531,Abf,invalid_short_skill
1533,Ability to Review Credit Card and bank statements,experience_or_description_phrase
1534,Ability to coordinate,experience_or_description_phrase
1535,Ability to ensure cleanliness & hygiene,experience_or_description_phrase
1536,Ability to generate and convert the leads to sales,experience_or_description_phrase
1537,Ability to handle multiple tasks and prioritize it effectively,experience_or_description_phrase
1538,Ability to handle technical discussions with customers & consultants l,experience_or_description_phrase
1539,Ability to manage and supervise a team of support staff,experience_or_description_phrase
1540,Ability to perform under pressure and adapt to last-minute changes,experience_or_description_phrase
1541,Ability to persuade,experience_or_description_phrase
1542,Ability to read & interpret assembly drawings,experience_or_description_phrase
1543,Ability to read Architectural and/or Engineering drawings,experience_or_description_phrase
1544,Ability to read and comprehend,experience_or_description_phrase
1545,Ability to read and interpret structural and architectural drawings,experience_or_description_phrase
1546,Ability to work under pressure,experience_or_description_phrase
1547,Ability to work under tight deadlines and handle multiple tasks,experience_or_description_phrase
1553,Abm,duplicate_normalized_skill
1558,Absence management,duplicate_normalized_skill
1564,Ac,duplicate_normalized_skill
1565,Ac Drives,duplicate_normalized_skill
1593,Academic coordination,duplicate_normalized_skill
1596,Academic counselling,duplicate_normalized_skill
1597,Academic counsellor,duplicate_normalized_skill
1602,Acc,duplicate_normalized_skill
1603,Acca,duplicate_normalized_skill
1609,Accent training,duplicate_normalized_skill
1623,Access control,duplicate_normalized_skill
1624,Access control system,duplicate_normalized_skill
1625,Access management,duplicate_normalized_skill
1626,Access system,duplicate_normalized_skill
1635,Account,duplicate_normalized_skill
1637,Account & Finance Graduate / Post Graduate,education_or_qualification
1649,Account Manager,duplicate_normalized_skill
1656,Account Payable,duplicate_normalized_skill
1657,Account Payables,duplicate_normalized_skill
1664,Account development,duplicate_normalized_skill
1668,Account management,duplicate_normalized_skill
1669,Account manager,duplicate_normalized_skill
1670,Account opening,duplicate_normalized_skill
1671,Account planning,duplicate_normalized_skill
1672,Account receivable,duplicate_normalized_skill
1673,Account receivables,duplicate_normalized_skill
1684,Accounting,duplicate_normalized_skill
1711,Accounting knowledge,duplicate_normalized_skill
1713,Accounting operations,duplicate_normalized_skill
1715,Accounting process,duplicate_normalized_skill
1718,Accounting software,duplicate_normalized_skill
1719,Accounting standards,duplicate_normalized_skill
1722,Accounts,duplicate_normalized_skill
1726,Accounts & Taxation Good experience in Real Estate,experience_or_description_phrase
1727,Accounts & finance,duplicate_normalized_skill
1731,Accounts Assistant,duplicate_normalized_skill
1758,Accounts Receivable caller,duplicate_normalized_skill
1764,Accounts executive,duplicate_normalized_skill
1765,Accounts finalisation,duplicate_normalized_skill
1766,Accounts finalization,duplicate_normalized_skill
1767,Accounts handling,duplicate_normalized_skill
1768,Accounts management,duplicate_normalized_skill
1769,Accounts manager,duplicate_normalized_skill
1770,Accounts payable,duplicate_normalized_skill
1771,Accounts receivable,duplicate_normalized_skill
1773,Accounts reconciliation,duplicate_normalized_skill
1775,Accouting,duplicate_normalized_skill
1783,Accurate Group of Institutions invites applications from committed,sentence_or_description
1785,Acd,invalid_short_skill
1787,Ace,duplicate_normalized_skill
1793,Ach,duplicate_normalized_skill
1795,Aci,duplicate_normalized_skill
1796,Acl,duplicate_normalized_skill
1797,Acls,duplicate_normalized_skill
1798,Acm,invalid_short_skill
1810,Act,invalid_short_skill
1819,Action plan,duplicate_normalized_skill
1836,Active directory,duplicate_normalized_skill
1837,Active directory administration,duplicate_normalized_skill
1838,Active listening,duplicate_normalized_skill
1840,Active listening Strong communication and persuasion abilities Prospecting and relationship-building skills Problem-solving Negotiation Product knowledge And time management,sentence_or_description
1842,Actively looking job,duplicate_normalized_skill
1843,Activemq,duplicate_normalized_skill
1870,Ad operations,duplicate_normalized_skill
1872,Ad sales,duplicate_normalized_skill
1876,Ada,invalid_short_skill
1878,Adams,duplicate_normalized_skill
1885,Adas,duplicate_normalized_skill
1886,Adb,duplicate_normalized_skill
1888,Adc,duplicate_normalized_skill
1898,Adfs,duplicate_normalized_skill
1899,Adhere to strategies and improvements Travel to different sites gaining practical experiences Adhere to health and safety guidelines Co-ordinate with sub-contractors and complete the project,sentence_or_description
1904,Adis,duplicate_normalized_skill
1907,Adk,invalid_short_skill
1908,Adl,duplicate_normalized_skill
1909,Adm,duplicate_normalized_skill
1910,Admin,duplicate_normalized_skill
1934,Administration management,duplicate_normalized_skill
1944,Administrative assistance,duplicate_normalized_skill
1946,Administrative support,duplicate_normalized_skill
1958,Admission counselling,duplicate_normalized_skill
1959,Admission counsellor,duplicate_normalized_skill
1967,Ado.net,duplicate_normalized_skill
2009,Adobe Xd,duplicate_normalized_skill
2010,Adobe campaign,duplicate_normalized_skill
2011,Adobe commerce,duplicate_normalized_skill
2012,Adobe creative cloud,duplicate_normalized_skill
2013,Adobe experience manager,duplicate_normalized_skill
2014,Adobe photoshop,duplicate_normalized_skill
2024,Advance Diploma in Industrial Safety,education_or_qualification
2025,Advance Excel,duplicate_normalized_skill
2031,Advance Sql,duplicate_normalized_skill
2034,Advance excel,duplicate_normalized_skill
2035,Advance licence,duplicate_normalized_skill
2036,Advance tax,duplicate_normalized_skill
2051,Advanced Ms Excel,duplicate_normalized_skill
2061,Advanced excel,duplicate_normalized_skill
2064,Advantage,generic
2083,Aem,duplicate_normalized_skill
2086,Aem Development,duplicate_normalized_skill
2089,Aem Sites,duplicate_normalized_skill
2091,Aep,duplicate_normalized_skill
2108,Aes,invalid_short_skill
2111,Afbc,duplicate_normalized_skill
2127,Afs,invalid_short_skill
2137,After sales service,duplicate_normalized_skill
2138,After sales support,duplicate_normalized_skill
2142,Aftereffects,duplicate_normalized_skill
2155,Agency Manager,duplicate_normalized_skill
2163,Agency development,duplicate_normalized_skill
2165,Agency management,duplicate_normalized_skill
2166,Agency sales,duplicate_normalized_skill
2173,Agent recruitment,duplicate_normalized_skill
2176,Agentforce,duplicate_normalized_skill
2177,Agentic,duplicate_normalized_skill
2181,Agentic Ai,duplicate_normalized_skill
2183,Agentic ai,duplicate_normalized_skill
2188,Agile,duplicate_normalized_skill
2216,Agile development,duplicate_normalized_skill
2219,Agile framework,duplicate_normalized_skill
2220,Agile methodologies,duplicate_normalized_skill
2221,Agile methodology,duplicate_normalized_skill
2222,Agile project management,duplicate_normalized_skill
2223,Agile scrum,duplicate_normalized_skill
2224,Agile testing,duplicate_normalized_skill
2230,Agile/Scrum methodologies,duplicate_normalized_skill
2231,Agile/Scrum methodology,duplicate_normalized_skill
2236,Agm,duplicate_normalized_skill
2243,Agri commodity,duplicate_normalized_skill
2244,Agri finance,duplicate_normalized_skill
2261,Aha,duplicate_normalized_skill
2262,Ahb,invalid_short_skill
2264,Ahp,invalid_short_skill
2266,Aht,duplicate_normalized_skill
2267,Ahu,duplicate_normalized_skill
2270,Ai Builder,duplicate_normalized_skill
2279,Ai/ml,duplicate_normalized_skill
2280,AiOps,duplicate_normalized_skill
2281,Aia,invalid_short_skill
2282,Aif,duplicate_normalized_skill
2283,Aiml,duplicate_normalized_skill
2307,Air cargo,duplicate_normalized_skill
2308,Air compressor,duplicate_normalized_skill
2309,Air conditioning,duplicate_normalized_skill
2311,Air freight,duplicate_normalized_skill
2313,Air ticketing,duplicate_normalized_skill
2326,Aircraft maintenance,duplicate_normalized_skill
2327,Airflow,duplicate_normalized_skill
2347,Ais,duplicate_normalized_skill
2349,Aisc,duplicate_normalized_skill
2351,Aix,duplicate_normalized_skill
2353,Ajax,duplicate_normalized_skill
2359,Aks,duplicate_normalized_skill
2360,Al,duplicate_normalized_skill
2369,Ale,invalid_short_skill
2379,Algorithm development,duplicate_normalized_skill
2392,Alliance management,duplicate_normalized_skill
2399,Alm,duplicate_normalized_skill
2402,Alsa,duplicate_normalized_skill
2411,Alternate sourcing,duplicate_normalized_skill
2431,Alv,duplicate_normalized_skill
2438,Amazon,duplicate_normalized_skill
2449,Amazon Ec2,duplicate_normalized_skill
2455,Amazon Ppc,duplicate_normalized_skill
2465,Amazon ads,duplicate_normalized_skill
2472,Amc,duplicate_normalized_skill
2479,Amdp,duplicate_normalized_skill
2483,American Express,duplicate_normalized_skill
2488,Amex,duplicate_normalized_skill
2491,Ami,invalid_short_skill
2492,Aml,duplicate_normalized_skill
2493,Aml Compliance,duplicate_normalized_skill
2502,Ampscript,duplicate_normalized_skill
2503,Ams,duplicate_normalized_skill
2508,Amx,invalid_short_skill
2509,An IT sales executive needs a blend of technical proficiency,sentence_or_description
2511,Anaesthesia,duplicate_normalized_skill
2515,Anaesthetist,duplicate_normalized_skill
2524,Analog design,duplicate_normalized_skill
2525,Analog layout,duplicate_normalized_skill
2534,Analyst,duplicate_normalized_skill
2540,Analyst relations,duplicate_normalized_skill
2582,Analytical chemistry,duplicate_normalized_skill
2583,Analytical instruments,duplicate_normalized_skill
2584,Analytical method development,duplicate_normalized_skill
2585,Analytical research,duplicate_normalized_skill
2586,Analytical skills,duplicate_normalized_skill
2587,Analytical thinking,duplicate_normalized_skill
2599,Analyze & report on HR metrics & trends,sentence_or_description
2615,Anda,duplicate_normalized_skill
2631,Android Os,duplicate_normalized_skill
2641,Android developer,duplicate_normalized_skill
2642,Android development,duplicate_normalized_skill
2643,Android framework,duplicate_normalized_skill
2655,Anesthesia coding,duplicate_normalized_skill
2656,Anesthesiologist,duplicate_normalized_skill
2685,Angular Cli,duplicate_normalized_skill
2693,Angular Js,duplicate_normalized_skill
2697,Angular Ui,duplicate_normalized_skill
2702,Angular js,duplicate_normalized_skill
2724,Anm,duplicate_normalized_skill
2740,Ansa,duplicate_normalized_skill
2742,Ansible,duplicate_normalized_skill
2745,Ansys,duplicate_normalized_skill
2750,Ant,duplicate_normalized_skill
2756,Anti money Laundering,duplicate_normalized_skill
2757,Anti money laundering,duplicate_normalized_skill
2767,Any Diploma,education_or_qualification
2769,Any Graduate,education_or_qualification
2770,Any Graduate Appear or Diploma Candidate can apply,education_or_qualification
2771,Any Graduate with own Two Wheeler Must - Min Two Years of Sales Experience in Payments - Fintech,education_or_qualification
2772,Any LAP / HL /Mortgage / Lending product -field / direct sales,sentence_or_description
2773,Any graduate,duplicate_normalized_skill
2778,Aoi,invalid_short_skill
2779,Aop,duplicate_normalized_skill
2780,Ap,duplicate_normalized_skill
2811,Apb,invalid_short_skill
2812,Apc,duplicate_normalized_skill
2813,Apc Channel,duplicate_normalized_skill
2814,Apex,duplicate_normalized_skill
2821,Apex Triggers,duplicate_normalized_skill
2824,Api,duplicate_normalized_skill
2825,Api Automation,duplicate_normalized_skill
2828,Api Gateway,duplicate_normalized_skill
2829,Api Integration,duplicate_normalized_skill
2831,Api Management,duplicate_normalized_skill
2860,App dynamics,duplicate_normalized_skill
2861,App store,duplicate_normalized_skill
2878,Apparel designing,duplicate_normalized_skill
2879,Appdynamics,duplicate_normalized_skill
2941,Application deployment,duplicate_normalized_skill
2942,Application design,duplicate_normalized_skill
2943,Application development,duplicate_normalized_skill
2945,Application engineering,duplicate_normalized_skill
2946,Application integration,duplicate_normalized_skill
2949,Application management,duplicate_normalized_skill
2951,Application packaging,duplicate_normalized_skill
2952,Application programming,duplicate_normalized_skill
2953,Application security,duplicate_normalized_skill
2956,Application support,duplicate_normalized_skill
2957,Application testing,duplicate_normalized_skill
2972,Appraisal management,duplicate_normalized_skill
2978,Approval coordination,duplicate_normalized_skill
2986,Apqp,duplicate_normalized_skill
2988,Apqr,duplicate_normalized_skill
2989,Apr,invalid_short_skill
2993,Aps,invalid_short_skill
2997,Aqa,invalid_short_skill
3003,Ar Caller,duplicate_normalized_skill
3004,Ar Calling,duplicate_normalized_skill
3005,Ar Collection,duplicate_normalized_skill
3009,Ar caller,duplicate_normalized_skill
3010,Ar calling,duplicate_normalized_skill
3011,Ar follow up,duplicate_normalized_skill
3023,Arc,duplicate_normalized_skill
3031,Arcgis,duplicate_normalized_skill
3032,Arcgis Desktop,duplicate_normalized_skill
3034,Arcgis Server,duplicate_normalized_skill
3039,Architect,duplicate_normalized_skill
3058,Architectural design,duplicate_normalized_skill
3060,Architecture,generic
3067,Architecture design,duplicate_normalized_skill
3078,Area,generic
3080,Area Business manager,duplicate_normalized_skill
3088,Area Sales Manager,duplicate_normalized_skill
3091,Area Sales manager,duplicate_normalized_skill
3093,Area management,duplicate_normalized_skill
3094,Area sales,duplicate_normalized_skill
3096,Area sales Manager,duplicate_normalized_skill
3097,Area sales management,duplicate_normalized_skill
3098,Area sales manager,duplicate_normalized_skill
3111,Arima,duplicate_normalized_skill
3117,Arm Architecture,duplicate_normalized_skill
3125,Ars,invalid_short_skill
3126,Art,duplicate_normalized_skill
3130,Art and Craft,duplicate_normalized_skill
3136,Article writing,duplicate_normalized_skill
3155,Artisan activities,duplicate_normalized_skill
3164,As,duplicate_normalized_skill
3167,As part of our continuous growth and commitment to academic excellence,sentence_or_description
3170,As9100D,numeric_or_code_noise
3171,Asa,invalid_short_skill
3175,Asc 606,duplicate_normalized_skill
3176,Asce,duplicate_normalized_skill
3182,Asg,invalid_short_skill
3183,Ash,duplicate_normalized_skill
3184,Ash Disposal,duplicate_normalized_skill
3189,Ash disposal,duplicate_normalized_skill
3192,Ashok leyland,duplicate_normalized_skill
3197,Aso,invalid_short_skill
3200,Asp.Net,duplicate_normalized_skill
3201,Asp.Net Core,duplicate_normalized_skill
3203,Asp.Net MVC,duplicate_normalized_skill
3204,Asp.Net Web Api,duplicate_normalized_skill
3205,Asp.Net core,duplicate_normalized_skill
3206,Asp.net,duplicate_normalized_skill
3207,Asp.net Core,duplicate_normalized_skill
3210,Aspen,duplicate_normalized_skill
3214,Aspice,duplicate_normalized_skill
3245,Assembly language,duplicate_normalized_skill
3246,Assembly line,duplicate_normalized_skill
3247,Assembly process,duplicate_normalized_skill
3248,Assembly shop,duplicate_normalized_skill
3277,Asset accounting,duplicate_normalized_skill
3279,Asset finance,duplicate_normalized_skill
3280,Asset liability management,duplicate_normalized_skill
3281,Asset management,duplicate_normalized_skill
3282,Asset protection,duplicate_normalized_skill
3287,Assist in tax filings & audits and compliance and stategies and forecasts,sentence_or_description
3289,Assist with day-to-day administrative tasks Handle incoming calls and direct them appropriately Maintain office files,sentence_or_description
3332,Assistant Professor,duplicate_normalized_skill
3352,Assistant general Manager,duplicate_normalized_skill
3353,Assistant manager,duplicate_normalized_skill
3355,Assistant professor,duplicate_normalized_skill
3357,Assistant teacher,duplicate_normalized_skill
3362,Associate,generic
3375,Associate Member of the Institute of Charted Accountants of India with any Graduation and Minimum 5 Years of Post-Qualification experience,education_or_qualification
3388,Associate director,duplicate_normalized_skill
3392,Assortment planning,duplicate_normalized_skill
3402,At least 5 years strong Leadership skill or Plant Operations,experience_or_description_phrase
3403,At&t sales,duplicate_normalized_skill
3409,Atl,duplicate_normalized_skill
3419,Atpg,duplicate_normalized_skill
3428,Attendance management,duplicate_normalized_skill
3433,Attention to Detail,duplicate_normalized_skill
3435,Attention to detail,duplicate_normalized_skill
3436,Attention to detail and ability to work under pressure,experience_or_description_phrase
3445,Au,invalid_short_skill
3465,Audio editing,duplicate_normalized_skill
3470,Audit,duplicate_normalized_skill
3503,Audit coded charts for accuracy and compliance with FQHC billing and coding rules. Provide detailed feedback and training to coders to reduce errors and improve outcomes. Monitor compliance with CMS,sentence_or_description
3504,Audit compliance,duplicate_normalized_skill
3506,Audit documentation,duplicate_normalized_skill
3508,Audit execution,duplicate_normalized_skill
3509,Audit management,duplicate_normalized_skill
3511,Audit planning,duplicate_normalized_skill
3515,Audit report,duplicate_normalized_skill
3516,Audit reports,duplicate_normalized_skill
3518,Audit support,duplicate_normalized_skill
3556,Auto,duplicate_normalized_skill
3559,Auto CAD,duplicate_normalized_skill
3561,Auto Cad,duplicate_normalized_skill
3562,Auto Cadd,duplicate_normalized_skill
3570,Auto Loan,duplicate_normalized_skill
3580,Auto loans,duplicate_normalized_skill
3581,Auto parts,duplicate_normalized_skill
3584,AutoCAD,duplicate_normalized_skill
3602,AutoCAD proficiency,duplicate_normalized_skill
3603,AutoCad,duplicate_normalized_skill
3610,Autocad,duplicate_normalized_skill
3614,Autocad Electrical,duplicate_normalized_skill
3628,Autodesk inventor,duplicate_normalized_skill
3629,Autodock,duplicate_normalized_skill
3657,Automation Script development Experience in Python,experience_or_description_phrase
3679,Automation engineering,duplicate_normalized_skill
3683,Automation systems,duplicate_normalized_skill
3684,Automation test,duplicate_normalized_skill
3685,Automation tester,duplicate_normalized_skill
3686,Automation testing,duplicate_normalized_skill
3687,Automation tools,duplicate_normalized_skill
3702,Automobile components,duplicate_normalized_skill
3704,Automobile engineering,duplicate_normalized_skill
3705,Automobile service,duplicate_normalized_skill
3744,Autosar Development,duplicate_normalized_skill
3745,Autosys,duplicate_normalized_skill
3762,Aveva,duplicate_normalized_skill
3783,Avp,invalid_short_skill
3789,Aws Api Gateway,duplicate_normalized_skill
3791,Aws Bedrock,duplicate_normalized_skill
3794,Aws Cloud,duplicate_normalized_skill
3796,Aws Cloudformation,duplicate_normalized_skill
3799,Aws Data Engineer,duplicate_normalized_skill
3802,Aws Devops,duplicate_normalized_skill
3803,Aws Emr,duplicate_normalized_skill
3804,Aws Glue,duplicate_normalized_skill
3806,Aws Infrastructure,duplicate_normalized_skill
3807,Aws Iot,duplicate_normalized_skill
3809,Aws Java,duplicate_normalized_skill
3812,Aws Lambda,duplicate_normalized_skill
3818,Aws Security,duplicate_normalized_skill
3819,Aws Serverless,duplicate_normalized_skill
3827,Axi,duplicate_normalized_skill
3847,Ayurvedic treatment,duplicate_normalized_skill
3860,Azure Ad,duplicate_normalized_skill
3861,Azure Ad Connect,duplicate_normalized_skill
3865,Azure Ai,duplicate_normalized_skill
3887,Azure Cli,duplicate_normalized_skill
3911,Azure Data factory,duplicate_normalized_skill
3914,Azure Databricks,duplicate_normalized_skill
3918,Azure Devops,duplicate_normalized_skill
3951,Azure PaaS,duplicate_normalized_skill
3952,Azure Paas,duplicate_normalized_skill
3955,Azure SQL,duplicate_normalized_skill
3957,Azure Sales,duplicate_normalized_skill
3977,Azure architect,duplicate_normalized_skill
3978,Azure cloud,duplicate_normalized_skill
3979,Azure cloud services,duplicate_normalized_skill
3980,Azure data,duplicate_normalized_skill
3981,Azure data architect,duplicate_normalized_skill
3982,Azure data engineer,duplicate_normalized_skill
3983,Azure data factory,duplicate_normalized_skill
3984,Azure development,duplicate_normalized_skill
3985,Azure devops,duplicate_normalized_skill
3987,Azure functions,duplicate_normalized_skill
3988,Azure infrastructure,duplicate_normalized_skill
3990,Azure operations,duplicate_normalized_skill
3993,Azure pipelines,duplicate_normalized_skill
3994,Azure service,duplicate_normalized_skill
3995,Azure services,duplicate_normalized_skill
3999,Azure synapse,duplicate_normalized_skill
4003,B,invalid_short_skill
4008,B Pharma,duplicate_normalized_skill
4012,B license,duplicate_normalized_skill
4014,B pharmacy,duplicate_normalized_skill
4022,B.Com,duplicate_normalized_skill
4037,B.com,duplicate_normalized_skill
4039,B.ed,duplicate_normalized_skill
4041,B.pharmacy,duplicate_normalized_skill
4042,B.sc,duplicate_normalized_skill
4045,B.tech,duplicate_normalized_skill
4046,B1,invalid_short_skill
4048,B2,invalid_short_skill
4049,B2B,invalid_short_skill
4073,B2B Marketing,duplicate_normalized_skill
4083,B2B SaaS,duplicate_normalized_skill
4088,B2B Sales,duplicate_normalized_skill
4089,B2B Sales & Business Development Project Sales & Key Account Management Lead Generation & Prospecting Negotiation & Deal Closure Proposal & Presentation Skills,sentence_or_description
4104,B2B field sales,duplicate_normalized_skill
4106,B2B marketing,duplicate_normalized_skill
4110,B2B sales,duplicate_normalized_skill
4117,B2C,invalid_short_skill
4123,B2C Marketing,duplicate_normalized_skill
4129,B2C sales,duplicate_normalized_skill
4131,B2F,invalid_short_skill
4132,B2G,invalid_short_skill
4134,B2b,duplicate_normalized_skill
4135,B2b Collections,duplicate_normalized_skill
4136,B2b Saas,duplicate_normalized_skill
4137,B2b sales,duplicate_normalized_skill
4138,B2c Sales,duplicate_normalized_skill
4139,B2c sales,duplicate_normalized_skill
4141,BA,invalid_short_skill
4147,BAISC COMPUTER KNOWLEDGE WITH EXCEL WORD PHOTOSHOP STOCK MAINTAINANCE IN EXCEL AND KNOWLEDGE OF TALLY,experience_or_description_phrase
4157,BAS,invalid_short_skill
4162,BBA,invalid_short_skill
4165,BBA Fresher,duplicate_normalized_skill
4167,BBD,invalid_short_skill
4168,BBE,invalid_short_skill
4169,BBM,invalid_short_skill
4171,BC,invalid_short_skill
4174,BCA,invalid_short_skill
4177,BCD,invalid_short_skill
4181,BCM,invalid_short_skill
4187,BCom,duplicate_normalized_skill
4188,BD,invalid_short_skill
4191,BD experience in the ash handling domain,experience_or_description_phrase
4192,BDA,invalid_short_skill
4193,BDC,invalid_short_skill
4194,BDD,invalid_short_skill
4196,BDE,invalid_short_skill
4197,BDM,invalid_short_skill
4198,BDO,invalid_short_skill
4199,BDR,invalid_short_skill
4200,BDS,invalid_short_skill
4202,BE,invalid_short_skill
4207,BE/ B TECH / DIPLOMA Mechanical,education_or_qualification
4210,BED,invalid_short_skill
4211,BEE,invalid_short_skill
4222,BEd,duplicate_normalized_skill
4236,BFSI domain,duplicate_normalized_skill
4237,BFSI sales,duplicate_normalized_skill
4239,BG,invalid_short_skill
4240,BGC,invalid_short_skill
4241,BGP,invalid_short_skill
4244,BGV,invalid_short_skill
4248,BHM,invalid_short_skill
4267,BI administration,duplicate_normalized_skill
4272,BI tools,duplicate_normalized_skill
4280,BIM,invalid_short_skill
4284,BIM modeling,duplicate_normalized_skill
4292,BIP,invalid_short_skill
4294,BIS,invalid_short_skill
4297,BIW,invalid_short_skill
4303,BL,invalid_short_skill
4305,BLE,invalid_short_skill
4315,BMM,invalid_short_skill
4316,BMR,invalid_short_skill
4317,BMS,invalid_short_skill
4324,BNA,invalid_short_skill
4330,BOI,invalid_short_skill
4331,BOM,invalid_short_skill
4335,BOP,invalid_short_skill
4342,BOQ,invalid_short_skill
4346,BOQ preparation,duplicate_normalized_skill
4349,BOm,duplicate_normalized_skill
4350,BP,invalid_short_skill
4351,BPC,invalid_short_skill
4353,BPD,invalid_short_skill
4357,BPM,invalid_short_skill
4361,BPO,invalid_short_skill
4388,BPO hiring,duplicate_normalized_skill
4390,BPO process,duplicate_normalized_skill
4393,BPR,invalid_short_skill
4394,BPS,invalid_short_skill
4396,BPT,invalid_short_skill
4398,BPo,duplicate_normalized_skill
4399,BRC,invalid_short_skill
4402,BRD,invalid_short_skill
4407,BRM,invalid_short_skill
4409,BRS,invalid_short_skill
4414,BSC,invalid_short_skill
4422,BSE,invalid_short_skill
4426,BSP,invalid_short_skill
4428,BSW,invalid_short_skill
4432,BSc Nursing,duplicate_normalized_skill
4435,BSc nursing,duplicate_normalized_skill
4436,BT,invalid_short_skill
4440,BTL,invalid_short_skill
4445,BTL marketing,duplicate_normalized_skill
4446,BTP,invalid_short_skill
4450,BTS,invalid_short_skill
4452,BU,invalid_short_skill
4456,BUSINESS,generic
4460,BW,invalid_short_skill
4472,Bac,invalid_short_skill
4473,Bachelor in Arts,education_or_qualification
4474,Bachelor in Design,education_or_qualification
4475,Bachelor in Education,education_or_qualification
4476,Bachelor in arts,duplicate_normalized_skill
4489,Back Office management,duplicate_normalized_skill
4491,Back office,duplicate_normalized_skill
4492,Back office operations,duplicate_normalized_skill
4493,Back office support,duplicate_normalized_skill
4511,Backend developer,duplicate_normalized_skill
4512,Backend development,duplicate_normalized_skill
4514,Backend operations,duplicate_normalized_skill
4515,Backend services,duplicate_normalized_skill
4530,Backup and Recovery,duplicate_normalized_skill
4531,Backup management,duplicate_normalized_skill
4550,Balance Sheet,duplicate_normalized_skill
4559,Balance Sheet analysis,duplicate_normalized_skill
4560,Balance sheet,duplicate_normalized_skill
4561,Balance sheet reconciliation,duplicate_normalized_skill
4565,Ball mill,duplicate_normalized_skill
4567,Bams,duplicate_normalized_skill
4575,Bancassurance sales,duplicate_normalized_skill
4585,Bank,duplicate_normalized_skill
4607,Bank accounting,duplicate_normalized_skill
4608,Bank audit,duplicate_normalized_skill
4611,Bank loan,duplicate_normalized_skill
4612,Bank reconciliation,duplicate_normalized_skill
4614,Banking,duplicate_normalized_skill
4639,Banking Sales,duplicate_normalized_skill
4648,Banking analytics,duplicate_normalized_skill
4649,Banking and Finance,duplicate_normalized_skill
4650,Banking domain,duplicate_normalized_skill
4653,Banking management,duplicate_normalized_skill
4654,Banking operations,duplicate_normalized_skill
4655,Banking process,duplicate_normalized_skill
4656,Banking sales,duplicate_normalized_skill
4663,Banquet sales,duplicate_normalized_skill
4665,Bapi,duplicate_normalized_skill
4666,Bar,invalid_short_skill
4710,Basic computer,duplicate_normalized_skill
4711,Basic computer knowledge,duplicate_normalized_skill
4714,Basic excel,duplicate_normalized_skill
4716,Basic function of engine & deep knowledge of process at workshop,experience_or_description_phrase
4717,Basic knowledge of Excel or ERP software,experience_or_description_phrase
4718,Basic knowledge of Six Sigma,experience_or_description_phrase
4719,Basic knowledge of agriculture/plantation activities. Possess Degree in Agriculture/Plantation. Capable of working long hours during peak harvest season. Good liaison with local and government authorities,education_or_qualification
4720,Basic knowledge of financial products,experience_or_description_phrase
4721,Basic knowledge of handling mostly all pharmaceutical equipments. familier with laboratory test techniques,experience_or_description_phrase
4722,Basic knowledge of quantity calculations,experience_or_description_phrase
4723,Basic knowledge of the banking industry,experience_or_description_phrase
4749,Batch management,duplicate_normalized_skill
4750,Batch manufacturing,duplicate_normalized_skill
4771,Bba,duplicate_normalized_skill
4772,Bbi,invalid_short_skill
4773,Bbm,duplicate_normalized_skill
4774,Bbs,invalid_short_skill
4775,Bc,duplicate_normalized_skill
4776,Bcm,duplicate_normalized_skill
4777,Bcom,duplicate_normalized_skill
4779,Bcs,invalid_short_skill
4780,Bd,duplicate_normalized_skill
4781,Bdd,duplicate_normalized_skill
4785,Bde,duplicate_normalized_skill
4786,Bdm,duplicate_normalized_skill
4787,Bds,duplicate_normalized_skill
4788,Be Degree,education_or_qualification
4832,Bed,duplicate_normalized_skill
4845,Behavioural training,duplicate_normalized_skill
4846,Being guiding force for entire Zone agency team,sentence_or_description
4861,Bending machine,duplicate_normalized_skill
4867,Benefits,generic
4877,Benifits,duplicate_normalized_skill
4879,Bet,invalid_short_skill
4881,Beverage,duplicate_normalized_skill
4888,Beyondtrust,duplicate_normalized_skill
4889,Bfsi,duplicate_normalized_skill
4892,Bfsi Sales,duplicate_normalized_skill
4893,Bg,duplicate_normalized_skill
4894,Bgp,duplicate_normalized_skill
4896,Bgv,duplicate_normalized_skill
4900,Bhm,duplicate_normalized_skill
4901,Bhms,duplicate_normalized_skill
4903,Bi,duplicate_normalized_skill
4904,Bi Publisher,duplicate_normalized_skill
4907,Bi Testing,duplicate_normalized_skill
4908,Bi Tools,duplicate_normalized_skill
4917,Bid evaluation,duplicate_normalized_skill
4918,Bid management,duplicate_normalized_skill
4919,Bid support,duplicate_normalized_skill
4926,Big Data,duplicate_normalized_skill
4938,Big Data technologies,duplicate_normalized_skill
4944,BigQuery,duplicate_normalized_skill
4950,Bigquery,duplicate_normalized_skill
4960,Bil,invalid_short_skill
4982,Bill booking,duplicate_normalized_skill
4983,Bill of Lading,duplicate_normalized_skill
5008,Billing engineering,duplicate_normalized_skill
5011,Billing software,duplicate_normalized_skill
5018,Bills receivable,duplicate_normalized_skill
5019,Bim,duplicate_normalized_skill
5020,Bim 360,duplicate_normalized_skill
5031,Bio,invalid_short_skill
5034,Bio medical,duplicate_normalized_skill
5052,Biology Faculty,duplicate_normalized_skill
5056,Biology teacher,duplicate_normalized_skill
5081,Biotechnology,duplicate_normalized_skill
5083,Bip,duplicate_normalized_skill
5086,Bis,duplicate_normalized_skill
5095,Bitbucket,duplicate_normalized_skill
5100,Biw,duplicate_normalized_skill
5108,Bl,duplicate_normalized_skill
5125,Ble,duplicate_normalized_skill
5129,Blended process,duplicate_normalized_skill
5138,BloC,duplicate_normalized_skill
5140,Blob storage,duplicate_normalized_skill
5153,Blog writing,duplicate_normalized_skill
5170,Bls,invalid_short_skill
5194,Blueyonder,duplicate_normalized_skill
5196,Bm,invalid_short_skill
5197,Bmc,invalid_short_skill
5201,Bmide,duplicate_normalized_skill
5202,Bml,invalid_short_skill
5203,Bmlt,duplicate_normalized_skill
5204,Bmm,duplicate_normalized_skill
5205,Bmr,duplicate_normalized_skill
5207,Bms,duplicate_normalized_skill
5211,Bo,invalid_short_skill
5212,BoM,duplicate_normalized_skill
5213,BoQ,duplicate_normalized_skill
5225,Bod,invalid_short_skill
5227,Bods,duplicate_normalized_skill
5235,Body shop,duplicate_normalized_skill
5236,Boe,invalid_short_skill
5252,Bom,duplicate_normalized_skill
5254,Bom Management,duplicate_normalized_skill
5271,Book publishing,duplicate_normalized_skill
5279,Bookkeeping & Ledger Management Accounts Payable & Receivable Bank Reconciliation Financial Reporting GST & Tax Compliance Basics Accounting Software- Tally/QuickBooks,sentence_or_description
5287,Boomi integration,duplicate_normalized_skill
5300,Bop,duplicate_normalized_skill
5301,Bopp,duplicate_normalized_skill
5302,Boq,duplicate_normalized_skill
5304,Boq Preparation,duplicate_normalized_skill
5309,Bot,invalid_short_skill
5310,Botany,duplicate_normalized_skill
5323,Box,invalid_short_skill
5325,Bpc,duplicate_normalized_skill
5328,Bpel,duplicate_normalized_skill
5331,Bpmn,duplicate_normalized_skill
5332,Bpo,duplicate_normalized_skill
5337,Bpo Non Voice,duplicate_normalized_skill
5339,Bpo Non Voice process,duplicate_normalized_skill
5340,Bpo Operations,duplicate_normalized_skill
5343,Bpo Process,duplicate_normalized_skill
5345,Bpo Sales,duplicate_normalized_skill
5346,Bpo Training,duplicate_normalized_skill
5347,Bpo Voice,duplicate_normalized_skill
5349,Bpo Voice process,duplicate_normalized_skill
5350,Bpo operations,duplicate_normalized_skill
5351,Bpo sales,duplicate_normalized_skill
5352,Bpo voice,duplicate_normalized_skill
5353,Bpr,duplicate_normalized_skill
5355,Bps,duplicate_normalized_skill
5356,Bpt,duplicate_normalized_skill
5389,Branch accounting,duplicate_normalized_skill
5390,Branch administration,duplicate_normalized_skill
5391,Branch banking,duplicate_normalized_skill
5392,Branch banking operations,duplicate_normalized_skill
5393,Branch head,duplicate_normalized_skill
5394,Branch management,duplicate_normalized_skill
5395,Branch manager,duplicate_normalized_skill
5396,Branch operations,duplicate_normalized_skill
5397,Branch operations head,duplicate_normalized_skill
5399,Branch sales,duplicate_normalized_skill
5435,Brand awareness,duplicate_normalized_skill
5436,Brand building,duplicate_normalized_skill
5437,Brand campaigns,duplicate_normalized_skill
5438,Brand communication,duplicate_normalized_skill
5440,Brand management,duplicate_normalized_skill
5441,Brand marketing,duplicate_normalized_skill
5442,Brand positioning,duplicate_normalized_skill
5443,Brand promotion,duplicate_normalized_skill
5445,Brand strategy,duplicate_normalized_skill
5463,Brc,duplicate_normalized_skill
5464,Brd,duplicate_normalized_skill
5473,Breakdown maintenance,duplicate_normalized_skill
5481,Brf,invalid_short_skill
5482,Brf+,duplicate_normalized_skill
5502,Broadband sales,duplicate_normalized_skill
5511,Brochures,duplicate_normalized_skill
5531,Brs,duplicate_normalized_skill
5532,Bsc,duplicate_normalized_skill
5534,Bsc Nursing,duplicate_normalized_skill
5537,Bscit,duplicate_normalized_skill
5539,Bse,duplicate_normalized_skill
5540,Bsf,invalid_short_skill
5541,Bsm,invalid_short_skill
5542,Bso,invalid_short_skill
5544,Bsp,duplicate_normalized_skill
5545,Bss,invalid_short_skill
5547,Btech,duplicate_normalized_skill
5551,Btl,duplicate_normalized_skill
5554,Btl Marketing,duplicate_normalized_skill
5575,Budget management,duplicate_normalized_skill
5576,Budget preparation,duplicate_normalized_skill
5577,Budget tracking,duplicate_normalized_skill
5584,Budgeting & forecasting,duplicate_normalized_skill
5588,Budgeting and Forecasting,duplicate_normalized_skill
5595,Bug,invalid_short_skill
5602,Build,generic
5609,Build management,duplicate_normalized_skill
5615,Building,generic
5633,Building construction,duplicate_normalized_skill
5634,Building material sales,duplicate_normalized_skill
5635,Building materials,duplicate_normalized_skill
5650,Bulk hiring,duplicate_normalized_skill
5652,Bulletins of India urgently requires Web & Software Developer for its Information & Technology division and expansion,sentence_or_description
5655,Bums,duplicate_normalized_skill
5663,Bus,invalid_short_skill
5668,Business,duplicate_normalized_skill
5679,Business Administration,duplicate_normalized_skill
5691,Business Associate,duplicate_normalized_skill
5721,Business Development Lead Generation & Prospecting Client Relationship Management Negotiation & Deal Closure Communication & Presentation Skills Knowledge of IT / Software / SaaS Products,experience_or_description_phrase
5724,Business Development Manager,duplicate_normalized_skill
5731,Business Development executive,duplicate_normalized_skill
5732,Business Development management,duplicate_normalized_skill
5830,Business accounting,duplicate_normalized_skill
5831,Business administration,duplicate_normalized_skill
5832,Business advisory,duplicate_normalized_skill
5834,Business analysis,duplicate_normalized_skill
5835,Business analyst,duplicate_normalized_skill
5836,Business analytics,duplicate_normalized_skill
5837,Business applications,duplicate_normalized_skill
5838,Business banking,duplicate_normalized_skill
5840,Business central,duplicate_normalized_skill
5841,Business communication,duplicate_normalized_skill
5842,Business consulting,duplicate_normalized_skill
5844,Business continuity planning,duplicate_normalized_skill
5849,Business development Executive,duplicate_normalized_skill
5850,Business development associate,duplicate_normalized_skill
5851,Business development executive,duplicate_normalized_skill
5852,Business development management,duplicate_normalized_skill
5853,Business development manager,duplicate_normalized_skill
5854,Business development officer,duplicate_normalized_skill
5855,Business excellence,duplicate_normalized_skill
5856,Business expansion,duplicate_normalized_skill
5857,Business forecasting,duplicate_normalized_skill
5858,Business head,duplicate_normalized_skill
5859,Business improvement,duplicate_normalized_skill
5860,Business intelligence,duplicate_normalized_skill
5862,Business loan,duplicate_normalized_skill
5863,Business management,duplicate_normalized_skill
5864,Business modeling,duplicate_normalized_skill
5865,Business objects,duplicate_normalized_skill
5866,Business operations,duplicate_normalized_skill
5869,Business partnering,duplicate_normalized_skill
5871,Business planning,duplicate_normalized_skill
5872,Business process,duplicate_normalized_skill
5874,Business process automation,duplicate_normalized_skill
5875,Business process improvement,duplicate_normalized_skill
5876,Business process management,duplicate_normalized_skill
5877,Business process mapping,duplicate_normalized_skill
5878,Business process modeling,duplicate_normalized_skill
5879,Business process optimization,duplicate_normalized_skill
5880,Business process re-engineering,duplicate_normalized_skill
5883,Business reporting,duplicate_normalized_skill
5884,Business research,duplicate_normalized_skill
5888,Business solutions,duplicate_normalized_skill
5889,Business strategy,duplicate_normalized_skill
5890,Business studies,duplicate_normalized_skill
5892,Business to Business,duplicate_normalized_skill
5893,Business transformation,duplicate_normalized_skill
5895,Business valuation,duplicate_normalized_skill
5896,Business writing,duplicate_normalized_skill
5910,Buyer activities,duplicate_normalized_skill
5915,Bw 4Hana,duplicate_normalized_skill
5916,Bw On Hana,duplicate_normalized_skill
5936,C# .Net,duplicate_normalized_skill
5942,C#.net,duplicate_normalized_skill
5951,C++ developer,duplicate_normalized_skill
5964,C1,invalid_short_skill
5966,C2,invalid_short_skill
5967,C2C,invalid_short_skill
5968,C2H,invalid_short_skill
5969,C2M,invalid_short_skill
5970,C2h,duplicate_normalized_skill
5973,CA,invalid_short_skill
5989,CA inter,duplicate_normalized_skill
5991,CA7,invalid_short_skill
6008,CAD drawing,duplicate_normalized_skill
6014,CAD software,duplicate_normalized_skill
6022,CAI,invalid_short_skill
6026,CAL,invalid_short_skill
6037,CAN,invalid_short_skill
6057,CAR,invalid_short_skill
6065,CAS,invalid_short_skill
6069,CASA sales,duplicate_normalized_skill
6078,CBE,invalid_short_skill
6079,CBG,invalid_short_skill
6081,CBO,invalid_short_skill
6084,CC,invalid_short_skill
6086,CCA,invalid_short_skill
6090,CCE,invalid_short_skill
6091,CCH,invalid_short_skill
6093,CCM,invalid_short_skill
6099,CCS,invalid_short_skill
6109,CCTV monitoring,duplicate_normalized_skill
6110,CCU,invalid_short_skill
6112,CCaaS,duplicate_normalized_skill
6114,CD,invalid_short_skill
6116,CDA,invalid_short_skill
6117,CDC,invalid_short_skill
6119,CDD,invalid_short_skill
6120,CDE,invalid_short_skill
6122,CDH,invalid_short_skill
6123,CDI,invalid_short_skill
6125,CDK,invalid_short_skill
6127,CDL,invalid_short_skill
6128,CDM,invalid_short_skill
6130,CDP,invalid_short_skill
6131,CDQ,invalid_short_skill
6132,CDS,invalid_short_skill
6136,CDX,invalid_short_skill
6143,CEA,invalid_short_skill
6145,CED,invalid_short_skill
6147,CEH,invalid_short_skill
6149,CEO,invalid_short_skill
6156,CF,invalid_short_skill
6157,CFA,invalid_short_skill
6158,CFC,invalid_short_skill
6160,CFD,invalid_short_skill
6165,CFM,invalid_short_skill
6167,CFO,invalid_short_skill
6169,CFP,invalid_short_skill
6170,CFS,invalid_short_skill
6175,CFT,invalid_short_skill
6177,CFX,invalid_short_skill
6179,CGI,invalid_short_skill
6181,CHA,invalid_short_skill
6183,CHA coordination,duplicate_normalized_skill
6191,CHF,invalid_short_skill
6193,CHP,invalid_short_skill
6196,CHS,invalid_short_skill
6197,CI,invalid_short_skill
6214,CI/CD pipelines,duplicate_normalized_skill
6222,CI/Cd,duplicate_normalized_skill
6223,CIA,invalid_short_skill
6229,CIC,invalid_short_skill
6241,CIS,invalid_short_skill
6249,CKA,invalid_short_skill
6252,CL,invalid_short_skill
6259,CLE,invalid_short_skill
6260,CLI,invalid_short_skill
6261,CLIA & Biochemistry systems and prior exposure in respective territories,sentence_or_description
6266,CLM,invalid_short_skill
6268,CLP,invalid_short_skill
6270,CLS,invalid_short_skill
6271,CLU,invalid_short_skill
6273,CLoud,duplicate_normalized_skill
6276,CM1500,numeric_or_code_noise
6278,CMA,invalid_short_skill
6281,CMC,invalid_short_skill
6287,CME,invalid_short_skill
6288,CMM,invalid_short_skill
6292,CMM operating,duplicate_normalized_skill
6293,CMM programming,duplicate_normalized_skill
6297,CMO,invalid_short_skill
6301,CMS,invalid_short_skill
6302,CMS 1500,numeric_or_code_noise
6305,CMS1500,numeric_or_code_noise
6306,CMT,invalid_short_skill
6307,CNA,invalid_short_skill
6310,CNC,invalid_short_skill
6336,CNC machines,duplicate_normalized_skill
6338,CNC milling,duplicate_normalized_skill
6340,CNC programming,duplicate_normalized_skill
6342,CNG,invalid_short_skill
6343,CNN,invalid_short_skill
6344,CNS,invalid_short_skill
6345,CO,invalid_short_skill
6358,COC,invalid_short_skill
6364,COM,invalid_short_skill
6373,CONSULTANT,generic
6390,COO,invalid_short_skill
6392,COP,invalid_short_skill
6400,COS,invalid_short_skill
6416,CP,invalid_short_skill
6421,CPA,invalid_short_skill
6423,CPC,invalid_short_skill
6427,CPI,invalid_short_skill
6429,CPL,invalid_short_skill
6430,CPM,invalid_short_skill
6434,CPQ,invalid_short_skill
6436,CPR,invalid_short_skill
6437,CPS,invalid_short_skill
6440,CPT,invalid_short_skill
6445,CPWD Projects Building Construction Site Execution QA/QC Civil Supervision AutoCAD Billing & Documentation,sentence_or_description
6448,CQA,invalid_short_skill
6452,CRA,invalid_short_skill
6453,CRC,invalid_short_skill
6454,CRD,invalid_short_skill
6455,CRE,invalid_short_skill
6466,CRF,invalid_short_skill
6507,CRM campaign,duplicate_normalized_skill
6510,CRM management,duplicate_normalized_skill
6513,CRM sales,duplicate_normalized_skill
6515,CRM software,duplicate_normalized_skill
6517,CRM strategy,duplicate_normalized_skill
6520,CRM systems,duplicate_normalized_skill
6521,CRM tools,duplicate_normalized_skill
6525,CRO,invalid_short_skill
6526,CRS,invalid_short_skill
6527,CRT,invalid_short_skill
6529,CS,invalid_short_skill
6534,CS1000,numeric_or_code_noise
6535,CSA,invalid_short_skill
6542,CSD,invalid_short_skill
6544,CSE,invalid_short_skill
6546,CSI,invalid_short_skill
6547,CSM,invalid_short_skill
6549,CSO,invalid_short_skill
6552,CSR,invalid_short_skill
6571,CST,invalid_short_skill
6572,CSV,invalid_short_skill
6574,CSW,invalid_short_skill
6576,CT,invalid_short_skill
6581,CT scan,duplicate_normalized_skill
6583,CTA,invalid_short_skill
6584,CTB,invalid_short_skill
6587,CTD,invalid_short_skill
6589,CTE,invalid_short_skill
6590,CTI,invalid_short_skill
6591,CTL,invalid_short_skill
6592,CTO,invalid_short_skill
6594,CTQ,invalid_short_skill
6595,CTR,invalid_short_skill
6597,CTS,invalid_short_skill
6598,CTT,invalid_short_skill
6599,CTV,invalid_short_skill
6614,CVI,invalid_short_skill
6615,CVP,invalid_short_skill
6616,CVS,invalid_short_skill
6617,CVT,invalid_short_skill
6620,CWI,invalid_short_skill
6622,CXO,invalid_short_skill
6625,CXone,duplicate_normalized_skill
6628,Ca,duplicate_normalized_skill
6631,Ca Inter,duplicate_normalized_skill
6633,Caa,invalid_short_skill
6634,Cab,invalid_short_skill
6661,Cable laying,duplicate_normalized_skill
6662,Cable schedule,duplicate_normalized_skill
6663,Cable sizing,duplicate_normalized_skill
6668,Cac,invalid_short_skill
6670,Cad,duplicate_normalized_skill
6672,Cad Automation,duplicate_normalized_skill
6673,Cad Customization,duplicate_normalized_skill
6674,Cad Sales,duplicate_normalized_skill
6675,Cad Software,duplicate_normalized_skill
6676,Cad Tools,duplicate_normalized_skill
6685,Cae,duplicate_normalized_skill
6688,Cae Tools,duplicate_normalized_skill
6691,Cafe,duplicate_normalized_skill
6706,Calendar management,duplicate_normalized_skill
6711,Calibration,duplicate_normalized_skill
6719,Call Center,duplicate_normalized_skill
6730,Call Center sales,duplicate_normalized_skill
6738,Call center,duplicate_normalized_skill
6739,Call center executive,duplicate_normalized_skill
6740,Call center management,duplicate_normalized_skill
6741,Call center operations,duplicate_normalized_skill
6742,Call centre,duplicate_normalized_skill
6743,Call monitoring,duplicate_normalized_skill
6750,Calling,duplicate_normalized_skill
6752,Calling process,duplicate_normalized_skill
6758,Cam,duplicate_normalized_skill
6789,Campaign management,duplicate_normalized_skill
6791,Campaign planning,duplicate_normalized_skill
6801,Campus recruitment,duplicate_normalized_skill
6809,Can bus,duplicate_normalized_skill
6835,Candidate should be well versed in ISO Documentation,sentence_or_description
6841,Canoe,duplicate_normalized_skill
6851,Cap,invalid_short_skill
6853,Capa,duplicate_normalized_skill
6857,Capacity,duplicate_normalized_skill
6868,Capacity management,duplicate_normalized_skill
6869,Capacity planning,duplicate_normalized_skill
6873,Capex,duplicate_normalized_skill
6880,Capex planning,duplicate_normalized_skill
6881,Capex procurement,duplicate_normalized_skill
6882,Capita,duplicate_normalized_skill
6909,Capital goods,duplicate_normalized_skill
6910,Capital market,duplicate_normalized_skill
6911,Capital market operations,duplicate_normalized_skill
6913,Capital purchase,duplicate_normalized_skill
6931,Captive power plant,duplicate_normalized_skill
6933,Car,duplicate_normalized_skill
6950,Car rental,duplicate_normalized_skill
6954,Car technician,duplicate_normalized_skill
6979,Cardiologist,duplicate_normalized_skill
6986,Cards domain,duplicate_normalized_skill
7002,Career counselling,duplicate_normalized_skill
7004,Career development,duplicate_normalized_skill
7024,Cas,duplicate_normalized_skill
7025,Casa,duplicate_normalized_skill
7027,Casa Sales,duplicate_normalized_skill
7037,Case analysis,duplicate_normalized_skill
7039,Case processing,duplicate_normalized_skill
7063,Cash Flow management,duplicate_normalized_skill
7074,Cash application,duplicate_normalized_skill
7075,Cash applications,duplicate_normalized_skill
7076,Cash collection,duplicate_normalized_skill
7077,Cash credit,duplicate_normalized_skill
7078,Cash flow,duplicate_normalized_skill
7079,Cash flow analysis,duplicate_normalized_skill
7080,Cash flow management,duplicate_normalized_skill
7081,Cash flow statement,duplicate_normalized_skill
7082,Cash handling,duplicate_normalized_skill
7083,Cash management,duplicate_normalized_skill
7084,Cash management services,duplicate_normalized_skill
7089,Cashier activities,duplicate_normalized_skill
7096,Casting,duplicate_normalized_skill
7103,Casualty,duplicate_normalized_skill
7105,Cat,invalid_short_skill
7125,Category management,duplicate_normalized_skill
7126,Category manager,duplicate_normalized_skill
7132,Catering sales,duplicate_normalized_skill
7134,Cathodic protection work of oil and gas pipelines at site,sentence_or_description
7135,Catia,duplicate_normalized_skill
7141,Catia V5,duplicate_normalized_skill
7149,Cbi,invalid_short_skill
7150,Cbm,invalid_short_skill
7151,Cbs,invalid_short_skill
7152,Cbt,invalid_short_skill
7153,Cc,duplicate_normalized_skill
7155,Cca,duplicate_normalized_skill
7156,Ccar,duplicate_normalized_skill
7157,Ccc,invalid_short_skill
7158,Ccd,invalid_short_skill
7160,Cce,duplicate_normalized_skill
7161,Cch,duplicate_normalized_skill
7162,Ccie,duplicate_normalized_skill
7165,Ccr,invalid_short_skill
7166,Ccs,duplicate_normalized_skill
7169,Ccsp,duplicate_normalized_skill
7171,Cctv Configuration,duplicate_normalized_skill
7172,Cctv Installation,duplicate_normalized_skill
7173,Cctv Monitoring,duplicate_normalized_skill
7175,Ccu,duplicate_normalized_skill
7176,Cd,duplicate_normalized_skill
7178,Cdc,duplicate_normalized_skill
7179,Cdd,duplicate_normalized_skill
7180,Cdh,duplicate_normalized_skill
7181,Cdi,duplicate_normalized_skill
7182,Cdisc,duplicate_normalized_skill
7183,Cdm,duplicate_normalized_skill
7184,Cdo,invalid_short_skill
7185,Cdp,duplicate_normalized_skill
7187,Cds,duplicate_normalized_skill
7188,Cds Views,duplicate_normalized_skill
7189,Cdsl,duplicate_normalized_skill
7190,Ce,invalid_short_skill
7191,Ced,duplicate_normalized_skill
7193,Ceh,duplicate_normalized_skill
7205,Cell biology,duplicate_normalized_skill
7206,Cell culture,duplicate_normalized_skill
7218,Center management,duplicate_normalized_skill
7219,Centos,duplicate_normalized_skill
7228,Centrifugal pumps,duplicate_normalized_skill
7241,Certification in SAP TM or SAP S/4HANA Supply Chain,sentence_or_description
7253,Certified Medical coder,duplicate_normalized_skill
7256,Certified coder,duplicate_normalized_skill
7261,Cfml,duplicate_normalized_skill
7262,Cfo,duplicate_normalized_skill
7263,Cfr,invalid_short_skill
7264,Cha,duplicate_normalized_skill
7280,Change management,duplicate_normalized_skill
7310,Channel development,duplicate_normalized_skill
7311,Channel distribution,duplicate_normalized_skill
7312,Channel management,duplicate_normalized_skill
7313,Channel marketing,duplicate_normalized_skill
7314,Channel partner development,duplicate_normalized_skill
7315,Channel partner management,duplicate_normalized_skill
7316,Channel partners,duplicate_normalized_skill
7317,Channel sales,duplicate_normalized_skill
7318,Channel sales management,duplicate_normalized_skill
7319,Channel sales strategies,duplicate_normalized_skill
7330,Charge entry,duplicate_normalized_skill
7342,Chart of Accounts,duplicate_normalized_skill
7348,Chartered accountant,duplicate_normalized_skill
7353,Chat,duplicate_normalized_skill
7354,Chat Process,duplicate_normalized_skill
7356,Chat process,duplicate_normalized_skill
7362,Chatgpt,duplicate_normalized_skill
7376,Chef,duplicate_normalized_skill
7382,Chef de Partie,duplicate_normalized_skill
7400,Chemical Process,duplicate_normalized_skill
7410,Chemical Testing,duplicate_normalized_skill
7411,Chemical analysis,duplicate_normalized_skill
7412,Chemical engineering,duplicate_normalized_skill
7414,Chemical peels,duplicate_normalized_skill
7415,Chemical testing,duplicate_normalized_skill
7423,Chemistry faculty,duplicate_normalized_skill
7425,Chemistry teacher,duplicate_normalized_skill
7428,Chennai,duplicate_normalized_skill
7442,Chief financial officer,duplicate_normalized_skill
7469,China,duplicate_normalized_skill
7496,Ci,duplicate_normalized_skill
7498,Ci Cd Pipeline,duplicate_normalized_skill
7499,Ci/CD,duplicate_normalized_skill
7500,Ci/Cd,duplicate_normalized_skill
7501,Ci/cd,duplicate_normalized_skill
7502,CiCd,duplicate_normalized_skill
7504,Cibil,duplicate_normalized_skill
7505,Cic,duplicate_normalized_skill
7508,Cics,duplicate_normalized_skill
7511,Cif,invalid_short_skill
7512,Cifs,duplicate_normalized_skill
7514,Cima,duplicate_normalized_skill
7522,Cip,invalid_short_skill
7523,Cipet,duplicate_normalized_skill
7528,Circleci,duplicate_normalized_skill
7537,Circuit breakers,duplicate_normalized_skill
7538,Circuit design,duplicate_normalized_skill
7539,Circuit designing,duplicate_normalized_skill
7542,Cis,duplicate_normalized_skill
7543,Cisa,duplicate_normalized_skill
7544,Cisco,duplicate_normalized_skill
7547,Cisco Aci,duplicate_normalized_skill
7560,Cisco Ipt,duplicate_normalized_skill
7582,Cisco and others to Govt & Corporate customers respectively,sentence_or_description
7583,Cisco certified,duplicate_normalized_skill
7587,Cisco routers,duplicate_normalized_skill
7588,Cisco switches,duplicate_normalized_skill
7589,Cism,duplicate_normalized_skill
7591,Cissp,duplicate_normalized_skill
7592,Cit,invalid_short_skill
7620,Civil Engineering Graduate with 10+ years experience in project execution,education_or_qualification
7646,Civil construction,duplicate_normalized_skill
7647,Civil contracts,duplicate_normalized_skill
7648,Civil design,duplicate_normalized_skill
7650,Civil engineering,duplicate_normalized_skill
7651,Civil management,duplicate_normalized_skill
7653,Civil works,duplicate_normalized_skill
7671,Claim center,duplicate_normalized_skill
7674,Claim management,duplicate_normalized_skill
7676,Claim submission,duplicate_normalized_skill
7677,ClaimCenter,duplicate_normalized_skill
7678,Claimcenter,duplicate_normalized_skill
7692,Claims management,duplicate_normalized_skill
7693,Claims processing,duplicate_normalized_skill
7699,Class A Surfacing,duplicate_normalized_skill
7711,Classroom management,duplicate_normalized_skill
7732,Cleaning protocols,duplicate_normalized_skill
7748,Clerical work,duplicate_normalized_skill
7754,Client,generic
7775,Client Follow-up,duplicate_normalized_skill
7797,Client Prospecting & Lead Generation & Relationship Management CRM system & achieving monthly or annual sales targets and quotas & Client Support,sentence_or_description
7804,Client Relationship management,duplicate_normalized_skill
7825,Client account management,duplicate_normalized_skill
7826,Client acquisition,duplicate_normalized_skill
7827,Client billing,duplicate_normalized_skill
7829,Client coordination,duplicate_normalized_skill
7830,Client development,duplicate_normalized_skill
7831,Client engagement,duplicate_normalized_skill
7832,Client facing,duplicate_normalized_skill
7833,Client handling,duplicate_normalized_skill
7835,Client interaction,duplicate_normalized_skill
7836,Client interfacing,duplicate_normalized_skill
7837,Client management,duplicate_normalized_skill
7838,Client meeting,duplicate_normalized_skill
7840,Client onboarding,duplicate_normalized_skill
7842,Client relationship,duplicate_normalized_skill
7843,Client relationship management,duplicate_normalized_skill
7844,Client retention,duplicate_normalized_skill
7845,Client satisfaction,duplicate_normalized_skill
7847,Client service,duplicate_normalized_skill
7848,Client servicing,duplicate_normalized_skill
7849,Client servicing manager,duplicate_normalized_skill
7850,Client solutions,duplicate_normalized_skill
7852,Client support,duplicate_normalized_skill
7918,Clinical operations,duplicate_normalized_skill
7919,Clinical pathology,duplicate_normalized_skill
7920,Clinical research,duplicate_normalized_skill
7922,Clinical trials,duplicate_normalized_skill
7923,Clo,invalid_short_skill
7940,Cloud,duplicate_normalized_skill
7975,Cloud Erp,duplicate_normalized_skill
7983,Cloud Hcm,duplicate_normalized_skill
8021,Cloud Sql,duplicate_normalized_skill
8034,Cloud architecture,duplicate_normalized_skill
8036,Cloud computing,duplicate_normalized_skill
8038,Cloud platform,duplicate_normalized_skill
8039,Cloud platforms,duplicate_normalized_skill
8040,Cloud solution Sales,duplicate_normalized_skill
8054,Cloudfront,duplicate_normalized_skill
8057,Cloudwatch,duplicate_normalized_skill
8074,Cma Inter,duplicate_normalized_skill
8080,Cmo,duplicate_normalized_skill
8084,Cnc,duplicate_normalized_skill
8085,Cnc Bending,duplicate_normalized_skill
8086,Cnc Operation,duplicate_normalized_skill
8089,Cnn,duplicate_normalized_skill
8090,Co,duplicate_normalized_skill
8101,Coa,invalid_short_skill
8111,Coal mining,duplicate_normalized_skill
8118,Cob,invalid_short_skill
8121,Cobit,duplicate_normalized_skill
8122,Cobol,duplicate_normalized_skill
8124,Coc,duplicate_normalized_skill
8132,Cod,invalid_short_skill
8143,Code review,duplicate_normalized_skill
8150,Codeigniter,duplicate_normalized_skill
8160,Coe,invalid_short_skill
8169,Cognizant,duplicate_normalized_skill
8174,Cogs,duplicate_normalized_skill
8191,Cold calling,duplicate_normalized_skill
8192,Cold chain,duplicate_normalized_skill
8198,Collaborate with stakeholders to gather and analyze requirements,sentence_or_description
8199,Collaborate with testing teams to validate prototype designs,sentence_or_description
8200,Collaborates with Marketing team on product and sales materials to ensure they are current and focused for the applicable presentation,sentence_or_description
8201,Collaboration,generic
8213,Collateral management,duplicate_normalized_skill
8228,Collection management,duplicate_normalized_skill
8241,College outreach,duplicate_normalized_skill
8250,Color correction,duplicate_normalized_skill
8261,Com,duplicate_normalized_skill
8266,Comm,duplicate_normalized_skill
8272,Commerce Graduate Jobs Jaipur,education_or_qualification
8318,Commercial Real Estate OR CRE OR Real Estate Accounting OR Property Accounting,sentence_or_description
8328,Commercial banking,duplicate_normalized_skill
8329,Commercial buildings,duplicate_normalized_skill
8330,Commercial contracts,duplicate_normalized_skill
8331,Commercial executive,duplicate_normalized_skill
8333,Commercial insurance,duplicate_normalized_skill
8336,Commercial laws,duplicate_normalized_skill
8337,Commercial leasing,duplicate_normalized_skill
8338,Commercial management,duplicate_normalized_skill
8339,Commercial marketing,duplicate_normalized_skill
8341,Commercial operations,duplicate_normalized_skill
8343,Commercial vehicle,duplicate_normalized_skill
8344,Commercial vehicle loans,duplicate_normalized_skill
8375,Commodity trading,duplicate_normalized_skill
8380,Communication,generic
8393,Communication & interpersonal skills,duplicate_normalized_skill
8403,Communication Skills Sales & Negotiation Client Relationship Management Lead Generation Market Research Email & Phone Etiquette,sentence_or_description
8412,Communication and Interpersonal Skills,duplicate_normalized_skill
8415,Communication management,duplicate_normalized_skill
8416,Communication protocols,duplicate_normalized_skill
8417,Communication skill,duplicate_normalized_skill
8418,Communication skill is critical for front desk employees. It refers to the ability to exchange information,experience_or_description_phrase
8419,Communication skills Edtech Sales Relationship Management Student Counseling B2C Sales Consultative Sales Cold Calling CRM Software,sentence_or_description
8423,Communication with customers if dispatch adjustment is required,experience_or_description_phrase
8442,Community medicine,duplicate_normalized_skill
8443,Community mobilization,duplicate_normalized_skill
8454,Company,generic
8471,Company law,duplicate_normalized_skill
8472,Company research,duplicate_normalized_skill
8473,Company secretarial,duplicate_normalized_skill
8474,Company secretary,duplicate_normalized_skill
8477,Compassion & empathy // Good communication skills // Ability to work under pressure // Strong sense of responsibility // Team collaboration // Basic technical proficiency with medical equipment,experience_or_description_phrase
8479,Compensation,duplicate_normalized_skill
8484,Compensation management,duplicate_normalized_skill
8489,Competency development,duplicate_normalized_skill
8490,Competency management,duplicate_normalized_skill
8491,Competency mapping,duplicate_normalized_skill
8493,Competition mapping & gathering market intelligence report on new updates,sentence_or_description
8499,Competitive analysis,duplicate_normalized_skill
8500,Competitive intelligence,duplicate_normalized_skill
8502,Competitor analysis,duplicate_normalized_skill
8511,Complaint handling,duplicate_normalized_skill
8512,Complaint management,duplicate_normalized_skill
8517,Complete all tasks assigned by the Project Manager,sentence_or_description
8519,Complex,generic
8524,Compliance,generic
8558,Compliance management,duplicate_normalized_skill
8559,Compliance protocols to ensure adherence to organic standards,sentence_or_description
8561,Compliance with BARC Level 2 & Safety Standards,sentence_or_description
8606,Compute taxes and prepare documents for Regular tax returns,sentence_or_description
8644,Computer application,duplicate_normalized_skill
8645,Computer architecture,duplicate_normalized_skill
8646,Computer forensics,duplicate_normalized_skill
8648,Computer hardware,duplicate_normalized_skill
8649,Computer operating,duplicate_normalized_skill
8650,Computer operator,duplicate_normalized_skill
8651,Computer proficiency,duplicate_normalized_skill
8652,Computer savvy,duplicate_normalized_skill
8653,Computer science,duplicate_normalized_skill
8655,Computer skills,duplicate_normalized_skill
8657,Computer system validation,duplicate_normalized_skill
8658,Computer teaching,duplicate_normalized_skill
8659,Computer vision,duplicate_normalized_skill
8662,Con,invalid_short_skill
8670,Concept design,duplicate_normalized_skill
8671,Concept development,duplicate_normalized_skill
8672,Concept sales,duplicate_normalized_skill
8673,Concepts,generic
8685,Concur,duplicate_normalized_skill
8692,Concurrent audit,duplicate_normalized_skill
8697,Conditional formatting,duplicate_normalized_skill
8718,Configuration management,duplicate_normalized_skill
8731,Conflict management,duplicate_normalized_skill
8732,Conflict resolution,duplicate_normalized_skill
8738,Conga,duplicate_normalized_skill
8791,Construction chemicals,duplicate_normalized_skill
8792,Construction engineering,duplicate_normalized_skill
8793,Construction equipment,duplicate_normalized_skill
8794,Construction management,duplicate_normalized_skill
8798,Construction planning,duplicate_normalized_skill
8799,Construction project management,duplicate_normalized_skill
8800,Construction supervision,duplicate_normalized_skill
8804,Consultant,duplicate_normalized_skill
8812,Consultant General Surgeon,duplicate_normalized_skill
8824,Consultant Pediatrician,duplicate_normalized_skill
8826,Consultant Physician,duplicate_normalized_skill
8832,Consultant cardiologist,duplicate_normalized_skill
8833,Consultant urologist,duplicate_normalized_skill
8836,Consultative sales,duplicate_normalized_skill
8860,Consumer durables,duplicate_normalized_skill
8861,Consumer electronics,duplicate_normalized_skill
8862,Consumer insights,duplicate_normalized_skill
8863,Consumer research,duplicate_normalized_skill
8865,Consumption/Expiry/Slow/Non Moving report with ABC Classification and Category,sentence_or_description
8935,Content Writer who have exp. education domain of academics content creators for Assessment develops Co. SOP content question bank,sentence_or_description
8938,Content creation,duplicate_normalized_skill
8940,Content development,duplicate_normalized_skill
8941,Content editing,duplicate_normalized_skill
8942,Content filtering,duplicate_normalized_skill
8943,Content management,duplicate_normalized_skill
8944,Content marketing,duplicate_normalized_skill
8945,Content optimization,duplicate_normalized_skill
8946,Content publishing,duplicate_normalized_skill
8947,Content strategy,duplicate_normalized_skill
8948,Content writing,duplicate_normalized_skill
8954,Context Api,duplicate_normalized_skill
8970,Continuous improvement,duplicate_normalized_skill
8987,Contract Labour Management,duplicate_normalized_skill
9005,Contract administration,duplicate_normalized_skill
9007,Contract drafting,duplicate_normalized_skill
9008,Contract hiring,duplicate_normalized_skill
9009,Contract labour,duplicate_normalized_skill
9010,Contract law,duplicate_normalized_skill
9011,Contract management,duplicate_normalized_skill
9012,Contract manufacturing,duplicate_normalized_skill
9013,Contract negotiation,duplicate_normalized_skill
9014,Contract negotiations,duplicate_normalized_skill
9015,Contract review,duplicate_normalized_skill
9016,Contract staffing,duplicate_normalized_skill
9017,Contract to Hire,duplicate_normalized_skill
9018,Contract to hire,duplicate_normalized_skill
9023,Contractor billing,duplicate_normalized_skill
9034,Contracts management,duplicate_normalized_skill
9041,Control,generic
9069,Control accounts,duplicate_normalized_skill
9072,Control panel,duplicate_normalized_skill
9074,Control plan,duplicate_normalized_skill
9075,Control system,duplicate_normalized_skill
9076,Control system design,duplicate_normalized_skill
9077,Control valves,duplicate_normalized_skill
9088,Conventional machines,duplicate_normalized_skill
9098,Conversational Ai,duplicate_normalized_skill
9117,Convincing power,duplicate_normalized_skill
9119,Coo,duplicate_normalized_skill
9122,Cooking,duplicate_normalized_skill
9130,Coordinate with internal tax experts to escalate complex queries,sentence_or_description
9133,Coordination,generic
9137,Coordination skills,duplicate_normalized_skill
9146,Cop,duplicate_normalized_skill
9147,Copa,duplicate_normalized_skill
9150,Copilot,duplicate_normalized_skill
9152,Copilot studio,duplicate_normalized_skill
9156,Copq,duplicate_normalized_skill
9160,Copy editing,duplicate_normalized_skill
9161,Copy writing,duplicate_normalized_skill
9163,Copyright,duplicate_normalized_skill
9175,Core Abap,duplicate_normalized_skill
9176,Core Accounts including consolidation of Accounts. Direct and Indirect Taxes Oversee Secretarial matters Commercial /Administrative area,sentence_or_description
9190,Core Hcm,duplicate_normalized_skill
9201,Core PHP,duplicate_normalized_skill
9205,Core banking,duplicate_normalized_skill
9206,Core finance,duplicate_normalized_skill
9208,Core java,duplicate_normalized_skill
9209,Core php,duplicate_normalized_skill
9216,Corel Draw,duplicate_normalized_skill
9217,Corel draw,duplicate_normalized_skill
9294,Corporate Sales,duplicate_normalized_skill
9317,Corporate accounting,duplicate_normalized_skill
9318,Corporate actions,duplicate_normalized_skill
9319,Corporate advisory,duplicate_normalized_skill
9320,Corporate affairs,duplicate_normalized_skill
9321,Corporate banking,duplicate_normalized_skill
9322,Corporate branding,duplicate_normalized_skill
9324,Corporate communication,duplicate_normalized_skill
9325,Corporate compliance,duplicate_normalized_skill
9326,Corporate credit,duplicate_normalized_skill
9327,Corporate finance,duplicate_normalized_skill
9330,Corporate governance,duplicate_normalized_skill
9332,Corporate interiors,duplicate_normalized_skill
9333,Corporate law,duplicate_normalized_skill
9334,Corporate planning,duplicate_normalized_skill
9335,Corporate relations,duplicate_normalized_skill
9336,Corporate relationship management,duplicate_normalized_skill
9337,Corporate sales,duplicate_normalized_skill
9338,Corporate security,duplicate_normalized_skill
9339,Corporate selling,duplicate_normalized_skill
9340,Corporate strategy,duplicate_normalized_skill
9341,Corporate taxation,duplicate_normalized_skill
9342,Corporate training,duplicate_normalized_skill
9348,Corrective maintenance,duplicate_normalized_skill
9355,Cos,duplicate_normalized_skill
9365,Cosmos DB,duplicate_normalized_skill
9366,Coso,duplicate_normalized_skill
9367,Coso Framework,duplicate_normalized_skill
9370,Cost Accounting,duplicate_normalized_skill
9371,Cost Analysis,duplicate_normalized_skill
9388,Cost Estimation,duplicate_normalized_skill
9391,Cost Estimation Project Management Microsoft Excel AutoCAD SAP Billing Software Data Analysis Communication Problem Solving Time Management,sentence_or_description
9403,Cost Reduction,duplicate_normalized_skill
9413,Cost accounting,duplicate_normalized_skill
9414,Cost analysis,duplicate_normalized_skill
9417,Cost budgeting,duplicate_normalized_skill
9418,Cost center accounting,duplicate_normalized_skill
9420,Cost control,duplicate_normalized_skill
9421,Cost estimation,duplicate_normalized_skill
9422,Cost management,duplicate_normalized_skill
9423,Cost optimization,duplicate_normalized_skill
9424,Cost planning,duplicate_normalized_skill
9425,Cost reduction,duplicate_normalized_skill
9426,Cost reduction initiatives,duplicate_normalized_skill
9428,Cost saving,duplicate_normalized_skill
9430,Cost sheet,duplicate_normalized_skill
9434,Costing,duplicate_normalized_skill
9440,Costx,duplicate_normalized_skill
9449,Counsellor,duplicate_normalized_skill
9455,Counter sales,duplicate_normalized_skill
9457,Counterparty Credit risk,duplicate_normalized_skill
9472,Court cases,duplicate_normalized_skill
9476,Cpaas,duplicate_normalized_skill
9478,Cpd,invalid_short_skill
9479,Cpi,duplicate_normalized_skill
9481,Cpi-Ds,duplicate_normalized_skill
9483,Cpq,duplicate_normalized_skill
9485,Cpr,duplicate_normalized_skill
9486,Cpt Coding,duplicate_normalized_skill
9487,Cpu,duplicate_normalized_skill
9489,Cq5,invalid_short_skill
9490,Cqa,duplicate_normalized_skill
9509,Creating job descriptions screening resumes and conducting interviews,sentence_or_description
9535,Creative Writing Proofreading Problem Solving Creativity Skills Creative Content Creation Social Media,sentence_or_description
9536,Creative designing,duplicate_normalized_skill
9537,Creative direction,duplicate_normalized_skill
9538,Creative director,duplicate_normalized_skill
9540,Creative skills,duplicate_normalized_skill
9541,Creative storytelling,duplicate_normalized_skill
9542,Creative writing,duplicate_normalized_skill
9546,Creativity & innovation Market awareness & trend forecasting Attention to detail & quality Team collaboration Time management & multitasking,sentence_or_description
9583,Credit Control,duplicate_normalized_skill
9609,Credit Risk Analyst,duplicate_normalized_skill
9619,Credit administration,duplicate_normalized_skill
9620,Credit analysis,duplicate_normalized_skill
9621,Credit analyst,duplicate_normalized_skill
9622,Credit appraisal,duplicate_normalized_skill
9623,Credit assessment,duplicate_normalized_skill
9624,Credit card,duplicate_normalized_skill
9626,Credit card domain,duplicate_normalized_skill
9627,Credit card sales,duplicate_normalized_skill
9628,Credit cards,duplicate_normalized_skill
9629,Credit collection,duplicate_normalized_skill
9631,Credit control,duplicate_normalized_skill
9632,Credit management,duplicate_normalized_skill
9634,Credit monitoring,duplicate_normalized_skill
9635,Credit operations,duplicate_normalized_skill
9637,Credit policy,duplicate_normalized_skill
9638,Credit processing,duplicate_normalized_skill
9639,Credit rating,duplicate_normalized_skill
9641,Credit research,duplicate_normalized_skill
9642,Credit risk,duplicate_normalized_skill
9643,Credit risk management,duplicate_normalized_skill
9644,Credit underwriting,duplicate_normalized_skill
9650,Creo,duplicate_normalized_skill
9659,Crewai,duplicate_normalized_skill
9670,Crisc,duplicate_normalized_skill
9674,Crisis management,duplicate_normalized_skill
9680,Critical care,duplicate_normalized_skill
9681,Critical thinking,duplicate_normalized_skill
9683,Crm,duplicate_normalized_skill
9684,Crm Abap,duplicate_normalized_skill
9685,Crm Analytics,duplicate_normalized_skill
9687,Crm Development,duplicate_normalized_skill
9689,Crm Integration,duplicate_normalized_skill
9690,Crm Marketing,duplicate_normalized_skill
9692,Crm Software,duplicate_normalized_skill
9693,Crm Systems,duplicate_normalized_skill
9695,Crm Tool,duplicate_normalized_skill
9708,Cross Functional collaboration,duplicate_normalized_skill
9717,Cross functional coordination,duplicate_normalized_skill
9718,Cross sales,duplicate_normalized_skill
9719,Cross selling,duplicate_normalized_skill
9726,Cross-functional Collaboration,duplicate_normalized_skill
9729,Cross-functional coordination,duplicate_normalized_skill
9731,Crowdstrike,duplicate_normalized_skill
9736,Cruise Sales,duplicate_normalized_skill
9738,Cruise sales,duplicate_normalized_skill
9752,Cs,duplicate_normalized_skill
9760,Csv,duplicate_normalized_skill
9761,Ct scan,duplicate_normalized_skill
9762,Ctm,invalid_short_skill
9764,Cto,duplicate_normalized_skill
9765,Ctr,duplicate_normalized_skill
9766,Ctrm,duplicate_normalized_skill
9767,Cts,duplicate_normalized_skill
9775,Cuda,duplicate_normalized_skill
9798,Current account,duplicate_normalized_skill
9809,Curriculum design,duplicate_normalized_skill
9811,Curriculum development,duplicate_normalized_skill
9830,Custom app,duplicate_normalized_skill
9831,Custom clearance,duplicate_normalized_skill
9833,Customer,generic
9834,Customer Acquisition,duplicate_normalized_skill
9841,Customer Care,duplicate_normalized_skill
9852,Customer Complaints,duplicate_normalized_skill
9853,Customer Coordination,duplicate_normalized_skill
9856,Customer Development,duplicate_normalized_skill
9864,Customer Exits,duplicate_normalized_skill
9901,Customer Query handling,duplicate_normalized_skill
9961,Customer Support representative,duplicate_normalized_skill
9965,Customer acquisition,duplicate_normalized_skill
9966,Customer audits,duplicate_normalized_skill
9967,Customer calling,duplicate_normalized_skill
9968,Customer care,duplicate_normalized_skill
9969,Customer care executive,duplicate_normalized_skill
9972,Customer complaints,duplicate_normalized_skill
9973,Customer engagement,duplicate_normalized_skill
9975,Customer experience,duplicate_normalized_skill
9976,Customer experience management,duplicate_normalized_skill
9978,Customer focus,duplicate_normalized_skill
9983,Customer handling,duplicate_normalized_skill
9984,Customer interaction,duplicate_normalized_skill
9985,Customer loyalty,duplicate_normalized_skill
9986,Customer management,duplicate_normalized_skill
9987,Customer onboarding,duplicate_normalized_skill
9990,Customer quality,duplicate_normalized_skill
9991,Customer relationship,duplicate_normalized_skill
9992,Customer relationship management,duplicate_normalized_skill
9993,Customer retention,duplicate_normalized_skill
9994,Customer satisfaction,duplicate_normalized_skill
9995,Customer satisfaction index,duplicate_normalized_skill
9996,Customer service Representative,duplicate_normalized_skill
9997,Customer service delivery,duplicate_normalized_skill
9998,Customer service management,duplicate_normalized_skill
9999,Customer service operations,duplicate_normalized_skill
10000,Customer service orientation,duplicate_normalized_skill
10001,Customer service training,duplicate_normalized_skill
10003,Customer success,duplicate_normalized_skill
10004,Customer success management,duplicate_normalized_skill
10005,Customer support Representative,duplicate_normalized_skill
10006,Customer support executive,duplicate_normalized_skill
10007,Customer support operations,duplicate_normalized_skill
10008,Customer-Centric Approach Sales and Negotiation Business Development Tourism Industry Knowledge Problem-Solving Result-Driven,sentence_or_description
10017,Customs,duplicate_normalized_skill
10025,Customs documentation,duplicate_normalized_skill
10026,Cut,invalid_short_skill
10040,Cutting tools,duplicate_normalized_skill
10043,Cvd,invalid_short_skill
10044,Cx,invalid_short_skill
10045,Cxo,duplicate_normalized_skill
10066,Cyber law,duplicate_normalized_skill
10067,Cyber security,duplicate_normalized_skill
10110,D2C,invalid_short_skill
10125,DA,invalid_short_skill
10127,DAB,invalid_short_skill
10128,DAC,invalid_short_skill
10130,DAG,invalid_short_skill
10132,DAM,invalid_short_skill
10134,DAO,invalid_short_skill
10135,DAP,invalid_short_skill
10137,DAS,invalid_short_skill
10147,DAX,invalid_short_skill
10149,DB,invalid_short_skill
10162,DB2/400,numeric_or_code_noise
10163,DBA,invalid_short_skill
10164,DBL,invalid_short_skill
10165,DBM,invalid_short_skill
10167,DBT,invalid_short_skill
10174,DCA,invalid_short_skill
10175,DCF,invalid_short_skill
10176,DCH,invalid_short_skill
10177,DCI,invalid_short_skill
10178,DCL,invalid_short_skill
10179,DCM,invalid_short_skill
10180,DCP,invalid_short_skill
10182,DCS,invalid_short_skill
10187,DCS operation,duplicate_normalized_skill
10189,DD,invalid_short_skill
10190,DDD,invalid_short_skill
10191,DDR,invalid_short_skill
10196,DEB,invalid_short_skill
10198,DEC,invalid_short_skill
10205,DEM,invalid_short_skill
10209,DES,invalid_short_skill
10210,DESIGN,generic
10215,DEVELOPER,generic
10217,DEX,invalid_short_skill
10218,DEd,invalid_short_skill
10221,DFD,invalid_short_skill
10222,DFF,invalid_short_skill
10223,DFM,invalid_short_skill
10224,DFM review for paint fixtures & jigs & packing trays,sentence_or_description
10227,DFS,invalid_short_skill
10229,DFT,invalid_short_skill
10232,DFX,invalid_short_skill
10233,DG,invalid_short_skill
10237,DG sets,duplicate_normalized_skill
10240,DGM,invalid_short_skill
10243,DGO,invalid_short_skill
10248,DHM,invalid_short_skill
10249,DI,invalid_short_skill
10254,DIPLOMA,education_or_qualification
10255,DIPLOMA ELECTRICAL,education_or_qualification
10256,DIPLOMA MECHANICAL,education_or_qualification
10268,DLP,invalid_short_skill
10270,DLS,invalid_short_skill
10271,DM,invalid_short_skill
10290,DM cardiologist,duplicate_normalized_skill
10296,DMA,invalid_short_skill
10297,DME,invalid_short_skill
10305,DME process,duplicate_normalized_skill
10306,DMF,invalid_short_skill
10311,DMN,invalid_short_skill
10312,DMO,invalid_short_skill
10314,DMS,invalid_short_skill
10317,DMU,invalid_short_skill
10320,DNB,invalid_short_skill
10339,DNB Microbiology,duplicate_normalized_skill
10361,DNN,invalid_short_skill
10368,DOM,invalid_short_skill
10377,DPF,invalid_short_skill
10378,DPI,invalid_short_skill
10379,DPM,invalid_short_skill
10381,DPR,invalid_short_skill
10383,DPT,invalid_short_skill
10385,DR,invalid_short_skill
10388,DRA,invalid_short_skill
10390,DRC,invalid_short_skill
10393,DRG,invalid_short_skill
10396,DRI,invalid_short_skill
10397,DRM,invalid_short_skill
10398,DRS,invalid_short_skill
10399,DRT,invalid_short_skill
10401,DS,invalid_short_skill
10403,DSA,invalid_short_skill
10405,DSC,invalid_short_skill
10407,DSD,invalid_short_skill
10409,DSF,invalid_short_skill
10410,DSH,invalid_short_skill
10412,DSL,invalid_short_skill
10414,DSO,invalid_short_skill
10416,DSP,invalid_short_skill
10419,DSR,invalid_short_skill
10420,DST,invalid_short_skill
10424,DT,invalid_short_skill
10426,DTC,invalid_short_skill
10430,DTP,invalid_short_skill
10432,DTS,invalid_short_skill
10433,DTV,invalid_short_skill
10434,DU,invalid_short_skill
10436,DUT,invalid_short_skill
10439,DVB,invalid_short_skill
10440,DVD,invalid_short_skill
10441,DVE,invalid_short_skill
10443,DVR,invalid_short_skill
10446,DWH,invalid_short_skill
10448,DWH testing,duplicate_normalized_skill
10450,DWh,duplicate_normalized_skill
10451,DXC,invalid_short_skill
10453,DXF,invalid_short_skill
10474,Daily accounting,duplicate_normalized_skill
10475,Daily production,duplicate_normalized_skill
10488,Dance,duplicate_normalized_skill
10491,Dap,duplicate_normalized_skill
10496,Dart,duplicate_normalized_skill
10513,Dast,duplicate_normalized_skill
10570,Data Dictionary,duplicate_normalized_skill
10587,Data Entry management,duplicate_normalized_skill
10636,Data Modelling,duplicate_normalized_skill
10717,Data analysis & reporting,duplicate_normalized_skill
10719,Data analyst,duplicate_normalized_skill
10721,Data analytical,duplicate_normalized_skill
10722,Data architect,duplicate_normalized_skill
10723,Data architecture,duplicate_normalized_skill
10725,Data bricks,duplicate_normalized_skill
10726,Data build Tool,duplicate_normalized_skill
10727,Data center,duplicate_normalized_skill
10728,Data center management,duplicate_normalized_skill
10729,Data center operations,duplicate_normalized_skill
10730,Data centre,duplicate_normalized_skill
10731,Data cloud,duplicate_normalized_skill
10732,Data collection,duplicate_normalized_skill
10734,Data conversion,duplicate_normalized_skill
10737,Data dictionary,duplicate_normalized_skill
10738,Data engineer,duplicate_normalized_skill
10739,Data entry,duplicate_normalized_skill
10740,Data entry operation,duplicate_normalized_skill
10741,Data entry operator,duplicate_normalized_skill
10742,Data extraction,duplicate_normalized_skill
10744,Data factory,duplicate_normalized_skill
10746,Data integration,duplicate_normalized_skill
10748,Data integrity,duplicate_normalized_skill
10749,Data interpretation,duplicate_normalized_skill
10750,Data lake,duplicate_normalized_skill
10751,Data management,duplicate_normalized_skill
10752,Data management & reporting,duplicate_normalized_skill
10754,Data migration,duplicate_normalized_skill
10755,Data mining,duplicate_normalized_skill
10757,Data model,duplicate_normalized_skill
10759,Data modeling,duplicate_normalized_skill
10760,Data modeller,duplicate_normalized_skill
10761,Data modelling,duplicate_normalized_skill
10763,Data pipelines,duplicate_normalized_skill
10764,Data processing,duplicate_normalized_skill
10765,Data protection,duplicate_normalized_skill
10766,Data quality,duplicate_normalized_skill
10767,Data recovery,duplicate_normalized_skill
10768,Data research,duplicate_normalized_skill
10770,Data scientist,duplicate_normalized_skill
10774,Data structures,duplicate_normalized_skill
10776,Data transformation,duplicate_normalized_skill
10777,Data tree,duplicate_normalized_skill
10779,Data validation,duplicate_normalized_skill
10781,Data visualization,duplicate_normalized_skill
10782,Data warehouse,duplicate_normalized_skill
10784,Data warehousing,duplicate_normalized_skill
10796,Database,duplicate_normalized_skill
10814,Database Integration,duplicate_normalized_skill
10832,Database administration,duplicate_normalized_skill
10833,Database administrator,duplicate_normalized_skill
10838,Database design,duplicate_normalized_skill
10839,Database integration,duplicate_normalized_skill
10841,Database maintenance,duplicate_normalized_skill
10842,Database management,duplicate_normalized_skill
10843,Database migration,duplicate_normalized_skill
10844,Database mirroring,duplicate_normalized_skill
10848,Database testing,duplicate_normalized_skill
10856,Databricks,duplicate_normalized_skill
10863,Datadog,duplicate_normalized_skill
10895,Dataweave,duplicate_normalized_skill
10900,Davinci Resolve,duplicate_normalized_skill
10901,Dax,duplicate_normalized_skill
10907,Day shift,duplicate_normalized_skill
10909,Db,duplicate_normalized_skill
10915,Db2,duplicate_normalized_skill
10918,Dbt,duplicate_normalized_skill
10919,Dc,invalid_short_skill
10926,Dch,duplicate_normalized_skill
10931,Ddc,invalid_short_skill
10932,Ddr,duplicate_normalized_skill
10933,De,invalid_short_skill
10953,Deal structuring,duplicate_normalized_skill
10954,Dealer,duplicate_normalized_skill
10973,Dealer channel management,duplicate_normalized_skill
10974,Dealer management,duplicate_normalized_skill
10976,Dealer sales,duplicate_normalized_skill
10986,Deals tax,duplicate_normalized_skill
10994,Debit note,duplicate_normalized_skill
11010,Debt collection,duplicate_normalized_skill
11011,Debt management,duplicate_normalized_skill
11012,Debt market,duplicate_normalized_skill
11022,Debugging,duplicate_normalized_skill
11026,Debugging skills,duplicate_normalized_skill
11034,Decision making,duplicate_normalized_skill
11037,Decision-making ability to prioritise tasks during exceptions,experience_or_description_phrase
11046,Deeds,duplicate_normalized_skill
11051,Deep technical knowledge of finishing materials and market trends,experience_or_description_phrase
11052,Deep understanding of IT hardware and Peripherals Business,sentence_or_description
11064,Defect Tracking,duplicate_normalized_skill
11066,Defect life cycle,duplicate_normalized_skill
11067,Defect management,duplicate_normalized_skill
11068,Defect prevention,duplicate_normalized_skill
11069,Defect reporting,duplicate_normalized_skill
11070,Defect tracking,duplicate_normalized_skill
11079,Defender cloud,duplicate_normalized_skill
11080,Defender xdr,duplicate_normalized_skill
11085,Define and monitor KPIs related to product quality and process efficiency,sentence_or_description
11088,Defined benefits,duplicate_normalized_skill
11089,Defined contribution,duplicate_normalized_skill
11090,Degree in Electrical Engineering,education_or_qualification
11091,Degree in Mechanical Engineering / Electrical Engineering,education_or_qualification
11100,Delivery,generic
11110,Delivery Manager,duplicate_normalized_skill
11116,Delivery excellence,duplicate_normalized_skill
11117,Delivery leadership,duplicate_normalized_skill
11118,Delivery management,duplicate_normalized_skill
11122,Dell Boomi Atomsphere,duplicate_normalized_skill
11134,Delta,duplicate_normalized_skill
11145,Dem,duplicate_normalized_skill
11159,Demand analysis,duplicate_normalized_skill
11160,Demand forecasting,duplicate_normalized_skill
11161,Demand generation,duplicate_normalized_skill
11162,Demand management,duplicate_normalized_skill
11163,Demand planning,duplicate_normalized_skill
11174,Demi Chef de Partie,duplicate_normalized_skill
11190,Denial management,duplicate_normalized_skill
11193,Denials management,duplicate_normalized_skill
11214,Deployment,duplicate_normalized_skill
11227,Depth knowledge of networking,experience_or_description_phrase
11242,Deputy branch manager,duplicate_normalized_skill
11249,Derivatives trading,duplicate_normalized_skill
11257,Design,duplicate_normalized_skill
11298,Design Optimization,duplicate_normalized_skill
11319,Design and development,duplicate_normalized_skill
11320,Design and development of applications on Linux and Windows machines,sentence_or_description
11321,Design calculations,duplicate_normalized_skill
11323,Design development,duplicate_normalized_skill
11324,Design engineer,duplicate_normalized_skill
11325,Design engineering,duplicate_normalized_skill
11328,Design for Manufacturing,duplicate_normalized_skill
11329,Design implement and manage a KRA based performance system across departments optimized for medical device manufacturing operations,sentence_or_description
11331,Design management,duplicate_normalized_skill
11334,Design patterns,duplicate_normalized_skill
11337,Design review,duplicate_normalized_skill
11341,Design support,duplicate_normalized_skill
11344,Design validation,duplicate_normalized_skill
11345,Design verification,duplicate_normalized_skill
11347,Designer,generic
11359,Desired Skills required Strategy to drive TPM practices in organization Total Quality Management Lean Manufacturing techniques System,experience_or_description_phrase
11383,Desktop engineering,duplicate_normalized_skill
11384,Desktop management,duplicate_normalized_skill
11385,Desktop publishing,duplicate_normalized_skill
11386,Desktop support,duplicate_normalized_skill
11391,Det,invalid_short_skill
11396,Detail engineering,duplicate_normalized_skill
11405,Dev,invalid_short_skill
11409,DevOPS,duplicate_normalized_skill
11410,DevOps,duplicate_normalized_skill
11426,Develop and implement QC procedures and test methods for new and existing products,sentence_or_description
11427,Develop and implement effective sales strategies to achieve monthly,sentence_or_description
11432,Developer,duplicate_normalized_skill
11441,Developing marketing strategies,duplicate_normalized_skill
11442,Development,generic
11455,Development management,duplicate_normalized_skill
11456,Development manager,duplicate_normalized_skill
11472,Device drivers,duplicate_normalized_skill
11474,Device testing,duplicate_normalized_skill
11477,Devops,duplicate_normalized_skill
11480,Devops Automation,duplicate_normalized_skill
11485,Devops Lead,duplicate_normalized_skill
11486,Devops Tools,duplicate_normalized_skill
11487,Devops engineer,duplicate_normalized_skill
11488,Devsecops,duplicate_normalized_skill
11492,Df,invalid_short_skill
11493,DfR,invalid_short_skill
11494,Dfp,invalid_short_skill
11496,Dft Architecture,duplicate_normalized_skill
11498,Dgnm,duplicate_normalized_skill
11499,Dgps,duplicate_normalized_skill
11500,Dhf,invalid_short_skill
11501,Dhm,duplicate_normalized_skill
11520,Diagnostic sales,duplicate_normalized_skill
11521,Diagnostic testing,duplicate_normalized_skill
11532,Dialysis Diploma,education_or_qualification
11544,Dicom,duplicate_normalized_skill
11552,Die casting,duplicate_normalized_skill
11555,Die making,duplicate_normalized_skill
11565,Diesel generator,duplicate_normalized_skill
11582,Digital Ad Sales Manager responsible for selling ad space across OTT,experience_or_description_phrase
11591,Digital Asset management,duplicate_normalized_skill
11650,Digital Marketing manager,duplicate_normalized_skill
11679,Digital communication,duplicate_normalized_skill
11680,Digital design,duplicate_normalized_skill
11681,Digital electronics,duplicate_normalized_skill
11682,Digital marketing,duplicate_normalized_skill
11683,Digital media,duplicate_normalized_skill
11684,Digital sales,duplicate_normalized_skill
11687,Digital transformation,duplicate_normalized_skill
11693,Digsilent,duplicate_normalized_skill
11703,Dip,invalid_short_skill
11704,Diploma,duplicate_normalized_skill
11705,Diploma Automobile,education_or_qualification
11706,Diploma Cvil,education_or_qualification
11707,Diploma Electrical,duplicate_normalized_skill
11708,Diploma Electrical or Mechanical Engineers,education_or_qualification
11709,Diploma In Chemical,education_or_qualification
11710,Diploma Mechanical,duplicate_normalized_skill
11711,Diploma Pediatrics,education_or_qualification
11712,Diploma Trainee,education_or_qualification
11713,Diploma civil,education_or_qualification
11714,Diploma in ANAESTHESIA,education_or_qualification
11715,Diploma in Anesthsia,education_or_qualification
11716,Diploma in CIPET,education_or_qualification
11717,Diploma in Electrical,education_or_qualification
11718,Diploma in Electrical and Electronics engg,education_or_qualification
11719,Diploma in Hotel Management,education_or_qualification
11720,Diploma in Safety,education_or_qualification
11721,Diploma in Special Education,education_or_qualification
11722,Diploma in cosmetology,education_or_qualification
11723,Diploma mechanical,duplicate_normalized_skill
11724,Diploma-Plastic Technology,education_or_qualification
11726,Direct,generic
11738,Direct Purchase,duplicate_normalized_skill
11747,Direct channel,duplicate_normalized_skill
11748,Direct distribution,duplicate_normalized_skill
11750,Direct marketing,duplicate_normalized_skill
11751,Direct procurement,duplicate_normalized_skill
11752,Direct sales,duplicate_normalized_skill
11755,Direct selling,duplicate_normalized_skill
11757,Direct tax,duplicate_normalized_skill
11761,Director,generic
11769,Directory services,duplicate_normalized_skill
11777,Disaster management,duplicate_normalized_skill
11778,Disaster recovery,duplicate_normalized_skill
11779,Disaster recovery planning,duplicate_normalized_skill
11785,Disciplinary action,duplicate_normalized_skill
11801,Dismantling activities while ensuring the Safety compliances and Quality assurance at each milestone,sentence_or_description
11815,Display advertising,duplicate_normalized_skill
11822,Dispute management,duplicate_normalized_skill
11823,Dispute resolution,duplicate_normalized_skill
11830,Distillation column,duplicate_normalized_skill
11855,Distribution channel management,duplicate_normalized_skill
11856,Distribution handling,duplicate_normalized_skill
11857,Distribution management,duplicate_normalized_skill
11858,Distribution network,duplicate_normalized_skill
11859,Distribution system,duplicate_normalized_skill
11862,Distributor Management Team Handling Sales Target Achievement Market Expansion Retailer/Dealer Network Product Visibility & Merchandising FMCG Sales Negotiation & Communication MIS & Reporting Collection & Payment Follow-up,sentence_or_description
11866,Distributor handling,duplicate_normalized_skill
11868,Distributor sales,duplicate_normalized_skill
11870,District Manager,duplicate_normalized_skill
11882,Dlo,invalid_short_skill
11883,Dlp,duplicate_normalized_skill
11884,Dm,duplicate_normalized_skill
11887,Dma,duplicate_normalized_skill
11890,Dmc,invalid_short_skill
11891,Dme,duplicate_normalized_skill
11892,Dmf,duplicate_normalized_skill
11893,Dmlt,duplicate_normalized_skill
11894,Dms,duplicate_normalized_skill
11896,Dmx,invalid_short_skill
11898,Do,invalid_short_skill
11899,DoT,invalid_short_skill
11900,Doc,invalid_short_skill
11905,Docker and kubernetes,duplicate_normalized_skill
11915,Doctor activities,duplicate_normalized_skill
11918,Doctor referral,duplicate_normalized_skill
11943,Document checking,duplicate_normalized_skill
11944,Document control,duplicate_normalized_skill
11948,Document management,duplicate_normalized_skill
11949,Document review,duplicate_normalized_skill
11952,Documentation,duplicate_normalized_skill
11956,Documentation & Record keeping,duplicate_normalized_skill
11968,Documentation and Reporting,duplicate_normalized_skill
11972,Documentation tools,duplicate_normalized_skill
11981,Docusign CLM,duplicate_normalized_skill
11983,Doe,invalid_short_skill
12010,Domestic Tour packages,duplicate_normalized_skill
12015,Domestic Voice process,duplicate_normalized_skill
12016,Domestic calling,duplicate_normalized_skill
12018,Domestic process,duplicate_normalized_skill
12019,Domestic sales,duplicate_normalized_skill
12033,Door sales,duplicate_normalized_skill
12035,Door to Door sales,duplicate_normalized_skill
12046,Dot NET,duplicate_normalized_skill
12047,Dot Net,duplicate_normalized_skill
12052,Dot net,duplicate_normalized_skill
12053,Dot net Core,duplicate_normalized_skill
12054,Dot net core,duplicate_normalized_skill
12057,Dotnet,duplicate_normalized_skill
12067,Downstream processing,duplicate_normalized_skill
12076,Dra,duplicate_normalized_skill
12093,Draftsman activities,duplicate_normalized_skill
12110,Drawing reading,duplicate_normalized_skill
12117,Drg,duplicate_normalized_skill
12163,Drug discovery,duplicate_normalized_skill
12164,Drug safety,duplicate_normalized_skill
12167,Drupal,duplicate_normalized_skill
12176,Dry,invalid_short_skill
12189,Dspace,duplicate_normalized_skill
12190,Dsr,duplicate_normalized_skill
12205,Due diligence,duplicate_normalized_skill
12206,Due diligence review,duplicate_normalized_skill
12228,Dx,invalid_short_skill
12229,Dxf,duplicate_normalized_skill
12254,Dynamics Crm Application,duplicate_normalized_skill
12262,E,invalid_short_skill
12282,E commerce,duplicate_normalized_skill
12288,E way Bills,duplicate_normalized_skill
12317,E-commerce,duplicate_normalized_skill
12333,E-invoicing,duplicate_normalized_skill
12334,E-learning,duplicate_normalized_skill
12349,E/m Ip,duplicate_normalized_skill
12350,E1,invalid_short_skill
12358,E2e,invalid_short_skill
12359,E2e Recruitment,duplicate_normalized_skill
12361,E3D,invalid_short_skill
12363,E3S,invalid_short_skill
12364,E4H,invalid_short_skill
12365,E5,invalid_short_skill
12366,EA,invalid_short_skill
12370,EA to CEO,duplicate_normalized_skill
12371,EA to CEO / EA to MD / EA to Director,sentence_or_description
12375,EAC,invalid_short_skill
12376,EAI,invalid_short_skill
12377,EAM,invalid_short_skill
12378,EAR,invalid_short_skill
12382,EAV,invalid_short_skill
12383,EB,invalid_short_skill
12386,EBO,invalid_short_skill
12387,EBP,invalid_short_skill
12388,EBS,invalid_short_skill
12392,EC,invalid_short_skill
12397,ECB,invalid_short_skill
12398,ECC,invalid_short_skill
12402,ECD,invalid_short_skill
12403,ECE,invalid_short_skill
12404,ECG,invalid_short_skill
12410,ECL,invalid_short_skill
12413,ECM,invalid_short_skill
12414,ECN,invalid_short_skill
12418,ECP,invalid_short_skill
12420,ECR,invalid_short_skill
12423,ECS,invalid_short_skill
12425,ECU,invalid_short_skill
12429,ED,invalid_short_skill
12438,ED facility,duplicate_normalized_skill
12439,ED pro,duplicate_normalized_skill
12440,ED profee,duplicate_normalized_skill
12444,EDA tools,duplicate_normalized_skill
12445,EDC,invalid_short_skill
12449,EDD,invalid_short_skill
12450,EDI,invalid_short_skill
12455,EDK,invalid_short_skill
12456,EDM,invalid_short_skill
12460,EDP,invalid_short_skill
12465,EDR,invalid_short_skill
12466,EDS,invalid_short_skill
12468,EEE,invalid_short_skill
12470,EEG,invalid_short_skill
12473,EFF,invalid_short_skill
12474,EFP,invalid_short_skill
12475,EFT,invalid_short_skill
12477,EGP,invalid_short_skill
12478,EGS,invalid_short_skill
12479,EHR,invalid_short_skill
12482,EHS,invalid_short_skill
12489,EHS management,duplicate_normalized_skill
12493,EHV,invalid_short_skill
12496,EIB,invalid_short_skill
12498,EIM,invalid_short_skill
12499,EIP,invalid_short_skill
12500,EIR,invalid_short_skill
12501,EJB,invalid_short_skill
12502,EJS,invalid_short_skill
12503,EKG,invalid_short_skill
12504,EKS,invalid_short_skill
12506,ELB,invalid_short_skill
12512,ELK,invalid_short_skill
12516,ELK stack,duplicate_normalized_skill
12521,ELV systems,duplicate_normalized_skill
12522,EM,invalid_short_skill
12529,EMA,invalid_short_skill
12531,EMC,invalid_short_skill
12540,EMEA payroll,duplicate_normalized_skill
12543,EMG,invalid_short_skill
12545,EMI,invalid_short_skill
12547,EMP,invalid_short_skill
12552,EMR,invalid_short_skill
12555,EMS,invalid_short_skill
12556,EMS 14001,numeric_or_code_noise
12561,EMV,invalid_short_skill
12565,ENGINEER,generic
12570,ENM,invalid_short_skill
12572,ENM Coder,duplicate_normalized_skill
12580,ENT,invalid_short_skill
12585,ENTITY Framework,duplicate_normalized_skill
12586,EOB,invalid_short_skill
12587,EOS,invalid_short_skill
12588,EOT,invalid_short_skill
12595,EPC,invalid_short_skill
12605,EPC contractors,duplicate_normalized_skill
12608,EPC projects,duplicate_normalized_skill
12611,EPF,invalid_short_skill
12617,EPM,invalid_short_skill
12626,EQN,invalid_short_skill
12628,ER,invalid_short_skill
12632,ERA,invalid_short_skill
12634,ERD,invalid_short_skill
12635,ERM,invalid_short_skill
12677,ERP functional,duplicate_normalized_skill
12678,ERP implementation,duplicate_normalized_skill
12679,ERP integration,duplicate_normalized_skill
12685,ERP sales,duplicate_normalized_skill
12690,ERP system,duplicate_normalized_skill
12691,ERP systems,duplicate_normalized_skill
12703,ESB,invalid_short_skill
12704,ESD,invalid_short_skill
12705,ESG,invalid_short_skill
12709,ESI,invalid_short_skill
12714,ESL,invalid_short_skill
12715,ESM,invalid_short_skill
12720,ESP,invalid_short_skill
12726,ESS,invalid_short_skill
12730,ETA,invalid_short_skill
12741,ETL Pipelines,duplicate_normalized_skill
12751,ETL developer,duplicate_normalized_skill
12752,ETL development,duplicate_normalized_skill
12755,ETL pipelines,duplicate_normalized_skill
12757,ETL processes,duplicate_normalized_skill
12758,ETL testing,duplicate_normalized_skill
12759,ETL tool,duplicate_normalized_skill
12760,ETL workflows,duplicate_normalized_skill
12766,ETP,invalid_short_skill
12769,ETP operation,duplicate_normalized_skill
12776,EU,invalid_short_skill
12781,EUC,invalid_short_skill
12785,EV,invalid_short_skill
12799,EVM,invalid_short_skill
12800,EVS,invalid_short_skill
12802,EWF,invalid_short_skill
12803,EWM,invalid_short_skill
12806,EWS,invalid_short_skill
12817,EXl,invalid_short_skill
12819,EYP,invalid_short_skill
12821,Ead,invalid_short_skill
12834,Earth moving,duplicate_normalized_skill
12835,Earthing,duplicate_normalized_skill
12841,Eb,duplicate_normalized_skill
12843,Ebitda,duplicate_normalized_skill
12844,Ebo,duplicate_normalized_skill
12850,Echo,duplicate_normalized_skill
12857,Eco,invalid_short_skill
12860,Ecommerce,duplicate_normalized_skill
12873,Ecommerce sales,duplicate_normalized_skill
12879,Economics,duplicate_normalized_skill
12887,Ecu,duplicate_normalized_skill
12890,Ed Facility,duplicate_normalized_skill
12892,EdTech,duplicate_normalized_skill
12896,Edd,duplicate_normalized_skill
12911,Edq,invalid_short_skill
12912,Edr,duplicate_normalized_skill
12913,Edtech,duplicate_normalized_skill
12914,Edtech Sales,duplicate_normalized_skill
12932,Education counseling,duplicate_normalized_skill
12934,Education marketing,duplicate_normalized_skill
12935,Education sales,duplicate_normalized_skill
12947,Educational administration,duplicate_normalized_skill
12949,Educational marketing,duplicate_normalized_skill
12950,Educational sales,duplicate_normalized_skill
12956,Ees,invalid_short_skill
12963,Effectively manage the complete school operations in an optimal manner,sentence_or_description
12972,Effluent treatment,duplicate_normalized_skill
12974,Effort estimation,duplicate_normalized_skill
12977,Ehs Compliance,duplicate_normalized_skill
12978,Ehs Training,duplicate_normalized_skill
12979,Ei,invalid_short_skill
12980,Eib,duplicate_normalized_skill
12985,Ekl,invalid_short_skill
12986,Eks,duplicate_normalized_skill
12993,Elasticsearch,duplicate_normalized_skill
13004,Electric vehicle,duplicate_normalized_skill
13008,Electrical & Instrumentation,duplicate_normalized_skill
13029,Electrical Engineer,duplicate_normalized_skill
13089,Electrical design,duplicate_normalized_skill
13092,Electrical drawing,duplicate_normalized_skill
13093,Electrical engineering,duplicate_normalized_skill
13095,Electrical installation,duplicate_normalized_skill
13096,Electrical maintenance,duplicate_normalized_skill
13097,Electrical motors,duplicate_normalized_skill
13099,Electrical power system,duplicate_normalized_skill
13101,Electrical schematic,duplicate_normalized_skill
13104,Electrical works,duplicate_normalized_skill
13142,Electronic components,duplicate_normalized_skill
13159,Electronics engineering,duplicate_normalized_skill
13161,Electronjs,duplicate_normalized_skill
13184,Elk,duplicate_normalized_skill
13187,Elt,duplicate_normalized_skill
13188,Elv,invalid_short_skill
13191,Em Op,duplicate_normalized_skill
13196,Email Communication,duplicate_normalized_skill
13214,Email drafting,duplicate_normalized_skill
13216,Email marketing,duplicate_normalized_skill
13217,Email remarketing,duplicate_normalized_skill
13218,Email support,duplicate_normalized_skill
13220,Embedded,duplicate_normalized_skill
13248,Embedded c,duplicate_normalized_skill
13250,Embedded development,duplicate_normalized_skill
13251,Embedded programming,duplicate_normalized_skill
13252,Embedded software,duplicate_normalized_skill
13253,Embedded system design,duplicate_normalized_skill
13255,Embedded systems,duplicate_normalized_skill
13256,Embedded testing,duplicate_normalized_skill
13279,Emergency Physician,duplicate_normalized_skill
13285,Emergency medicine,duplicate_normalized_skill
13286,Emergency planning,duplicate_normalized_skill
13288,Emergency response,duplicate_normalized_skill
13321,Employee Engagement,duplicate_normalized_skill
13354,Employee central,duplicate_normalized_skill
13355,Employee development,duplicate_normalized_skill
13356,Employee engagement,duplicate_normalized_skill
13358,Employee management,duplicate_normalized_skill
13359,Employee relation,duplicate_normalized_skill
13361,Employee relations,duplicate_normalized_skill
13362,Employee retention,duplicate_normalized_skill
13365,Employer branding,duplicate_normalized_skill
13373,EnM IP,duplicate_normalized_skill
13380,Encore,duplicate_normalized_skill
13385,End,invalid_short_skill
13394,End To End Procurement,duplicate_normalized_skill
13407,End to End Sales,duplicate_normalized_skill
13410,End to End recruitment,duplicate_normalized_skill
13414,End to end execution of OEM client programs,sentence_or_description
13416,End to end recruitment,duplicate_normalized_skill
13423,End-to-End implementation,duplicate_normalized_skill
13426,End-to-end recruitment,duplicate_normalized_skill
13460,Energy conservation,duplicate_normalized_skill
13462,Energy management,duplicate_normalized_skill
13465,Eng,invalid_short_skill
13472,Engagement management,duplicate_normalized_skill
13487,Engine assembly,duplicate_normalized_skill
13488,Engine design,duplicate_normalized_skill
13489,Engine development,duplicate_normalized_skill
13492,Engine testing,duplicate_normalized_skill
13494,Engineer,duplicate_normalized_skill
13502,Engineering,generic
13516,Engineering Drawings,duplicate_normalized_skill
13537,Engineering change management,duplicate_normalized_skill
13538,Engineering consultancy,duplicate_normalized_skill
13539,Engineering drawing,duplicate_normalized_skill
13540,Engineering drawings,duplicate_normalized_skill
13542,Engineering management,duplicate_normalized_skill
13543,Engineering project management,duplicate_normalized_skill
13544,Engineering projects,duplicate_normalized_skill
13546,Engineering services,duplicate_normalized_skill
13549,English,duplicate_normalized_skill
13553,English Communication,duplicate_normalized_skill
13564,English Medium,duplicate_normalized_skill
13574,English communication,duplicate_normalized_skill
13576,English language,duplicate_normalized_skill
13578,English teacher,duplicate_normalized_skill
13585,Enm Op,duplicate_normalized_skill
13609,Enterprise Architect,duplicate_normalized_skill
13642,Enterprise accounts,duplicate_normalized_skill
13643,Enterprise application integration,duplicate_normalized_skill
13644,Enterprise applications,duplicate_normalized_skill
13645,Enterprise architecture,duplicate_normalized_skill
13648,Enterprise content management,duplicate_normalized_skill
13650,Enterprise integration,duplicate_normalized_skill
13652,Enterprise portal,duplicate_normalized_skill
13654,Enterprise risk,duplicate_normalized_skill
13655,Enterprise risk management,duplicate_normalized_skill
13656,Enterprise sales,duplicate_normalized_skill
13657,Enterprise software,duplicate_normalized_skill
13664,Entity Framework,duplicate_normalized_skill
13667,Entity framework,duplicate_normalized_skill
13673,Entra Id,duplicate_normalized_skill
13681,Environment,generic
13688,Environment management,duplicate_normalized_skill
13700,Environmental engineering,duplicate_normalized_skill
13701,Environmental impact assessment,duplicate_normalized_skill
13702,Environmental monitoring,duplicate_normalized_skill
13704,Environmental science,duplicate_normalized_skill
13707,Eoq,invalid_short_skill
13708,Eot,duplicate_normalized_skill
13709,Epbcs,duplicate_normalized_skill
13710,Epc,duplicate_normalized_skill
13711,Epc Design,duplicate_normalized_skill
13713,Epc Sales,duplicate_normalized_skill
13714,Epcm,duplicate_normalized_skill
13715,Epic,duplicate_normalized_skill
13723,Epm Cloud,duplicate_normalized_skill
13727,Eps,invalid_short_skill
13729,Eqms,duplicate_normalized_skill
13757,Equipment calibration,duplicate_normalized_skill
13758,Equipment design,duplicate_normalized_skill
13761,Equipment handling,duplicate_normalized_skill
13762,Equipment knowledge,duplicate_normalized_skill
13763,Equipment layout,duplicate_normalized_skill
13764,Equipment maintenance,duplicate_normalized_skill
13765,Equipment manufacturing,duplicate_normalized_skill
13768,Equipment qualification,duplicate_normalized_skill
13769,Equipment sizing,duplicate_normalized_skill
13790,Equity dealer,duplicate_normalized_skill
13791,Equity research,duplicate_normalized_skill
13792,Equity valuation,duplicate_normalized_skill
13795,Era,duplicate_normalized_skill
13796,Ercp,duplicate_normalized_skill
13805,Erm,duplicate_normalized_skill
13808,Erp Cloud,duplicate_normalized_skill
13809,Erp Consulting,duplicate_normalized_skill
13814,Erp Systems,duplicate_normalized_skill
13825,Erwin,duplicate_normalized_skill
13833,Escalation management,duplicate_normalized_skill
13839,Esg Reporting,duplicate_normalized_skill
13843,Esr,invalid_short_skill
13844,Esri,duplicate_normalized_skill
13849,Establish control points and benchmarks to ensure accurate alignment,sentence_or_description
13853,Estate management,duplicate_normalized_skill
13863,Estimation engineering,duplicate_normalized_skill
13866,Etc,invalid_short_skill
13882,Etl Automation,duplicate_normalized_skill
13886,Etl Developer,duplicate_normalized_skill
13887,Etl Development,duplicate_normalized_skill
13889,Etl Pipelines,duplicate_normalized_skill
13890,Etl Process,duplicate_normalized_skill
13897,Euc,duplicate_normalized_skill
13902,Europe,duplicate_normalized_skill
13910,Ev,duplicate_normalized_skill
13912,Ev Charging,duplicate_normalized_skill
13919,Evaluation and Management,duplicate_normalized_skill
13922,Event,duplicate_normalized_skill
13948,Event Planning and Execution. Brand Promotion. Reporting and Documentation,sentence_or_description
13956,Event handling,duplicate_normalized_skill
13958,Event management,duplicate_normalized_skill
13960,Event marketing,duplicate_normalized_skill
13961,Event mesh,duplicate_normalized_skill
13963,Event operations,duplicate_normalized_skill
13964,Event planning,duplicate_normalized_skill
13968,Event-Driven architecture,duplicate_normalized_skill
13970,Events,duplicate_normalized_skill
13975,Ewm,duplicate_normalized_skill
13976,Ews,duplicate_normalized_skill
13977,Ex,invalid_short_skill
13983,Ex- Army,duplicate_normalized_skill
13999,Excel - Good organizing skills - Good English Speaking - Good Customer Service Aptitude,sentence_or_description
14017,Excel powerpoint,duplicate_normalized_skill
14026,Excellent Communication skills,duplicate_normalized_skill
14031,Excellent English communication,duplicate_normalized_skill
14033,Excellent English written and verbal communication skills. Ability to draft professional business correspondence,experience_or_description_phrase
14037,Excellent Verbal And Written Communication Skills Business Development Lead generation Sales & Marketing Business Expansion Email Writing Hospitality Relationship Management After Sales Service,sentence_or_description
14038,Excellent academic record with throughout first division have some teaching experience,sentence_or_description
14041,Excellent communication,duplicate_normalized_skill
14043,Excellent communication and coordination skills across cross-functional teams,sentence_or_description
14049,Excellent communication skills,duplicate_normalized_skill
14050,Excellent coms skills,duplicate_normalized_skill
14054,Excellent verbal and written communication skills,duplicate_normalized_skill
14055,Excellent verbal and written communication skills for presentations,sentence_or_description
14070,Exchange administration,duplicate_normalized_skill
14071,Exchange server,duplicate_normalized_skill
14084,Executive,generic
14120,Executive assistance,duplicate_normalized_skill
14121,Executive assistant,duplicate_normalized_skill
14123,Executive for business Strategy & Development - domestic and overseas,sentence_or_description
14124,Executive leadership,duplicate_normalized_skill
14125,Executive management,duplicate_normalized_skill
14126,Executive search,duplicate_normalized_skill
14127,Executive support,duplicate_normalized_skill
14138,Exim,duplicate_normalized_skill
14147,Exp,invalid_short_skill
14148,Exp. 2-3 Yrs,experience_or_description_phrase
14164,Expense analysis,duplicate_normalized_skill
14167,Expense management,duplicate_normalized_skill
14175,Experience in 2 wheeler company,experience_or_description_phrase
14176,Experience in Automotive Lubricants Engine oil,experience_or_description_phrase
14177,Experience in BFP motor and turbine driven and CEP system engineering,experience_or_description_phrase
14178,Experience in HVAC industry ia added advantage,experience_or_description_phrase
14179,Experience in IMS,experience_or_description_phrase
14180,Experience in IT Inside sales or Software Sales must be preferred,experience_or_description_phrase
14181,Experience in PV Panel Production,experience_or_description_phrase
14182,Experience in REVIT/ BIM/Lumion/Sketch up/ Rhino preferred,experience_or_description_phrase
14183,Experience in administration or facility management roles,experience_or_description_phrase
14184,Experience in construction or engineering projects,experience_or_description_phrase
14185,Experience in field marketing,experience_or_description_phrase
14186,Experience in field of Electricals Panels - HT/ LT Panels,experience_or_description_phrase
14187,Experience in generating new leads through various sales/marketing techniques etc,experience_or_description_phrase
14188,Experience in installation of Fire Alarm Systems,experience_or_description_phrase
14189,Experience in international travel sales Strong in converting Meta PPC leads Familiarity with softwares or other travel CRMs Excellent spoken English Willing to work in night shifts,experience_or_description_phrase
14190,Experience in managing blue-collar and technical workforce,experience_or_description_phrase
14191,Experience in onboarding both entry-level OPT candidates and senior consultants on the bench,experience_or_description_phrase
14192,Experience in rate negotiation,experience_or_description_phrase
14193,Experience in steel fabrication and production management,experience_or_description_phrase
14194,Experience in steel plants,experience_or_description_phrase
14195,Experience in textile/ spinning mill construction,experience_or_description_phrase
14196,Experience with CMS platforms,experience_or_description_phrase
14197,Experience with Health Cloud,experience_or_description_phrase
14198,Experience with Zoho and Tally,experience_or_description_phrase
14199,Experienced in Sample development - Expertise of Costing process. - Strong Communication skills. - computer savvy,sentence_or_description
14205,Expert in SAP Ariba and understanding in other SAP modules,sentence_or_description
14209,Expertise in Google AdWord and Facebook Ad Manager,sentence_or_description
14216,Expertise in stage-wise inspection protocols for large rotating and static equipment,sentence_or_description
14217,Expertise in the design and fabrication of retail displays,sentence_or_description
14220,Explain the benefits of brand warranties and close sales,sentence_or_description
14225,Exploratory testing,duplicate_normalized_skill
14251,Export documentation,duplicate_normalized_skill
14252,Export finance,duplicate_normalized_skill
14253,Export house,duplicate_normalized_skill
14254,Export import,duplicate_normalized_skill
14255,Export management,duplicate_normalized_skill
14256,Export marketing,duplicate_normalized_skill
14258,Export merchandising,duplicate_normalized_skill
14259,Export sales,duplicate_normalized_skill
14264,Exposure of testing and quality control methods in similar industry will be an added advantage,sentence_or_description
14266,Exposure to MW-scale tenders PSU NTPC SECI DISCOMs State Nodal Agencies,sentence_or_description
14273,Expression blend,duplicate_normalized_skill
14285,Exterior trims,duplicate_normalized_skill
14295,External audit,duplicate_normalized_skill
14308,Eye,invalid_short_skill
14313,Ez-Iso,duplicate_normalized_skill
14339,F2B,invalid_short_skill
14340,F5,invalid_short_skill
14343,FA,invalid_short_skill
14348,FAO,invalid_short_skill
14350,FAS,invalid_short_skill
14353,FAW,invalid_short_skill
14355,FBB,invalid_short_skill
14356,FBD,invalid_short_skill
14358,FC,invalid_short_skill
14359,FCA,invalid_short_skill
14360,FCC,invalid_short_skill
14363,FCL,invalid_short_skill
14365,FCL Sales,duplicate_normalized_skill
14367,FCP,invalid_short_skill
14368,FCR,invalid_short_skill
14369,FCT,invalid_short_skill
14370,FCU,invalid_short_skill
14371,FCcs,duplicate_normalized_skill
14372,FD,invalid_short_skill
14373,FDA,invalid_short_skill
14378,FDI,invalid_short_skill
14380,FDM,invalid_short_skill
14383,FDMEe,duplicate_normalized_skill
14385,FE Analysis,duplicate_normalized_skill
14386,FE analysis,duplicate_normalized_skill
14387,FEA,invalid_short_skill
14390,FEM,invalid_short_skill
14394,FFA,invalid_short_skill
14395,FFI,invalid_short_skill
14396,FG,invalid_short_skill
14402,FI,invalid_short_skill
14434,FIS,invalid_short_skill
14435,FIT,invalid_short_skill
14437,FIU,invalid_short_skill
14442,FLS,invalid_short_skill
14464,FMCG sales,duplicate_normalized_skill
14469,FMS,invalid_short_skill
14483,FP&a,duplicate_normalized_skill
14484,FPA,invalid_short_skill
14485,FPD,invalid_short_skill
14489,FPM,invalid_short_skill
14492,FPS,invalid_short_skill
14494,FPT,invalid_short_skill
14496,FR,invalid_short_skill
14500,FRC,invalid_short_skill
14501,FRD,invalid_short_skill
14506,FRM,invalid_short_skill
14508,FRP,invalid_short_skill
14511,FRS,invalid_short_skill
14517,FSC,invalid_short_skill
14520,FSD,invalid_short_skill
14522,FSI,invalid_short_skill
14524,FSM,invalid_short_skill
14530,FSSC22000,numeric_or_code_noise
14532,FTA,invalid_short_skill
14535,FTL,invalid_short_skill
14537,FTO,invalid_short_skill
14538,FTP,invalid_short_skill
14540,FTT,invalid_short_skill
14544,FUP,invalid_short_skill
14545,FX,invalid_short_skill
14557,Fabrication,duplicate_normalized_skill
14580,Facade design,duplicate_normalized_skill
14588,Facebook ads,duplicate_normalized_skill
14617,Facility administration,duplicate_normalized_skill
14618,Facility design,duplicate_normalized_skill
14619,Facility management,duplicate_normalized_skill
14621,Facility operations,duplicate_normalized_skill
14622,Facility services,duplicate_normalized_skill
14640,Factory Hr,duplicate_normalized_skill
14648,Factory accounts,duplicate_normalized_skill
14649,Factory head,duplicate_normalized_skill
14650,Factory management,duplicate_normalized_skill
14651,Factory manager,duplicate_normalized_skill
14652,Factory operations,duplicate_normalized_skill
14662,Failure analysis,duplicate_normalized_skill
14678,Familiarity with job portals and social media hiring,sentence_or_description
14679,Familiarity with relevant IS Codes and other industry standards,sentence_or_description
14690,Far,invalid_short_skill
14734,Fashion consultant,duplicate_normalized_skill
14735,Fashion design,duplicate_normalized_skill
14736,Fashion designing,duplicate_normalized_skill
14737,Fashion styling,duplicate_normalized_skill
14746,Fast food,duplicate_normalized_skill
14755,Fat,invalid_short_skill
14757,Fatigue Analysis,duplicate_normalized_skill
14764,Fault management,duplicate_normalized_skill
14766,Fba,invalid_short_skill
14767,Fcc,duplicate_normalized_skill
14768,Fccs,duplicate_normalized_skill
14771,Fct,duplicate_normalized_skill
14772,Fdd,invalid_short_skill
14780,Feasibility studies,duplicate_normalized_skill
14794,Feed,duplicate_normalized_skill
14829,Fhir,duplicate_normalized_skill
14837,Fica,duplicate_normalized_skill
14838,Fico,duplicate_normalized_skill
14843,Field,generic
14854,Field Hr,duplicate_normalized_skill
14864,Field Officer,duplicate_normalized_skill
14870,Field Sales,duplicate_normalized_skill
14893,Field inspection & material testing Prepare & implement QAPs / Method Statements,sentence_or_description
14894,Field marketing,duplicate_normalized_skill
14895,Field operations,duplicate_normalized_skill
14896,Field recruiter,duplicate_normalized_skill
14897,Field sales,duplicate_normalized_skill
14899,Field sales management,duplicate_normalized_skill
14901,Field service,duplicate_normalized_skill
14903,Field testing,duplicate_normalized_skill
14905,Field visit,duplicate_normalized_skill
14906,Field work,duplicate_normalized_skill
14912,Figma,duplicate_normalized_skill
14951,Fin,invalid_short_skill
14969,Final audit,duplicate_normalized_skill
14970,Final inspection,duplicate_normalized_skill
14976,Finance,duplicate_normalized_skill
15033,Finance control,duplicate_normalized_skill
15036,Finance management,duplicate_normalized_skill
15103,Financial Planning and Analysis,duplicate_normalized_skill
15112,Financial Reporting,duplicate_normalized_skill
15142,Financial accounting,duplicate_normalized_skill
15143,Financial advisory,duplicate_normalized_skill
15144,Financial analysis,duplicate_normalized_skill
15146,Financial control,duplicate_normalized_skill
15147,Financial controllership,duplicate_normalized_skill
15148,Financial data analysis,duplicate_normalized_skill
15149,Financial domain,duplicate_normalized_skill
15150,Financial forecasting,duplicate_normalized_skill
15151,Financial inclusion,duplicate_normalized_skill
15153,Financial instruments,duplicate_normalized_skill
15154,Financial management,duplicate_normalized_skill
15155,Financial markets,duplicate_normalized_skill
15156,Financial modelling,duplicate_normalized_skill
15157,Financial operations,duplicate_normalized_skill
15158,Financial planning,duplicate_normalized_skill
15160,Financial planning and analysis,duplicate_normalized_skill
15162,Financial projections,duplicate_normalized_skill
15165,Financial reporting,duplicate_normalized_skill
15166,Financial reporting & analysis,duplicate_normalized_skill
15168,Financial research,duplicate_normalized_skill
15169,Financial risk,duplicate_normalized_skill
15170,Financial risk management,duplicate_normalized_skill
15171,Financial sales,duplicate_normalized_skill
15173,Financial services,duplicate_normalized_skill
15176,Financial statement analysis,duplicate_normalized_skill
15177,Financial statements,duplicate_normalized_skill
15178,Financial transformation,duplicate_normalized_skill
15188,Fine arts,duplicate_normalized_skill
15194,Finished products,duplicate_normalized_skill
15199,Finishing and interior experience in Commercial buildiungs,experience_or_description_phrase
15201,Finite element analysis,duplicate_normalized_skill
15203,Finnone,duplicate_normalized_skill
15204,Finops,duplicate_normalized_skill
15205,Finra,duplicate_normalized_skill
15210,Fiori,duplicate_normalized_skill
15215,Fiori application,duplicate_normalized_skill
15241,Fire Safety management,duplicate_normalized_skill
15246,Fire alarm system,duplicate_normalized_skill
15253,Fire fighting,duplicate_normalized_skill
15256,Fire prevention,duplicate_normalized_skill
15257,Fire protection,duplicate_normalized_skill
15258,Fire safety,duplicate_normalized_skill
15282,Firmware development,duplicate_normalized_skill
15283,Firmware testing,duplicate_normalized_skill
15304,Fitment of Mechanical Seals on Pumps & Agitators,sentence_or_description
15311,Fitter,duplicate_normalized_skill
15318,Fix,invalid_short_skill
15331,Fixed asset accounting,duplicate_normalized_skill
15332,Fixed asset management,duplicate_normalized_skill
15333,Fixed assets,duplicate_normalized_skill
15334,Fixed deposits,duplicate_normalized_skill
15335,Fixed income,duplicate_normalized_skill
15336,Fixed income derivatives,duplicate_normalized_skill
15337,Fixed income securities,duplicate_normalized_skill
15374,Fleet management,duplicate_normalized_skill
15375,Fleet operations,duplicate_normalized_skill
15384,Flexibility to work in rotational and night shifts,sentence_or_description
15389,Flexible packaging,duplicate_normalized_skill
15390,Flexible to adapt to new situations and challenges,sentence_or_description
15395,Flexray,duplicate_normalized_skill
15398,Flight Booking,duplicate_normalized_skill
15402,Flight Sales,duplicate_normalized_skill
15403,Flight booking,duplicate_normalized_skill
15405,Flight sales,duplicate_normalized_skill
15416,Floor management,duplicate_normalized_skill
15417,Floor planning,duplicate_normalized_skill
15432,Flow cytometry,duplicate_normalized_skill
15433,Flow measurement,duplicate_normalized_skill
15434,Flow meter,duplicate_normalized_skill
15451,Fluent english,duplicate_normalized_skill
15460,Fluid dynamics,duplicate_normalized_skill
15461,Fluid mechanics,duplicate_normalized_skill
15467,Flutter development,duplicate_normalized_skill
15473,Flyash,duplicate_normalized_skill
15476,Fm,invalid_short_skill
15478,Fmea,duplicate_normalized_skill
15480,Fnb,invalid_short_skill
15485,Focus,duplicate_normalized_skill
15486,Foe,invalid_short_skill
15491,Follow ups,duplicate_normalized_skill
15554,Food and Beverage,duplicate_normalized_skill
15556,Food preparation,duplicate_normalized_skill
15557,Food processing,duplicate_normalized_skill
15558,Food production,duplicate_normalized_skill
15559,Food safety,duplicate_normalized_skill
15560,Food technology,duplicate_normalized_skill
15561,Food testing,duplicate_normalized_skill
15569,For a successful career as a QS and Billing professional,sentence_or_description
15592,Foreign currency,duplicate_normalized_skill
15593,Foreign exchange,duplicate_normalized_skill
15595,Foreign remittance,duplicate_normalized_skill
15596,Foreign trade,duplicate_normalized_skill
15605,Forensic investigations,duplicate_normalized_skill
15617,Forex management,duplicate_normalized_skill
15619,Forex trading,duplicate_normalized_skill
15625,Forging,duplicate_normalized_skill
15634,Forging press,duplicate_normalized_skill
15648,Forms,duplicate_normalized_skill
15653,Formulation Development,duplicate_normalized_skill
15656,Formulation development,duplicate_normalized_skill
15670,Fortigate,duplicate_normalized_skill
15679,Foundation,duplicate_normalized_skill
15693,Fpo,invalid_short_skill
15694,Fpso,duplicate_normalized_skill
15708,Framework design,duplicate_normalized_skill
15727,Franchisee development,duplicate_normalized_skill
15728,Franchisee management,duplicate_normalized_skill
15751,Fraud analyst,duplicate_normalized_skill
15753,Fraud investigation,duplicate_normalized_skill
15754,Fraud management,duplicate_normalized_skill
15763,Freertos,duplicate_normalized_skill
15778,Freight forwarding,duplicate_normalized_skill
15779,Freight forwarding sales,duplicate_normalized_skill
15780,Freight management,duplicate_normalized_skill
15792,French language,duplicate_normalized_skill
15798,Fresher,duplicate_normalized_skill
15801,Fresher Graduate,education_or_qualification
15807,Freshers,duplicate_normalized_skill
15813,Friendly Well balanced personality Helpful attitude Flexibility in scheduling Customer service Cross cultural sensitivity Teamwork and co-operation Listening and Oral skills Basic writing skills Enthusiastic and pleasant personality,sentence_or_description
15820,Front Desk management,duplicate_normalized_skill
15824,Front End Development,duplicate_normalized_skill
15837,Front Office management,duplicate_normalized_skill
15839,Front desk,duplicate_normalized_skill
15840,Front end,duplicate_normalized_skill
15841,Front end design,duplicate_normalized_skill
15842,Front office,duplicate_normalized_skill
15843,Front office Management,duplicate_normalized_skill
15844,Front office executive,duplicate_normalized_skill
15845,Front office management,duplicate_normalized_skill
15846,Front office operations,duplicate_normalized_skill
15847,Front office staff,duplicate_normalized_skill
15859,Frontend Ui,duplicate_normalized_skill
15861,Frontend development,duplicate_normalized_skill
15870,Fs,invalid_short_skill
15871,Fsa,invalid_short_skill
15872,Fso,invalid_short_skill
15873,Ftd,invalid_short_skill
15874,Ftk,invalid_short_skill
15908,Full Stack development,duplicate_normalized_skill
15909,Full Stack with UI/UX expertise -WEB GUI development,sentence_or_description
15914,Full knowledge in civil construction,experience_or_description_phrase
15916,Full stack,duplicate_normalized_skill
15923,FullStack,duplicate_normalized_skill
15924,Fullstack,duplicate_normalized_skill
15925,Fullstack Developer,duplicate_normalized_skill
15931,Fullstack developer,duplicate_normalized_skill
15960,Functional analysis,duplicate_normalized_skill
15961,Functional consultancy,duplicate_normalized_skill
15962,Functional consultant,duplicate_normalized_skill
15964,Functional or Regression or Retesting or UI or Usability or Cross-Browser Testing,sentence_or_description
15965,Functional testing,duplicate_normalized_skill
15977,Fund accounting,duplicate_normalized_skill
15978,Fund administration,duplicate_normalized_skill
15979,Fund management,duplicate_normalized_skill
15980,Fund raising,duplicate_normalized_skill
15984,Fundamental research,duplicate_normalized_skill
16023,Fusion Hcm,duplicate_normalized_skill
16024,Fusion Hcm Functional,duplicate_normalized_skill
16040,GA,invalid_short_skill
16050,GAM,invalid_short_skill
16053,GAP,invalid_short_skill
16054,GAS,invalid_short_skill
16057,GBG,invalid_short_skill
16058,GC,invalid_short_skill
16061,GC analysis,duplicate_normalized_skill
16063,GCC,invalid_short_skill
16066,GCG,invalid_short_skill
16078,GCS,invalid_short_skill
16083,GDB,invalid_short_skill
16085,GDS,invalid_short_skill
16089,GEL,invalid_short_skill
16090,GEM,invalid_short_skill
16096,GEO,invalid_short_skill
16097,GET,invalid_short_skill
16099,GFC,invalid_short_skill
16102,GFR,invalid_short_skill
16106,GHP,invalid_short_skill
16107,GHS,invalid_short_skill
16108,GI,invalid_short_skill
16111,GIB,invalid_short_skill
16113,GIF,invalid_short_skill
16115,GIS,invalid_short_skill
16123,GIS software,duplicate_normalized_skill
16128,GKE,invalid_short_skill
16132,GL,invalid_short_skill
16140,GLO,invalid_short_skill
16141,GLP,invalid_short_skill
16143,GLR,invalid_short_skill
16161,GMO,invalid_short_skill
16163,GMP,invalid_short_skill
16165,GMS,invalid_short_skill
16166,GNM,invalid_short_skill
16178,GP,invalid_short_skill
16179,GPA,invalid_short_skill
16183,GPM,invalid_short_skill
16184,GPO,invalid_short_skill
16185,GPR,invalid_short_skill
16187,GPS,invalid_short_skill
16190,GPS tracking,duplicate_normalized_skill
16192,GPT,invalid_short_skill
16198,GRA,invalid_short_skill
16201,GRADUATE,education_or_qualification
16203,GRC,invalid_short_skill
16211,GRE,invalid_short_skill
16215,GRN,invalid_short_skill
16220,GRS,invalid_short_skill
16223,GRaduate,duplicate_normalized_skill
16224,GSM,invalid_short_skill
16227,GSP,invalid_short_skill
16228,GST,invalid_short_skill
16235,GST Compliance,duplicate_normalized_skill
16250,GST filing,duplicate_normalized_skill
16253,GST return,duplicate_normalized_skill
16271,GT,invalid_short_skill
16274,GTK,invalid_short_skill
16275,GTM,invalid_short_skill
16276,GTS,invalid_short_skill
16279,GUI,invalid_short_skill
16283,GUI testing,duplicate_normalized_skill
16286,GWT,invalid_short_skill
16289,Ga,duplicate_normalized_skill
16290,Ga Drawings,duplicate_normalized_skill
16293,Gad,invalid_short_skill
16298,Gam,duplicate_normalized_skill
16309,Gan,invalid_short_skill
16312,Gap,duplicate_normalized_skill
16314,Gap analysis,duplicate_normalized_skill
16328,Garment designing,duplicate_normalized_skill
16345,Gas,duplicate_normalized_skill
16357,Gas chromatography,duplicate_normalized_skill
16358,Gas turbine,duplicate_normalized_skill
16375,Gav,invalid_short_skill
16376,Gcp Bigquery,duplicate_normalized_skill
16377,Gcp Cloud,duplicate_normalized_skill
16380,Gd,invalid_short_skill
16381,Gd T,invalid_short_skill
16383,Gdc,invalid_short_skill
16384,Gde,invalid_short_skill
16385,Gdp,invalid_short_skill
16386,Gdpr,duplicate_normalized_skill
16401,Gear design,duplicate_normalized_skill
16402,Gear manufacturing,duplicate_normalized_skill
16406,Geared motors,duplicate_normalized_skill
16410,Gem Portal,duplicate_normalized_skill
16422,Gen,invalid_short_skill
16423,Gen AI,duplicate_normalized_skill
16426,Gen Ai Developer,duplicate_normalized_skill
16427,Gen ai,duplicate_normalized_skill
16434,GenAI tools,duplicate_normalized_skill
16452,General Insurance sales,duplicate_normalized_skill
16459,General Ledger accounting,duplicate_normalized_skill
16479,General Surgeon,duplicate_normalized_skill
16486,General accounting,duplicate_normalized_skill
16487,General administration,duplicate_normalized_skill
16489,General insurance,duplicate_normalized_skill
16490,General ledger,duplicate_normalized_skill
16491,General management,duplicate_normalized_skill
16492,General manager,duplicate_normalized_skill
16494,General medicine,duplicate_normalized_skill
16495,General office management,duplicate_normalized_skill
16496,General physician,duplicate_normalized_skill
16497,General surgery,duplicate_normalized_skill
16498,General trade,duplicate_normalized_skill
16507,Generate business,duplicate_normalized_skill
16512,Generation,generic
16520,Generative Ai,duplicate_normalized_skill
16546,Geo,duplicate_normalized_skill
16556,Geological Exploration Open Cast Mining Raw Material EvaluationGeological Survey & Mapping Expertise,sentence_or_description
16558,Geological exploration,duplicate_normalized_skill
16564,Geometric Dimensioning and Tolerancing,duplicate_normalized_skill
16565,Geometric dimensioning and tolerancing,duplicate_normalized_skill
16588,German language,duplicate_normalized_skill
16598,Gi Surgery,duplicate_normalized_skill
16599,Gic,invalid_short_skill
16604,Gin,invalid_short_skill
16607,Gis,duplicate_normalized_skill
16609,Gis Tools,duplicate_normalized_skill
16627,Github Actions,duplicate_normalized_skill
16629,Gitlab,duplicate_normalized_skill
16630,Gitlab CI,duplicate_normalized_skill
16632,Gitlab Ci,duplicate_normalized_skill
16633,Gitlab Ci / Cd,duplicate_normalized_skill
16635,Gl Accounting,duplicate_normalized_skill
16637,Gl Reconciliation,duplicate_normalized_skill
16638,Gl accounting,duplicate_normalized_skill
16677,Global Kyc,duplicate_normalized_skill
16707,Global marketing,duplicate_normalized_skill
16708,Global procurement,duplicate_normalized_skill
16710,Global sales,duplicate_normalized_skill
16712,Global sourcing,duplicate_normalized_skill
16715,Gls,invalid_short_skill
16719,Gm Operations,duplicate_normalized_skill
16720,Gm Sales,duplicate_normalized_skill
16722,Gmc,invalid_short_skill
16723,Gmp Compliance,duplicate_normalized_skill
16727,Go,duplicate_normalized_skill
16738,Go-to-market Strategy,duplicate_normalized_skill
16739,Go-to-market strategy,duplicate_normalized_skill
16742,GoHighlevel,duplicate_normalized_skill
16746,Goal setting,duplicate_normalized_skill
16768,Gold loan,duplicate_normalized_skill
16786,Good Communication Skills In English. Hindi & Marathi. candidate Should Be Willing To Travel To Different Areas Of Navi Mumbai & Parts Of Mumbai To Meet Clients & Develop Business,sentence_or_description
16789,Good Communication in English,duplicate_normalized_skill
16791,Good Communication required. Candidates with minimum 1 year sales experience can apply. Graduates/12th pass both can apply. Comfortable with Work From Office. Salary - 19K to 20K CTC,education_or_qualification
16792,Good Communication skill,duplicate_normalized_skill
16793,Good Communication skills,duplicate_normalized_skill
16803,Good Knowledge of Nutraceutical industry,experience_or_description_phrase
16804,Good Knowledge of medial/ hospital based terminology. Good/excellent typing skills. Willing to work hard/under pressure,experience_or_description_phrase
16810,Good Time-management skills Great interpersonal and communication skills Knowledge of MS Office especially Excel and Word,experience_or_description_phrase
16816,Good communication,duplicate_normalized_skill
16818,Good communication Skill,duplicate_normalized_skill
16820,Good communication and negotiation skills. Experience in handling purchases,experience_or_description_phrase
16821,Good communication skill,duplicate_normalized_skill
16822,Good communication skills,duplicate_normalized_skill
16823,Good communication skills in English Hands on experience in MS Excel,experience_or_description_phrase
16824,Good communication skills in English and Kannada or Tamil any 2 languages mandatory. Basic computer knowledge and typing skills Customer service orientation Freshers and experienced candidates 0to 2 years can apply,experience_or_description_phrase
16826,Good communication skills is must,duplicate_normalized_skill
16831,Good knowledge in Managerial and Administrative Job,experience_or_description_phrase
16832,Good knowledge of EV production machines,experience_or_description_phrase
16833,Good knowledge of MS Excel,experience_or_description_phrase
16834,Good knowledge of fabrication drawing and for cv whatsapp 9216321822,experience_or_description_phrase
16835,Good knowledge of local routes and traffic rules,experience_or_description_phrase
16842,Good personality,duplicate_normalized_skill
16849,Good understanding of Technical products & Hard working,sentence_or_description
16850,Good understanding of technical enquiries and ability to interpret PID and GADs Knowledge of process parameters and industrial applications Strong commercial and technical understanding Proficiency in preparing accurate quotations,experience_or_description_phrase
16859,Google ADk,duplicate_normalized_skill
16867,Google Adwords,duplicate_normalized_skill
16921,Google ads,duplicate_normalized_skill
16926,Google sheets,duplicate_normalized_skill
16930,Gosu,duplicate_normalized_skill
16963,Government liaison,duplicate_normalized_skill
16965,Government relations,duplicate_normalized_skill
16967,Government sales,duplicate_normalized_skill
16976,Gpa,duplicate_normalized_skill
16979,Gps Tracking,duplicate_normalized_skill
16985,Gradle,duplicate_normalized_skill
16988,Graduate,duplicate_normalized_skill
16989,Graduate / Postgraduate in Business Management,education_or_qualification
16990,Graduate Apprentice,education_or_qualification
16991,Graduate Engineer Trainee,education_or_qualification
16992,Graduate Fresher,education_or_qualification
16993,Graduate Freshers,education_or_qualification
16994,Graduate Jobs,education_or_qualification
16995,Graduate Trainee,education_or_qualification
16996,Graduate degree holder. Proficient in computer skills Must know Hindi and English Valid Qatar Driving License is mandatory. Excellent communication negotiation and presentation skills,education_or_qualification
16997,Graduate fresher,duplicate_normalized_skill
16998,Graduate trainee,duplicate_normalized_skill
16999,Graduation,education_or_qualification
17020,Graphic Designer,duplicate_normalized_skill
17021,Graphic Designer to create engaging and visually appealing designs across digital and print media. The ideal candidate will have strong creative skills,sentence_or_description
17024,Graphic design,duplicate_normalized_skill
17026,Graphic designer,duplicate_normalized_skill
17027,Graphic designing,duplicate_normalized_skill
17035,Graphql,duplicate_normalized_skill
17036,Graphql Apis,duplicate_normalized_skill
17056,Green belt,duplicate_normalized_skill
17057,Green field projects,duplicate_normalized_skill
17068,Grid,duplicate_normalized_skill
17079,Grievance handling,duplicate_normalized_skill
17080,Grievance management,duplicate_normalized_skill
17114,Group Sales,duplicate_normalized_skill
17121,Group medical insurance,duplicate_normalized_skill
17122,Group reporting,duplicate_normalized_skill
17123,Group sales,duplicate_normalized_skill
17136,Growth management,duplicate_normalized_skill
17138,Growth strategy,duplicate_normalized_skill
17140,Gsd,invalid_short_skill
17143,Gst,duplicate_normalized_skill
17148,Gst Compliance,duplicate_normalized_skill
17149,Gst Filing,duplicate_normalized_skill
17152,Gst Laws,duplicate_normalized_skill
17155,Gst Return,duplicate_normalized_skill
17157,Gt Sales,duplicate_normalized_skill
17158,Gtest,duplicate_normalized_skill
17159,Gtm,duplicate_normalized_skill
17198,Guest blogging,duplicate_normalized_skill
17200,Guest handling,duplicate_normalized_skill
17201,Guest relations,duplicate_normalized_skill
17202,Guest service,duplicate_normalized_skill
17203,Gui Automation,duplicate_normalized_skill
17204,Gui Development,duplicate_normalized_skill
17228,GxP,invalid_short_skill
17229,Gxp,duplicate_normalized_skill
17230,Gym,invalid_short_skill
17239,Gynecologist,duplicate_normalized_skill
17247,H1,invalid_short_skill
17250,H1B,invalid_short_skill
17256,HAL,invalid_short_skill
17260,HAM,invalid_short_skill
17269,HAP,invalid_short_skill
17274,HB,invalid_short_skill
17275,HBE,invalid_short_skill
17277,HCC,invalid_short_skill
17284,HCC coder,duplicate_normalized_skill
17285,HCC coding,duplicate_normalized_skill
17286,HCI,invalid_short_skill
17287,HCL,invalid_short_skill
17302,HCV,invalid_short_skill
17305,HDL,invalid_short_skill
17308,HDR,invalid_short_skill
17309,HE,invalid_short_skill
17312,HEI,invalid_short_skill
17315,HF,invalid_short_skill
17317,HFC,invalid_short_skill
17318,HFM,invalid_short_skill
17319,HFR,invalid_short_skill
17321,HHC,invalid_short_skill
17323,HI,invalid_short_skill
17329,HIL,invalid_short_skill
17336,HIS,invalid_short_skill
17338,HK,invalid_short_skill
17339,HL,invalid_short_skill
17342,HLD,invalid_short_skill
17344,HLS,invalid_short_skill
17345,HM,invalid_short_skill
17346,HMC,invalid_short_skill
17348,HMI,invalid_short_skill
17352,HMI programming,duplicate_normalized_skill
17353,HMP,invalid_short_skill
17354,HMS,invalid_short_skill
17356,HN,invalid_short_skill
17357,HNI,invalid_short_skill
17364,HNI Sales,duplicate_normalized_skill
17366,HNI client handling,duplicate_normalized_skill
17367,HNI sales,duplicate_normalized_skill
17372,HOI,invalid_short_skill
17377,HOME,generic
17390,HP,invalid_short_skill
17405,HPV,invalid_short_skill
17415,HR Analytics,duplicate_normalized_skill
17427,HR Business partner,duplicate_normalized_skill
17438,HR Executive,duplicate_normalized_skill
17439,HR Executive Recruitment & Onboarding Employee Relations HR Policies & Compliance Payroll & Attendance Communication Skills MS Office & HR Software Time Management Problem Solving Confidentiality Teamwork & Adaptability,sentence_or_description
17441,HR Fresher,duplicate_normalized_skill
17444,HR Generalist,duplicate_normalized_skill
17465,HR Operation,duplicate_normalized_skill
17482,HR Recruiter,duplicate_normalized_skill
17485,HR Recruitment,duplicate_normalized_skill
17503,HR administration,duplicate_normalized_skill
17505,HR analytics,duplicate_normalized_skill
17506,HR assistance,duplicate_normalized_skill
17507,HR budgeting,duplicate_normalized_skill
17508,HR business Partner,duplicate_normalized_skill
17509,HR coordination,duplicate_normalized_skill
17512,HR executive,duplicate_normalized_skill
17514,HR fresher,duplicate_normalized_skill
17515,HR functions,duplicate_normalized_skill
17516,HR generalist,duplicate_normalized_skill
17517,HR generalist activities,duplicate_normalized_skill
17518,HR head,duplicate_normalized_skill
17519,HR helpdesk,duplicate_normalized_skill
17520,HR intern,duplicate_normalized_skill
17521,HR management,duplicate_normalized_skill
17523,HR operations,duplicate_normalized_skill
17525,HR planning,duplicate_normalized_skill
17526,HR policies,duplicate_normalized_skill
17527,HR policy,duplicate_normalized_skill
17528,HR policy formulation,duplicate_normalized_skill
17530,HR processes,duplicate_normalized_skill
17531,HR recruiter,duplicate_normalized_skill
17533,HR strategy,duplicate_normalized_skill
17539,HRC,invalid_short_skill
17540,HRD,invalid_short_skill
17546,HRM,invalid_short_skill
17551,HRO,invalid_short_skill
17563,HSE,invalid_short_skill
17569,HSE management,duplicate_normalized_skill
17572,HSS,invalid_short_skill
17574,HT,invalid_short_skill
17587,HT panels,duplicate_normalized_skill
17591,HTL,invalid_short_skill
17629,HVAC engineering,duplicate_normalized_skill
17631,HVAC industry preferred,experience_or_description_phrase
17636,HVAC sales,duplicate_normalized_skill
17637,HVAC system,duplicate_normalized_skill
17640,HVAC systems,duplicate_normalized_skill
17642,HW,invalid_short_skill
17645,Hac,invalid_short_skill
17661,Hair care,duplicate_normalized_skill
17664,Ham,duplicate_normalized_skill
17665,Hana,duplicate_normalized_skill
17668,Hana Db,duplicate_normalized_skill
17674,Hand holding & training Zonal Team to achieve sales as well recruitment targets,sentence_or_description
17679,Handle inbound and outbound sales calls from the office to drive conversions and repeat business,sentence_or_description
17682,Handling,generic
17698,Handling overall HR function of the of Greenfield plant,sentence_or_description
17702,Hands on experience with PCAN tools & CAN protocol,experience_or_description_phrase
17704,Hands-on experience in Tally ERP,experience_or_description_phrase
17705,Hands-on experience with vendor audit processes and welding PWHT inspections,experience_or_description_phrase
17728,Hardware Debugging with at least 1 year of practical experience,experience_or_description_phrase
17747,Hardware design,duplicate_normalized_skill
17749,Hardware engineering,duplicate_normalized_skill
17750,Hardware installation,duplicate_normalized_skill
17751,Hardware maintenance,duplicate_normalized_skill
17752,Hardware networking,duplicate_normalized_skill
17753,Hardware sales,duplicate_normalized_skill
17754,Hardware support,duplicate_normalized_skill
17755,Hardware testing,duplicate_normalized_skill
17767,Hat,invalid_short_skill
17769,Having Experience in turnkey project,experience_or_description_phrase
17770,Having Knowledge of Employee Payroll,experience_or_description_phrase
17771,Having a B. Arch. degree. Minimum 2 year experience designing floor plans,education_or_qualification
17776,Hazard identification,duplicate_normalized_skill
17780,Hazardous waste management,duplicate_normalized_skill
17782,Hbase,duplicate_normalized_skill
17783,Hcc,duplicate_normalized_skill
17784,Hcc Coding,duplicate_normalized_skill
17786,Hcm Cloud,duplicate_normalized_skill
17787,Hcm Extracts,duplicate_normalized_skill
17788,Hcm Modules,duplicate_normalized_skill
17791,Hdfs,duplicate_normalized_skill
17794,He must be responsible for providing communication/marketing support to the business units and corporate initiatives,experience_or_description_phrase
17795,He/ She should be working in Banking industry . into Current Account Acquisition / Saving Account Acquisition,sentence_or_description
17796,Head,duplicate_normalized_skill
17818,Head engineering,duplicate_normalized_skill
17819,Head hunting,duplicate_normalized_skill
17828,Heading branch,duplicate_normalized_skill
17860,Health care services,duplicate_normalized_skill
17863,Health insurance,duplicate_normalized_skill
17868,Health management,duplicate_normalized_skill
17870,HealthCare,duplicate_normalized_skill
17871,Healthcare,duplicate_normalized_skill
17875,Healthcare Bpo,duplicate_normalized_skill
17885,Healthcare It,duplicate_normalized_skill
17902,Healthcare business development,duplicate_normalized_skill
17904,Healthcare management,duplicate_normalized_skill
17906,Healthcare sales,duplicate_normalized_skill
17930,Heat exchangers,duplicate_normalized_skill
17931,Heat treatment,duplicate_normalized_skill
17947,Heavy engineering,duplicate_normalized_skill
17948,Heavy equipment,duplicate_normalized_skill
17949,Heavy fabrication,duplicate_normalized_skill
17950,Heavy machinery,duplicate_normalized_skill
17956,Hedge funds,duplicate_normalized_skill
17979,Helpdesk management,duplicate_normalized_skill
17995,Hfc,duplicate_normalized_skill
17996,Hibernate,duplicate_normalized_skill
18002,High,generic
18025,High Voltage testing,duplicate_normalized_skill
18026,High level design,duplicate_normalized_skill
18030,High rise building,duplicate_normalized_skill
18043,Highly experienced Hotel Chief Engineer with a proven track record in engineering and maintenance. Skilled in troubleshooting,sentence_or_description
18051,Hil Testing,duplicate_normalized_skill
18067,Hindi teacher,duplicate_normalized_skill
18068,Hindi typing,duplicate_normalized_skill
18076,Hire to Retire,duplicate_normalized_skill
18077,Hiring,generic
18086,His,duplicate_normalized_skill
18100,HoD,invalid_short_skill
18110,Holiday packages,duplicate_normalized_skill
18111,Holiday sales,duplicate_normalized_skill
18115,Holter,duplicate_normalized_skill
18117,Holter Monitoring,duplicate_normalized_skill
18131,Home Health coding,duplicate_normalized_skill
18135,Home Loan,duplicate_normalized_skill
18139,Home Loans,duplicate_normalized_skill
18144,Home appliances,duplicate_normalized_skill
18145,Home care,duplicate_normalized_skill
18146,Home finance,duplicate_normalized_skill
18147,Home furnishing,duplicate_normalized_skill
18148,Home health,duplicate_normalized_skill
18150,Home loan,duplicate_normalized_skill
18151,Home loans,duplicate_normalized_skill
18152,Home science,duplicate_normalized_skill
18166,Horeca,duplicate_normalized_skill
18168,Horeca Sales,duplicate_normalized_skill
18175,Hospital,duplicate_normalized_skill
18178,Hospital Billing,duplicate_normalized_skill
18199,Hospital administration,duplicate_normalized_skill
18200,Hospital billing,duplicate_normalized_skill
18206,Hospital management,duplicate_normalized_skill
18224,Hospitality management,duplicate_normalized_skill
18232,Hot,invalid_short_skill
18248,Hotel Management,duplicate_normalized_skill
18259,Hotel booking,duplicate_normalized_skill
18260,Hotel management,duplicate_normalized_skill
18262,Hotel sales,duplicate_normalized_skill
18281,Housekeeping management,duplicate_normalized_skill
18285,Housing Finance,duplicate_normalized_skill
18287,Housing Loans,duplicate_normalized_skill
18290,Housing finance,duplicate_normalized_skill
18291,Housing loan,duplicate_normalized_skill
18293,Hp Alm,duplicate_normalized_skill
18295,Hpc,invalid_short_skill
18298,Hql,invalid_short_skill
18299,Hr,duplicate_normalized_skill
18306,Hr Compliance,duplicate_normalized_skill
18307,Hr Databases,duplicate_normalized_skill
18308,Hr Documentation,duplicate_normalized_skill
18311,Hr Fresher,duplicate_normalized_skill
18313,Hr Ir,duplicate_normalized_skill
18317,Hr Ops,duplicate_normalized_skill
18320,Hr Practices,duplicate_normalized_skill
18322,Hr Recruiter,duplicate_normalized_skill
18323,Hr Reporting,duplicate_normalized_skill
18324,Hr Service Delivery,duplicate_normalized_skill
18329,Hr Support,duplicate_normalized_skill
18330,Hr System,duplicate_normalized_skill
18332,Hr Transformation,duplicate_normalized_skill
18333,Hr executive,duplicate_normalized_skill
18334,Hr ops,duplicate_normalized_skill
18336,Hr recruiter,duplicate_normalized_skill
18341,Hrsd,duplicate_normalized_skill
18343,Hss,duplicate_normalized_skill
18344,Ht Cable,duplicate_normalized_skill
18348,Html/Css,duplicate_normalized_skill
18350,Hub,invalid_short_skill
18354,Hub incharge,duplicate_normalized_skill
18359,Hubspot,duplicate_normalized_skill
18363,Hue,invalid_short_skill
18367,Huggingface,duplicate_normalized_skill
18384,Human Resource management,duplicate_normalized_skill
18385,Human Resources,duplicate_normalized_skill
18389,Human anatomy,duplicate_normalized_skill
18390,Human resource management,duplicate_normalized_skill
18391,Human resources,duplicate_normalized_skill
18395,Hvac,duplicate_normalized_skill
18397,Hvac Design,duplicate_normalized_skill
18399,Hvac Maintenance,duplicate_normalized_skill
18400,Hvac Project Engineer,duplicate_normalized_skill
18401,Hvac Sales,duplicate_normalized_skill
18403,Hvac System Design,duplicate_normalized_skill
18461,Hyperion financial management,duplicate_normalized_skill
18462,Hyperion planning,duplicate_normalized_skill
18467,Hypermesh,duplicate_normalized_skill
18473,I,invalid_short_skill
18479,I2,invalid_short_skill
18480,I2C,invalid_short_skill
18484,IAC,invalid_short_skill
18487,IAI,invalid_short_skill
18492,IAP,invalid_short_skill
18493,IAR,invalid_short_skill
18494,IAS,invalid_short_skill
18499,IATF 16949,numeric_or_code_noise
18504,IATF-16949,numeric_or_code_noise
18505,IATF16948,numeric_or_code_noise
18506,IAc,duplicate_normalized_skill
18507,IB,invalid_short_skill
18517,IBC,invalid_short_skill
18525,IBH,invalid_short_skill
18526,IBM,invalid_short_skill
18527,IBM 3800,numeric_or_code_noise
18528,IBM 3900,numeric_or_code_noise
18562,IBM planning Analytics,duplicate_normalized_skill
18565,IBM utilities,duplicate_normalized_skill
18567,IBN,invalid_short_skill
18570,IBP,invalid_short_skill
18573,IBR,invalid_short_skill
18574,IBS,invalid_short_skill
18579,ICC,invalid_short_skill
18582,ICD,invalid_short_skill
18590,ICE,invalid_short_skill
18594,ICF,invalid_short_skill
18597,ICH,invalid_short_skill
18603,ICM,invalid_short_skill
18604,ICN,invalid_short_skill
18606,ICP,invalid_short_skill
18607,ICS,invalid_short_skill
18615,ICT,invalid_short_skill
18617,ICU,invalid_short_skill
18629,IDM,invalid_short_skill
18633,IDN,invalid_short_skill
18636,IDOCs,duplicate_normalized_skill
18637,IDQ,invalid_short_skill
18638,IDS,invalid_short_skill
18639,IDT,invalid_short_skill
18640,IDoc,duplicate_normalized_skill
18641,IDocs,duplicate_normalized_skill
18642,IE,invalid_short_skill
18646,IEA,invalid_short_skill
18647,IEC,invalid_short_skill
18648,IEC 17025,numeric_or_code_noise
18649,IEC 60601,numeric_or_code_noise
18650,IEC 61439,numeric_or_code_noise
18651,IEC 61508,numeric_or_code_noise
18652,IEC 62443,numeric_or_code_noise
18653,IEC17065,numeric_or_code_noise
18658,IEP,invalid_short_skill
18661,IEX,invalid_short_skill
18663,IFA,invalid_short_skill
18666,IFC,invalid_short_skill
18671,IFD,invalid_short_skill
18675,IFR,invalid_short_skill
18684,IFS,invalid_short_skill
18687,IGA,invalid_short_skill
18696,IGM,invalid_short_skill
18698,IGT,invalid_short_skill
18700,IHM,invalid_short_skill
18703,III,invalid_short_skill
18704,IIM,invalid_short_skill
18706,IIP,invalid_short_skill
18707,IIS,invalid_short_skill
18708,IIT,invalid_short_skill
18709,IIW,invalid_short_skill
18710,IIot,duplicate_normalized_skill
18711,IJP480620,numeric_or_code_noise
18712,IJP482402,numeric_or_code_noise
18713,IJP482782,numeric_or_code_noise
18714,IJP484551,numeric_or_code_noise
18715,IJP484552,numeric_or_code_noise
18716,IJP484689,numeric_or_code_noise
18717,IJP484777,numeric_or_code_noise
18718,IJP484881,numeric_or_code_noise
18719,IJP485035,numeric_or_code_noise
18720,IJP485528,numeric_or_code_noise
18721,IJP486248,numeric_or_code_noise
18722,IJP486249,numeric_or_code_noise
18723,IJP486258,numeric_or_code_noise
18724,IJP486259,numeric_or_code_noise
18725,IJP486278,numeric_or_code_noise
18726,IJP486280,numeric_or_code_noise
18727,IJP486289,numeric_or_code_noise
18728,IJP486290,numeric_or_code_noise
18729,IJP486302,numeric_or_code_noise
18730,IJP486316,numeric_or_code_noise
18731,IJP486322,numeric_or_code_noise
18732,IJP486337,numeric_or_code_noise
18733,IJP486339,numeric_or_code_noise
18734,IJP486378,numeric_or_code_noise
18735,IJP486422,numeric_or_code_noise
18736,IJP486424,numeric_or_code_noise
18737,IJP486436,numeric_or_code_noise
18738,IJP486534,numeric_or_code_noise
18739,IJP486535,numeric_or_code_noise
18740,IJP486565,numeric_or_code_noise
18741,IJP486568,numeric_or_code_noise
18742,IJP486587,numeric_or_code_noise
18743,IJP486617,numeric_or_code_noise
18744,IJP486621,numeric_or_code_noise
18745,IJP486695,numeric_or_code_noise
18746,ILE,invalid_short_skill
18750,ILL,invalid_short_skill
18751,ILO,invalid_short_skill
18752,ILT,invalid_short_skill
18753,IM,invalid_short_skill
18756,IME,invalid_short_skill
18757,IMF,invalid_short_skill
18763,IMS,invalid_short_skill
18766,INC,invalid_short_skill
18769,IND,invalid_short_skill
18771,IND As,duplicate_normalized_skill
18784,INT,invalid_short_skill
18800,IOT,invalid_short_skill
18805,IOs,duplicate_normalized_skill
18806,IP,invalid_short_skill
18816,IP Drg,duplicate_normalized_skill
18825,IP addressing,duplicate_normalized_skill
18830,IP networking,duplicate_normalized_skill
18832,IP verification,duplicate_normalized_skill
18835,IPC,invalid_short_skill
18838,IPD,invalid_short_skill
18849,IPO,invalid_short_skill
18858,IPP,invalid_short_skill
18861,IPR,invalid_short_skill
18863,IPS,invalid_short_skill
18873,IQ,invalid_short_skill
18874,IQC,invalid_short_skill
18875,IR,invalid_short_skill
18882,IRB,invalid_short_skill
18890,IRM,invalid_short_skill
18892,IRR,invalid_short_skill
18895,IS 10322,numeric_or_code_noise
18896,IS 13252,numeric_or_code_noise
18897,IS 15885,numeric_or_code_noise
18898,IS 16046,numeric_or_code_noise
18899,IS 16102,numeric_or_code_noise
18903,IS 62368,numeric_or_code_noise
18908,IS0 42001,numeric_or_code_noise
18909,ISA,invalid_short_skill
18912,ISC,invalid_short_skill
18915,ISD,invalid_short_skill
18923,ISO,invalid_short_skill
18925,ISO 10002,numeric_or_code_noise
18926,ISO 13485,numeric_or_code_noise
18927,ISO 13845,numeric_or_code_noise
18928,ISO 14001,numeric_or_code_noise
18929,ISO 14644,numeric_or_code_noise
18930,ISO 1469,numeric_or_code_noise
18931,ISO 14731,numeric_or_code_noise
18932,ISO 14971,numeric_or_code_noise
18933,ISO 16949,numeric_or_code_noise
18934,ISO 17025,numeric_or_code_noise
18935,ISO 19011,numeric_or_code_noise
18936,ISO 20022,numeric_or_code_noise
18938,ISO 22301,numeric_or_code_noise
18939,ISO 26262,numeric_or_code_noise
18940,ISO 27000,numeric_or_code_noise
18941,ISO 27001,numeric_or_code_noise
18944,ISO 3834,numeric_or_code_noise
18945,ISO 45001,numeric_or_code_noise
18946,ISO 5167-1/2/3/4/5/6 & ASME MFC 14M,numeric_or_code_noise
18948,ISO 9000,numeric_or_code_noise
18949,ISO 9001,numeric_or_code_noise
18950,ISO 9001 and 2015,numeric_or_code_noise
18961,ISO audit,duplicate_normalized_skill
18962,ISO documentation,duplicate_normalized_skill
18965,ISO systems,duplicate_normalized_skill
18967,ISO-14001,numeric_or_code_noise
18968,ISO-22301,numeric_or_code_noise
18969,ISO-45001,numeric_or_code_noise
18970,ISO-50001,numeric_or_code_noise
18974,ISO14001,numeric_or_code_noise
18975,ISO26262,numeric_or_code_noise
18976,ISO27001,numeric_or_code_noise
18978,ISO8583,numeric_or_code_noise
18979,ISO9001,numeric_or_code_noise
18980,ISP,invalid_short_skill
18983,ISR,invalid_short_skill
18986,ISS,invalid_short_skill
18989,ISU,invalid_short_skill
18990,ISo,duplicate_normalized_skill
18991,IT,invalid_short_skill
19041,IT Infra sales,duplicate_normalized_skill
19049,IT Infrastructure management,duplicate_normalized_skill
19080,IT Recruiter,duplicate_normalized_skill
19126,IT architecture,duplicate_normalized_skill
19127,IT asset management,duplicate_normalized_skill
19128,IT audit,duplicate_normalized_skill
19129,IT business analyst,duplicate_normalized_skill
19131,IT consulting,duplicate_normalized_skill
19132,IT delivery manager,duplicate_normalized_skill
19134,IT executive,duplicate_normalized_skill
19135,IT hardware,duplicate_normalized_skill
19137,IT head,duplicate_normalized_skill
19138,IT helpdesk,duplicate_normalized_skill
19141,IT infrastructure,duplicate_normalized_skill
19144,IT infrastructure management,duplicate_normalized_skill
19145,IT infrastructure operations,duplicate_normalized_skill
19152,IT management,duplicate_normalized_skill
19153,IT marketing,duplicate_normalized_skill
19154,IT networking,duplicate_normalized_skill
19156,IT operations,duplicate_normalized_skill
19157,IT operations management,duplicate_normalized_skill
19159,IT planning,duplicate_normalized_skill
19160,IT procurement,duplicate_normalized_skill
19162,IT project Management,duplicate_normalized_skill
19163,IT project management,duplicate_normalized_skill
19164,IT projects,duplicate_normalized_skill
19166,IT recruiter,duplicate_normalized_skill
19167,IT recruitment,duplicate_normalized_skill
19169,IT risk,duplicate_normalized_skill
19170,IT risk management,duplicate_normalized_skill
19172,IT sales,duplicate_normalized_skill
19174,IT security,duplicate_normalized_skill
19175,IT service delivery,duplicate_normalized_skill
19176,IT service desk,duplicate_normalized_skill
19179,IT services,duplicate_normalized_skill
19181,IT services sales,duplicate_normalized_skill
19182,IT skills,duplicate_normalized_skill
19183,IT solution,duplicate_normalized_skill
19184,IT solutions,duplicate_normalized_skill
19186,IT staffing,duplicate_normalized_skill
19187,IT strategy,duplicate_normalized_skill
19188,IT support,duplicate_normalized_skill
19191,IT training,duplicate_normalized_skill
19206,ITI,invalid_short_skill
19207,ITI Draftsman,education_or_qualification
19208,ITI Electrical,education_or_qualification
19209,ITI Electrician,education_or_qualification
19210,ITI FITTER,education_or_qualification
19211,ITI Fitter,duplicate_normalized_skill
19212,ITI Fresher,education_or_qualification
19213,ITI Instrument Mechanical,education_or_qualification
19214,ITI MECHANICAL,education_or_qualification
19215,ITI Mechanical,duplicate_normalized_skill
19216,ITI Motor Mechanic,education_or_qualification
19217,ITI TECHNICIAN,education_or_qualification
19218,ITI electrical,duplicate_normalized_skill
19219,ITI electrician,duplicate_normalized_skill
19220,ITI-qualified Chemical Operator,education_or_qualification
19229,ITIL certified,duplicate_normalized_skill
19230,ITIL framework,duplicate_normalized_skill
19231,ITIL process,duplicate_normalized_skill
19232,ITK,invalid_short_skill
19237,ITP,invalid_short_skill
19239,ITR,invalid_short_skill
19241,ITR filing,duplicate_normalized_skill
19253,ITX,invalid_short_skill
19256,IV,invalid_short_skill
19259,IVA,invalid_short_skill
19260,IVD,invalid_short_skill
19263,IVF,invalid_short_skill
19266,IVI,invalid_short_skill
19267,IVP,invalid_short_skill
19268,IVR,invalid_short_skill
19271,IVR Coder,duplicate_normalized_skill
19274,IVR coder,duplicate_normalized_skill
19279,IWE,invalid_short_skill
19280,IX,invalid_short_skill
19285,IaC,duplicate_normalized_skill
19286,IaaC,duplicate_normalized_skill
19288,Iaas,duplicate_normalized_skill
19290,Iac,duplicate_normalized_skill
19293,Iatf,duplicate_normalized_skill
19296,Ibm Api Connect,duplicate_normalized_skill
19298,Ibm Bpm,duplicate_normalized_skill
19299,Ibm Cloud,duplicate_normalized_skill
19311,Ibm Sterling,duplicate_normalized_skill
19316,Ibp,duplicate_normalized_skill
19317,Ic,invalid_short_skill
19319,Icd-10-Cm,duplicate_normalized_skill
19320,Ice,duplicate_normalized_skill
19325,Icn,duplicate_normalized_skill
19330,Id,invalid_short_skill
19331,Ida Pro,duplicate_normalized_skill
19334,Idea generation,duplicate_normalized_skill
19344,Identifying trends,duplicate_normalized_skill
19349,Identity access management,duplicate_normalized_skill
19352,Identity management,duplicate_normalized_skill
19354,Idp,invalid_short_skill
19355,Idq,duplicate_normalized_skill
19357,Idt,duplicate_normalized_skill
19363,Ifc,duplicate_normalized_skill
19369,Igt,duplicate_normalized_skill
19370,Ihc,invalid_short_skill
19371,Iics,duplicate_normalized_skill
19372,Iiq,invalid_short_skill
19381,Ilm,invalid_short_skill
19382,Ilo,duplicate_normalized_skill
19390,Image editing,duplicate_normalized_skill
19391,Image management,duplicate_normalized_skill
19392,Image processing,duplicate_normalized_skill
19429,Implementation,duplicate_normalized_skill
19452,Import Export documentation,duplicate_normalized_skill
19461,Import documentation,duplicate_normalized_skill
19463,Improvement,generic
19468,In Depth knowledge of plywood sector,experience_or_description_phrase
19478,In-depth knowledge of the lighting industry,experience_or_description_phrase
19481,In-process Inspection,duplicate_normalized_skill
19503,Inbound calling,duplicate_normalized_skill
19504,Inbound calls,duplicate_normalized_skill
19505,Inbound customer service,duplicate_normalized_skill
19508,Inbound process,duplicate_normalized_skill
19509,Inbound sales,duplicate_normalized_skill
19510,Inbound voice,duplicate_normalized_skill
19538,Incident management,duplicate_normalized_skill
19558,Income tax,duplicate_normalized_skill
19559,Income tax return,duplicate_normalized_skill
19569,Ind As,duplicate_normalized_skill
19573,Independent correspondence,duplicate_normalized_skill
19575,Indesign,duplicate_normalized_skill
19591,Indian Gaap,duplicate_normalized_skill
19596,Indian accounting,duplicate_normalized_skill
19598,Indian curry,duplicate_normalized_skill
19600,Indian taxation,duplicate_normalized_skill
19604,Indirect Procurement,duplicate_normalized_skill
19605,Indirect Purchase,duplicate_normalized_skill
19612,Indirect tax,duplicate_normalized_skill
19613,Indirect taxation,duplicate_normalized_skill
19623,Induction,duplicate_normalized_skill
19657,Industrial Iot,duplicate_normalized_skill
19687,Industrial automation,duplicate_normalized_skill
19688,Industrial building,duplicate_normalized_skill
19689,Industrial design,duplicate_normalized_skill
19690,Industrial engineer,duplicate_normalized_skill
19691,Industrial engineering,duplicate_normalized_skill
19693,Industrial instrumentation,duplicate_normalized_skill
19694,Industrial machinery,duplicate_normalized_skill
19695,Industrial marketing,duplicate_normalized_skill
19696,Industrial product sales,duplicate_normalized_skill
19697,Industrial products,duplicate_normalized_skill
19698,Industrial projects,duplicate_normalized_skill
19699,Industrial relations,duplicate_normalized_skill
19701,Industrial safety,duplicate_normalized_skill
19702,Industrial sales,duplicate_normalized_skill
19722,Industry research,duplicate_normalized_skill
19754,Informatica,duplicate_normalized_skill
19768,Informatica Master Data Management,education_or_qualification
19806,Information management,duplicate_normalized_skill
19808,Information security,duplicate_normalized_skill
19809,Information security management,duplicate_normalized_skill
19810,Information systems management,duplicate_normalized_skill
19811,Information technology,duplicate_normalized_skill
19845,Infrastructure as Code,duplicate_normalized_skill
19846,Infrastructure as code,duplicate_normalized_skill
19849,Infrastructure design,duplicate_normalized_skill
19850,Infrastructure development,duplicate_normalized_skill
19852,Infrastructure management,duplicate_normalized_skill
19853,Infrastructure support,duplicate_normalized_skill
19866,Inj,invalid_short_skill
19877,Injection moulding,duplicate_normalized_skill
19901,Inprocess inspection,duplicate_normalized_skill
19902,Inprocess quality,duplicate_normalized_skill
19917,Inside sales,duplicate_normalized_skill
19919,Inside sales representative,duplicate_normalized_skill
19968,Installshield,duplicate_normalized_skill
19988,Institutional sales,duplicate_normalized_skill
19992,Instrucalc,duplicate_normalized_skill
20002,Instructional design,duplicate_normalized_skill
20019,Instrument index,duplicate_normalized_skill
20033,Instrumentation engineering,duplicate_normalized_skill
20073,Insurance Sales,duplicate_normalized_skill
20080,Insurance advisory,duplicate_normalized_skill
20082,Insurance claims,duplicate_normalized_skill
20083,Insurance operations,duplicate_normalized_skill
20085,Insurance sales,duplicate_normalized_skill
20087,Insurance training,duplicate_normalized_skill
20088,Insurance underwriting,duplicate_normalized_skill
20092,Intangible asset valuation,duplicate_normalized_skill
20102,Integrated marketing,duplicate_normalized_skill
20103,Integration,duplicate_normalized_skill
20122,Integration testing,duplicate_normalized_skill
20130,Intellectual property,duplicate_normalized_skill
20140,Intellij,duplicate_normalized_skill
20152,Interaction design,duplicate_normalized_skill
20167,Interest rate risk,duplicate_normalized_skill
20186,Interior Fit-out Projects,duplicate_normalized_skill
20188,Interior Fitout,duplicate_normalized_skill
20203,Interior designing,duplicate_normalized_skill
20204,Interior fit-outs,duplicate_normalized_skill
20205,Interior sales,duplicate_normalized_skill
20208,Intern,generic
20215,Internal Audit,duplicate_normalized_skill
20238,Internal audit,duplicate_normalized_skill
20239,Internal auditor,duplicate_normalized_skill
20240,Internal control,duplicate_normalized_skill
20241,Internal controls,duplicate_normalized_skill
20244,Internal medicine,duplicate_normalized_skill
20245,Internal orders,duplicate_normalized_skill
20246,Internal quality auditor,duplicate_normalized_skill
20250,International,generic
20276,International Customer service,duplicate_normalized_skill
20289,International Kyc,duplicate_normalized_skill
20331,International Voice process,duplicate_normalized_skill
20333,International banking,duplicate_normalized_skill
20334,International bpo,duplicate_normalized_skill
20335,International business,duplicate_normalized_skill
20336,International business development,duplicate_normalized_skill
20337,International calling,duplicate_normalized_skill
20342,International logistics,duplicate_normalized_skill
20343,International marketing,duplicate_normalized_skill
20344,International non voice process,duplicate_normalized_skill
20345,International operations,duplicate_normalized_skill
20346,International process,duplicate_normalized_skill
20347,International recruitment,duplicate_normalized_skill
20348,International sales,duplicate_normalized_skill
20352,International taxation,duplicate_normalized_skill
20353,International technical support,duplicate_normalized_skill
20354,International trade,duplicate_normalized_skill
20356,International travel,duplicate_normalized_skill
20360,International voice,duplicate_normalized_skill
20361,International voice process,duplicate_normalized_skill
20379,Internet banking,duplicate_normalized_skill
20382,Internet research,duplicate_normalized_skill
20383,Internet searching,duplicate_normalized_skill
20394,Interpersonal skills,duplicate_normalized_skill
20408,Interview coordination,duplicate_normalized_skill
20409,Interview scheduling,duplicate_normalized_skill
20421,Intrusion detection,duplicate_normalized_skill
20423,Intune,duplicate_normalized_skill
20438,Inventory & Stock Control Warehouse Management & 5S Practices ERP Systems Material Handling & Documentation Dispatch & Logistics Coordination Problem-Solving Skills Attention to Detail & Accuracy,sentence_or_description
20475,Inventory analysis,duplicate_normalized_skill
20478,Inventory control,duplicate_normalized_skill
20479,Inventory executive,duplicate_normalized_skill
20480,Inventory management,duplicate_normalized_skill
20482,Inventory optimization,duplicate_normalized_skill
20483,Inventory planning,duplicate_normalized_skill
20485,Inventory valuation,duplicate_normalized_skill
20516,Investment banking,duplicate_normalized_skill
20518,Investment management,duplicate_normalized_skill
20519,Investment products,duplicate_normalized_skill
20520,Investment strategies,duplicate_normalized_skill
20530,Investor communication,duplicate_normalized_skill
20534,Investor relations,duplicate_normalized_skill
20535,Investor services,duplicate_normalized_skill
20541,Invision,duplicate_normalized_skill
20558,Invoice processing,duplicate_normalized_skill
20559,Invoice processing & payment follow-up Account reconciliation & aging analysis Spectrum Software proficiency,sentence_or_description
20568,Io,invalid_short_skill
20569,IoT,duplicate_normalized_skill
20576,Ion,invalid_short_skill
20582,Ios App,duplicate_normalized_skill
20583,Ios Development,duplicate_normalized_skill
20584,Ios Framework,duplicate_normalized_skill
20594,Iot Protocols,duplicate_normalized_skill
20600,Ip Address,duplicate_normalized_skill
20601,Ip Drg,duplicate_normalized_skill
20602,Ip Routing,duplicate_normalized_skill
20603,Ip Verification,duplicate_normalized_skill
20605,Ipd Billing,duplicate_normalized_skill
20607,Ipdrg Coding,duplicate_normalized_skill
20615,Irc,invalid_short_skill
20624,Irr,duplicate_normalized_skill
20628,Is Codes,duplicate_normalized_skill
20629,Ise,invalid_short_skill
20631,Ism,invalid_short_skill
20633,Iso 50001,numeric_or_code_noise
20638,Iso21434,numeric_or_code_noise
20643,Isr,duplicate_normalized_skill
20648,Issue resolution,duplicate_normalized_skill
20649,Ist,invalid_short_skill
20651,It Administration,duplicate_normalized_skill
20654,It Asset,duplicate_normalized_skill
20657,It Business Development,duplicate_normalized_skill
20659,It Compliance,duplicate_normalized_skill
20663,It General Controls,duplicate_normalized_skill
20664,It Grc,duplicate_normalized_skill
20666,It Helpdesk,duplicate_normalized_skill
20667,It Hiring,duplicate_normalized_skill
20668,It Infra Sales,duplicate_normalized_skill
20670,It Infrastructure Sales,duplicate_normalized_skill
20671,It Inside Sales,duplicate_normalized_skill
20672,It Internal Audit,duplicate_normalized_skill
20674,It Parks,duplicate_normalized_skill
20679,It Products,duplicate_normalized_skill
20686,It Security,duplicate_normalized_skill
20688,It Security Operations,duplicate_normalized_skill
20689,It Services Sales,duplicate_normalized_skill
20690,It Software Sales,duplicate_normalized_skill
20692,It Solutions,duplicate_normalized_skill
20693,It Sourcing,duplicate_normalized_skill
20697,It Troubleshooting,duplicate_normalized_skill
20699,It head,duplicate_normalized_skill
20700,It product management,duplicate_normalized_skill
20706,Itam,duplicate_normalized_skill
20710,Itgc,duplicate_normalized_skill
20713,Iti Electronics,education_or_qualification
20714,Iti Mechanical,duplicate_normalized_skill
20715,Itil,duplicate_normalized_skill
20721,Itom,duplicate_normalized_skill
20722,Itr Filing,duplicate_normalized_skill
20727,Itx,duplicate_normalized_skill
20728,Iui,invalid_short_skill
20731,Ivd,duplicate_normalized_skill
20732,Ivf,duplicate_normalized_skill
20734,J,invalid_short_skill
20737,J1939,numeric_or_code_noise
20741,J2Ee,duplicate_normalized_skill
20744,J2Ee architecture,duplicate_normalized_skill
20746,J2ee,duplicate_normalized_skill
20754,JAX,invalid_short_skill
20759,JBoss,duplicate_normalized_skill
20760,JCB,invalid_short_skill
20761,JCI,invalid_short_skill
20762,JCL,invalid_short_skill
20765,JD,invalid_short_skill
20768,JDA,invalid_short_skill
20770,JDE,invalid_short_skill
20776,JEE,invalid_short_skill
20783,JFR,invalid_short_skill
20788,JIS,invalid_short_skill
20789,JIT,invalid_short_skill
20790,JLG,invalid_short_skill
20796,JML,invalid_short_skill
20798,JMS,invalid_short_skill
20803,JNI,invalid_short_skill
20805,JPA,invalid_short_skill
20811,JSA,invalid_short_skill
20813,JSF,invalid_short_skill
20814,JSM,invalid_short_skill
20818,JSP,invalid_short_skill
20820,JSP servlets,duplicate_normalized_skill
20827,JV,invalid_short_skill
20828,JVM,invalid_short_skill
20829,JVS,invalid_short_skill
20831,JWT,invalid_short_skill
20840,Jam,invalid_short_skill
20849,Japanese language,duplicate_normalized_skill
20853,Jasper reports,duplicate_normalized_skill
20858,Java 17,duplicate_normalized_skill
20862,Java 8,duplicate_normalized_skill
20863,Java 8+,duplicate_normalized_skill
20864,Java 8/11/17,numeric_or_code_noise
20878,Java Backend developer,duplicate_normalized_skill
20932,Java architecture,duplicate_normalized_skill
20934,Java developer,duplicate_normalized_skill
20935,Java development,duplicate_normalized_skill
20940,Java web services,duplicate_normalized_skill
20957,Javascript/Typescript,duplicate_normalized_skill
20960,Jaw,invalid_short_skill
20962,Jcr,invalid_short_skill
20975,Jest,duplicate_normalized_skill
21017,Jig fixture,duplicate_normalized_skill
21024,Jira,duplicate_normalized_skill
21033,Jira Service Management,duplicate_normalized_skill
21037,Jira integration,duplicate_normalized_skill
21042,Jmeter,duplicate_normalized_skill
21064,Job analysis,duplicate_normalized_skill
21065,Job portals,duplicate_normalized_skill
21066,Job safety analysis,duplicate_normalized_skill
21069,Join,generic
21080,Journal entries,duplicate_normalized_skill
21086,Jquery,duplicate_normalized_skill
21096,Json,duplicate_normalized_skill
21121,Junit,duplicate_normalized_skill
21126,Jvm,duplicate_normalized_skill
21128,Jwt,duplicate_normalized_skill
21130,K-Rise preferred,experience_or_description_phrase
21131,K12,invalid_short_skill
21133,K6,invalid_short_skill
21134,K8,invalid_short_skill
21135,K8s,invalid_short_skill
21139,KAM,invalid_short_skill
21142,KCS,invalid_short_skill
21144,KF,invalid_short_skill
21145,KFC,invalid_short_skill
21149,KLD,invalid_short_skill
21150,KM,invalid_short_skill
21151,KNN,invalid_short_skill
21153,KNOWLEDGE OF Conveyors,experience_or_description_phrase
21154,KNowledge of Tire Manufacturing Machines,experience_or_description_phrase
21155,KOL,invalid_short_skill
21167,KPI analysis,duplicate_normalized_skill
21169,KPO,invalid_short_skill
21170,KQL,invalid_short_skill
21172,KRA,invalid_short_skill
21176,KTM,invalid_short_skill
21177,KTS,invalid_short_skill
21179,KVA,invalid_short_skill
21180,KVM,invalid_short_skill
21181,KYB,invalid_short_skill
21182,KYC,invalid_short_skill
21190,KYC operations,duplicate_normalized_skill
21192,KYC verification,duplicate_normalized_skill
21193,Kafka,duplicate_normalized_skill
21204,Kaizen,duplicate_normalized_skill
21207,Kam,duplicate_normalized_skill
21239,Kdb,invalid_short_skill
21253,Kernel programming,duplicate_normalized_skill
21254,Key,invalid_short_skill
21262,Key Account manager,duplicate_normalized_skill
21266,Key Accounts manager,duplicate_normalized_skill
21275,Key account management,duplicate_normalized_skill
21276,Key account manager,duplicate_normalized_skill
21277,Key accounts,duplicate_normalized_skill
21278,Key management,duplicate_normalized_skill
21306,Kids wear,duplicate_normalized_skill
21309,Kinaxis,duplicate_normalized_skill
21320,Kisssoft,duplicate_normalized_skill
21335,Kms,invalid_short_skill
21360,Know your customer,duplicate_normalized_skill
21365,Knowledge Of Computer,experience_or_description_phrase
21366,Knowledge Of Tally,experience_or_description_phrase
21371,Knowledge in Oil & Gas,experience_or_description_phrase
21372,Knowledge in Petro Chemical,experience_or_description_phrase
21373,Knowledge in Production Engineering,experience_or_description_phrase
21374,Knowledge management,duplicate_normalized_skill
21375,Knowledge of 4QT,experience_or_description_phrase
21376,Knowledge of AUTOCAD,experience_or_description_phrase
21377,Knowledge of All Scrutiny,experience_or_description_phrase
21378,Knowledge of All Software i.e. SAP/ERP,experience_or_description_phrase
21379,Knowledge of Auto Cad & M.S office is a must Knowledge of 3D modeling in Sketch up/ 3ds max&Photoshop editing,experience_or_description_phrase
21380,Knowledge of Automotive Market,experience_or_description_phrase
21381,Knowledge of Construction Materials,experience_or_description_phrase
21382,Knowledge of DFMEA/ DRBFM,experience_or_description_phrase
21383,Knowledge of Double tax avoidance agreements,experience_or_description_phrase
21384,Knowledge of EMS & Ambulance Operations,experience_or_description_phrase
21385,Knowledge of ERP / Analytics Marketing,experience_or_description_phrase
21386,Knowledge of Finalization,experience_or_description_phrase
21387,Knowledge of GenAI frameworks,experience_or_description_phrase
21388,Knowledge of Healthcare Billing Software,experience_or_description_phrase
21389,Knowledge of IATF 16949 system requirement and its compliance,experience_or_description_phrase
21390,Knowledge of ISO and Six Sigma quality tools,experience_or_description_phrase
21391,Knowledge of IT tools,experience_or_description_phrase
21392,Knowledge of Investment products,experience_or_description_phrase
21393,Knowledge of Jewellery Industries,experience_or_description_phrase
21394,Knowledge of Jewellery Manufacturing,experience_or_description_phrase
21395,Knowledge of Kromex,experience_or_description_phrase
21396,Knowledge of Quality Standards,experience_or_description_phrase
21397,Knowledge of Reagents preparation and solution standardization,experience_or_description_phrase
21398,Knowledge of SAP System,experience_or_description_phrase
21399,Knowledge of Social Compliances,experience_or_description_phrase
21400,Knowledge of Social Media Tool,experience_or_description_phrase
21401,Knowledge of Tally,duplicate_normalized_skill
21402,Knowledge of Thermoplastics,experience_or_description_phrase
21403,Knowledge of Ti & Siepan,experience_or_description_phrase
21404,Knowledge of Transport Laws & Regulations,experience_or_description_phrase
21405,Knowledge of accounting principles,experience_or_description_phrase
21406,Knowledge of baking techniques & recipes,experience_or_description_phrase
21407,Knowledge of common defects,experience_or_description_phrase
21408,Knowledge of construction materials,duplicate_normalized_skill
21409,Knowledge of electrical Component,experience_or_description_phrase
21410,Knowledge of fabrication,experience_or_description_phrase
21411,Knowledge of fire safety,experience_or_description_phrase
21412,Knowledge of heavy engineering production processes,experience_or_description_phrase
21413,Knowledge of hospital consumables,experience_or_description_phrase
21414,Knowledge of industrial sales,experience_or_description_phrase
21415,Knowledge of inventory,experience_or_description_phrase
21416,Knowledge of inventory management,experience_or_description_phrase
21417,Knowledge of logistics/transport operations and tracking systems. Proficiency in MS Excel / ERP / GPS tracking tools. Strong communication and customer handling skills. Ability to work in a fast-paced operational environment,experience_or_description_phrase
21418,Knowledge of multi-org structures,experience_or_description_phrase
21419,Knowledge of procurement software or ERP systems,experience_or_description_phrase
21420,Knowledge of property portals,experience_or_description_phrase
21421,Knowledge of pumps,experience_or_description_phrase
21422,Knowledge of quality management,experience_or_description_phrase
21423,Knowledge of safety,experience_or_description_phrase
21424,Knowledge of statistical analysis,experience_or_description_phrase
21425,Knowledge of technological trends to build strategy,experience_or_description_phrase
21426,Knowledge of trading system protocols,experience_or_description_phrase
21435,Kol,duplicate_normalized_skill
21437,Kol Management,duplicate_normalized_skill
21457,Kpi Reporting,duplicate_normalized_skill
21458,Kql,duplicate_normalized_skill
21467,Ku,invalid_short_skill
21469,Kubeflow,duplicate_normalized_skill
21486,Kyc Operations,duplicate_normalized_skill
21487,Kyc Verification,duplicate_normalized_skill
21490,L,invalid_short_skill
21496,L1,invalid_short_skill
21502,L1 support,duplicate_normalized_skill
21505,L2,invalid_short_skill
21506,L2 - level of troubleshooting and understanding of issues,sentence_or_description
21515,L2 Technical support,duplicate_normalized_skill
21519,L2 support,duplicate_normalized_skill
21525,L3,invalid_short_skill
21530,L4,invalid_short_skill
21535,LAC,invalid_short_skill
21538,LAN,invalid_short_skill
21546,LAN networking,duplicate_normalized_skill
21549,LAP,invalid_short_skill
21555,LAW,invalid_short_skill
21557,LBN,invalid_short_skill
21559,LBS,invalid_short_skill
21560,LC,invalid_short_skill
21566,LCA,invalid_short_skill
21567,LCD,invalid_short_skill
21568,LCL,invalid_short_skill
21572,LCO,invalid_short_skill
21573,LCR,invalid_short_skill
21574,LCV,invalid_short_skill
21576,LDO,invalid_short_skill
21579,LDR,invalid_short_skill
21580,LDS,invalid_short_skill
21581,LE,invalid_short_skill
21585,LED,invalid_short_skill
21589,LES,invalid_short_skill
21592,LEX,invalid_short_skill
21593,LFR,invalid_short_skill
21594,LG,invalid_short_skill
21595,LIC,invalid_short_skill
21606,LIN,invalid_short_skill
21613,LLB,invalid_short_skill
21614,LLD,invalid_short_skill
21615,LLM,invalid_short_skill
21629,LLm,duplicate_normalized_skill
21633,LMS,invalid_short_skill
21640,LNG,invalid_short_skill
21644,LNS,invalid_short_skill
21651,LOS,invalid_short_skill
21652,LOT,invalid_short_skill
21655,LPD,invalid_short_skill
21658,LPN,invalid_short_skill
21659,LPO,invalid_short_skill
21660,LPS,invalid_short_skill
21661,LPT,invalid_short_skill
21662,LR,invalid_short_skill
21663,LRE,invalid_short_skill
21666,LS central,duplicate_normalized_skill
21669,LSA,invalid_short_skill
21671,LSS,invalid_short_skill
21673,LT,invalid_short_skill
21686,LT cable,duplicate_normalized_skill
21688,LT panel,duplicate_normalized_skill
21689,LTE,invalid_short_skill
21690,LTL,invalid_short_skill
21692,LTS,invalid_short_skill
21693,LV,invalid_short_skill
21695,LVM,invalid_short_skill
21696,LVS,invalid_short_skill
21697,LWC,invalid_short_skill
21698,LWF,invalid_short_skill
21699,LWR,invalid_short_skill
21700,LWS,invalid_short_skill
21702,Lab,invalid_short_skill
21707,Lab Chemist,duplicate_normalized_skill
21720,Lab assistant,duplicate_normalized_skill
21724,Lab technician,duplicate_normalized_skill
21725,Lab testing,duplicate_normalized_skill
21742,Labor laws,duplicate_normalized_skill
21743,Labor management,duplicate_normalized_skill
21767,Labour laws,duplicate_normalized_skill
21768,Labour management,duplicate_normalized_skill
21769,Labour relations,duplicate_normalized_skill
21770,Labview,duplicate_normalized_skill
21772,Labware Lims,duplicate_normalized_skill
21793,Lan Wan,duplicate_normalized_skill
21818,Lang chain,duplicate_normalized_skill
21822,Langchain,duplicate_normalized_skill
21824,Langgraph,duplicate_normalized_skill
21834,Language skills,duplicate_normalized_skill
21835,Language training,duplicate_normalized_skill
21838,Lap,duplicate_normalized_skill
21849,Laptop sales,duplicate_normalized_skill
21855,Laravel Php,duplicate_normalized_skill
21881,Laser welding,duplicate_normalized_skill
21887,Last mile,duplicate_normalized_skill
21888,Latam,duplicate_normalized_skill
21905,Law,duplicate_normalized_skill
21908,Law enforcement,duplicate_normalized_skill
21920,Layout design,duplicate_normalized_skill
21922,Lc Documentation,duplicate_normalized_skill
21923,Lcs,invalid_short_skill
21924,Lda,invalid_short_skill
21926,Lead,generic
21947,Lead Generation,duplicate_normalized_skill
21955,Lead Generation International B2B Sales Business Development International B2B Sales Customer Relationship Management International B2B Sales Key Account Management Negotiation Problem-Solving Strategic Planning,sentence_or_description
21971,Lead and mentor a team of mechanical engineers in the design,sentence_or_description
21972,Lead business analyst,duplicate_normalized_skill
21976,Lead end-to-end project execution from concept design to production launch,sentence_or_description
21978,Lead generation,duplicate_normalized_skill
21981,Lead management,duplicate_normalized_skill
21985,Lead the RF and hardware architecture of global smart metering,sentence_or_description
21986,Lead training sessions and prepare UAT/test cases. Experience with at least 3 end-to-end implementations,experience_or_description_phrase
22010,Leadership and team management. Strong guest service orientation. Conflict resolution and problem-solving. Time management and organizational skills. Attention to detail and ability to maintain high standards of cleanliness and service,experience_or_description_phrase
22011,Leadership development,duplicate_normalized_skill
22012,Leadership hiring,duplicate_normalized_skill
22013,Leadership skills,duplicate_normalized_skill
22014,Leadership training,duplicate_normalized_skill
22021,Lean,duplicate_normalized_skill
22033,Lean manufacturing,duplicate_normalized_skill
22034,Lean six sigma,duplicate_normalized_skill
22043,Learning & development,duplicate_normalized_skill
22059,Learning and Development,duplicate_normalized_skill
22069,Leased line,duplicate_normalized_skill
22081,Leave management,duplicate_normalized_skill
22086,Lecturer activities,duplicate_normalized_skill
22088,Led Lighting,duplicate_normalized_skill
22089,Led TNI & compliance programs. Experience in creating content & training programs .Fecilitating behavioural training programs Worked on LMS,experience_or_description_phrase
22097,Ledger scrutiny,duplicate_normalized_skill
22098,Ledgers and Cash/Bank transactions .Possess a sound understanding of taxation laws majorly GST,sentence_or_description
22122,Legal Drafting & Documentation Contract Negotiation Compliance & Regulatory Knowledge Litigation Support Attention to Detail Problem-Solving & Analytical Thinking,sentence_or_description
22143,Legal advice,duplicate_normalized_skill
22145,Legal compliance,duplicate_normalized_skill
22146,Legal documentation,duplicate_normalized_skill
22147,Legal drafting,duplicate_normalized_skill
22148,Legal executive,duplicate_normalized_skill
22149,Legal management,duplicate_normalized_skill
22150,Legal manager,duplicate_normalized_skill
22152,Legal notices,duplicate_normalized_skill
22153,Legal research,duplicate_normalized_skill
22154,Legal services,duplicate_normalized_skill
22166,Lesson planning,duplicate_normalized_skill
22170,Letter of Credit,duplicate_normalized_skill
22189,Lfr,duplicate_normalized_skill
22190,Lgd,invalid_short_skill
22197,Liability products,duplicate_normalized_skill
22212,Library management,duplicate_normalized_skill
22213,Library science,duplicate_normalized_skill
22214,License,duplicate_normalized_skill
22218,Lidar,duplicate_normalized_skill
22221,Life Insurance,duplicate_normalized_skill
22233,Life insurance,duplicate_normalized_skill
22234,Life insurance sales,duplicate_normalized_skill
22237,Life sciences,duplicate_normalized_skill
22240,Lifeguard,duplicate_normalized_skill
22252,Lift irrigation,duplicate_normalized_skill
22265,Lighting design,duplicate_normalized_skill
22267,Lightning,duplicate_normalized_skill
22278,Limited review,duplicate_normalized_skill
22292,Line balancing,duplicate_normalized_skill
22293,Line inspection,duplicate_normalized_skill
22315,Link building,duplicate_normalized_skill
22316,Link exchange,duplicate_normalized_skill
22328,LinkedIn outreach,duplicate_normalized_skill
22329,Linkedin,duplicate_normalized_skill
22330,Linkedin Ads,duplicate_normalized_skill
22332,Linkedin Marketing,duplicate_normalized_skill
22333,Linkedin Outreach,duplicate_normalized_skill
22336,Linkedin recruiter,duplicate_normalized_skill
22337,Linq,duplicate_normalized_skill
22340,Linux,duplicate_normalized_skill
22374,Linux administration,duplicate_normalized_skill
22375,Linux device drivers,duplicate_normalized_skill
22376,Linux internals,duplicate_normalized_skill
22377,Linux kernel,duplicate_normalized_skill
22379,Linux security,duplicate_normalized_skill
22380,Linux server administration,duplicate_normalized_skill
22382,Linux system administration,duplicate_normalized_skill
22397,Liquidity management,duplicate_normalized_skill
22402,Lis,invalid_short_skill
22414,Literature review,duplicate_normalized_skill
22424,Litigation management,duplicate_normalized_skill
22425,Litigation support,duplicate_normalized_skill
22429,Live Underwriter,duplicate_normalized_skill
22435,Llama,duplicate_normalized_skill
22437,Llb,duplicate_normalized_skill
22439,Llm,duplicate_normalized_skill
22441,Ln,invalid_short_skill
22453,Load balancing,duplicate_normalized_skill
22454,Load calculation,duplicate_normalized_skill
22456,Load runner,duplicate_normalized_skill
22457,Load testing,duplicate_normalized_skill
22464,Loadrunner,duplicate_normalized_skill
22496,Loan Sales,duplicate_normalized_skill
22503,Loan against Property,duplicate_normalized_skill
22507,Loan management,duplicate_normalized_skill
22508,Loan operations,duplicate_normalized_skill
22510,Loan syndication,duplicate_normalized_skill
22513,Loans,duplicate_normalized_skill
22525,Local transporter onboarding,duplicate_normalized_skill
22526,Localization,duplicate_normalized_skill
22531,Lod,invalid_short_skill
22537,Log analysis,duplicate_normalized_skill
22538,Log shipping,duplicate_normalized_skill
22563,Logistic regression,duplicate_normalized_skill
22569,Logistics Coordination,duplicate_normalized_skill
22585,Logistics coordination,duplicate_normalized_skill
22589,Logistics management,duplicate_normalized_skill
22592,Logistics operations,duplicate_normalized_skill
22593,Logistics planning,duplicate_normalized_skill
22598,Logrhythm,duplicate_normalized_skill
22613,Looking for candidates fluent in English + Hindi or English + Malayalam/Tamil/Kannada,experience_or_description_phrase
22625,Loss prevention,duplicate_normalized_skill
22650,Loyalty program management,duplicate_normalized_skill
22651,Lsf,invalid_short_skill
22653,Lsp,invalid_short_skill
22654,Lstm,duplicate_normalized_skill
22657,Ltm,invalid_short_skill
22659,Lua,invalid_short_skill
22683,Luw,invalid_short_skill
22703,Lv Switchgear,duplicate_normalized_skill
22705,Lwc,duplicate_normalized_skill
22709,M,invalid_short_skill
22718,M&A Tax,duplicate_normalized_skill
22729,M.Com,duplicate_normalized_skill
22739,M.com,duplicate_normalized_skill
22741,M2,invalid_short_skill
22742,M3,invalid_short_skill
22748,MA,invalid_short_skill
22753,MAG,invalid_short_skill
22757,MAINTENANCE,generic
22765,MAO,invalid_short_skill
22774,MAX,invalid_short_skill
22775,MBA,invalid_short_skill
22777,MBA Finance,duplicate_normalized_skill
22786,MBB,invalid_short_skill
22790,MBBS with MD / DNB in Neurology or equivalent. Proven experience in clinical neurology is preferred. Strong communication and interpersonal skills,experience_or_description_phrase
22792,MBD,invalid_short_skill
22796,MBO,invalid_short_skill
22798,MBR,invalid_short_skill
22799,MBS,invalid_short_skill
22800,MCA,invalid_short_skill
22803,MCB,invalid_short_skill
22804,MCC,invalid_short_skill
22806,MCH,invalid_short_skill
22814,MCP,invalid_short_skill
22819,MCV,invalid_short_skill
22820,MCX,invalid_short_skill
22821,MCh,duplicate_normalized_skill
22822,MD,invalid_short_skill
22841,MD Microbiology,duplicate_normalized_skill
22858,MD biochemistry,duplicate_normalized_skill
22860,MD dermatology,duplicate_normalized_skill
22865,MDA,invalid_short_skill
22866,MDE,invalid_short_skill
22867,MDF,invalid_short_skill
22868,MDG,invalid_short_skill
22871,MDH,invalid_short_skill
22872,MDM,invalid_short_skill
22879,MDS,invalid_short_skill
22880,MDT,invalid_short_skill
22881,MDX,invalid_short_skill
22883,ME,invalid_short_skill
22888,MECHANICA DIPLOMA ENGINEER,education_or_qualification
22891,MED,invalid_short_skill
22901,MEE,invalid_short_skill
22902,MEL,invalid_short_skill
22903,MEM,invalid_short_skill
22906,MEP,invalid_short_skill
22921,MEP coordination,duplicate_normalized_skill
22927,MEP projects,duplicate_normalized_skill
22932,MERN Stack,duplicate_normalized_skill
22934,MES,invalid_short_skill
22947,MF,invalid_short_skill
22949,MFA,invalid_short_skill
22951,MFC,invalid_short_skill
22952,MFG,invalid_short_skill
22953,MFI,invalid_short_skill
22954,MFR,invalid_short_skill
22955,MFT,invalid_short_skill
22962,MIB,invalid_short_skill
22973,MIG,invalid_short_skill
22974,MIG Welders and One should also be capable to undertake Sub Merged welding Crane Hydra Operator Licensed Mechanical Fitter For Heavy Steel Fabrication CNC Operator having exp in operating CNC Drilling and Cutting Machine Electrician,sentence_or_description
22976,MIG welding,duplicate_normalized_skill
22979,MIN,invalid_short_skill
22980,MINIMUM 3..5 YEARS EXPERIANCE,experience_or_description_phrase
22983,MIS,invalid_short_skill
22992,MIS Executive,duplicate_normalized_skill
23007,MIS development,duplicate_normalized_skill
23008,MIS generation,duplicate_normalized_skill
23010,MIS preparation,duplicate_normalized_skill
23011,MIS reporting,duplicate_normalized_skill
23012,MIS reports,duplicate_normalized_skill
23016,MIT,invalid_short_skill
23027,ML Ops,duplicate_normalized_skill
23034,ML frameworks,duplicate_normalized_skill
23036,ML models,duplicate_normalized_skill
23037,ML ops,duplicate_normalized_skill
23043,MLM,invalid_short_skill
23046,MLOps,duplicate_normalized_skill
23051,MLT,invalid_short_skill
23052,MLW,invalid_short_skill
23053,MLflow,duplicate_normalized_skill
23054,MLops,duplicate_normalized_skill
23055,MM,invalid_short_skill
23057,MMI,invalid_short_skill
23059,MMS,invalid_short_skill
23061,MMU,invalid_short_skill
23062,MNA,invalid_short_skill
23063,MNC,invalid_short_skill
23069,MO,invalid_short_skill
23070,MOB,invalid_short_skill
23071,MOC,invalid_short_skill
23077,MOM,invalid_short_skill
23083,MP,invalid_short_skill
23086,MPC,invalid_short_skill
23090,MPI,invalid_short_skill
23094,MPP,invalid_short_skill
23095,MPR,invalid_short_skill
23096,MPT,invalid_short_skill
23097,MPU,invalid_short_skill
23098,MQ,invalid_short_skill
23101,MQL,invalid_short_skill
23105,MR,invalid_short_skill
23107,MRD,invalid_short_skill
23108,MRI,invalid_short_skill
23110,MRM,invalid_short_skill
23111,MRN,invalid_short_skill
23112,MRO,invalid_short_skill
23116,MRP,invalid_short_skill
23117,MRS,invalid_short_skill
23118,MRT,invalid_short_skill
23119,MS,invalid_short_skill
23156,MS Office package,duplicate_normalized_skill
23157,MS Office proficiency,duplicate_normalized_skill
23158,MS Office suite,duplicate_normalized_skill
23159,MS Office tools,duplicate_normalized_skill
23168,MS Project Budgeting and Cost Control Problem Solving and Decision Making,sentence_or_description
23177,MS Sql Server,duplicate_normalized_skill
23185,MS ent,duplicate_normalized_skill
23187,MS project,duplicate_normalized_skill
23188,MS word,duplicate_normalized_skill
23199,MSA,invalid_short_skill
23200,MSB,invalid_short_skill
23203,MSC,invalid_short_skill
23210,MSI,invalid_short_skill
23214,MSL,invalid_short_skill
23215,MSM,invalid_short_skill
23221,MSP,invalid_short_skill
23222,MSS,invalid_short_skill
23227,MSW,invalid_short_skill
23231,MT,invalid_short_skill
23233,MTI,invalid_short_skill
23235,MTO,invalid_short_skill
23236,MTS,invalid_short_skill
23244,MUST BE AWARE OF ICSE AND CBSE SYLLABUS,sentence_or_description
23245,MV,invalid_short_skill
23247,MVC,invalid_short_skill
23252,MVC architecture,duplicate_normalized_skill
23253,MVC framework,duplicate_normalized_skill
23255,MVP,invalid_short_skill
23256,MVS,invalid_short_skill
23258,MVV,invalid_short_skill
23260,MW,invalid_short_skill
23263,MWP,invalid_short_skill
23264,MWS,invalid_short_skill
23265,MX,invalid_short_skill
23307,Machine Shop,duplicate_normalized_skill
23313,Machine building,duplicate_normalized_skill
23314,Machine design,duplicate_normalized_skill
23317,Machine maintenance,duplicate_normalized_skill
23318,Machine operating,duplicate_normalized_skill
23322,Machine shop,duplicate_normalized_skill
23323,Machine tools,duplicate_normalized_skill
23331,Machinery maintenance,duplicate_normalized_skill
23338,Machining process,duplicate_normalized_skill
23381,Mainframe Developer,duplicate_normalized_skill
23394,Mainframe developer,duplicate_normalized_skill
23397,Mainly responsible for In-process and wet analysis,experience_or_description_phrase
23398,Maintain,generic
23399,Maintain & Update financial records including ledgers journals and balance sheets,sentence_or_description
23403,Maintain certifications and compliance with relevant standards such as ISO 9001 ISO 14001 etc,sentence_or_description
23404,Maintain documentation per ISO 13485 and FDA 21 CFR Part 820,sentence_or_description
23405,Maintain records of client interactions and ensure timely follow-ups,sentence_or_description
23412,Maintenance,duplicate_normalized_skill
23432,Maintenance engineering,duplicate_normalized_skill
23434,Maintenance management,duplicate_normalized_skill
23437,Maintenance operations,duplicate_normalized_skill
23445,Make,generic
23461,Mall leasing,duplicate_normalized_skill
23464,Mam,invalid_short_skill
23474,Manage budgets and cost control for tool room,sentence_or_description
23491,Managed services,duplicate_normalized_skill
23492,Management,generic
23513,Management accounting,duplicate_normalized_skill
23514,Management audit,duplicate_normalized_skill
23515,Management consulting,duplicate_normalized_skill
23516,Management reporting,duplicate_normalized_skill
23518,Management skills,duplicate_normalized_skill
23521,Manager,generic
23575,Managment,duplicate_normalized_skill
23582,Mango Db,duplicate_normalized_skill
23613,Manpower handling,duplicate_normalized_skill
23614,Manpower management,duplicate_normalized_skill
23627,Manual Therapy,duplicate_normalized_skill
23630,Manual and Automation Testing,duplicate_normalized_skill
23632,Manual test execution,duplicate_normalized_skill
23634,Manual testing,duplicate_normalized_skill
23671,Manufacturing engineer,duplicate_normalized_skill
23672,Manufacturing engineering,duplicate_normalized_skill
23673,Manufacturing operations,duplicate_normalized_skill
23674,Manufacturing process,duplicate_normalized_skill
23675,Manufacturing quality,duplicate_normalized_skill
23676,Manufacturing technology,duplicate_normalized_skill
23679,Map,invalid_short_skill
23686,Mapreduce,duplicate_normalized_skill
23701,Mariadb,duplicate_normalized_skill
23711,Marine insurance,duplicate_normalized_skill
23744,Market Research,duplicate_normalized_skill
23760,Market analysis,duplicate_normalized_skill
23763,Market assessment,duplicate_normalized_skill
23764,Market development,duplicate_normalized_skill
23765,Market intelligence,duplicate_normalized_skill
23766,Market mapping,duplicate_normalized_skill
23768,Market penetration,duplicate_normalized_skill
23769,Market planning,duplicate_normalized_skill
23770,Market research,duplicate_normalized_skill
23772,Market risk,duplicate_normalized_skill
23773,Market risk management,duplicate_normalized_skill
23779,Marketing,generic
23783,Marketing & Sales of Mechanical Seals and Rotary Unions,sentence_or_description
23837,Marketing analytics,duplicate_normalized_skill
23839,Marketing and Sales in the Effluent Treatment Plants and related services,sentence_or_description
23840,Marketing budget,duplicate_normalized_skill
23841,Marketing campaigns,duplicate_normalized_skill
23842,Marketing collaterals,duplicate_normalized_skill
23843,Marketing communication,duplicate_normalized_skill
23847,Marketing head,duplicate_normalized_skill
23849,Marketing initiatives,duplicate_normalized_skill
23850,Marketing management,duplicate_normalized_skill
23851,Marketing manager,duplicate_normalized_skill
23852,Marketing operations,duplicate_normalized_skill
23853,Marketing planning,duplicate_normalized_skill
23855,Marketing professional,duplicate_normalized_skill
23856,Marketing programs,duplicate_normalized_skill
23858,Marketing promotions,duplicate_normalized_skill
23859,Marketing research,duplicate_normalized_skill
23860,Marketing strategy,duplicate_normalized_skill
23861,Marketing support,duplicate_normalized_skill
23888,Mass communication,duplicate_normalized_skill
23889,Mass mailing,duplicate_normalized_skill
23894,Master Batch Records,education_or_qualification
23895,Master CAM,education_or_qualification
23896,Master Clocks,education_or_qualification
23897,Master Data,education_or_qualification
23898,Master Data Governance,education_or_qualification
23899,Master Data Integration,education_or_qualification
23900,Master Data Management,education_or_qualification
23901,Master Pages,education_or_qualification
23902,Master Scheduling,education_or_qualification
23903,Master Section,education_or_qualification
23904,Master Sections,education_or_qualification
23905,Master Trainer,education_or_qualification
23906,Master black belt,education_or_qualification
23907,Master data,duplicate_normalized_skill
23908,Master data governance,duplicate_normalized_skill
23909,Master data hub,education_or_qualification
23910,Master data management,duplicate_normalized_skill
23911,Master degree in Geophysics,education_or_qualification
23912,Master scheduling,duplicate_normalized_skill
23938,Material Inspection Quality Audit & training QMS Implementation at site,sentence_or_description
23945,Material Master Data,education_or_qualification
23968,Material control,duplicate_normalized_skill
23970,Material handling,duplicate_normalized_skill
23972,Material handling equipments,duplicate_normalized_skill
23973,Material inspection,duplicate_normalized_skill
23974,Material ledger,duplicate_normalized_skill
23975,Material management,duplicate_normalized_skill
23976,Material master,education_or_qualification
23977,Material planning,duplicate_normalized_skill
23980,Material procurement,duplicate_normalized_skill
23982,Material requirement,duplicate_normalized_skill
23983,Material science,duplicate_normalized_skill
23985,Material selection,duplicate_normalized_skill
23986,Material testing,duplicate_normalized_skill
24008,Mathematics faculty,duplicate_normalized_skill
24009,Mathematics teacher,duplicate_normalized_skill
24011,Maths,duplicate_normalized_skill
24016,Matillion,duplicate_normalized_skill
24018,Matlab,duplicate_normalized_skill
24037,Mba,duplicate_normalized_skill
24038,Mba Fresher,duplicate_normalized_skill
24039,Mba HR,duplicate_normalized_skill
24042,Mbbs,duplicate_normalized_skill
24043,Mbd,duplicate_normalized_skill
24044,Mbist,duplicate_normalized_skill
24045,Mbr,duplicate_normalized_skill
24050,Mch,duplicate_normalized_skill
24052,Mch Surgical Oncology,duplicate_normalized_skill
24054,Mch urology,duplicate_normalized_skill
24055,Md Anaesthesia,duplicate_normalized_skill
24056,Md Medicine,duplicate_normalized_skill
24057,Md Pathology,duplicate_normalized_skill
24060,Mdf,duplicate_normalized_skill
24061,Mdg,duplicate_normalized_skill
24065,Mean,duplicate_normalized_skill
24091,Mechanical Engineer,duplicate_normalized_skill
24129,Mechanical design,duplicate_normalized_skill
24133,Mechanical electrical plumbing,duplicate_normalized_skill
24134,Mechanical engineering,duplicate_normalized_skill
24135,Mechanical maintenance,duplicate_normalized_skill
24136,Mechanical skills,duplicate_normalized_skill
24138,Mechanical testing,duplicate_normalized_skill
24168,Media management,duplicate_normalized_skill
24169,Media marketing,duplicate_normalized_skill
24170,Media planning,duplicate_normalized_skill
24171,Media relations,duplicate_normalized_skill
24173,Media sales,duplicate_normalized_skill
24174,Media strategy,duplicate_normalized_skill
24184,Medical Business operation,duplicate_normalized_skill
24226,Medical Officer,duplicate_normalized_skill
24236,Medical Representative,duplicate_normalized_skill
24244,Medical Superintendent,duplicate_normalized_skill
24253,Medical affairs,duplicate_normalized_skill
24255,Medical billing,duplicate_normalized_skill
24256,Medical coder,duplicate_normalized_skill
24257,Medical coding,duplicate_normalized_skill
24258,Medical college,duplicate_normalized_skill
24260,Medical device,duplicate_normalized_skill
24261,Medical devices,duplicate_normalized_skill
24262,Medical equipment,duplicate_normalized_skill
24264,Medical imaging,duplicate_normalized_skill
24265,Medical insurance,duplicate_normalized_skill
24266,Medical officer,duplicate_normalized_skill
24267,Medical representative,duplicate_normalized_skill
24268,Medical sales,duplicate_normalized_skill
24271,Medical services,duplicate_normalized_skill
24272,Medical transcription,duplicate_normalized_skill
24273,Medical writing,duplicate_normalized_skill
24282,Medicinal chemistry,duplicate_normalized_skill
24291,Mee,duplicate_normalized_skill
24301,Meeting coordination,duplicate_normalized_skill
24304,Mel,duplicate_normalized_skill
24307,Mem,duplicate_normalized_skill
24344,Mep Design,duplicate_normalized_skill
24347,Mep Engineer,duplicate_normalized_skill
24348,Mep Execution,duplicate_normalized_skill
24352,Mep Services,duplicate_normalized_skill
24367,Merchandising strategies,duplicate_normalized_skill
24377,Merchant acquiring,duplicate_normalized_skill
24378,Merchant onboarding,duplicate_normalized_skill
24386,Mergers and acquisitions,duplicate_normalized_skill
24387,Mern,duplicate_normalized_skill
24389,Mern Stack,duplicate_normalized_skill
24390,Mes Development,duplicate_normalized_skill
24414,Meta ads,duplicate_normalized_skill
24418,Metadata,duplicate_normalized_skill
24439,Metallurgical testing,duplicate_normalized_skill
24450,Method development,duplicate_normalized_skill
24451,Method validation,duplicate_normalized_skill
24461,Metro rail,duplicate_normalized_skill
24466,Mfi,duplicate_normalized_skill
24467,Mft,duplicate_normalized_skill
24468,Mgr,invalid_short_skill
24471,Mhe,invalid_short_skill
24493,Micro services,duplicate_normalized_skill
24497,Micro-frontend,duplicate_normalized_skill
24508,Microbiological analysis,duplicate_normalized_skill
24510,Microbiology,duplicate_normalized_skill
24536,Microservices,duplicate_normalized_skill
24537,Microservices Architecture,duplicate_normalized_skill
24541,Microservices architecture,duplicate_normalized_skill
24584,Microsoft Excel with VBA application and MS - SQL DB integration,sentence_or_description
24591,Microsoft Navision ERP is preferred,experience_or_description_phrase
24600,Microsoft Office suite and Advance Excel for data analysis and reporting,sentence_or_description
24631,Microsoft applications,duplicate_normalized_skill
24634,Microsoft outlook,duplicate_normalized_skill
24636,Microsoft technologies,duplicate_normalized_skill
24639,Microstrategy,duplicate_normalized_skill
24642,Micu,duplicate_normalized_skill
24649,Mid Server,duplicate_normalized_skill
24671,Midjourney,duplicate_normalized_skill
24681,Migrations from VMware to GCVE and GCE using HCX and M2VM,sentence_or_description
24683,Mil,invalid_short_skill
24696,Milling machine,duplicate_normalized_skill
24699,Mim,invalid_short_skill
24701,Min 1 yr experience in accounts,experience_or_description_phrase
24702,Min 1 yr experience in ice cream plant and for cv whatsapp 9216321822,experience_or_description_phrase
24703,Min 1 yr experience in real estate and willing to relicate to chandigarh,experience_or_description_phrase
24704,Min 1-2 years in UK Year end process Current domain in UK accounting industry,experience_or_description_phrase
24705,Min 2 yrs experience heavy steel fabrication industry in quality department,experience_or_description_phrase
24706,Min 3 yrs experience in Foundry plant in plant mechanical maintenance,experience_or_description_phrase
24707,Min 3 yrs experience in fmcg or food processing industry as a instrumentation engineer,experience_or_description_phrase
24708,Min 5 yrs experience in Must have experience manufacturing industry in Brown & green field project as a civil engineer projects,experience_or_description_phrase
24709,Min 6 yrs experience in commercial and RM PM and FG planning,experience_or_description_phrase
24710,Min 6 yrs experience in material planning dispatch planning commercial and finance and material audit,experience_or_description_phrase
24711,Min 7 yrs experience in construction highrise and township in mep billing electrical work and PHE,experience_or_description_phrase
24712,Min 7 yrs experience in heavy steel fabrication industry in peoduction and willing to relocate to Rajpura Punjab,experience_or_description_phrase
24725,Minimum 2-3 years of experience in NICU and Gynae preferred,experience_or_description_phrase
24726,Minimum 4-5 yrs,experience_or_description_phrase
24732,Mining engineering,duplicate_normalized_skill
24733,Mining operations,duplicate_normalized_skill
24744,Mis Analysis,duplicate_normalized_skill
24747,Mis Executive,duplicate_normalized_skill
24748,Mis Report Preparation,duplicate_normalized_skill
24749,Mis reports,duplicate_normalized_skill
24750,Misra,duplicate_normalized_skill
24755,Mitre Att&Ck,duplicate_normalized_skill
24756,Mitre Attack,duplicate_normalized_skill
24765,Mixed signal design,duplicate_normalized_skill
24774,Ml Algorithms,duplicate_normalized_skill
24777,MlOps,duplicate_normalized_skill
24778,Mlops,duplicate_normalized_skill
24779,Mls,invalid_short_skill
24781,Mm module,duplicate_normalized_skill
24785,MoU,invalid_short_skill
24797,Mobile App architecture,duplicate_normalized_skill
24830,Mobile accessories,duplicate_normalized_skill
24832,Mobile application development,duplicate_normalized_skill
24833,Mobile application testing,duplicate_normalized_skill
24834,Mobile applications,duplicate_normalized_skill
24836,Mobile development,duplicate_normalized_skill
24837,Mobile marketing,duplicate_normalized_skill
24838,Mobile phones,duplicate_normalized_skill
24840,Mobile testing,duplicate_normalized_skill
24848,Moc,duplicate_normalized_skill
24857,Modbus,duplicate_normalized_skill
24876,Model driven,duplicate_normalized_skill
24895,Modern trade,duplicate_normalized_skill
24907,Modular kitchen,duplicate_normalized_skill
24912,Moef,duplicate_normalized_skill
24913,Moengage,duplicate_normalized_skill
24928,Molecular biology,duplicate_normalized_skill
24929,Molecular biology techniques,duplicate_normalized_skill
24936,Money laundering,duplicate_normalized_skill
24937,Money market,duplicate_normalized_skill
24955,Monitor Performance against KRAs at the individual team and department level,sentence_or_description
24981,Monitoring the daily weekly and monthly reports for MIS,sentence_or_description
24982,Monitoring tools,duplicate_normalized_skill
24994,Month end closing,duplicate_normalized_skill
25005,Monthly reports,duplicate_normalized_skill
25011,Moq,invalid_short_skill
25039,Motion graphics,duplicate_normalized_skill
25040,Motion study,duplicate_normalized_skill
25055,Motor insurance,duplicate_normalized_skill
25057,Motor insurance sales,duplicate_normalized_skill
25067,Mould design,duplicate_normalized_skill
25080,Moz,invalid_short_skill
25081,Mpcb,duplicate_normalized_skill
25083,Mq Series,duplicate_normalized_skill
25084,Mqtt,duplicate_normalized_skill
25085,Mr,duplicate_normalized_skill
25099,Ms Sql Development,duplicate_normalized_skill
25100,Ms Sql Serve,duplicate_normalized_skill
25106,Ms-Office,duplicate_normalized_skill
25111,Msme Lending,duplicate_normalized_skill
25120,Mule Esb,duplicate_normalized_skill
25124,Mulesoft,duplicate_normalized_skill
25133,Mulesoft developer,duplicate_normalized_skill
25217,Must have worked on UK Year end process,experience_or_description_phrase
25226,Mutual fund,duplicate_normalized_skill
25228,Mutual funds,duplicate_normalized_skill
25231,Mv,duplicate_normalized_skill
25233,Mvc,duplicate_normalized_skill
25235,Mvi,invalid_short_skill
25242,MySQL database administration,duplicate_normalized_skill
25247,Myp,invalid_short_skill
25250,Mysql Database,duplicate_normalized_skill
25253,N1,invalid_short_skill
25255,N2,invalid_short_skill
25256,N3,invalid_short_skill
25257,N6,invalid_short_skill
25266,NAAC accreditation,duplicate_normalized_skill
25273,NAC,invalid_short_skill
25278,NAS,invalid_short_skill
25284,NAT,invalid_short_skill
25289,NAV,invalid_short_skill
25291,NBA,invalid_short_skill
25292,NBC,invalid_short_skill
25297,NBFC hiring,duplicate_normalized_skill
25302,NCC,invalid_short_skill
25313,NDA,invalid_short_skill
25314,NDE,invalid_short_skill
25317,NDT,invalid_short_skill
25324,NDT level,duplicate_normalized_skill
25327,NEC,invalid_short_skill
25335,NEO,invalid_short_skill
25337,NEP 2020,numeric_or_code_noise
25338,NEP2020,numeric_or_code_noise
25341,NET,invalid_short_skill
25346,NET Core,duplicate_normalized_skill
25360,NET core,duplicate_normalized_skill
25364,NET framework,duplicate_normalized_skill
25372,NFC,invalid_short_skill
25376,NFP,invalid_short_skill
25379,NFS,invalid_short_skill
25381,NGO,invalid_short_skill
25389,NHT,invalid_short_skill
25393,NI Labview,duplicate_normalized_skill
25396,NICE Cxone,duplicate_normalized_skill
25398,NICE inContact,duplicate_normalized_skill
25403,NID,invalid_short_skill
25407,NIM,invalid_short_skill
25410,NIS,invalid_short_skill
25419,NISM certified,duplicate_normalized_skill
25423,NLD,invalid_short_skill
25427,NMR,invalid_short_skill
25428,NMS,invalid_short_skill
25435,NOC,invalid_short_skill
25439,NOC engineer,duplicate_normalized_skill
25446,NPA,invalid_short_skill
25447,NPC,invalid_short_skill
25448,NPD,invalid_short_skill
25452,NPI,invalid_short_skill
25453,NPM,invalid_short_skill
25455,NPS,invalid_short_skill
25457,NPV,invalid_short_skill
25458,NR,invalid_short_skill
25461,NRI,invalid_short_skill
25466,NRM,invalid_short_skill
25470,NSE,invalid_short_skill
25474,NSM,invalid_short_skill
25476,NSP,invalid_short_skill
25478,NSS,invalid_short_skill
25479,NSX,invalid_short_skill
25483,NTM,invalid_short_skill
25485,NTT,invalid_short_skill
25490,NVH,invalid_short_skill
25497,NW,invalid_short_skill
25500,NX,invalid_short_skill
25504,NaH,invalid_short_skill
25528,National sales,duplicate_normalized_skill
25552,Navi mumbai,duplicate_normalized_skill
25562,Nc Programming,duplicate_normalized_skill
25563,Ncino,duplicate_normalized_skill
25564,Nclt,duplicate_normalized_skill
25565,Ncr,invalid_short_skill
25566,Ndc,invalid_short_skill
25567,Nds,invalid_short_skill
25568,Ne,invalid_short_skill
25570,Nebosh,duplicate_normalized_skill
25574,Need analysis,duplicate_normalized_skill
25580,Negotiation,duplicate_normalized_skill
25590,Negotiation & Presentation Skills Ability to Generate Leads,experience_or_description_phrase
25591,Negotiation & closing Skills,duplicate_normalized_skill
25593,Negotiation & communication skills,duplicate_normalized_skill
25596,Negotiation & persuasion Documentation support Liaison with government offices Networking & relationship management Problem-solving attitude,sentence_or_description
25599,Negotiation Skills,duplicate_normalized_skill
25601,Negotiation skills,duplicate_normalized_skill
25603,Negotiations of Medical & Surgical Consumables and Implants for Central level,sentence_or_description
25609,Neoload,duplicate_normalized_skill
25612,Neonatologist,duplicate_normalized_skill
25625,Nestjs,duplicate_normalized_skill
25626,Net,duplicate_normalized_skill
25628,Net 6+,duplicate_normalized_skill
25636,Net Core,duplicate_normalized_skill
25639,Net Core Framework,duplicate_normalized_skill
25640,Net Developer,duplicate_normalized_skill
25641,Net Development,duplicate_normalized_skill
25644,Net Framework,duplicate_normalized_skill
25649,Net Mvc,duplicate_normalized_skill
25653,Net asset value,duplicate_normalized_skill
25654,Net core,duplicate_normalized_skill
25655,Net developer,duplicate_normalized_skill
25656,Net framework,duplicate_normalized_skill
25657,Net frameworks,duplicate_normalized_skill
25671,Netapp,duplicate_normalized_skill
25674,Netcool,duplicate_normalized_skill
25676,Netcore,duplicate_normalized_skill
25687,Netsuite,duplicate_normalized_skill
25689,Netsuite Erp,duplicate_normalized_skill
25694,Network,duplicate_normalized_skill
25750,Network administration,duplicate_normalized_skill
25751,Network analysis,duplicate_normalized_skill
25753,Network configuration,duplicate_normalized_skill
25754,Network design,duplicate_normalized_skill
25756,Network engineering,duplicate_normalized_skill
25757,Network expansion,duplicate_normalized_skill
25758,Network infrastructure,duplicate_normalized_skill
25759,Network infrastructure management,duplicate_normalized_skill
25760,Network installation,duplicate_normalized_skill
25761,Network management,duplicate_normalized_skill
25762,Network monitoring,duplicate_normalized_skill
25763,Network operations,duplicate_normalized_skill
25766,Network programming,duplicate_normalized_skill
25768,Network sales,duplicate_normalized_skill
25769,Network security,duplicate_normalized_skill
25771,Network support,duplicate_normalized_skill
25772,Network testing,duplicate_normalized_skill
25773,Network troubleshooting,duplicate_normalized_skill
25787,Networking protocols,duplicate_normalized_skill
25788,Networking skills,duplicate_normalized_skill
25789,Networking with TOP Channel Partners including IMF & APC / CDA Partners,sentence_or_description
25791,Neural networks,duplicate_normalized_skill
25796,Neuro surgeon,duplicate_normalized_skill
25849,New business,duplicate_normalized_skill
25850,New business development,duplicate_normalized_skill
25851,New client acquisition,duplicate_normalized_skill
25856,New market development,duplicate_normalized_skill
25859,New product,duplicate_normalized_skill
25860,New product development,duplicate_normalized_skill
25863,New project implementation,duplicate_normalized_skill
25864,New projects,duplicate_normalized_skill
25878,News editing,duplicate_normalized_skill
25884,NextJS,duplicate_normalized_skill
25887,Nextjs,duplicate_normalized_skill
25893,Nft,invalid_short_skill
25894,NgRx,duplicate_normalized_skill
25897,Ngrx,duplicate_normalized_skill
25898,Ngs,invalid_short_skill
25901,Nht,duplicate_normalized_skill
25902,Ni,invalid_short_skill
25911,Night Shift,duplicate_normalized_skill
25914,Night shift,duplicate_normalized_skill
25920,Nism Viii,duplicate_normalized_skill
25922,Nist,duplicate_normalized_skill
25923,Nist Csf,duplicate_normalized_skill
25928,Nmap,duplicate_normalized_skill
25929,Nnmi,duplicate_normalized_skill
25931,No Post Graduate,education_or_qualification
25932,No SQL,duplicate_normalized_skill
25933,No Sql,duplicate_normalized_skill
25935,NoSQL,duplicate_normalized_skill
25945,Node Js,duplicate_normalized_skill
25947,Node js,duplicate_normalized_skill
25958,Non,invalid_short_skill
25968,Non IT,duplicate_normalized_skill
25971,Non IT recruitment,duplicate_normalized_skill
25986,Non Voice Process,duplicate_normalized_skill
25987,Non Voice process,duplicate_normalized_skill
25989,Non ferrous,duplicate_normalized_skill
25990,Non litigation,duplicate_normalized_skill
25991,Non voice,duplicate_normalized_skill
25992,Non voice process,duplicate_normalized_skill
26001,Non-IT recruiter,duplicate_normalized_skill
26022,Nosql Databases,duplicate_normalized_skill
26034,Npa,duplicate_normalized_skill
26042,Npm,duplicate_normalized_skill
26045,Nri Sales,duplicate_normalized_skill
26048,Nsgs,duplicate_normalized_skill
26057,Nuget,duplicate_normalized_skill
26062,Nurse,duplicate_normalized_skill
26082,Nutanix,duplicate_normalized_skill
26094,Nvm,invalid_short_skill
26095,Nvme,duplicate_normalized_skill
26100,O,invalid_short_skill
26102,O2C,invalid_short_skill
26106,O2C collections,duplicate_normalized_skill
26114,O365 admin,duplicate_normalized_skill
26118,O9,invalid_short_skill
26121,OAB,invalid_short_skill
26122,OAC,invalid_short_skill
26123,OAF,invalid_short_skill
26124,OAM,invalid_short_skill
26129,OBD,invalid_short_skill
26132,OBE,invalid_short_skill
26133,OBG,invalid_short_skill
26138,OBR,invalid_short_skill
26141,OCC,invalid_short_skill
26143,OCI,invalid_short_skill
26147,OCM,invalid_short_skill
26149,OCP,invalid_short_skill
26151,OCR,invalid_short_skill
26152,OCS,invalid_short_skill
26153,OCT,invalid_short_skill
26154,OCV,invalid_short_skill
26155,OD,invalid_short_skill
26160,ODA,invalid_short_skill
26163,ODI,invalid_short_skill
26166,ODS,invalid_short_skill
26167,OData,duplicate_normalized_skill
26172,OE sales,duplicate_normalized_skill
26173,OEE,invalid_short_skill
26175,OEM,invalid_short_skill
26193,OEM sales,duplicate_normalized_skill
26197,OFC,invalid_short_skill
26202,OG,invalid_short_skill
26203,OGA,invalid_short_skill
26209,OIC,invalid_short_skill
26214,OIL,invalid_short_skill
26215,OIM,invalid_short_skill
26216,OJT,invalid_short_skill
26217,OKV,invalid_short_skill
26221,OLP,invalid_short_skill
26224,OM,invalid_short_skill
26226,OMS,invalid_short_skill
26229,ONB,invalid_short_skill
26237,OOA,invalid_short_skill
26239,OOD,invalid_short_skill
26241,OOP,invalid_short_skill
26244,OOPs,duplicate_normalized_skill
26245,OOS,invalid_short_skill
26246,OOT,invalid_short_skill
26248,OPA,invalid_short_skill
26249,OPC,invalid_short_skill
26250,OPD,invalid_short_skill
26254,OPERATION,generic
26257,OPL,invalid_short_skill
26259,OPT,invalid_short_skill
26260,OQ,invalid_short_skill
26261,OQC,invalid_short_skill
26268,ORC,invalid_short_skill
26272,ORM,invalid_short_skill
26279,OS,invalid_short_skill
26282,OS installation,duplicate_normalized_skill
26283,OSB,invalid_short_skill
26285,OSD,invalid_short_skill
26289,OSI,invalid_short_skill
26291,OSI model,duplicate_normalized_skill
26292,OSM,invalid_short_skill
26294,OSP,invalid_short_skill
26299,OT,invalid_short_skill
26313,OTA,invalid_short_skill
26316,OTB,invalid_short_skill
26318,OTC,invalid_short_skill
26323,OTC derivatives,duplicate_normalized_skill
26324,OTD,invalid_short_skill
26327,OTL,invalid_short_skill
26329,OTM,invalid_short_skill
26330,OTN,invalid_short_skill
26333,OTT,invalid_short_skill
26337,OVM,invalid_short_skill
26341,Oac,duplicate_normalized_skill
26342,Oak,invalid_short_skill
26344,Oauth,duplicate_normalized_skill
26346,Obd,duplicate_normalized_skill
26347,Obg,duplicate_normalized_skill
26356,Object oriented design,duplicate_normalized_skill
26357,Object oriented programming,duplicate_normalized_skill
26371,Obstetrics and Gynaecology,duplicate_normalized_skill
26372,Occ,duplicate_normalized_skill
26379,Occupational health,duplicate_normalized_skill
26380,Occupational therapy,duplicate_normalized_skill
26383,Ocean export,duplicate_normalized_skill
26384,Ocean freight,duplicate_normalized_skill
26385,Oci Admin,duplicate_normalized_skill
26388,Odata,duplicate_normalized_skill
26389,Odata Services,duplicate_normalized_skill
26390,Ode,invalid_short_skill
26393,Odm,invalid_short_skill
26403,Odoo implementation,duplicate_normalized_skill
26404,Oe Sales,duplicate_normalized_skill
26407,Oem Management,duplicate_normalized_skill
26408,Oems,duplicate_normalized_skill
26409,Oet,invalid_short_skill
26415,Off Page Seo,duplicate_normalized_skill
26418,Off-page Optimization,duplicate_normalized_skill
26423,Office,generic
26444,Office Interior,duplicate_normalized_skill
26449,Office Management Scheduling & Coordination Record Keeping & Documentation Communication & Interpersonal Skills MS Office & Administrative Tools Vendor & Client Coordination,sentence_or_description
26458,Office administration,duplicate_normalized_skill
26459,Office assistance,duplicate_normalized_skill
26460,Office associate,duplicate_normalized_skill
26461,Office automation,duplicate_normalized_skill
26462,Office coordination,duplicate_normalized_skill
26463,Office equipment,duplicate_normalized_skill
26464,Office management,duplicate_normalized_skill
26472,Officer,generic
26489,Ohe,invalid_short_skill
26490,Ohs,invalid_short_skill
26491,Oic,duplicate_normalized_skill
26492,Oil,duplicate_normalized_skill
26498,Oil & Gas projects,duplicate_normalized_skill
26506,Oil and gas,duplicate_normalized_skill
26520,Omi,invalid_short_skill
26524,Omni studio,duplicate_normalized_skill
26533,Omniscript,duplicate_normalized_skill
26534,Omnistudio,duplicate_normalized_skill
26559,On-page Optimization,duplicate_normalized_skill
26561,On-page optimization,duplicate_normalized_skill
26564,Onboarding,duplicate_normalized_skill
26578,Oncology Sales,duplicate_normalized_skill
26590,Onedrive,duplicate_normalized_skill
26591,Onesource,duplicate_normalized_skill
26629,Online advertising,duplicate_normalized_skill
26630,Online degree programs,education_or_qualification
26631,Online marketing,duplicate_normalized_skill
26634,Online research,duplicate_normalized_skill
26635,Online sales,duplicate_normalized_skill
26636,Online teaching,duplicate_normalized_skill
26637,Online trading,duplicate_normalized_skill
26638,Online training,duplicate_normalized_skill
26641,Onnx,duplicate_normalized_skill
26649,Onsite support,duplicate_normalized_skill
26653,Ooh,invalid_short_skill
26655,Oops,duplicate_normalized_skill
26658,Opa,duplicate_normalized_skill
26686,Open source,duplicate_normalized_skill
26706,Openai,duplicate_normalized_skill
26708,Opencl,duplicate_normalized_skill
26709,Opencv,duplicate_normalized_skill
26720,Openshift,duplicate_normalized_skill
26727,Opentext Vim,duplicate_normalized_skill
26738,Operating systems,duplicate_normalized_skill
26739,Operation,duplicate_normalized_skill
26753,Operation theatre,duplicate_normalized_skill
26770,Operational excellence,duplicate_normalized_skill
26774,Operational risk,duplicate_normalized_skill
26775,Operations,generic
26803,Operations management,duplicate_normalized_skill
26804,Operations manager,duplicate_normalized_skill
26805,Operations planning,duplicate_normalized_skill
26807,Operations research,duplicate_normalized_skill
26808,Operations team handling,duplicate_normalized_skill
26810,Opex,duplicate_normalized_skill
26815,Opl,duplicate_normalized_skill
26818,Ops,invalid_short_skill
26822,Opt,duplicate_normalized_skill
26859,Oracle,duplicate_normalized_skill
26861,Oracle 11g,duplicate_normalized_skill
26874,Oracle Apex,duplicate_normalized_skill
26881,Oracle Apps Dba,duplicate_normalized_skill
26921,Oracle Cpq,duplicate_normalized_skill
26943,Oracle E-business Suite,duplicate_normalized_skill
26952,Oracle Ebs Technical,duplicate_normalized_skill
26957,Oracle Epm,duplicate_normalized_skill
26991,Oracle Fusion Hcm,duplicate_normalized_skill
26997,Oracle Fusion Scm,duplicate_normalized_skill
27000,Oracle Fusion cloud,duplicate_normalized_skill
27015,Oracle Hcm,duplicate_normalized_skill
27016,Oracle Hcm Cloud,duplicate_normalized_skill
27036,Oracle Master Data maangement,education_or_qualification
27044,Oracle Osm,duplicate_normalized_skill
27049,Oracle PLSQL,duplicate_normalized_skill
27052,Oracle Paas,duplicate_normalized_skill
27084,Oracle Saas,duplicate_normalized_skill
27087,Oracle Scm,duplicate_normalized_skill
27118,Oracle apps technical,duplicate_normalized_skill
27119,Oracle cloud,duplicate_normalized_skill
27120,Oracle core HR,duplicate_normalized_skill
27121,Oracle database,duplicate_normalized_skill
27122,Oracle e-business suite,duplicate_normalized_skill
27125,Oracle field service cloud,duplicate_normalized_skill
27126,Oracle financials,duplicate_normalized_skill
27127,Oracle forms,duplicate_normalized_skill
27128,Oracle fusion,duplicate_normalized_skill
27130,Oracle fusion cloud,duplicate_normalized_skill
27133,Oracle implementation,duplicate_normalized_skill
27135,Oracle payroll,duplicate_normalized_skill
27139,Oracle solutions,duplicate_normalized_skill
27152,Orc,duplicate_normalized_skill
27153,Orca,duplicate_normalized_skill
27174,Order fulfillment,duplicate_normalized_skill
27175,Order management,duplicate_normalized_skill
27176,Order processing,duplicate_normalized_skill
27177,Order to Cash,duplicate_normalized_skill
27179,Order to cash,duplicate_normalized_skill
27180,Order tracking,duplicate_normalized_skill
27189,Organic chemistry,duplicate_normalized_skill
27191,Organization,generic
27197,Organization design,duplicate_normalized_skill
27209,Organizational behavior,duplicate_normalized_skill
27210,Organizational development,duplicate_normalized_skill
27211,Organizational management,duplicate_normalized_skill
27222,Orm Tool,duplicate_normalized_skill
27230,Orthopedic Surgeon,duplicate_normalized_skill
27232,Orthopedician,duplicate_normalized_skill
27240,Oscp,duplicate_normalized_skill
27242,Osgi,duplicate_normalized_skill
27247,Ot Security,duplicate_normalized_skill
27248,Otb,duplicate_normalized_skill
27252,Otc Derivatives,duplicate_normalized_skill
27257,Ots,invalid_short_skill
27258,Ott,duplicate_normalized_skill
27271,Outbound calling,duplicate_normalized_skill
27272,Outbound calls,duplicate_normalized_skill
27274,Outbound process,duplicate_normalized_skill
27275,Outbound sales,duplicate_normalized_skill
27325,Owasp Zap,duplicate_normalized_skill
27332,P,invalid_short_skill
27337,P &Id,duplicate_normalized_skill
27341,P&C insurance,duplicate_normalized_skill
27352,P&L management,duplicate_normalized_skill
27354,P2P,invalid_short_skill
27358,P2R,invalid_short_skill
27359,P4G,invalid_short_skill
27360,P6,invalid_short_skill
27361,PA,invalid_short_skill
27368,PAM,invalid_short_skill
27371,PAS,invalid_short_skill
27372,PASSED OUT CANDIDATE OF DIPLOMA / BSC OR ITI- Any trade. Working in Production dept of Tyre company,education_or_qualification
27373,PAT,invalid_short_skill
27379,PB,invalid_short_skill
27385,PBT,invalid_short_skill
27386,PC,invalid_short_skill
27390,PCA,invalid_short_skill
27394,PCB Assembly,duplicate_normalized_skill
27409,PCB designing,duplicate_normalized_skill
27412,PCC,invalid_short_skill
27414,PCD,invalid_short_skill
27418,PCD sales,duplicate_normalized_skill
27419,PCF,invalid_short_skill
27421,PCG,invalid_short_skill
27423,PCI,invalid_short_skill
27428,PCIe,duplicate_normalized_skill
27430,PCM,invalid_short_skill
27436,PCR,invalid_short_skill
27439,PCS,invalid_short_skill
27441,PD,invalid_short_skill
27442,PD1,invalid_short_skill
27443,PDC,invalid_short_skill
27446,PDD,invalid_short_skill
27447,PDF,invalid_short_skill
27450,PDH,invalid_short_skill
27451,PDI,invalid_short_skill
27456,PDM,invalid_short_skill
27458,PDN,invalid_short_skill
27460,PDS,invalid_short_skill
27461,PE,invalid_short_skill
27463,PEB,invalid_short_skill
27471,PED,invalid_short_skill
27480,PEGA Support,duplicate_normalized_skill
27488,PET,invalid_short_skill
27491,PF,invalid_short_skill
27494,PFC,invalid_short_skill
27495,PFD,invalid_short_skill
27499,PFS,invalid_short_skill
27500,PFT,invalid_short_skill
27502,PGD,invalid_short_skill
27507,PGT,invalid_short_skill
27510,PGT Biology,duplicate_normalized_skill
27525,PGW,invalid_short_skill
27526,PH,invalid_short_skill
27528,PHA,invalid_short_skill
27536,PHD,invalid_short_skill
27537,PHE,invalid_short_skill
27550,PHd micro,education_or_qualification
27551,PI,invalid_short_skill
27553,PIC,invalid_short_skill
27558,PID,invalid_short_skill
27559,PIDC23043401,numeric_or_code_noise
27560,PIDC23047601,numeric_or_code_noise
27561,PIL,invalid_short_skill
27562,PIM,invalid_short_skill
27570,PKC,invalid_short_skill
27571,PKI,invalid_short_skill
27574,PL,invalid_short_skill
27583,PLA,invalid_short_skill
27603,PLC Programmer,duplicate_normalized_skill
27604,PLC Programming,duplicate_normalized_skill
27607,PLC panel,duplicate_normalized_skill
27608,PLC programming,duplicate_normalized_skill
27613,PLCs,duplicate_normalized_skill
27615,PLM,invalid_short_skill
27620,PLM tools,duplicate_normalized_skill
27626,PM,invalid_short_skill
27627,PM Master Data,education_or_qualification
27631,PMC,invalid_short_skill
27637,PMI,invalid_short_skill
27639,PMO,invalid_short_skill
27644,PMP,invalid_short_skill
27648,PMP certification,duplicate_normalized_skill
27649,PMR,invalid_short_skill
27652,PMS,invalid_short_skill
27654,PMT,invalid_short_skill
27655,PMW,invalid_short_skill
27656,PNG,invalid_short_skill
27657,PNL,invalid_short_skill
27659,PNR,invalid_short_skill
27660,PO,invalid_short_skill
27664,PO processing,duplicate_normalized_skill
27669,POC,invalid_short_skill
27671,POI,invalid_short_skill
27674,POM,invalid_short_skill
27677,PON,invalid_short_skill
27679,POP,invalid_short_skill
27681,POS,invalid_short_skill
27691,PP,invalid_short_skill
27695,PP module,duplicate_normalized_skill
27699,PPA,invalid_short_skill
27704,PPC,invalid_short_skill
27717,PPC calls,duplicate_normalized_skill
27718,PPC campaigns,duplicate_normalized_skill
27720,PPC manager,duplicate_normalized_skill
27723,PPE,invalid_short_skill
27726,PPF,invalid_short_skill
27730,PPM,invalid_short_skill
27734,PPP,invalid_short_skill
27738,PPS,invalid_short_skill
27739,PPT,invalid_short_skill
27742,PQ,invalid_short_skill
27743,PQC,invalid_short_skill
27744,PQR,invalid_short_skill
27746,PR,invalid_short_skill
27756,PRE,invalid_short_skill
27767,PRO,invalid_short_skill
27775,PRODUCT,generic
27781,PROJECT,generic
27793,PRT,invalid_short_skill
27800,PRX,invalid_short_skill
27801,PS,invalid_short_skill
27803,PSA,invalid_short_skill
27806,PSD,invalid_short_skill
27808,PSE,invalid_short_skill
27810,PSG,invalid_short_skill
27811,PSM,invalid_short_skill
27813,PSO,invalid_short_skill
27814,PSP,invalid_short_skill
27816,PSS,invalid_short_skill
27819,PSU,invalid_short_skill
27822,PSV,invalid_short_skill
27824,PT,invalid_short_skill
27825,PTC,invalid_short_skill
27829,PTL,invalid_short_skill
27831,PTP,invalid_short_skill
27833,PTS,invalid_short_skill
27834,PTW,invalid_short_skill
27835,PU,invalid_short_skill
27838,PUC,invalid_short_skill
27841,PUP,invalid_short_skill
27846,PV,invalid_short_skill
27852,PVC,invalid_short_skill
27854,PVT,invalid_short_skill
27855,PWA,invalid_short_skill
27857,PWC,invalid_short_skill
27858,PWD,invalid_short_skill
27860,PXI,invalid_short_skill
27867,PaaS,duplicate_normalized_skill
27869,Paas,duplicate_normalized_skill
27871,Pac,invalid_short_skill
27892,Packaging development,duplicate_normalized_skill
27893,Packaging machines,duplicate_normalized_skill
27905,Packing material,duplicate_normalized_skill
27908,Paediatrician,duplicate_normalized_skill
27917,Pagerduty,duplicate_normalized_skill
27929,Paid marketing,duplicate_normalized_skill
27932,Pain management,duplicate_normalized_skill
27950,Paint shop,duplicate_normalized_skill
27965,Pam,duplicate_normalized_skill
27966,Pan,invalid_short_skill
27991,Panel design,duplicate_normalized_skill
27992,Panel designing,duplicate_normalized_skill
27997,Panel wiring,duplicate_normalized_skill
28008,Para legal,duplicate_normalized_skill
28044,Part design,duplicate_normalized_skill
28046,Part modeling,duplicate_normalized_skill
28047,Part time,duplicate_normalized_skill
28062,Partner management,duplicate_normalized_skill
28068,Partnership management,duplicate_normalized_skill
28095,Patch management,duplicate_normalized_skill
28104,Patent drafting,duplicate_normalized_skill
28107,Patent prosecution,duplicate_normalized_skill
28158,Patient calling,duplicate_normalized_skill
28159,Patient care,duplicate_normalized_skill
28160,Patient education,duplicate_normalized_skill
28169,Pattern making,duplicate_normalized_skill
28170,Pattern recognition,duplicate_normalized_skill
28175,Pax,invalid_short_skill
28176,Pay,invalid_short_skill
28179,Pay per click,duplicate_normalized_skill
28182,Payable management,duplicate_normalized_skill
28216,Payment collection,duplicate_normalized_skill
28217,Payment posting,duplicate_normalized_skill
28218,Payment processing,duplicate_normalized_skill
28219,Payment systems,duplicate_normalized_skill
28224,Payroll,duplicate_normalized_skill
28249,Payroll administration,duplicate_normalized_skill
28250,Payroll coordination,duplicate_normalized_skill
28253,Payroll management,duplicate_normalized_skill
28254,Payroll preparation,duplicate_normalized_skill
28255,Payroll processing,duplicate_normalized_skill
28256,Payroll software,duplicate_normalized_skill
28259,Pcb Assembly,duplicate_normalized_skill
28260,Pcb Layout,duplicate_normalized_skill
28268,Pcrf,duplicate_normalized_skill
28269,Pdc,duplicate_normalized_skill
28270,Pdd,duplicate_normalized_skill
28271,Pdl,invalid_short_skill
28272,Pdlc,duplicate_normalized_skill
28276,Peci,duplicate_normalized_skill
28285,Pediatrician,duplicate_normalized_skill
28292,Pega,duplicate_normalized_skill
28297,Pega Csa,duplicate_normalized_skill
28301,Pega Developer,duplicate_normalized_skill
28325,Penetration testing,duplicate_normalized_skill
28340,People development,duplicate_normalized_skill
28341,People management,duplicate_normalized_skill
28342,People management skills,duplicate_normalized_skill
28351,Peoplesoft,duplicate_normalized_skill
28354,Pep,invalid_short_skill
28360,Perform cleanup and categorization/coding of bank transactions for 150+ new clients monthly. Review,sentence_or_description
28361,Perform inspections and testing of incoming in-process and finished products,sentence_or_description
28362,Performance,generic
28404,Performance analysis,duplicate_normalized_skill
28406,Performance appraisal,duplicate_normalized_skill
28408,Performance engineering,duplicate_normalized_skill
28409,Performance improvement,duplicate_normalized_skill
28411,Performance management,duplicate_normalized_skill
28413,Performance marketing,duplicate_normalized_skill
28414,Performance monitoring,duplicate_normalized_skill
28415,Performance optimization,duplicate_normalized_skill
28417,Performance reporting,duplicate_normalized_skill
28418,Performance review,duplicate_normalized_skill
28419,Performance testing,duplicate_normalized_skill
28420,Performance tuning,duplicate_normalized_skill
28443,Permanent hiring,duplicate_normalized_skill
28477,Personal assistance,duplicate_normalized_skill
28478,Personal banker,duplicate_normalized_skill
28479,Personal banking,duplicate_normalized_skill
28480,Personal care,duplicate_normalized_skill
28481,Personal loan,duplicate_normalized_skill
28482,Personal loans,duplicate_normalized_skill
28483,Personal secretary,duplicate_normalized_skill
28484,Personal training,duplicate_normalized_skill
28487,Personality development,duplicate_normalized_skill
28501,Pet,duplicate_normalized_skill
28502,Pet Ct,duplicate_normalized_skill
28519,Petty cash,duplicate_normalized_skill
28520,Pex,invalid_short_skill
28522,Pfs,duplicate_normalized_skill
28524,Pgt Chemistry,duplicate_normalized_skill
28525,PhD,duplicate_normalized_skill
28526,PhD Students,education_or_qualification
28531,Pharm D,duplicate_normalized_skill
28535,Pharma,duplicate_normalized_skill
28560,Pharma marketing,duplicate_normalized_skill
28562,Pharma sales,duplicate_normalized_skill
28563,Pharma selling,duplicate_normalized_skill
28564,Pharmaceutical,duplicate_normalized_skill
28575,Pharmaceutical sales,duplicate_normalized_skill
28579,Pharmacist executive,duplicate_normalized_skill
28580,Pharmacists dispense prescription medications and provide information to patients about the drugs and their use. They also advise physicians and other healthcare workers on the selection,sentence_or_description
28586,Pharmacy,duplicate_normalized_skill
28595,Pharmacy operations,duplicate_normalized_skill
28598,Phd,duplicate_normalized_skill
28599,Phe,duplicate_normalized_skill
28600,Phi,invalid_short_skill
28608,Phone banking,duplicate_normalized_skill
28609,Phone etiquette,duplicate_normalized_skill
28619,Photo editing,duplicate_normalized_skill
28628,Php Development,duplicate_normalized_skill
28636,Phy,invalid_short_skill
28651,Physical design,duplicate_normalized_skill
28652,Physical education,duplicate_normalized_skill
28653,Physical security,duplicate_normalized_skill
28655,Physical verification,duplicate_normalized_skill
28657,Physician,duplicate_normalized_skill
28659,Physician Billing,duplicate_normalized_skill
28660,Physician billing,duplicate_normalized_skill
28665,Physics teacher,duplicate_normalized_skill
28685,Picof,duplicate_normalized_skill
28686,Picu,duplicate_normalized_skill
28698,Pim,duplicate_normalized_skill
28710,Ping Technologies ping federate ping access ping ID ping risk intelligence ping directory,sentence_or_description
28729,Pipeline management,duplicate_normalized_skill
28730,Pipeline pilot,duplicate_normalized_skill
28756,Piping design,duplicate_normalized_skill
28757,Piping engineering,duplicate_normalized_skill
28758,Piping layout,duplicate_normalized_skill
28760,Piping stress analysis,duplicate_normalized_skill
28766,Pitch books,duplicate_normalized_skill
28773,Pivot table,duplicate_normalized_skill
28779,Pl,duplicate_normalized_skill
28785,Placement coordination,duplicate_normalized_skill
28789,Plan,generic
28792,Plan and organize travel itineraries for clients. Book flights,sentence_or_description
28797,Planning & coordination,duplicate_normalized_skill
28815,Planning and organizing production / maintenance schedules. Designing the sequence of production/ maintenance operations,sentence_or_description
28819,Planning engineer,duplicate_normalized_skill
28820,Planning engineering,duplicate_normalized_skill
28822,Planning of daily travel schedule as per route plan o Collection of EMI from the customers,sentence_or_description
28841,Plant HR,duplicate_normalized_skill
28845,Plant Hr,duplicate_normalized_skill
28864,Plant accounting,duplicate_normalized_skill
28867,Plant commercial,duplicate_normalized_skill
28869,Plant design,duplicate_normalized_skill
28870,Plant engineering,duplicate_normalized_skill
28871,Plant head,duplicate_normalized_skill
28872,Plant layout,duplicate_normalized_skill
28873,Plant machinery,duplicate_normalized_skill
28874,Plant maintenance,duplicate_normalized_skill
28875,Plant management,duplicate_normalized_skill
28876,Plant operation,duplicate_normalized_skill
28878,Plant operations,duplicate_normalized_skill
28879,Plant pathology,duplicate_normalized_skill
28881,Plant quality,duplicate_normalized_skill
28907,Plastic design,duplicate_normalized_skill
28908,Plastic molding,duplicate_normalized_skill
28925,Platform expertise,duplicate_normalized_skill
28944,Plc Maintenance,duplicate_normalized_skill
28945,Plc Operator,duplicate_normalized_skill
28953,Pll,invalid_short_skill
28956,Plm Teamcenter,duplicate_normalized_skill
28957,Plm Tools,duplicate_normalized_skill
28961,Plsql,duplicate_normalized_skill
28963,Plsql Development,duplicate_normalized_skill
28982,Pmd,invalid_short_skill
28983,Pmgm,duplicate_normalized_skill
28995,Pnl Management,duplicate_normalized_skill
28996,Pnp,invalid_short_skill
28997,Po Creation,duplicate_normalized_skill
28999,Po Management,duplicate_normalized_skill
29001,PoS,duplicate_normalized_skill
29008,Poka Yoke,duplicate_normalized_skill
29036,Policy center,duplicate_normalized_skill
29037,Policy development,duplicate_normalized_skill
29039,Policy implementation,duplicate_normalized_skill
29046,Political science,duplicate_normalized_skill
29100,Portfolio analysis,duplicate_normalized_skill
29103,Portfolio management,duplicate_normalized_skill
29116,Positive attitude with a willingness to learn and grow,sentence_or_description
29119,Post,generic
29121,Post Graduate Mathematics Teacher,education_or_qualification
29122,Post Graduate Teacher,education_or_qualification
29132,Post graduate teacher,duplicate_normalized_skill
29133,Post merger integration,duplicate_normalized_skill
29134,Post production,duplicate_normalized_skill
29135,Post sales,duplicate_normalized_skill
29161,Postman,duplicate_normalized_skill
29177,Powder coating,duplicate_normalized_skill
29180,Power,generic
29202,Power Bi Dashboards,duplicate_normalized_skill
29251,Power Supply,duplicate_normalized_skill
29262,Power apps,duplicate_normalized_skill
29266,Power distribution,duplicate_normalized_skill
29267,Power electronics,duplicate_normalized_skill
29268,Power generation,duplicate_normalized_skill
29270,Power management,duplicate_normalized_skill
29273,Power plant,duplicate_normalized_skill
29274,Power plant operation,duplicate_normalized_skill
29276,Power platform,duplicate_normalized_skill
29277,Power point presentation,duplicate_normalized_skill
29278,Power projects,duplicate_normalized_skill
29279,Power query,duplicate_normalized_skill
29281,Power sector,duplicate_normalized_skill
29282,Power supply,duplicate_normalized_skill
29283,Power system,duplicate_normalized_skill
29285,Power tools,duplicate_normalized_skill
29286,Power transformers,duplicate_normalized_skill
29287,Power transmission,duplicate_normalized_skill
29302,Powercenter,duplicate_normalized_skill
29306,Powerpoint,duplicate_normalized_skill
29310,Powershell,duplicate_normalized_skill
29311,Powershell Automation,duplicate_normalized_skill
29312,Powershell Scripting,duplicate_normalized_skill
29313,Powershell scripting,duplicate_normalized_skill
29319,Ppc Campaigns,duplicate_normalized_skill
29320,Ppc Management,duplicate_normalized_skill
29323,Ppr,invalid_short_skill
29326,Pr Strategy,duplicate_normalized_skill
29328,Practical and theoretical knowledge of ETP works,experience_or_description_phrase
29333,Prd,invalid_short_skill
29334,Pre,duplicate_normalized_skill
29353,Pre primary teacher,duplicate_normalized_skill
29364,Pre-sales,duplicate_normalized_skill
29382,Predictive analytics,duplicate_normalized_skill
29383,Predictive modeling,duplicate_normalized_skill
29389,Preferred Banking,experience_or_description_phrase
29390,Preferred IHM Candidate,experience_or_description_phrase
29391,Preferred RM,experience_or_description_phrase
29392,Preferred in Excell Accounting,experience_or_description_phrase
29399,Premiere Pro,duplicate_normalized_skill
29424,Prepare and deliver compelling proposals and presentations for new business enquiries,sentence_or_description
29430,Preparing / reviewing 2D and 3D drawings for WWTP projects,sentence_or_description
29440,Presales,duplicate_normalized_skill
29468,Presentation Skills,duplicate_normalized_skill
29469,Presentation skills,duplicate_normalized_skill
29487,Press tools,duplicate_normalized_skill
29497,Pressure vessels,duplicate_normalized_skill
29505,Preventive & breakdown maintenance,duplicate_normalized_skill
29511,Preventive maintenance,duplicate_normalized_skill
29512,Preventive maintenance Predictive maintenance Breakdown maintenance ETP / STP / WTP Pumps,sentence_or_description
29519,Price negotiation,duplicate_normalized_skill
29521,Pricing,duplicate_normalized_skill
29535,Pricing strategy,duplicate_normalized_skill
29552,Primary Teacher,duplicate_normalized_skill
29556,Primary research,duplicate_normalized_skill
29557,Primary sales,duplicate_normalized_skill
29558,Primary teacher,duplicate_normalized_skill
29565,Prime Lap,duplicate_normalized_skill
29567,Prince2,duplicate_normalized_skill
29591,Print media,duplicate_normalized_skill
29616,Prior Experience Required,experience_or_description_phrase
29617,Prior authorization,duplicate_normalized_skill
29618,Prior experience in customer service/financial services preferred,experience_or_description_phrase
29619,Prior experience in facility or housekeeping management is preferred,experience_or_description_phrase
29620,Prior experience in operations or event management,experience_or_description_phrase
29624,Priority banking,duplicate_normalized_skill
29644,Private equity,duplicate_normalized_skill
29645,Private wealth,duplicate_normalized_skill
29646,Private wealth manager,duplicate_normalized_skill
29651,Pro Active,duplicate_normalized_skill
29680,Problem management,duplicate_normalized_skill
29681,Problem solving,duplicate_normalized_skill
29682,Problem solving & Decision making,duplicate_normalized_skill
29683,Problem solving Skills,duplicate_normalized_skill
29684,Problem solving skills,duplicate_normalized_skill
29693,Problem-solving,duplicate_normalized_skill
29695,Problem-solving & decision-making,duplicate_normalized_skill
29698,Problem-solving skills,duplicate_normalized_skill
29699,Procedures,generic
29700,Process,generic
29702,Process & Product Audit Proficiency in Statistical software for data analytics Six Sigma Black / Green Belt,sentence_or_description
29724,Process Design Engineering of Air & Gas Equipment,sentence_or_description
29782,Process Safety,duplicate_normalized_skill
29800,Process analysis,duplicate_normalized_skill
29802,Process associate,duplicate_normalized_skill
29803,Process audit,duplicate_normalized_skill
29804,Process automation,duplicate_normalized_skill
29805,Process capability,duplicate_normalized_skill
29807,Process compliance,duplicate_normalized_skill
29808,Process consulting,duplicate_normalized_skill
29809,Process control,duplicate_normalized_skill
29810,Process design,duplicate_normalized_skill
29811,Process development,duplicate_normalized_skill
29812,Process documentation,duplicate_normalized_skill
29815,Process engineering,duplicate_normalized_skill
29816,Process enhancement,duplicate_normalized_skill
29817,Process equipment,duplicate_normalized_skill
29818,Process excellence,duplicate_normalized_skill
29820,Process flow,duplicate_normalized_skill
29821,Process improvement,duplicate_normalized_skill
29822,Process industry,duplicate_normalized_skill
29823,Process instrumentation,duplicate_normalized_skill
29824,Process management,duplicate_normalized_skill
29825,Process mapping,duplicate_normalized_skill
29827,Process optimization,duplicate_normalized_skill
29828,Process orientation,duplicate_normalized_skill
29829,Process planning,duplicate_normalized_skill
29830,Process quality,duplicate_normalized_skill
29831,Process re-engineering,duplicate_normalized_skill
29832,Process safety,duplicate_normalized_skill
29835,Process trainer,duplicate_normalized_skill
29836,Process training,duplicate_normalized_skill
29837,Process transformation,duplicate_normalized_skill
29838,Process validation,duplicate_normalized_skill
29844,Processing and Managing Home Loan Applications from Submission to Settlement,sentence_or_description
29851,Procure to Pay,duplicate_normalized_skill
29854,Procurement,duplicate_normalized_skill
29858,Procurement & vendor management Negotiation & cost control MS Excel & data reporting Inventory/stock management Basic accounting & documentation,sentence_or_description
29875,Procurement Purchase Purchase Management Purchase Vendor Development Cost Reduction Material Management Price Negotiation,sentence_or_description
29881,Procurement management,duplicate_normalized_skill
29882,Procurement manager,duplicate_normalized_skill
29884,Procurement processes,duplicate_normalized_skill
29888,Product,duplicate_normalized_skill
29911,Product Costing,duplicate_normalized_skill
29997,Product Specification & Documentation Expertise Experience in Building Materials / Doors / Fire Safety Products,experience_or_description_phrase
30011,Product analysis,duplicate_normalized_skill
30016,Product costing,duplicate_normalized_skill
30018,Product demonstration,duplicate_normalized_skill
30019,Product design,duplicate_normalized_skill
30020,Product development,duplicate_normalized_skill
30023,Product engineering,duplicate_normalized_skill
30026,Product implementation,duplicate_normalized_skill
30027,Product innovation,duplicate_normalized_skill
30028,Product launch,duplicate_normalized_skill
30029,Product life cycle management,duplicate_normalized_skill
30030,Product listing,duplicate_normalized_skill
30031,Product management,duplicate_normalized_skill
30032,Product manager,duplicate_normalized_skill
30034,Product marketing,duplicate_normalized_skill
30035,Product owner,duplicate_normalized_skill
30037,Product planning,duplicate_normalized_skill
30038,Product portfolio,duplicate_normalized_skill
30039,Product presentation,duplicate_normalized_skill
30041,Product pricing,duplicate_normalized_skill
30042,Product promotion,duplicate_normalized_skill
30043,Product quality,duplicate_normalized_skill
30045,Product research,duplicate_normalized_skill
30046,Product sales,duplicate_normalized_skill
30047,Product service,duplicate_normalized_skill
30048,Product sourcing,duplicate_normalized_skill
30049,Product strategy,duplicate_normalized_skill
30050,Product support,duplicate_normalized_skill
30051,Product training,duplicate_normalized_skill
30052,Product vision,duplicate_normalized_skill
30114,Production control,duplicate_normalized_skill
30115,Production department,duplicate_normalized_skill
30118,Production engineering,duplicate_normalized_skill
30119,Production handling,duplicate_normalized_skill
30120,Production head,duplicate_normalized_skill
30121,Production lead,duplicate_normalized_skill
30122,Production line,duplicate_normalized_skill
30123,Production management,duplicate_normalized_skill
30124,Production merchandiser leather bag and belts can handle independent accounts Erp or sap Buyers communications correspondence good knowledge of excel power point photoshop and illestrator,experience_or_description_phrase
30126,Production operations,duplicate_normalized_skill
30129,Production planning,duplicate_normalized_skill
30130,Production planning control,duplicate_normalized_skill
30131,Production scheduling,duplicate_normalized_skill
30132,Production supervising,duplicate_normalized_skill
30133,Production support,duplicate_normalized_skill
30141,Productivity management,duplicate_normalized_skill
30149,Professional Degree,education_or_qualification
30169,Proficiency in AutoCAD / MS Office for survey data management,sentence_or_description
30176,Proficiency in Linux/Windows server administration and network troubleshooting,sentence_or_description
30180,Proficiency in PlanSwift and AutoCAD 2D & 3D,sentence_or_description
30186,Proficiency in ms office,duplicate_normalized_skill
30190,Proficient in Node.js,experience_or_description_phrase
30191,Proficient in computer operations,experience_or_description_phrase
30192,Proficient in excel and google sheets,experience_or_description_phrase
30193,Proficient in typing and preparing documents in both Kannada and English for official and internal communications. Capable of basic graphic designing to support presentations,experience_or_description_phrase
30229,Program delivery,duplicate_normalized_skill
30230,Program management,duplicate_normalized_skill
30251,Project,duplicate_normalized_skill
30252,Project & Institutional Sales Dealer Network Development Negotiation & Closing Skills Relationship Management Market Analysis,sentence_or_description
30294,Project Engineer,duplicate_normalized_skill
30318,Project Leadership Team Management Stakeholder and Client Management Contract Administration and Management Project Scheduling Software like Primavera P6,sentence_or_description
30345,Project Planning & Execution Develop and manage detailed project schedules,sentence_or_description
30374,Project accounting,duplicate_normalized_skill
30375,Project administration,duplicate_normalized_skill
30376,Project analysis,duplicate_normalized_skill
30379,Project billing,duplicate_normalized_skill
30380,Project control,duplicate_normalized_skill
30381,Project controls,duplicate_normalized_skill
30382,Project coordination,duplicate_normalized_skill
30383,Project coordinator,duplicate_normalized_skill
30384,Project costing,duplicate_normalized_skill
30385,Project delivery,duplicate_normalized_skill
30386,Project design,duplicate_normalized_skill
30387,Project development,duplicate_normalized_skill
30388,Project documentation,duplicate_normalized_skill
30389,Project engineering,duplicate_normalized_skill
30390,Project evaluation,duplicate_normalized_skill
30391,Project execution,duplicate_normalized_skill
30393,Project finance,duplicate_normalized_skill
30394,Project funding,duplicate_normalized_skill
30395,Project handling,duplicate_normalized_skill
30396,Project implementation,duplicate_normalized_skill
30397,Project initiation,duplicate_normalized_skill
30398,Project leadership,duplicate_normalized_skill
30399,Project leading,duplicate_normalized_skill
30400,Project life cycle,duplicate_normalized_skill
30401,Project manager,duplicate_normalized_skill
30402,Project monitoring,duplicate_normalized_skill
30404,Project planning,duplicate_normalized_skill
30405,Project reports,duplicate_normalized_skill
30407,Project sales,duplicate_normalized_skill
30408,Project scheduling,duplicate_normalized_skill
30410,Project tracking,duplicate_normalized_skill
30416,Projects,generic
30424,Promote and sell Lock The Deal range of inverter batteries and solar panels through consultant selling and inside sales efforts,sentence_or_description
30429,Promotion planning,duplicate_normalized_skill
30436,Promotional campaigns,duplicate_normalized_skill
30437,Promotional events,duplicate_normalized_skill
30440,Prompt engineering,duplicate_normalized_skill
30446,Proof reading,duplicate_normalized_skill
30467,Property Sales,duplicate_normalized_skill
30471,Property claims,duplicate_normalized_skill
30473,Property management,duplicate_normalized_skill
30490,Proposal Writing,duplicate_normalized_skill
30492,Proposal engineering,duplicate_normalized_skill
30493,Proposal management,duplicate_normalized_skill
30494,Proposal preparation,duplicate_normalized_skill
30496,Proposal writing,duplicate_normalized_skill
30509,Protection system,duplicate_normalized_skill
30523,Protocol testing,duplicate_normalized_skill
30533,Provana,duplicate_normalized_skill
30534,Proven B2B Sales & Business Development Experience Strong Background in Building Materials & Doors s Excellent Communication,sentence_or_description
30535,Proven experience as a Sales Manager or similar role,sentence_or_description
30536,Proven experience as telecalling/telesales executive or other customer service role - Proven track record of successfully meeting sales quota preferably over the phone,sentence_or_description
30537,Proven experience in B2B SaaS sales with strong knowledge of HubSpot CRM,experience_or_description_phrase
30538,Proven experience in NonFood Categories like Home care,experience_or_description_phrase
30539,Proven experience in drone piloting,experience_or_description_phrase
30540,Proven experience in end-to-end tendering from opportunity identification to submission,experience_or_description_phrase
30542,Proven track record in managing & communication skills,sentence_or_description
30543,Proven track record in managing large - scale govt,sentence_or_description
30544,Provide physiotherapy care to cardiac patients in both inpatient,sentence_or_description
30546,Provident fund,duplicate_normalized_skill
30567,Psf,invalid_short_skill
30568,Pssr,duplicate_normalized_skill
30569,Psu Sales,duplicate_normalized_skill
30580,Pt,duplicate_normalized_skill
30581,Ptc Creo,duplicate_normalized_skill
30583,Pte,invalid_short_skill
30584,Ptf,invalid_short_skill
30600,Public Speaking,duplicate_normalized_skill
30602,Public health,duplicate_normalized_skill
30603,Public relations,duplicate_normalized_skill
30604,Public speaking,duplicate_normalized_skill
30623,Pump design,duplicate_normalized_skill
30629,Pumps,duplicate_normalized_skill
30642,Purchase,duplicate_normalized_skill
30653,Purchase Executive,duplicate_normalized_skill
30664,Purchase Order creation & supply with minimum timeline against center requirement,sentence_or_description
30674,Purchase executive,duplicate_normalized_skill
30676,Purchase management,duplicate_normalized_skill
30677,Purchase manager,duplicate_normalized_skill
30678,Purchase operations,duplicate_normalized_skill
30679,Purchase order,duplicate_normalized_skill
30680,Purchase orders,duplicate_normalized_skill
30681,Purchase planning,duplicate_normalized_skill
30682,Purchase process,duplicate_normalized_skill
30683,Purchase requisition,duplicate_normalized_skill
30685,Purchase vendor development,duplicate_normalized_skill
30704,Pwa,duplicate_normalized_skill
30705,Pwd,duplicate_normalized_skill
30706,Pwm,invalid_short_skill
30708,PySpark,duplicate_normalized_skill
30717,Pyp,invalid_short_skill
30721,Pyspark,duplicate_normalized_skill
30730,Python Automation,duplicate_normalized_skill
30747,Python Scripting,duplicate_normalized_skill
30754,Python automation,duplicate_normalized_skill
30757,Python developer,duplicate_normalized_skill
30758,Python development,duplicate_normalized_skill
30763,Python scripting,duplicate_normalized_skill
30777,QA & Production roles. Must have strong knowledge of W2,experience_or_description_phrase
30808,QA analysis,duplicate_normalized_skill
30809,QA automation,duplicate_normalized_skill
30811,QA experience in the automotive sector,experience_or_description_phrase
30812,QA lead,duplicate_normalized_skill
30813,QA management,duplicate_normalized_skill
30815,QA testing,duplicate_normalized_skill
30816,QA tools,duplicate_normalized_skill
30825,QAC,invalid_short_skill
30826,QAD,invalid_short_skill
30827,QAP,invalid_short_skill
30831,QC,invalid_short_skill
30843,QC Manager,duplicate_normalized_skill
30850,QC chemist,duplicate_normalized_skill
30852,QC engineering,duplicate_normalized_skill
30854,QC inspection,duplicate_normalized_skill
30855,QC management,duplicate_normalized_skill
30856,QC manager,duplicate_normalized_skill
30860,QC tools,duplicate_normalized_skill
30863,QE,invalid_short_skill
30864,QED,invalid_short_skill
30865,QFD,invalid_short_skill
30869,QM,invalid_short_skill
30871,QML,invalid_short_skill
30872,QMS,invalid_short_skill
30873,QMS 9001,numeric_or_code_noise
30881,QMS documentation,duplicate_normalized_skill
30883,QNX,invalid_short_skill
30884,QOS,invalid_short_skill
30885,QPE,invalid_short_skill
30888,QRA,invalid_short_skill
30890,QS,invalid_short_skill
30896,QS-9000,numeric_or_code_noise
30897,QSR,invalid_short_skill
30899,QT,invalid_short_skill
30901,QTP,invalid_short_skill
30904,QUALITY,generic
30912,Qa,duplicate_normalized_skill
30918,Qa/Qc,duplicate_normalized_skill
30919,Qb,invalid_short_skill
30920,Qbd,invalid_short_skill
30921,Qbr,invalid_short_skill
30922,Qc Analysis,duplicate_normalized_skill
30926,Qgis,duplicate_normalized_skill
30937,Qliksense,duplicate_normalized_skill
30939,Qlm,invalid_short_skill
30940,Qm,duplicate_normalized_skill
30941,Qml,duplicate_normalized_skill
30942,Qms Documentation,duplicate_normalized_skill
30944,QoS,duplicate_normalized_skill
30945,Qos,duplicate_normalized_skill
30947,Qradar,duplicate_normalized_skill
30948,Qt,duplicate_normalized_skill
30966,Qualitative research,duplicate_normalized_skill
30967,Quality,duplicate_normalized_skill
30976,Quality Assurance,duplicate_normalized_skill
30998,Quality Control,duplicate_normalized_skill
31038,Quality Manager for the Paint Shop is responsible for developing,experience_or_description_phrase
31054,Quality System,duplicate_normalized_skill
31062,Quality adherence,duplicate_normalized_skill
31063,Quality analysis,duplicate_normalized_skill
31064,Quality analyst,duplicate_normalized_skill
31067,Quality assurance,duplicate_normalized_skill
31069,Quality assurance engineering,duplicate_normalized_skill
31071,Quality audit,duplicate_normalized_skill
31072,Quality check,duplicate_normalized_skill
31073,Quality coach,duplicate_normalized_skill
31074,Quality compliance,duplicate_normalized_skill
31075,Quality control,duplicate_normalized_skill
31076,Quality control management,duplicate_normalized_skill
31077,Quality control tools,duplicate_normalized_skill
31079,Quality documentation,duplicate_normalized_skill
31080,Quality engineer,duplicate_normalized_skill
31082,Quality engineering,duplicate_normalized_skill
31083,Quality improvement,duplicate_normalized_skill
31084,Quality inspection,duplicate_normalized_skill
31085,Quality management,duplicate_normalized_skill
31086,Quality manager,duplicate_normalized_skill
31087,Quality monitoring,duplicate_normalized_skill
31089,Quality planning,duplicate_normalized_skill
31090,Quality standards,duplicate_normalized_skill
31092,Quality systems,duplicate_normalized_skill
31093,Quality testing,duplicate_normalized_skill
31094,Quality tools,duplicate_normalized_skill
31107,Quantitative research,duplicate_normalized_skill
31116,Quantity surveying,duplicate_normalized_skill
31135,Query handling,duplicate_normalized_skill
31136,Query management,duplicate_normalized_skill
31137,Query resolution,duplicate_normalized_skill
31149,Quick books,duplicate_normalized_skill
31150,Quick learner,duplicate_normalized_skill
31157,Quota-carrying enterprise sales & new logo acquisition GTM strategy & pipeline development C-suite engagement & relationship management CRM,sentence_or_description
31158,Quotation,duplicate_normalized_skill
31168,R,invalid_short_skill
31184,R&d,duplicate_normalized_skill
31185,R00272741,numeric_or_code_noise
31186,R00272751,numeric_or_code_noise
31187,R12,invalid_short_skill
31188,R13,invalid_short_skill
31190,R250000008381,numeric_or_code_noise
31191,R2R,invalid_short_skill
31198,RA,invalid_short_skill
31200,RAC,invalid_short_skill
31202,RAD,invalid_short_skill
31204,RAG,invalid_short_skill
31212,RAL,invalid_short_skill
31215,RAN,invalid_short_skill
31217,RAP,invalid_short_skill
31220,RAR,invalid_short_skill
31222,RBI,invalid_short_skill
31227,RBI compliance,duplicate_normalized_skill
31232,RBP,invalid_short_skill
31233,RBS,invalid_short_skill
31234,RC,invalid_short_skill
31237,RCA,invalid_short_skill
31239,RCC,invalid_short_skill
31244,RCI,invalid_short_skill
31245,RCM,invalid_short_skill
31256,RCM trainer,duplicate_normalized_skill
31258,RCR,invalid_short_skill
31260,RCT,invalid_short_skill
31261,RD,invalid_short_skill
31265,RDC,invalid_short_skill
31267,RDI,invalid_short_skill
31268,RDM,invalid_short_skill
31269,RDS,invalid_short_skill
31272,RE,invalid_short_skill
31276,RECORDS,generic
31278,RED,invalid_short_skill
31283,REM,invalid_short_skill
31308,REST Assured,duplicate_normalized_skill
31317,RESTApi,duplicate_normalized_skill
31324,RESTful API development,duplicate_normalized_skill
31327,RESTful Services,duplicate_normalized_skill
31328,RESTful services,duplicate_normalized_skill
31330,RESTful web services,duplicate_normalized_skill
31339,REVIT structure,duplicate_normalized_skill
31351,RF planning,duplicate_normalized_skill
31353,RFC,invalid_short_skill
31355,RFI,invalid_short_skill
31362,RFIs,duplicate_normalized_skill
31364,RFP,invalid_short_skill
31369,RFP management,duplicate_normalized_skill
31374,RFPs,duplicate_normalized_skill
31375,RFQ,invalid_short_skill
31376,RFQ Budgeting and costing Time and material FTFP CSAT,sentence_or_description
31383,RFQs,duplicate_normalized_skill
31384,RFX,invalid_short_skill
31385,RFx,duplicate_normalized_skill
31396,RIM,invalid_short_skill
31398,RIP,invalid_short_skill
31399,RIS,invalid_short_skill
31403,RLC,invalid_short_skill
31404,RLI,invalid_short_skill
31405,RM,invalid_short_skill
31410,RM inspection,duplicate_normalized_skill
31411,RMA,invalid_short_skill
31414,RMC,invalid_short_skill
31417,RMD,invalid_short_skill
31418,RMF,invalid_short_skill
31419,RMG,invalid_short_skill
31420,RMI,invalid_short_skill
31421,RMO,invalid_short_skill
31422,RMS,invalid_short_skill
31425,RN,invalid_short_skill
31426,RNN,invalid_short_skill
31427,RO,invalid_short_skill
31431,RO system,duplicate_normalized_skill
31432,ROA,invalid_short_skill
31436,ROC,invalid_short_skill
31441,ROC filing,duplicate_normalized_skill
31449,ROI optimization,duplicate_normalized_skill
31451,ROR,invalid_short_skill
31453,ROS,invalid_short_skill
31455,RPA,invalid_short_skill
31463,RPC,invalid_short_skill
31465,RPD,invalid_short_skill
31466,RPF,invalid_short_skill
31467,RPG,invalid_short_skill
31473,RPM,invalid_short_skill
31474,RPO,invalid_short_skill
31477,RRC,invalid_short_skill
31478,RRE,invalid_short_skill
31483,RSA,invalid_short_skill
31487,RSD,invalid_short_skill
31489,RSI,invalid_short_skill
31490,RSM,invalid_short_skill
31493,RSO,invalid_short_skill
31495,RSS,invalid_short_skill
31497,RT,invalid_short_skill
31500,RTA,invalid_short_skill
31504,RTC,invalid_short_skill
31505,RTD,invalid_short_skill
31506,RTE,invalid_short_skill
31509,RTL,invalid_short_skill
31515,RTL coding,duplicate_normalized_skill
31516,RTL design,duplicate_normalized_skill
31518,RTM,invalid_short_skill
31520,RTO,invalid_short_skill
31524,RTOs,duplicate_normalized_skill
31525,RTP,invalid_short_skill
31526,RTR,invalid_short_skill
31534,RTU,invalid_short_skill
31538,RVD,invalid_short_skill
31540,RWE,invalid_short_skill
31541,RWR,invalid_short_skill
31545,Rabbitmq,duplicate_normalized_skill
31568,Radiography testing,duplicate_normalized_skill
31570,Radiologist,duplicate_normalized_skill
31584,Radiology experience experience in - Ultrasound / CT Scan / MRT / X-Ray,experience_or_description_phrase
31593,Rag Pipeline,duplicate_normalized_skill
31611,Raml,duplicate_normalized_skill
31618,Rap,duplicate_normalized_skill
31628,Rate analysis,duplicate_normalized_skill
31633,Ratio analysis,duplicate_normalized_skill
31637,Raw,invalid_short_skill
31652,Raw material,duplicate_normalized_skill
31653,Raw material inspection,duplicate_normalized_skill
31656,Rbac,duplicate_normalized_skill
31659,Rbi Reporting,duplicate_normalized_skill
31661,Rcc Structures,duplicate_normalized_skill
31666,Rcm Operations,duplicate_normalized_skill
31667,Rcm Trainer,duplicate_normalized_skill
31668,Rcsa,duplicate_normalized_skill
31669,Rcu,invalid_short_skill
31671,Rdd,invalid_short_skill
31672,Rdf,invalid_short_skill
31673,Rdi,duplicate_normalized_skill
31675,Re Framework,duplicate_normalized_skill
31684,React JS,duplicate_normalized_skill
31687,React Js,duplicate_normalized_skill
31689,React Js Library,duplicate_normalized_skill
31700,React developer,duplicate_normalized_skill
31701,React js,duplicate_normalized_skill
31702,React native,duplicate_normalized_skill
31763,Real estate,duplicate_normalized_skill
31764,Real estate construction,duplicate_normalized_skill
31766,Real estate marketing,duplicate_normalized_skill
31768,Real estate sales,duplicate_normalized_skill
31770,Real time analyst,duplicate_normalized_skill
31771,Real time pcr,duplicate_normalized_skill
31795,Receivable management,duplicate_normalized_skill
31827,Record keeping,duplicate_normalized_skill
31828,Record to Report,duplicate_normalized_skill
31834,Records management,duplicate_normalized_skill
31843,Recovery management,duplicate_normalized_skill
31846,Recruiter,duplicate_normalized_skill
31849,Recruiter jobs Bangalore,duplicate_normalized_skill
31850,Recruiters with mandatory Pharma US Staffing experience to handle end-to-end hiring across R&D,sentence_or_description
31852,Recruitment,generic
31892,Recruitment consulting,duplicate_normalized_skill
31893,Recruitment life cycle,duplicate_normalized_skill
31894,Recruitment management,duplicate_normalized_skill
31895,Recruitment staffing,duplicate_normalized_skill
31907,Red Hat Openshift,duplicate_normalized_skill
31920,Redhat,duplicate_normalized_skill
31925,Redhat openshift,duplicate_normalized_skill
31979,Regional Sales manager,duplicate_normalized_skill
31982,Regional management,duplicate_normalized_skill
31983,Regional sales,duplicate_normalized_skill
31984,Regional sales manager,duplicate_normalized_skill
31996,Regression testing,duplicate_normalized_skill
32027,Regulatory affairs,duplicate_normalized_skill
32028,Regulatory compliance,duplicate_normalized_skill
32030,Regulatory reporting,duplicate_normalized_skill
32031,Regulatory submissions,duplicate_normalized_skill
32049,Rejection control,duplicate_normalized_skill
32052,Relationship,generic
32063,Relationship Manager,duplicate_normalized_skill
32071,Relationship building,duplicate_normalized_skill
32073,Relationship development,duplicate_normalized_skill
32074,Relationship management,duplicate_normalized_skill
32075,Relationship manager,duplicate_normalized_skill
32076,Relationship marketing,duplicate_normalized_skill
32078,Relationship-building,duplicate_normalized_skill
32092,Release engineering,duplicate_normalized_skill
32094,Release management,duplicate_normalized_skill
32095,Release planning,duplicate_normalized_skill
32097,Reliability,duplicate_normalized_skill
32101,Reliability engineering,duplicate_normalized_skill
32103,Reliability testing,duplicate_normalized_skill
32118,Remote,duplicate_normalized_skill
32128,Remote desktop,duplicate_normalized_skill
32129,Remote sensing,duplicate_normalized_skill
32130,Remote support,duplicate_normalized_skill
32145,Renewable energy,duplicate_normalized_skill
32179,Report generation,duplicate_normalized_skill
32180,Report preparation,duplicate_normalized_skill
32181,Report writing,duplicate_normalized_skill
32202,Reporting analyst,duplicate_normalized_skill
32203,Reporting and Analysis,duplicate_normalized_skill
32208,Reporting tools,duplicate_normalized_skill
32209,Reports,duplicate_normalized_skill
32225,Required HR skills include strong communication,experience_or_description_phrase
32236,Requirement Gathering,duplicate_normalized_skill
32249,Requirement analysis,duplicate_normalized_skill
32250,Requirement gathering,duplicate_normalized_skill
32251,Requirement planning,duplicate_normalized_skill
32253,Requirements : Safety Engineer in Surat - Gujarat,sentence_or_description
32257,Rera,duplicate_normalized_skill
32259,Research,duplicate_normalized_skill
32278,Research analysis,duplicate_normalized_skill
32279,Research analysis and interpretation of various tax laws,sentence_or_description
32282,Research and Development,duplicate_normalized_skill
32283,Research and development,duplicate_normalized_skill
32313,Residential sales,duplicate_normalized_skill
32321,Resolve client issues efficiently while maintaining a high level of customer satisfaction,sentence_or_description
32339,Resource allocation,duplicate_normalized_skill
32340,Resource coordination,duplicate_normalized_skill
32341,Resource management,duplicate_normalized_skill
32342,Resource mobilization,duplicate_normalized_skill
32343,Resource optimization,duplicate_normalized_skill
32344,Resource planning,duplicate_normalized_skill
32345,Resource utilization,duplicate_normalized_skill
32352,Responsible for end to end lead for driving Safety Projects,experience_or_description_phrase
32353,Responsible for handing import and Export shipments,experience_or_description_phrase
32354,Responsible for income and foreign currency throughput target set for the trade forex products for the respective branches/business,experience_or_description_phrase
32355,Responsible for personal accounting,experience_or_description_phrase
32358,Responsive Ui,duplicate_normalized_skill
32368,Rest Api Design,duplicate_normalized_skill
32369,Rest Api Development,duplicate_normalized_skill
32370,Rest Api Integration,duplicate_normalized_skill
32373,Rest Api Testing,duplicate_normalized_skill
32374,Rest Apis,duplicate_normalized_skill
32375,Rest Assured,duplicate_normalized_skill
32385,Rest Web Api,duplicate_normalized_skill
32387,Rest assured,duplicate_normalized_skill
32388,RestAPI,duplicate_normalized_skill
32392,Restapi,duplicate_normalized_skill
32405,Restaurant management,duplicate_normalized_skill
32406,Restaurant manager,duplicate_normalized_skill
32407,Restaurant sales,duplicate_normalized_skill
32409,Restful,duplicate_normalized_skill
32410,Restful APIs,duplicate_normalized_skill
32480,Retail Hr,duplicate_normalized_skill
32536,Retail asset operations,duplicate_normalized_skill
32537,Retail assets,duplicate_normalized_skill
32538,Retail banking,duplicate_normalized_skill
32539,Retail branch banking,duplicate_normalized_skill
32540,Retail branding,duplicate_normalized_skill
32541,Retail business,duplicate_normalized_skill
32543,Retail distribution,duplicate_normalized_skill
32544,Retail finance,duplicate_normalized_skill
32546,Retail leasing,duplicate_normalized_skill
32547,Retail lending,duplicate_normalized_skill
32548,Retail management,duplicate_normalized_skill
32549,Retail marketing,duplicate_normalized_skill
32550,Retail merchandising,duplicate_normalized_skill
32551,Retail operations,duplicate_normalized_skill
32552,Retail outlets,duplicate_normalized_skill
32553,Retail recruitment,duplicate_normalized_skill
32554,Retail sales,duplicate_normalized_skill
32565,Retention strategies,duplicate_normalized_skill
32590,Revenue,duplicate_normalized_skill
32606,Revenue Generation,duplicate_normalized_skill
32623,Revenue accounting,duplicate_normalized_skill
32624,Revenue assurance,duplicate_normalized_skill
32625,Revenue cloud,duplicate_normalized_skill
32626,Revenue cycle management,duplicate_normalized_skill
32627,Revenue generation,duplicate_normalized_skill
32628,Revenue management,duplicate_normalized_skill
32629,Revenue recognition,duplicate_normalized_skill
32635,Reverse charge mechanism,duplicate_normalized_skill
32636,Reverse engineering,duplicate_normalized_skill
32637,Reverse logistics,duplicate_normalized_skill
32644,Review and edit medical histories of patients taken in preparation for medical-legal evaluations across various specialties. Ensure error-free,sentence_or_description
32652,Revit,duplicate_normalized_skill
32657,Revit MEP,duplicate_normalized_skill
32659,Revit Structure,duplicate_normalized_skill
32664,Rewards and Recognition,duplicate_normalized_skill
32668,Rfcs,duplicate_normalized_skill
32669,Rfq Management,duplicate_normalized_skill
32681,Rice Components,duplicate_normalized_skill
32682,Ricef,duplicate_normalized_skill
32683,Ricefw,duplicate_normalized_skill
32695,Risa,duplicate_normalized_skill
32716,Risk Consulting,duplicate_normalized_skill
32741,Risk advisory,duplicate_normalized_skill
32742,Risk analysis,duplicate_normalized_skill
32743,Risk analyst,duplicate_normalized_skill
32744,Risk analytics,duplicate_normalized_skill
32747,Risk assessment,duplicate_normalized_skill
32749,Risk control,duplicate_normalized_skill
32752,Risk management,duplicate_normalized_skill
32753,Risk mitigation,duplicate_normalized_skill
32760,Rli,duplicate_normalized_skill
32762,Rma,duplicate_normalized_skill
32763,Rmm,invalid_short_skill
32764,Rmo,duplicate_normalized_skill
32765,Rnd,invalid_short_skill
32766,Rnn,duplicate_normalized_skill
32778,Road Side assistance,duplicate_normalized_skill
32784,Road side assistance,duplicate_normalized_skill
32791,Robot,duplicate_normalized_skill
32798,Robot programming,duplicate_normalized_skill
32809,Robotic welding,duplicate_normalized_skill
32821,Roc Filing,duplicate_normalized_skill
32829,Rockwell software,duplicate_normalized_skill
32844,Rolling mill,duplicate_normalized_skill
32846,Rom,invalid_short_skill
32861,Room service,duplicate_normalized_skill
32868,Root canal,duplicate_normalized_skill
32869,Root cause,duplicate_normalized_skill
32870,Root cause analysis,duplicate_normalized_skill
32872,Ror,duplicate_normalized_skill
32882,Rotating equipments,duplicate_normalized_skill
32893,Route planning,duplicate_normalized_skill
32910,Routing protocols,duplicate_normalized_skill
32911,Row,invalid_short_skill
32913,Rpa,duplicate_normalized_skill
32914,Rpa Automation,duplicate_normalized_skill
32920,Rpc,duplicate_normalized_skill
32921,Rpg Free,duplicate_normalized_skill
32924,Rsa Archer,duplicate_normalized_skill
32925,Rsm,duplicate_normalized_skill
32926,Rso,duplicate_normalized_skill
32928,Rte,duplicate_normalized_skill
32929,Rtos,duplicate_normalized_skill
32930,Rts,invalid_short_skill
32931,Rubber,duplicate_normalized_skill
32941,Ruby on Rails,duplicate_normalized_skill
32942,Ruby on rails,duplicate_normalized_skill
32959,Rural banking,duplicate_normalized_skill
32960,Rural finance,duplicate_normalized_skill
32963,Rust,duplicate_normalized_skill
32965,Rwa,invalid_short_skill
32967,RxJs,duplicate_normalized_skill
32969,Rxjs,duplicate_normalized_skill
32971,S,invalid_short_skill
32985,S/4 Hana,duplicate_normalized_skill
32987,S/4 hana,duplicate_normalized_skill
32992,S2P,invalid_short_skill
32993,S2S,invalid_short_skill
32994,S3,invalid_short_skill
32997,S3D,invalid_short_skill
32998,S4,invalid_short_skill
33001,S4 Hana,duplicate_normalized_skill
33004,S4 hana,duplicate_normalized_skill
33006,S4/Hana,duplicate_normalized_skill
33007,S4H,invalid_short_skill
33009,S4Hana,duplicate_normalized_skill
33010,S4hana,duplicate_normalized_skill
33011,S7,invalid_short_skill
33012,S7-300,numeric_or_code_noise
33013,SA 8000,numeric_or_code_noise
33021,SAAS sales,duplicate_normalized_skill
33023,SAC,invalid_short_skill
33025,SAD,invalid_short_skill
33029,SAFe,duplicate_normalized_skill
33048,SAM,invalid_short_skill
33057,SAN,invalid_short_skill
33068,SAP ABAP Cloud,duplicate_normalized_skill
33071,SAP ABAP Development,duplicate_normalized_skill
33072,SAP ABAP Development For Hana,duplicate_normalized_skill
33077,SAP ABAP Hana,duplicate_normalized_skill
33085,SAP ABAP development,duplicate_normalized_skill
33095,SAP Abap,duplicate_normalized_skill
33131,SAP BTP Integration Suite,duplicate_normalized_skill
33140,SAP Basis,duplicate_normalized_skill
33142,SAP Basis administration,duplicate_normalized_skill
33144,SAP Bods,duplicate_normalized_skill
33171,SAP CRM technical,duplicate_normalized_skill
33188,SAP Cpi,duplicate_normalized_skill
33191,SAP Customer service,duplicate_normalized_skill
33200,SAP Data archiving,duplicate_normalized_skill
33202,SAP Demand management,duplicate_normalized_skill
33218,SAP Ewm,duplicate_normalized_skill
33237,SAP FICO implementation,duplicate_normalized_skill
33261,SAP Fsm,duplicate_normalized_skill
33286,SAP Hana,duplicate_normalized_skill
33303,SAP Ibp,duplicate_normalized_skill
33331,SAP MM module,duplicate_normalized_skill
33336,SAP Master Data,education_or_qualification
33337,SAP Master Data Governance,education_or_qualification
33338,SAP Master Data Governance MDG Tool,education_or_qualification
33341,SAP Mdg,duplicate_normalized_skill
33372,SAP PaPM,duplicate_normalized_skill
33403,SAP S/4 Hana,duplicate_normalized_skill
33416,SAP S4 Hana,duplicate_normalized_skill
33426,SAP SD Consultant,duplicate_normalized_skill
33429,SAP SD Hana,duplicate_normalized_skill
33435,SAP SD consultant,duplicate_normalized_skill
33436,SAP SD implementation,duplicate_normalized_skill
33467,SAP Successfactors,duplicate_normalized_skill
33488,SAP Trm,duplicate_normalized_skill
33506,SAP Yard logistics,duplicate_normalized_skill
33507,SAP application,duplicate_normalized_skill
33510,SAP certification,duplicate_normalized_skill
33511,SAP consulting,duplicate_normalized_skill
33512,SAP controlling,duplicate_normalized_skill
33514,SAP fico,duplicate_normalized_skill
33515,SAP implementation,duplicate_normalized_skill
33516,SAP implementations,duplicate_normalized_skill
33520,SAP modules,duplicate_normalized_skill
33522,SAP production planning,duplicate_normalized_skill
33523,SAP project management,duplicate_normalized_skill
33524,SAP project systems,duplicate_normalized_skill
33528,SAP security,duplicate_normalized_skill
33529,SAP support,duplicate_normalized_skill
33530,SAP system administration,duplicate_normalized_skill
33531,SAP testing,duplicate_normalized_skill
33532,SAP upgrade,duplicate_normalized_skill
33533,SAP workflow,duplicate_normalized_skill
33538,SAP2000,numeric_or_code_noise
33540,SAR,invalid_short_skill
33565,SAS admin,duplicate_normalized_skill
33567,SAS programming,duplicate_normalized_skill
33572,SAT,invalid_short_skill
33574,SAW,invalid_short_skill
33578,SBU,invalid_short_skill
33579,SC,invalid_short_skill
33597,SCM,invalid_short_skill
33607,SCP,invalid_short_skill
33609,SCR,invalid_short_skill
33613,SCT,invalid_short_skill
33614,SD,invalid_short_skill
33617,SD module,duplicate_normalized_skill
33620,SDA,invalid_short_skill
33621,SDD,invalid_short_skill
33625,SDH,invalid_short_skill
33626,SDI,invalid_short_skill
33628,SDL,invalid_short_skill
33637,SDM,invalid_short_skill
33638,SDP,invalid_short_skill
33639,SDS,invalid_short_skill
33645,SDV,invalid_short_skill
33648,SDf,invalid_short_skill
33649,SE,invalid_short_skill
33650,SEA,invalid_short_skill
33660,SEC,invalid_short_skill
33663,SEI,invalid_short_skill
33692,SEO analysis,duplicate_normalized_skill
33695,SEO audits,duplicate_normalized_skill
33700,SEO optimization,duplicate_normalized_skill
33704,SEO writing,duplicate_normalized_skill
33705,SEP,invalid_short_skill
33710,SERVICE AND MAINTENACE OF CAR AND HEAVY EQUIPMENTS,sentence_or_description
33714,SET,invalid_short_skill
33715,SEW,invalid_short_skill
33716,SEZ,invalid_short_skill
33717,SF,invalid_short_skill
33719,SF6,invalid_short_skill
33720,SFA,invalid_short_skill
33721,SFC,invalid_short_skill
33733,SFS,invalid_short_skill
33738,SGW,invalid_short_skill
33739,SHE,invalid_short_skill
33744,SI,invalid_short_skill
33750,SIF,invalid_short_skill
33751,SIL,invalid_short_skill
33754,SIP,invalid_short_skill
33759,SIS,invalid_short_skill
33761,SIT,invalid_short_skill
33765,SL1,invalid_short_skill
33766,SLA,invalid_short_skill
33771,SLA management,duplicate_normalized_skill
33774,SLAs,duplicate_normalized_skill
33775,SLD,invalid_short_skill
33778,SLF,invalid_short_skill
33779,SLI,invalid_short_skill
33781,SLM,invalid_short_skill
33782,SLO,invalid_short_skill
33785,SM,invalid_short_skill
33787,SMB,invalid_short_skill
33788,SMC,invalid_short_skill
33789,SMD,invalid_short_skill
33790,SME,invalid_short_skill
33798,SME banking,duplicate_normalized_skill
33799,SME finance,duplicate_normalized_skill
33800,SME sales,duplicate_normalized_skill
33803,SMF,invalid_short_skill
33805,SMM,invalid_short_skill
33807,SMO,invalid_short_skill
33810,SMS,invalid_short_skill
33814,SMT,invalid_short_skill
33819,SMe,duplicate_normalized_skill
33820,SNF,invalid_short_skill
33825,SNP,invalid_short_skill
33826,SNS,invalid_short_skill
33829,SOA,invalid_short_skill
33843,SOC,invalid_short_skill
33849,SOC Governance & Process Engineer to design and enforce security governance frameworks,sentence_or_description
33855,SOC playbooks,duplicate_normalized_skill
33857,SOC verification,duplicate_normalized_skill
33858,SOD,invalid_short_skill
33859,SOL,invalid_short_skill
33867,SOM,invalid_short_skill
33869,SOP,invalid_short_skill
33874,SOP implementation,duplicate_normalized_skill
33885,SOW,invalid_short_skill
33886,SOX,invalid_short_skill
33892,SOX compliance,duplicate_normalized_skill
33893,SOX controls,duplicate_normalized_skill
33897,SPA,invalid_short_skill
33900,SPC,invalid_short_skill
33908,SPI,invalid_short_skill
33911,SPL,invalid_short_skill
33913,SPM,invalid_short_skill
33917,SPM design,duplicate_normalized_skill
33920,SPO,invalid_short_skill
33923,SPR,invalid_short_skill
33928,SPV,invalid_short_skill
33929,SPX,invalid_short_skill
33930,SPring,duplicate_normalized_skill
33931,SQ,invalid_short_skill
33933,SQA,invalid_short_skill
33935,SQC,invalid_short_skill
33957,SQL Queries,duplicate_normalized_skill
33963,SQL Server,duplicate_normalized_skill
33973,SQL Server administration,duplicate_normalized_skill
33975,SQL Server dba,duplicate_normalized_skill
33985,SQL database,duplicate_normalized_skill
33986,SQL development,duplicate_normalized_skill
33987,SQL queries,duplicate_normalized_skill
33989,SQL scripting,duplicate_normalized_skill
33990,SQL server,duplicate_normalized_skill
33993,SQL/NoSQL,duplicate_normalized_skill
34001,SQM,invalid_short_skill
34002,SQP,invalid_short_skill
34003,SQR,invalid_short_skill
34004,SQS,invalid_short_skill
34005,SQl Server,duplicate_normalized_skill
34006,SR,invalid_short_skill
34015,SRA,invalid_short_skill
34016,SRE,invalid_short_skill
34019,SRM,invalid_short_skill
34020,SRO,invalid_short_skill
34021,SRS,invalid_short_skill
34022,SS,invalid_short_skill
34023,SS7,invalid_short_skill
34024,SSA,invalid_short_skill
34027,SSE,invalid_short_skill
34028,SSF,invalid_short_skill
34029,SSG,invalid_short_skill
34033,SSN,invalid_short_skill
34034,SSO,invalid_short_skill
34035,SSP,invalid_short_skill
34037,SSR,invalid_short_skill
34040,SST,invalid_short_skill
34041,ST,invalid_short_skill
34043,STA,invalid_short_skill
34046,STAAD Pro,duplicate_normalized_skill
34052,STB,invalid_short_skill
34053,STC,invalid_short_skill
34054,STD,invalid_short_skill
34058,STL,invalid_short_skill
34062,STM,invalid_short_skill
34065,STO,invalid_short_skill
34070,STP,invalid_short_skill
34074,STR,invalid_short_skill
34079,SUB,invalid_short_skill
34083,SUM,invalid_short_skill
34085,SUN,invalid_short_skill
34090,SV,invalid_short_skill
34091,SVG,invalid_short_skill
34092,SVM,invalid_short_skill
34093,SVN,invalid_short_skill
34094,SVO,invalid_short_skill
34095,SW,invalid_short_skill
34097,SWG,invalid_short_skill
34104,Sa,invalid_short_skill
34105,SaaS,duplicate_normalized_skill
34108,SaaS Sales,duplicate_normalized_skill
34115,SaaS sales,duplicate_normalized_skill
34116,Saas,duplicate_normalized_skill
34117,Saas Applications,duplicate_normalized_skill
34126,Saas Sales,duplicate_normalized_skill
34130,Sac,duplicate_normalized_skill
34134,Safe,duplicate_normalized_skill
34136,Safety,duplicate_normalized_skill
34173,Safety Training,duplicate_normalized_skill
34176,Safety analysis,duplicate_normalized_skill
34177,Safety and Compliance,duplicate_normalized_skill
34179,Safety audit,duplicate_normalized_skill
34181,Safety engineering,duplicate_normalized_skill
34184,Safety inspection,duplicate_normalized_skill
34185,Safety management,duplicate_normalized_skill
34186,Safety management system,duplicate_normalized_skill
34187,Safety standards,duplicate_normalized_skill
34188,Safety systems,duplicate_normalized_skill
34189,Safety training,duplicate_normalized_skill
34190,Sage,duplicate_normalized_skill
34194,Sagemaker,duplicate_normalized_skill
34200,Sailpoint,duplicate_normalized_skill
34202,Sal,invalid_short_skill
34206,Salary,generic
34214,Salary processing,duplicate_normalized_skill
34215,Sale,duplicate_normalized_skill
34222,Sales,generic
34233,Sales & Marketing,duplicate_normalized_skill
34244,Sales & business development,duplicate_normalized_skill
34264,Sales And Marketing,duplicate_normalized_skill
34279,Sales Cloud,duplicate_normalized_skill
34324,Sales Head,duplicate_normalized_skill
34337,Sales Manager,duplicate_normalized_skill
34345,Sales Mis,duplicate_normalized_skill
34397,Sales Strategy & Business Development Marketing Campaign Planning & Execution Market Research & Competitor Analysis Customer Team Leadership Strong Communication & Networking Willingness to travel to factory and branch locations,sentence_or_description
34407,Sales Target Achievement,duplicate_normalized_skill
34420,Sales accounting,duplicate_normalized_skill
34421,Sales achievement,duplicate_normalized_skill
34422,Sales administration,duplicate_normalized_skill
34423,Sales analysis,duplicate_normalized_skill
34426,Sales and Business Development,duplicate_normalized_skill
34427,Sales and Distribution,duplicate_normalized_skill
34428,Sales and Marketing,duplicate_normalized_skill
34432,Sales and marketing,duplicate_normalized_skill
34434,Sales audit,duplicate_normalized_skill
34435,Sales budgeting,duplicate_normalized_skill
34436,Sales cloud,duplicate_normalized_skill
34437,Sales compliance,duplicate_normalized_skill
34438,Sales consulting,duplicate_normalized_skill
34439,Sales coordination,duplicate_normalized_skill
34442,Sales development,duplicate_normalized_skill
34443,Sales engineering,duplicate_normalized_skill
34444,Sales executive,duplicate_normalized_skill
34445,Sales executive activities,duplicate_normalized_skill
34446,Sales force development,duplicate_normalized_skill
34448,Sales forecasting,duplicate_normalized_skill
34449,Sales growth,duplicate_normalized_skill
34450,Sales initiatives,duplicate_normalized_skill
34453,Sales lead generation,duplicate_normalized_skill
34454,Sales management,duplicate_normalized_skill
34455,Sales manager,duplicate_normalized_skill
34460,Sales officer,duplicate_normalized_skill
34462,Sales operations,duplicate_normalized_skill
34464,Sales planning,duplicate_normalized_skill
34467,Sales process,duplicate_normalized_skill
34469,Sales promoter,duplicate_normalized_skill
34470,Sales promotion,duplicate_normalized_skill
34472,Sales strategy,duplicate_normalized_skill
34473,Sales support,duplicate_normalized_skill
34474,Sales tax,duplicate_normalized_skill
34477,Sales training,duplicate_normalized_skill
34483,Salesforce,duplicate_normalized_skill
34502,Salesforce Cpq,duplicate_normalized_skill
34507,Salesforce Dx,duplicate_normalized_skill
34527,Salesforce Qa,duplicate_normalized_skill
34538,Salesforce architecture,duplicate_normalized_skill
34541,Salesforce commerce Cloud,duplicate_normalized_skill
34547,Salesforce developer,duplicate_normalized_skill
34548,Salesforce development,duplicate_normalized_skill
34549,Salesforce implementation,duplicate_normalized_skill
34550,Salesforce integration,duplicate_normalized_skill
34551,Salesforce marketing,duplicate_normalized_skill
34567,Sam,duplicate_normalized_skill
34586,Sanction Screening,duplicate_normalized_skill
34596,Sanitary ware,duplicate_normalized_skill
34601,Sanity testing,duplicate_normalized_skill
34604,Sap Abap Cloud,duplicate_normalized_skill
34605,Sap Abap Development,duplicate_normalized_skill
34606,Sap Abap Development For Hana,duplicate_normalized_skill
34607,Sap Abap Hana,duplicate_normalized_skill
34611,Sap Analytics Cloud,duplicate_normalized_skill
34613,Sap Ariba,duplicate_normalized_skill
34615,Sap Automation,duplicate_normalized_skill
34617,Sap Bas,duplicate_normalized_skill
34620,Sap Billing,duplicate_normalized_skill
34622,Sap Bods,duplicate_normalized_skill
34623,Sap Brim,duplicate_normalized_skill
34624,Sap Btp,duplicate_normalized_skill
34625,Sap Btp Integration Suite,duplicate_normalized_skill
34629,Sap Businessobjects,duplicate_normalized_skill
34631,Sap C4C,duplicate_normalized_skill
34636,Sap Cloud,duplicate_normalized_skill
34638,Sap Cloud Platform,duplicate_normalized_skill
34642,Sap Copa,duplicate_normalized_skill
34643,Sap Cpi,duplicate_normalized_skill
34644,Sap Cpq,duplicate_normalized_skill
34645,Sap Customer Service,duplicate_normalized_skill
34646,Sap Data Migration,duplicate_normalized_skill
34647,Sap Data Services,duplicate_normalized_skill
34650,Sap Eam,duplicate_normalized_skill
34651,Sap Em,duplicate_normalized_skill
34652,Sap Ewm,duplicate_normalized_skill
34653,Sap Fica,duplicate_normalized_skill
34655,Sap Fico Testing,duplicate_normalized_skill
34656,Sap Fieldglass,duplicate_normalized_skill
34657,Sap Fiori,duplicate_normalized_skill
34658,Sap Fiori Ui5,duplicate_normalized_skill
34660,Sap Fsm,duplicate_normalized_skill
34664,Sap Hana,duplicate_normalized_skill
34669,Sap Hybris,duplicate_normalized_skill
34670,Sap Hybris Commerce,duplicate_normalized_skill
34673,Sap Integration,duplicate_normalized_skill
34674,Sap Is,duplicate_normalized_skill
34677,Sap Knowledge,duplicate_normalized_skill
34678,Sap Le,duplicate_normalized_skill
34681,Sap Logistics Execution,duplicate_normalized_skill
34683,Sap Master Data,duplicate_normalized_skill
34684,Sap Master Data Governance,duplicate_normalized_skill
34685,Sap Master Data Management,education_or_qualification
34686,Sap Material Management,duplicate_normalized_skill
34687,Sap Mdg,duplicate_normalized_skill
34689,Sap Migration,duplicate_normalized_skill
34692,Sap Mm Materials Management,duplicate_normalized_skill
34695,Sap Module,duplicate_normalized_skill
34696,Sap Native Hana,duplicate_normalized_skill
34700,Sap Plant Maintenance,duplicate_normalized_skill
34701,Sap Pp Qm,duplicate_normalized_skill
34703,Sap Presales,duplicate_normalized_skill
34706,Sap QM,duplicate_normalized_skill
34707,Sap Rar,duplicate_normalized_skill
34709,Sap Retail,duplicate_normalized_skill
34711,Sap S Hana,duplicate_normalized_skill
34712,Sap S/4Hana,duplicate_normalized_skill
34715,Sap Sac,duplicate_normalized_skill
34716,Sap Sales And Distribution,duplicate_normalized_skill
34717,Sap Sd Implementation,duplicate_normalized_skill
34724,Sap Success Factor,duplicate_normalized_skill
34725,Sap Successfactors,duplicate_normalized_skill
34726,Sap TRM,duplicate_normalized_skill
34728,Sap Tm,duplicate_normalized_skill
34730,Sap Tpm,duplicate_normalized_skill
34732,Sap Trm,duplicate_normalized_skill
34737,Sap Warehouse Management,duplicate_normalized_skill
34738,Sap abap,duplicate_normalized_skill
34748,Sas,duplicate_normalized_skill
34751,Sas Visual Analytics,duplicate_normalized_skill
34752,Sas Viya,duplicate_normalized_skill
34753,Sas di,duplicate_normalized_skill
34757,Sast,duplicate_normalized_skill
34763,Saving account,duplicate_normalized_skill
34768,Saw,duplicate_normalized_skill
34769,Sbc,invalid_short_skill
34770,Scada,duplicate_normalized_skill
34773,Scada Programming,duplicate_normalized_skill
34776,Scala,duplicate_normalized_skill
34795,Sccm Infrastructure,duplicate_normalized_skill
34853,School administration,duplicate_normalized_skill
34855,School finance,duplicate_normalized_skill
34856,School funding,duplicate_normalized_skill
34857,School loan,duplicate_normalized_skill
34858,School management,duplicate_normalized_skill
34860,School principal,duplicate_normalized_skill
34861,Sci,invalid_short_skill
34867,Science teaching,duplicate_normalized_skill
34869,Sciencelogic,duplicate_normalized_skill
34879,Scifinder,duplicate_normalized_skill
34888,Scope management,duplicate_normalized_skill
34907,Screw conveyor,duplicate_normalized_skill
34913,Script writing,duplicate_normalized_skill
34925,Scrum,duplicate_normalized_skill
34929,Scrum Master,education_or_qualification
34934,Scrum master,duplicate_normalized_skill
34938,Scv,invalid_short_skill
34939,Sde,invalid_short_skill
34944,Sdr,invalid_short_skill
34946,Sdwan,duplicate_normalized_skill
34948,Sea Freight,duplicate_normalized_skill
34951,Sea freight,duplicate_normalized_skill
34964,Search engine,duplicate_normalized_skill
34965,Search engine marketing,duplicate_normalized_skill
34966,Search engine optimization,duplicate_normalized_skill
34978,Sebi Compliance,duplicate_normalized_skill
34979,Sebi Regulations,duplicate_normalized_skill
34995,Secondary research,duplicate_normalized_skill
34996,Secondary sales,duplicate_normalized_skill
34997,Secops,duplicate_normalized_skill
35004,Secretarial activities,duplicate_normalized_skill
35068,Security Officer,duplicate_normalized_skill
35090,Security analysis,duplicate_normalized_skill
35092,Security audit,duplicate_normalized_skill
35093,Security consulting,duplicate_normalized_skill
35097,Security management,duplicate_normalized_skill
35098,Security monitoring,duplicate_normalized_skill
35099,Security officer,duplicate_normalized_skill
35100,Security operation,duplicate_normalized_skill
35101,Security operations,duplicate_normalized_skill
35103,Security services,duplicate_normalized_skill
35104,Security systems,duplicate_normalized_skill
35105,Security testing,duplicate_normalized_skill
35112,Seed production,duplicate_normalized_skill
35127,Selection process,duplicate_normalized_skill
35148,Selenium Webdriver,duplicate_normalized_skill
35155,Sell IT Infrastructure services / Cloud Services / IT Security Services /Software Services,sentence_or_description
35157,Sell Side,duplicate_normalized_skill
35160,Selling,generic
35165,Selling knowledge of heavy line of construction equipments,experience_or_description_phrase
35166,Sem / Seo,duplicate_normalized_skill
35172,Semi Ca,duplicate_normalized_skill
35177,Semi qualified CA,duplicate_normalized_skill
35178,Semi voice,duplicate_normalized_skill
35184,Semrush,duplicate_normalized_skill
35185,Sen,invalid_short_skill
35187,Senior,generic
35255,Senior Manager,duplicate_normalized_skill
35282,Senior Qa,duplicate_normalized_skill
35289,Senior Resident,duplicate_normalized_skill
35312,Senior SEO executive,duplicate_normalized_skill
35342,Senior management,duplicate_normalized_skill
35343,Senior manager,duplicate_normalized_skill
35344,Senior merchandiser,duplicate_normalized_skill
35345,Senior resident,duplicate_normalized_skill
35348,Senior steward,duplicate_normalized_skill
35362,Seo Content,duplicate_normalized_skill
35364,Seo Marketing,duplicate_normalized_skill
35366,Seo Tools,duplicate_normalized_skill
35367,Seo sales,duplicate_normalized_skill
35376,Server,duplicate_normalized_skill
35388,Server Side Development,duplicate_normalized_skill
35390,Server administration,duplicate_normalized_skill
35392,Server management,duplicate_normalized_skill
35394,Server support,duplicate_normalized_skill
35398,Service,generic
35408,Service Cloud,duplicate_normalized_skill
35420,Service Delivery management,duplicate_normalized_skill
35480,Service assurance,duplicate_normalized_skill
35482,Service cloud,duplicate_normalized_skill
35483,Service contracts,duplicate_normalized_skill
35484,Service delivery,duplicate_normalized_skill
35485,Service delivery management,duplicate_normalized_skill
35486,Service desk,duplicate_normalized_skill
35487,Service desk management,duplicate_normalized_skill
35488,Service engineer,duplicate_normalized_skill
35489,Service engineering,duplicate_normalized_skill
35490,Service excellence,duplicate_normalized_skill
35491,Service excellence management,duplicate_normalized_skill
35492,Service industry,duplicate_normalized_skill
35493,Service level,duplicate_normalized_skill
35495,Service management,duplicate_normalized_skill
35496,Service marketing,duplicate_normalized_skill
35497,Service now,duplicate_normalized_skill
35499,Service now developer,duplicate_normalized_skill
35501,Service operations,duplicate_normalized_skill
35502,Service operations management,duplicate_normalized_skill
35503,Service quality,duplicate_normalized_skill
35504,Service request management,duplicate_normalized_skill
35505,Service sales,duplicate_normalized_skill
35506,Service tax,duplicate_normalized_skill
35512,ServiceNow APM,duplicate_normalized_skill
35546,ServiceNow architecture,duplicate_normalized_skill
35547,ServiceNow developer,duplicate_normalized_skill
35554,Servicenow,duplicate_normalized_skill
35556,Servicenow Architect,duplicate_normalized_skill
35557,Servicenow Developer,duplicate_normalized_skill
35558,Servicenow Development,duplicate_normalized_skill
35560,Servicenow HRSD,duplicate_normalized_skill
35562,Servicenow ITOM,duplicate_normalized_skill
35563,Servicenow ITOM Developer,duplicate_normalized_skill
35564,Servicenow ITSM,duplicate_normalized_skill
35566,Servicenow Itsm,duplicate_normalized_skill
35567,Servicenow Lead,duplicate_normalized_skill
35568,Servicenow Platform,duplicate_normalized_skill
35574,Servicenow developer,duplicate_normalized_skill
35587,Servo drives,duplicate_normalized_skill
35588,Servo motors,duplicate_normalized_skill
35590,Ses,invalid_short_skill
35592,Set,duplicate_normalized_skill
35607,Sewage treatment,duplicate_normalized_skill
35616,Sfdc Testing,duplicate_normalized_skill
35617,Sfe,invalid_short_skill
35618,Sfmc,duplicate_normalized_skill
35619,Sfra,duplicate_normalized_skill
35620,Sftp,duplicate_normalized_skill
35631,Share market,duplicate_normalized_skill
35640,Sharepoint,duplicate_normalized_skill
35654,Sharepoint development,duplicate_normalized_skill
35655,Sharepoint online,duplicate_normalized_skill
35659,She,duplicate_normalized_skill
35672,Sheet metal,duplicate_normalized_skill
35674,Sheet metal design,duplicate_normalized_skill
35675,Sheet metal parts,duplicate_normalized_skill
35678,Sheetmetal,duplicate_normalized_skill
35681,Shell,duplicate_normalized_skill
35691,Shell scripting,duplicate_normalized_skill
35694,Shift,generic
35709,Shift handling,duplicate_normalized_skill
35710,Shift management,duplicate_normalized_skill
35711,Shift supervisor,duplicate_normalized_skill
35729,Shipping line,duplicate_normalized_skill
35746,Shop floor,duplicate_normalized_skill
35747,Shop floor management,duplicate_normalized_skill
35771,Should Have A Good & Friendly Personality,experience_or_description_phrase
35772,Should Have Knowledge of Micro-Finance Industry,experience_or_description_phrase
35773,Should be able to interact with Project Manager for drawing clarification and follow up is required,experience_or_description_phrase
35774,Should be able to make 3D rendering A+ videos,sentence_or_description
35775,Should have 2+ Yrs of Team handling experience,experience_or_description_phrase
35783,Showroom management,duplicate_normalized_skill
35784,Showroom sales,duplicate_normalized_skill
35791,Siam,duplicate_normalized_skill
35792,Sic,invalid_short_skill
35802,Siebel designer,duplicate_normalized_skill
35813,Siemens NX,duplicate_normalized_skill
35814,Siemens Nx,duplicate_normalized_skill
35832,Signal integrity,duplicate_normalized_skill
35833,Signal processing,duplicate_normalized_skill
35855,Single line diagram,duplicate_normalized_skill
35862,Site,generic
35902,Site Supervision,duplicate_normalized_skill
35913,Site coordination,duplicate_normalized_skill
35914,Site engineer,duplicate_normalized_skill
35915,Site engineering,duplicate_normalized_skill
35916,Site execution,duplicate_normalized_skill
35918,Site management,duplicate_normalized_skill
35920,Site monitoring,duplicate_normalized_skill
35921,Site planning,duplicate_normalized_skill
35922,Site selection,duplicate_normalized_skill
35923,Site supervision,duplicate_normalized_skill
35924,Site supervisor,duplicate_normalized_skill
35936,Six,invalid_short_skill
35943,Six Sigma Master Black Belt,education_or_qualification
35944,Six sigma,duplicate_normalized_skill
35945,Six sigma green belt,duplicate_normalized_skill
35954,Sketchup,duplicate_normalized_skill
35968,Skill development,duplicate_normalized_skill
35970,Skills Required Soft skills and excellent communication Knowledge of logistics and the warehousing industry MS Excel & MS Word and E Mail Communication Skills,experience_or_description_phrase
35978,Skype for Business,duplicate_normalized_skill
35982,Sldc,duplicate_normalized_skill
35985,Sling,duplicate_normalized_skill
35992,Sm,duplicate_normalized_skill
36018,Smart forms,duplicate_normalized_skill
36024,Smartcomm,duplicate_normalized_skill
36025,Smartforms,duplicate_normalized_skill
36033,Sme Lending,duplicate_normalized_skill
36038,Smoke testing,duplicate_normalized_skill
36040,Smpe,duplicate_normalized_skill
36041,Sms Marketing,duplicate_normalized_skill
36043,Smt Process,duplicate_normalized_skill
36054,Snow,duplicate_normalized_skill
36073,Snowflake Db,duplicate_normalized_skill
36082,Snowflake architecture,duplicate_normalized_skill
36085,Snowflake data engineer,duplicate_normalized_skill
36088,Snowpro,duplicate_normalized_skill
36091,Sns,duplicate_normalized_skill
36092,SoC,duplicate_normalized_skill
36093,SoX advisory,duplicate_normalized_skill
36094,Soap,duplicate_normalized_skill
36097,Soap Services,duplicate_normalized_skill
36098,Soar,duplicate_normalized_skill
36135,Social Media analytics,duplicate_normalized_skill
36136,Social Media management,duplicate_normalized_skill
36147,Social Studies teacher,duplicate_normalized_skill
36150,Social media,duplicate_normalized_skill
36151,Social media analytics,duplicate_normalized_skill
36155,Social media management,duplicate_normalized_skill
36156,Social media marketing,duplicate_normalized_skill
36157,Social networking,duplicate_normalized_skill
36159,Social science,duplicate_normalized_skill
36160,Social service,duplicate_normalized_skill
36164,Sociology Post graduate Teacher,education_or_qualification
36167,Socket programming,duplicate_normalized_skill
36183,Soft Skills training,duplicate_normalized_skill
36187,Soft skills,duplicate_normalized_skill
36188,Soft skills training,duplicate_normalized_skill
36245,Software Qa Methodologies,duplicate_normalized_skill
36271,Software configuration management,duplicate_normalized_skill
36272,Software design,duplicate_normalized_skill
36273,Software developer,duplicate_normalized_skill
36274,Software development,duplicate_normalized_skill
36275,Software development life cycle,duplicate_normalized_skill
36276,Software development methodologies,duplicate_normalized_skill
36277,Software engineering,duplicate_normalized_skill
36278,Software implementation,duplicate_normalized_skill
36279,Software installation,duplicate_normalized_skill
36281,Software packages,duplicate_normalized_skill
36283,Software product development,duplicate_normalized_skill
36284,Software product management,duplicate_normalized_skill
36287,Software quality assurance,duplicate_normalized_skill
36288,Software sales,duplicate_normalized_skill
36289,Software services,duplicate_normalized_skill
36291,Software solutions,duplicate_normalized_skill
36292,Software support,duplicate_normalized_skill
36293,Software testing,duplicate_normalized_skill
36294,Software testing life cycle,duplicate_normalized_skill
36296,Soh,invalid_short_skill
36337,Solar Pv,duplicate_normalized_skill
36345,Solar energy,duplicate_normalized_skill
36346,Solar epc,duplicate_normalized_skill
36347,Solar plant,duplicate_normalized_skill
36348,Solar thermal,duplicate_normalized_skill
36351,Solarwinds,duplicate_normalized_skill
36356,Solid,duplicate_normalized_skill
36360,Solid Principals,duplicate_normalized_skill
36362,Solid Principles,duplicate_normalized_skill
36367,Solid edge,duplicate_normalized_skill
36368,Solid experience in 4G/5G,experience_or_description_phrase
36369,Solid mechanics,duplicate_normalized_skill
36371,Solid orals,duplicate_normalized_skill
36372,Solid waste management,duplicate_normalized_skill
36374,Solid works,duplicate_normalized_skill
36379,Solidwork,duplicate_normalized_skill
36380,Solidworks,duplicate_normalized_skill
36391,Solution Architect,duplicate_normalized_skill
36414,Solution architect,duplicate_normalized_skill
36415,Solution architecting,duplicate_normalized_skill
36416,Solution architecture,duplicate_normalized_skill
36417,Solution consulting,duplicate_normalized_skill
36418,Solution delivery,duplicate_normalized_skill
36419,Solution design,duplicate_normalized_skill
36420,Solution development,duplicate_normalized_skill
36421,Solution management,duplicate_normalized_skill
36422,Solution sales,duplicate_normalized_skill
36423,Solution selling,duplicate_normalized_skill
36434,Solvent recovery,duplicate_normalized_skill
36436,Som,duplicate_normalized_skill
36437,Sonar,duplicate_normalized_skill
36440,Sonarqube,duplicate_normalized_skill
36448,Sop Preparation,duplicate_normalized_skill
36450,Sop preparation,duplicate_normalized_skill
36454,Soql,duplicate_normalized_skill
36457,Sos,invalid_short_skill
36458,Sosl,duplicate_normalized_skill
36463,Sound knowledge of API,experience_or_description_phrase
36464,Sound knowledge of NMC Norms & Academic Regulations,experience_or_description_phrase
36465,Sound knowledge of US Residential mortgage,experience_or_description_phrase
36477,Sourcing,duplicate_normalized_skill
36489,Sourcing manager,duplicate_normalized_skill
36493,Sourcing profiles,duplicate_normalized_skill
36506,Sox Controls,duplicate_normalized_skill
36518,Space management,duplicate_normalized_skill
36519,Space selling,duplicate_normalized_skill
36535,Spanish sales,duplicate_normalized_skill
36537,Spanish travel sales,duplicate_normalized_skill
36547,Spare parts,duplicate_normalized_skill
36554,Spares management,duplicate_normalized_skill
36555,Spares planning,duplicate_normalized_skill
36565,Speaking skills,duplicate_normalized_skill
36576,Special Process,duplicate_normalized_skill
36580,Special educator,duplicate_normalized_skill
36582,Special purpose machines,duplicate_normalized_skill
36610,Spend analysis,duplicate_normalized_skill
36613,Spf,invalid_short_skill
36614,Spfx,duplicate_normalized_skill
36616,Spi,duplicate_normalized_skill
36629,Splunk,duplicate_normalized_skill
36634,Splunk Es,duplicate_normalized_skill
36639,Spm,duplicate_normalized_skill
36644,Spoken english,duplicate_normalized_skill
36671,Sports teacher,duplicate_normalized_skill
36678,Spp,invalid_short_skill
36684,Spring,duplicate_normalized_skill
36686,Spring Boot,duplicate_normalized_skill
36689,Spring Boot framework,duplicate_normalized_skill
36696,Spring Frameworks with micro Services and Web Services,sentence_or_description
36702,Spring Mvc,duplicate_normalized_skill
36705,Spring boot,duplicate_normalized_skill
36707,Spring framework,duplicate_normalized_skill
36708,Spring mvc,duplicate_normalized_skill
36709,Spring webflux,duplicate_normalized_skill
36710,SpringBoot,duplicate_normalized_skill
36712,Springboot,duplicate_normalized_skill
36720,Sqe,invalid_short_skill
36725,Sql Developer,duplicate_normalized_skill
36728,Sql Optimization,duplicate_normalized_skill
36735,Sql Server,duplicate_normalized_skill
36738,Sqlalchemy,duplicate_normalized_skill
36739,Sqlite,duplicate_normalized_skill
36741,Sqlrpgle,duplicate_normalized_skill
36755,Sr Technical Sales executive,duplicate_normalized_skill
36758,Sr relationship manager,duplicate_normalized_skill
36761,Sr technical sales,duplicate_normalized_skill
36762,Sr technical sales executive,duplicate_normalized_skill
36779,Sre,duplicate_normalized_skill
36780,Srs,duplicate_normalized_skill
36782,Ss,duplicate_normalized_skill
36783,Ssa,duplicate_normalized_skill
36784,Ssd,invalid_short_skill
36785,Sse,duplicate_normalized_skill
36788,Sst,duplicate_normalized_skill
36789,Sta,duplicate_normalized_skill
36790,Staad,duplicate_normalized_skill
36791,Staad Pro,duplicate_normalized_skill
36794,Stability studies,duplicate_normalized_skill
36809,Staff Nurse,duplicate_normalized_skill
36816,Staff augmentation,duplicate_normalized_skill
36819,Staff management,duplicate_normalized_skill
36820,Staff nurse,duplicate_normalized_skill
36821,Staff training,duplicate_normalized_skill
36831,Staffing business / Manpower Contract / NAPS / NEEM Service Provider / NTTF,sentence_or_description
36832,Staffing operations,duplicate_normalized_skill
36835,Stakeholder,generic
36846,Stakeholder management,duplicate_normalized_skill
36861,Standard costing,duplicate_normalized_skill
36863,Standard room,duplicate_normalized_skill
36918,Statistical modeling,duplicate_normalized_skill
36919,Statistical process control,duplicate_normalized_skill
36920,Statistical programming,duplicate_normalized_skill
36939,Statutory audit,duplicate_normalized_skill
36940,Statutory compliance,duplicate_normalized_skill
36941,Statutory compliances,duplicate_normalized_skill
36943,Statutory reporting,duplicate_normalized_skill
36944,Stay updated on the latest trends and offerings in the publishing industry to effectively communicate and sell our products and services. Conduct market research to identify potential clients,sentence_or_description
36945,Stay uptodate with changing HR laws & regulations,sentence_or_description
36976,Steel manufacturing,duplicate_normalized_skill
36977,Steel plant,duplicate_normalized_skill
36994,Stibo,duplicate_normalized_skill
37025,Stock audit,duplicate_normalized_skill
37026,Stock broking,duplicate_normalized_skill
37027,Stock control,duplicate_normalized_skill
37028,Stock exchange,duplicate_normalized_skill
37029,Stock management,duplicate_normalized_skill
37030,Stock market,duplicate_normalized_skill
37031,Stock replenishment,duplicate_normalized_skill
37032,Stock valuation,duplicate_normalized_skill
37035,Storage,duplicate_normalized_skill
37041,Storage management,duplicate_normalized_skill
37042,Store,duplicate_normalized_skill
37059,Store Manager or Store Executive or Sales or Sales Executive or Sales Manager or BDE or ASM or Field Sales or Inside Sales,sentence_or_description
37071,Store handling,duplicate_normalized_skill
37072,Store keeper,duplicate_normalized_skill
37073,Store keeping,duplicate_normalized_skill
37074,Store management,duplicate_normalized_skill
37076,Store operations,duplicate_normalized_skill
37077,Store planning,duplicate_normalized_skill
37079,Store supervision,duplicate_normalized_skill
37082,Stored procedures,duplicate_normalized_skill
37093,Stores executive,duplicate_normalized_skill
37094,Stores maintenance,duplicate_normalized_skill
37095,Stores management,duplicate_normalized_skill
37098,Storm water drainage,duplicate_normalized_skill
37166,Strategic account management,duplicate_normalized_skill
37167,Strategic alliances,duplicate_normalized_skill
37168,Strategic business planning,duplicate_normalized_skill
37170,Strategic leadership,duplicate_normalized_skill
37171,Strategic management,duplicate_normalized_skill
37173,Strategic marketing,duplicate_normalized_skill
37174,Strategic partnerships,duplicate_normalized_skill
37175,Strategic planning,duplicate_normalized_skill
37177,Strategic sales planning,duplicate_normalized_skill
37178,Strategic sourcing,duplicate_normalized_skill
37179,Strategic thinking,duplicate_normalized_skill
37195,Strategy consulting,duplicate_normalized_skill
37196,Strategy development,duplicate_normalized_skill
37197,Strategy formulation,duplicate_normalized_skill
37206,Streamlining document exchange with clients & supply chains,sentence_or_description
37215,Stress analysis,duplicate_normalized_skill
37216,Stress management,duplicate_normalized_skill
37217,Stress testing,duplicate_normalized_skill
37222,Strong,generic
37233,Strong Microsoft Active Directory and O365 management skills,sentence_or_description
37249,Strong communication and liaison skills with government authorities,sentence_or_description
37252,Strong communication and presentation skills. Ability to work independently with a solution-selling mindset. Understanding of lubricants and their industrial applications. Willingness to travel extensively within the assigned territory,experience_or_description_phrase
37254,Strong communication skills,duplicate_normalized_skill
37256,Strong convincing and counseling ability. Pleasant personality with student-friendly attitude. Good organizational and multitasking skills. Proficiency in MS Office & basic computer knowledge,sentence_or_description
37260,Strong english communication,duplicate_normalized_skill
37261,Strong experience with lead gen campaigns on Google and LinkedIn,experience_or_description_phrase
37263,Strong grip on drone navigation and trouble shooting,sentence_or_description
37264,Strong interest in Artificial Intelligence Strong proficiency with of PHP web frameworks,sentence_or_description
37268,Strong knowledge of Accounting,experience_or_description_phrase
37269,Strong knowledge of MS office,experience_or_description_phrase
37270,Strong knowledge of North & international travel destinations Excellent communication and customer service skills Ability to plan and organize customized travel itineraries Sales and negotiation skills Team player with a positive attitude,experience_or_description_phrase
37271,Strong knowledge of US immigration policies,experience_or_description_phrase
37272,Strong knowledge of Windows and/or Linux operating systems,experience_or_description_phrase
37273,Strong knowledge of accounting software and MS Excel. Excellent analytical and organizational skills. Knowledge of tax laws,experience_or_description_phrase
37274,Strong knowledge of boiler parts,experience_or_description_phrase
37275,Strong knowledge of government procurement,experience_or_description_phrase
37276,Strong knowledge of harness aggregates,experience_or_description_phrase
37277,Strong knowledge of inventory management,experience_or_description_phrase
37278,Strong knowledge of material specifications and testing procedures,experience_or_description_phrase
37279,Strong knowledge of pumps,experience_or_description_phrase
37280,Strong knowledge of recruitment for facility management roles,experience_or_description_phrase
37281,Strong knowledge of tally prime,experience_or_description_phrase
37282,Strong knowledge of the HoReCa industry and customer base. Excellent negotiation and relationship management skills. Strong business acumen with data-driven decision-making,experience_or_description_phrase
37283,Strong knowledge of warehouse management,experience_or_description_phrase
37286,Strong leadership,duplicate_normalized_skill
37288,Strong leadership and negotiation abilities. Excellent communication and presentation skills. Proficiency in CRM tools and data-driven decision-making. Good understanding of EV technology,sentence_or_description
37290,Strong negotiation and vendor management skills Good understanding of chilli varieties,sentence_or_description
37291,Strong network of local transporters and vehicle owners,sentence_or_description
37294,Strong problem-solving abilities and Comfortable with making phone,sentence_or_description
37295,Strong problem-solving skills and ability to make decisions under pressure,experience_or_description_phrase
37298,Strong sales and negotiation skills with a demonstrated ability to meet and exceed sales targets,experience_or_description_phrase
37301,Strong understanding of DGCA CAR related to Flight Crew Licensing & Training,sentence_or_description
37302,Strong understanding of Finance module in ERP system. Familiarity with financial processes,sentence_or_description
37308,Strong understanding of labor laws and statutory compliance,sentence_or_description
37310,Strong verbal and written communication skills in English,sentence_or_description
37329,Structural design,duplicate_normalized_skill
37330,Structural engineering,duplicate_normalized_skill
37331,Structural fabrication,duplicate_normalized_skill
37347,Structured finance,duplicate_normalized_skill
37375,Student counseling,duplicate_normalized_skill
37386,Sub editing,duplicate_normalized_skill
37398,Subject matter expertise,duplicate_normalized_skill
37411,Substation automation,duplicate_normalized_skill
37418,Successfactors,duplicate_normalized_skill
37421,Succession planning,duplicate_normalized_skill
37423,Sugam,duplicate_normalized_skill
37437,Sun,duplicate_normalized_skill
37480,Supplier audit,duplicate_normalized_skill
37481,Supplier development,duplicate_normalized_skill
37482,Supplier management,duplicate_normalized_skill
37483,Supplier quality,duplicate_normalized_skill
37484,Supplier quality assurance,duplicate_normalized_skill
37485,Supplier quality management,duplicate_normalized_skill
37486,Supplier relationship management,duplicate_normalized_skill
37487,Supplier selection,duplicate_normalized_skill
37512,Supply Chain management,duplicate_normalized_skill
37518,Supply chain,duplicate_normalized_skill
37519,Supply chain Management,duplicate_normalized_skill
37520,Supply chain Operations,duplicate_normalized_skill
37521,Supply chain consulting,duplicate_normalized_skill
37522,Supply chain coordination,duplicate_normalized_skill
37523,Supply chain management,duplicate_normalized_skill
37524,Supply chain operations,duplicate_normalized_skill
37525,Supply chain planning,duplicate_normalized_skill
37526,Supply chain solutions,duplicate_normalized_skill
37528,Supply planning,duplicate_normalized_skill
37530,Support,generic
37548,Support services,duplicate_normalized_skill
37550,Surat. Candidate with minimum 5 yrs relevant experience. Person will be incharge of all ICD operation including transportation,experience_or_description_phrase
37569,Surgery coding,duplicate_normalized_skill
37574,Surgical Gastroenterologist,duplicate_normalized_skill
37608,Sustainable development,duplicate_normalized_skill
37610,Sv,duplicate_normalized_skill
37622,Swift,duplicate_normalized_skill
37626,Swift Ui,duplicate_normalized_skill
37639,Switches,duplicate_normalized_skill
37650,Swot analysis,duplicate_normalized_skill
37651,Sxa,invalid_short_skill
37653,Sybase,duplicate_normalized_skill
37668,Syniti,duplicate_normalized_skill
37683,Sysml,duplicate_normalized_skill
37684,System,generic
37739,System administration,duplicate_normalized_skill
37741,System analysis,duplicate_normalized_skill
37743,System architecture,duplicate_normalized_skill
37744,System audit,duplicate_normalized_skill
37745,System design,duplicate_normalized_skill
37746,System development,duplicate_normalized_skill
37747,System engineering,duplicate_normalized_skill
37748,System implementation,duplicate_normalized_skill
37749,System integration,duplicate_normalized_skill
37750,System integration testing,duplicate_normalized_skill
37751,System maintenance,duplicate_normalized_skill
37753,System monitoring,duplicate_normalized_skill
37754,System programming,duplicate_normalized_skill
37755,System security,duplicate_normalized_skill
37757,System support,duplicate_normalized_skill
37758,System testing,duplicate_normalized_skill
37759,System troubleshooting,duplicate_normalized_skill
37761,System verilog,duplicate_normalized_skill
37764,Systems,generic
37777,T,invalid_short_skill
37782,T1,invalid_short_skill
37783,T24,invalid_short_skill
37786,TA,invalid_short_skill
37793,TAL,invalid_short_skill
37797,TAM,invalid_short_skill
37798,TAO,invalid_short_skill
37799,TAP,invalid_short_skill
37802,TAS,invalid_short_skill
37804,TAT,invalid_short_skill
37806,TAX,invalid_short_skill
37809,TAX Compliance,duplicate_normalized_skill
37811,TAxation,duplicate_normalized_skill
37812,TB,invalid_short_skill
37813,TBA,invalid_short_skill
37816,TBM,invalid_short_skill
37817,TBR,invalid_short_skill
37819,TCE,invalid_short_skill
37820,TCF,invalid_short_skill
37821,TCL,invalid_short_skill
37822,TCO,invalid_short_skill
37826,TCS,invalid_short_skill
37828,TCU,invalid_short_skill
37831,TDD,invalid_short_skill
37832,TDM,invalid_short_skill
37834,TDS,invalid_short_skill
37850,TDS reconciliations and preparing data for tax assessments and audits,sentence_or_description
37851,TDS return filing,duplicate_normalized_skill
37852,TE,invalid_short_skill
37876,TFE,invalid_short_skill
37878,TFS,invalid_short_skill
37879,TGT,invalid_short_skill
37898,TGT english,duplicate_normalized_skill
37899,THE CANDIDATE SHOULD BE AN APPROVED DOCTOR BY THE DIRECTORATE GENERAL OF SHIPPING,sentence_or_description
37901,TI,invalid_short_skill
37907,TIF,invalid_short_skill
37908,TIG,invalid_short_skill
37911,TIS,invalid_short_skill
37914,TL,invalid_short_skill
37915,TL 9000,numeric_or_code_noise
37919,TL9000,numeric_or_code_noise
37920,TLC,invalid_short_skill
37921,TLM,invalid_short_skill
37926,TLM developer,duplicate_normalized_skill
37927,TM,invalid_short_skill
37928,TM1,invalid_short_skill
37932,TMS,invalid_short_skill
37933,TMT,invalid_short_skill
37935,TNA,invalid_short_skill
37936,TNI,invalid_short_skill
37938,TOC,invalid_short_skill
37939,TOD,invalid_short_skill
37940,TOE,invalid_short_skill
37944,TOM,invalid_short_skill
37962,TPA,invalid_short_skill
37967,TPC,invalid_short_skill
37968,TPF,invalid_short_skill
37971,TPH,invalid_short_skill
37972,TPL,invalid_short_skill
37973,TPM,invalid_short_skill
37975,TPO,invalid_short_skill
37976,TPP,invalid_short_skill
37978,TPS,invalid_short_skill
37979,TPT,invalid_short_skill
37980,TQM,invalid_short_skill
37984,TRAINEE,generic
37989,TRC,invalid_short_skill
37995,TS,invalid_short_skill
37996,TS 16949,numeric_or_code_noise
37999,TSC,invalid_short_skill
38000,TSD,invalid_short_skill
38001,TSE,invalid_short_skill
38003,TSI,invalid_short_skill
38004,TSM,invalid_short_skill
38005,TSO,invalid_short_skill
38007,TTD,invalid_short_skill
38009,TTT,invalid_short_skill
38011,TV,invalid_short_skill
38014,TW,invalid_short_skill
38015,TWS,invalid_short_skill
38037,Tablet coating,duplicate_normalized_skill
38043,Tac,invalid_short_skill
38055,Tailwind Css,duplicate_normalized_skill
38080,Talent acquisition,duplicate_normalized_skill
38083,Talent development,duplicate_normalized_skill
38084,Talent management,duplicate_normalized_skill
38085,Talent sourcing,duplicate_normalized_skill
38090,Tally,duplicate_normalized_skill
38092,Tally ERP,duplicate_normalized_skill
38101,Tally software,duplicate_normalized_skill
38110,Tamil speaking,duplicate_normalized_skill
38118,Tap,duplicate_normalized_skill
38125,Target,generic
38134,Target planning,duplicate_normalized_skill
38137,Target-driven with a proven track record in sales,sentence_or_description
38144,Tasc,duplicate_normalized_skill
38151,Taskus,duplicate_normalized_skill
38153,Tax,duplicate_normalized_skill
38164,Tax Compliance,duplicate_normalized_skill
38188,Tax audit,duplicate_normalized_skill
38189,Tax calculation,duplicate_normalized_skill
38195,Tax invoice,duplicate_normalized_skill
38197,Tax lien,duplicate_normalized_skill
38198,Tax management,duplicate_normalized_skill
38199,Tax planning,duplicate_normalized_skill
38201,Tax reporting,duplicate_normalized_skill
38203,Tax returns,duplicate_normalized_skill
38208,Taxation,duplicate_normalized_skill
38213,Tcl,duplicate_normalized_skill
38217,Tcr,invalid_short_skill
38219,Tdl,invalid_short_skill
38220,Tds Filing,duplicate_normalized_skill
38225,Tea,invalid_short_skill
38228,Teacher,duplicate_normalized_skill
38233,Teacher Job Opening for Primary Level and Middle School at Ahmednagar,sentence_or_description
38253,Teaching english,duplicate_normalized_skill
38255,Teaching mathematics,duplicate_normalized_skill
38283,Team Leader,duplicate_normalized_skill
38308,Team Manager,duplicate_normalized_skill
38314,Team Skills,duplicate_normalized_skill
38321,Team building,duplicate_normalized_skill
38322,Team coach,duplicate_normalized_skill
38323,Team coaching,duplicate_normalized_skill
38325,Team coordination,duplicate_normalized_skill
38327,Team development,duplicate_normalized_skill
38330,Team handling,duplicate_normalized_skill
38331,Team lead,duplicate_normalized_skill
38332,Team leader,duplicate_normalized_skill
38334,Team leadership,duplicate_normalized_skill
38336,Team leading,duplicate_normalized_skill
38338,Team management,duplicate_normalized_skill
38339,Team manager,duplicate_normalized_skill
38340,Team motivation,duplicate_normalized_skill
38341,Team operations,duplicate_normalized_skill
38343,Team player,duplicate_normalized_skill
38344,Team skills,duplicate_normalized_skill
38345,Team supervision,duplicate_normalized_skill
38346,Team work,duplicate_normalized_skill
38355,Teamcenter engineering,duplicate_normalized_skill
38359,Teamwork,duplicate_normalized_skill
38379,Tech sales,duplicate_normalized_skill
38385,Tech support,duplicate_normalized_skill
38445,Technical Lead - Java development and cloud-native technologies,sentence_or_description
38453,Technical Marketing,duplicate_normalized_skill
38499,Technical Support,duplicate_normalized_skill
38526,Technical analysis,duplicate_normalized_skill
38527,Technical architecture,duplicate_normalized_skill
38530,Technical consultant,duplicate_normalized_skill
38531,Technical design,duplicate_normalized_skill
38532,Technical documentation,duplicate_normalized_skill
38533,Technical drawings,duplicate_normalized_skill
38534,Technical evaluation,duplicate_normalized_skill
38537,Technical head,duplicate_normalized_skill
38538,Technical helpdesk,duplicate_normalized_skill
38539,Technical knowledge,duplicate_normalized_skill
38541,Technical lead,duplicate_normalized_skill
38542,Technical leadership,duplicate_normalized_skill
38543,Technical management,duplicate_normalized_skill
38544,Technical manager,duplicate_normalized_skill
38545,Technical marketing,duplicate_normalized_skill
38546,Technical operations,duplicate_normalized_skill
38547,Technical process,duplicate_normalized_skill
38548,Technical recruitment,duplicate_normalized_skill
38549,Technical sales,duplicate_normalized_skill
38552,Technical sales executive,duplicate_normalized_skill
38553,Technical sales executive-9720754072,duplicate_normalized_skill
38554,Technical sales officer,duplicate_normalized_skill
38556,Technical sales ppc calls,duplicate_normalized_skill
38557,Technical sales support,duplicate_normalized_skill
38558,Technical services,duplicate_normalized_skill
38559,Technical skills,duplicate_normalized_skill
38562,Technical specifications,duplicate_normalized_skill
38563,Technical support,duplicate_normalized_skill
38564,Technical training,duplicate_normalized_skill
38566,Technical writing,duplicate_normalized_skill
38568,Technician,duplicate_normalized_skill
38576,Techno functional,duplicate_normalized_skill
38608,Technology consulting,duplicate_normalized_skill
38613,Technology solutions,duplicate_normalized_skill
38614,Technology transfer,duplicate_normalized_skill
38615,Tedds,duplicate_normalized_skill
38616,Tee,invalid_short_skill
38627,Tekla structures,duplicate_normalized_skill
38639,Tele calling,duplicate_normalized_skill
38641,Tele sales executive,duplicate_normalized_skill
38647,Telecalling,duplicate_normalized_skill
38649,Telecalling executive,duplicate_normalized_skill
38654,Telecom Bss,duplicate_normalized_skill
38665,Telecom engineering,duplicate_normalized_skill
38666,Telecom sales,duplicate_normalized_skill
38667,Telecom software development,duplicate_normalized_skill
38676,Teleperformance,duplicate_normalized_skill
38681,Telephone operating,duplicate_normalized_skill
38703,Tema,duplicate_normalized_skill
38738,Tender executive,duplicate_normalized_skill
38740,Tender preparation,duplicate_normalized_skill
38757,Teraform,duplicate_normalized_skill
38764,Term loan,duplicate_normalized_skill
38768,Terminal services,duplicate_normalized_skill
38791,Territory management,duplicate_normalized_skill
38792,Territory sales,duplicate_normalized_skill
38793,Territory sales management,duplicate_normalized_skill
38794,Territory sales manager,duplicate_normalized_skill
38808,Test Automation frameworks,duplicate_normalized_skill
38850,Test automation,duplicate_normalized_skill
38851,Test automation framework,duplicate_normalized_skill
38852,Test case creation,duplicate_normalized_skill
38853,Test case design,duplicate_normalized_skill
38854,Test case execution,duplicate_normalized_skill
38855,Test case preparation,duplicate_normalized_skill
38857,Test cases,duplicate_normalized_skill
38859,Test design,duplicate_normalized_skill
38860,Test engineering,duplicate_normalized_skill
38861,Test execution,duplicate_normalized_skill
38862,Test management,duplicate_normalized_skill
38864,Test planning,duplicate_normalized_skill
38866,Test reporting,duplicate_normalized_skill
38867,Test scenarios,duplicate_normalized_skill
38868,Test scripting,duplicate_normalized_skill
38869,Test scripts,duplicate_normalized_skill
38871,Test strategy,duplicate_normalized_skill
38879,Testing,duplicate_normalized_skill
38893,Testing Knowledge of electrical distribution Material,experience_or_description_phrase
38905,Testing tools,duplicate_normalized_skill
38907,Testng,duplicate_normalized_skill
38908,Testrail,duplicate_normalized_skill
38916,Text mining,duplicate_normalized_skill
38926,Textile designing,duplicate_normalized_skill
38932,Tgt Maths,duplicate_normalized_skill
38943,The Human Resource Executive will be Responsible for supporting day-to-day HR functions,experience_or_description_phrase
38944,The Mechanical Structure Erection In-Charge is responsible for supervising and coordinating all on-site activities related to the erection of mechanical structures,experience_or_description_phrase
38947,The position requires the candidate to work on-site in Jaipur,sentence_or_description
38971,Thermal engineering,duplicate_normalized_skill
38974,Thermal power,duplicate_normalized_skill
38975,Thermal power plant,duplicate_normalized_skill
38998,Third Party products,duplicate_normalized_skill
38999,Third party,duplicate_normalized_skill
39005,This role involves handling inbound and outbound calls,sentence_or_description
39026,Ti,duplicate_normalized_skill
39028,Tibco,duplicate_normalized_skill
39062,Time,generic
39083,Time management,duplicate_normalized_skill
39086,Time office,duplicate_normalized_skill
39089,Time study,duplicate_normalized_skill
39094,Timely Delivery,duplicate_normalized_skill
39106,Timing closure,duplicate_normalized_skill
39129,Title closing,duplicate_normalized_skill
39131,Title search,duplicate_normalized_skill
39137,Tlf,invalid_short_skill
39140,Tmf,invalid_short_skill
39141,Tms,duplicate_normalized_skill
39143,Tn,invalid_short_skill
39144,To Knowledge IATF & ISO CERTIFICATION & documentation,sentence_or_description
39145,To be able to manage incoming and out going records To take attendance Take down notes and execute small desk based errands,sentence_or_description
39146,To be able to mange calls and communicate effectively,sentence_or_description
39148,To procure goods and services required by the business to the required specification,experience_or_description_phrase
39151,Tod,duplicate_normalized_skill
39187,Tool corrections followups & to communicate and ensure drawing revisions during development stage,sentence_or_description
39189,Tool design,duplicate_normalized_skill
39190,Tool engineering,duplicate_normalized_skill
39191,Tool maintenance,duplicate_normalized_skill
39192,Tool making,duplicate_normalized_skill
39193,Tool room,duplicate_normalized_skill
39204,Tools,generic
39207,Top,invalid_short_skill
39215,Tos,invalid_short_skill
39216,Tosca,duplicate_normalized_skill
39221,Tot,invalid_short_skill
39226,Total productive maintenance,duplicate_normalized_skill
39227,Total station,duplicate_normalized_skill
39235,Tourism management,duplicate_normalized_skill
39248,Tp,invalid_short_skill
39251,Tpo,duplicate_normalized_skill
39252,Tprm,duplicate_normalized_skill
39253,Tr,invalid_short_skill
39262,Track record of managing high-value deals in a B2B environment,sentence_or_description
39308,Trade finance,duplicate_normalized_skill
39309,Trade finance operations,duplicate_normalized_skill
39310,Trade lifecycle,duplicate_normalized_skill
39311,Trade marketing,duplicate_normalized_skill
39312,Trade processing,duplicate_normalized_skill
39313,Trade sales,duplicate_normalized_skill
39314,Trade support,duplicate_normalized_skill
39315,Trade union,duplicate_normalized_skill
39328,Trading strategies,duplicate_normalized_skill
39343,Trained graduate english,education_or_qualification
39344,Trained graduate teacher,education_or_qualification
39345,Trained post graduates with minimum 2years experience as academic coordinators in reputed CBSE schools may apply with confidence,experience_or_description_phrase
39346,Trainee,duplicate_normalized_skill
39353,Training,duplicate_normalized_skill
39391,Training and Development,duplicate_normalized_skill
39395,Training delivery,duplicate_normalized_skill
39396,Training management,duplicate_normalized_skill
39397,Training need analysis,duplicate_normalized_skill
39421,Transaction advisory,duplicate_normalized_skill
39422,Transaction analysis,duplicate_normalized_skill
39423,Transaction banking,duplicate_normalized_skill
39424,Transaction monitoring,duplicate_normalized_skill
39425,Transaction processing,duplicate_normalized_skill
39426,Transaction services,duplicate_normalized_skill
39435,Transfer pricing,duplicate_normalized_skill
39460,Transition management,duplicate_normalized_skill
39461,Transition manager,duplicate_normalized_skill
39471,Transmission line,duplicate_normalized_skill
39488,Transport management,duplicate_normalized_skill
39489,Transport management system,duplicate_normalized_skill
39490,Transport operations,duplicate_normalized_skill
39491,Transport planning,duplicate_normalized_skill
39502,Transporter onboarding,duplicate_normalized_skill
39533,Travel Management,duplicate_normalized_skill
39542,Travel Sales Agent,duplicate_normalized_skill
39550,Travel agent,duplicate_normalized_skill
39553,Travel arrangements,duplicate_normalized_skill
39554,Travel booking,duplicate_normalized_skill
39555,Travel consultant,duplicate_normalized_skill
39556,Travel coordination,duplicate_normalized_skill
39557,Travel desk,duplicate_normalized_skill
39560,Travel insurance,duplicate_normalized_skill
39561,Travel management,duplicate_normalized_skill
39563,Travel ppc,duplicate_normalized_skill
39564,Travel sales,duplicate_normalized_skill
39565,Travel sales Consultant,duplicate_normalized_skill
39566,Travel sales agent,duplicate_normalized_skill
39567,Travel sales consultant,duplicate_normalized_skill
39595,Treasury management,duplicate_normalized_skill
39596,Treasury operations,duplicate_normalized_skill
39602,Treatment planning,duplicate_normalized_skill
39612,Trend analysis,duplicate_normalized_skill
39614,Trend micro,duplicate_normalized_skill
39619,Trial Master File,education_or_qualification
39640,Trouble shooting,duplicate_normalized_skill
39645,Troubleshooting,duplicate_normalized_skill
39653,Troubleshooting skills,duplicate_normalized_skill
39671,Tsa,invalid_short_skill
39672,Tsd,duplicate_normalized_skill
39673,Tse,duplicate_normalized_skill
39676,Tsr,invalid_short_skill
39677,Ttd,duplicate_normalized_skill
39722,Tuv,invalid_short_skill
39724,Tvc,invalid_short_skill
39735,Two owner search,duplicate_normalized_skill
39754,Typing Speed,duplicate_normalized_skill
39756,Typing speed,duplicate_normalized_skill
39769,UAE sales,duplicate_normalized_skill
39770,UAL,invalid_short_skill
39771,UAN,invalid_short_skill
39774,UAT,invalid_short_skill
39785,UBR,invalid_short_skill
39786,UBo4,duplicate_normalized_skill
39788,UCD,invalid_short_skill
39791,UCP,invalid_short_skill
39792,UDB,invalid_short_skill
39795,UDM,invalid_short_skill
39798,UDS,invalid_short_skill
39799,UF,invalid_short_skill
39800,UFT,invalid_short_skill
39802,UG,invalid_short_skill
39804,UGC,invalid_short_skill
39808,UHG,invalid_short_skill
39810,UHNi,duplicate_normalized_skill
39831,UI automation,duplicate_normalized_skill
39835,UI development,duplicate_normalized_skill
39848,UI/UX design,duplicate_normalized_skill
39849,UI/UX designer,duplicate_normalized_skill
39851,UI5,invalid_short_skill
39856,UIM,invalid_short_skill
39859,UK,invalid_short_skill
39881,UK banking,duplicate_normalized_skill
39883,UK client,duplicate_normalized_skill
39888,UK process,duplicate_normalized_skill
39895,UK underwriter,duplicate_normalized_skill
39898,UKG,invalid_short_skill
39904,UML,invalid_short_skill
39914,UPC,invalid_short_skill
39915,UPF,invalid_short_skill
39920,UPS,invalid_short_skill
39922,UPS System,duplicate_normalized_skill
39925,URC,invalid_short_skill
39928,URR,invalid_short_skill
39929,URS,invalid_short_skill
39930,US,invalid_short_skill
39960,US Gaap,duplicate_normalized_skill
39973,US IT recruitment,duplicate_normalized_skill
39974,US IT staffing,duplicate_normalized_skill
39992,US Process,duplicate_normalized_skill
40002,US Sales,duplicate_normalized_skill
40004,US Shift,duplicate_normalized_skill
40011,US TRAVEL sales,duplicate_normalized_skill
40016,US Technical sales executive,duplicate_normalized_skill
40023,US Travel sales,duplicate_normalized_skill
40025,US Travel sales consultant,duplicate_normalized_skill
40030,US Voice process,duplicate_normalized_skill
40032,US account manager,duplicate_normalized_skill
40033,US accounting,duplicate_normalized_skill
40036,US car rental,duplicate_normalized_skill
40037,US collection,duplicate_normalized_skill
40038,US collections,duplicate_normalized_skill
40039,US flight sales,duplicate_normalized_skill
40042,US healthcare,duplicate_normalized_skill
40047,US insurance,duplicate_normalized_skill
40048,US international,duplicate_normalized_skill
40050,US market,duplicate_normalized_skill
40054,US mortgage,duplicate_normalized_skill
40055,US outbound sales,duplicate_normalized_skill
40056,US payroll,duplicate_normalized_skill
40057,US process,duplicate_normalized_skill
40058,US recruitment,duplicate_normalized_skill
40059,US sales,duplicate_normalized_skill
40063,US shift,duplicate_normalized_skill
40064,US staffing,duplicate_normalized_skill
40067,US telecom,duplicate_normalized_skill
40073,US travel Sales,duplicate_normalized_skill
40075,US travel sales,duplicate_normalized_skill
40081,US travel seo,duplicate_normalized_skill
40082,US voice process,duplicate_normalized_skill
40084,USA,invalid_short_skill
40091,USA sales,duplicate_normalized_skill
40093,USB,invalid_short_skill
40098,USG,invalid_short_skill
40100,USP,invalid_short_skill
40103,UTI,invalid_short_skill
40104,UTM,invalid_short_skill
40106,UV,invalid_short_skill
40109,UVM,invalid_short_skill
40110,UW,invalid_short_skill
40124,Uae,invalid_short_skill
40125,Uan,duplicate_normalized_skill
40126,Uart,duplicate_normalized_skill
40127,Uav,invalid_short_skill
40128,Ub04,duplicate_normalized_skill
40132,Uc4,invalid_short_skill
40133,Ucd,duplicate_normalized_skill
40135,Udf,invalid_short_skill
40138,Uft,duplicate_normalized_skill
40140,Uft Testing,duplicate_normalized_skill
40142,Uhni,duplicate_normalized_skill
40143,Uht,invalid_short_skill
40144,Ui,duplicate_normalized_skill
40147,Ui Automation,duplicate_normalized_skill
40149,Ui Builder,duplicate_normalized_skill
40150,Ui Design,duplicate_normalized_skill
40154,Ui Test,duplicate_normalized_skill
40155,Ui Ux Development,duplicate_normalized_skill
40158,Ui path,duplicate_normalized_skill
40159,Ui/Ux,duplicate_normalized_skill
40160,UiPath,duplicate_normalized_skill
40162,Uidai,duplicate_normalized_skill
40164,Uim,duplicate_normalized_skill
40165,Uipath,duplicate_normalized_skill
40169,Uk,duplicate_normalized_skill
40171,Uk Banking,duplicate_normalized_skill
40173,Uk Gaap,duplicate_normalized_skill
40178,Uk Process,duplicate_normalized_skill
40183,Uk Voice,duplicate_normalized_skill
40186,Uk insurance,duplicate_normalized_skill
40187,Ul,invalid_short_skill
40193,Ultra hni,duplicate_normalized_skill
40199,Unani medicine,duplicate_normalized_skill
40231,Unigraphics,duplicate_normalized_skill
40246,Unit head,duplicate_normalized_skill
40247,Unit manager,duplicate_normalized_skill
40248,Unit operations,duplicate_normalized_skill
40249,Unit testing,duplicate_normalized_skill
40258,Unity3d,duplicate_normalized_skill
40265,Unix,duplicate_normalized_skill
40274,Unix Shell scripting,duplicate_normalized_skill
40276,Unix administration,duplicate_normalized_skill
40277,Unix shell,duplicate_normalized_skill
40278,Unix shell scripting,duplicate_normalized_skill
40293,Upi,invalid_short_skill
40297,Upsell & Cross sell life insurance to Bank Wealth Customers,sentence_or_description
40315,Urban planning,duplicate_normalized_skill
40321,Urologist,duplicate_normalized_skill
40328,Us Calling,duplicate_normalized_skill
40329,Us Citizens,duplicate_normalized_skill
40332,Us Collection,duplicate_normalized_skill
40333,Us Compliance,duplicate_normalized_skill
40339,Us Gaap Accounting,duplicate_normalized_skill
40340,Us Hr,duplicate_normalized_skill
40343,Us Insurance,duplicate_normalized_skill
40345,Us Marketing,duplicate_normalized_skill
40348,Us Onboarding,duplicate_normalized_skill
40350,Us Payroll Processing,duplicate_normalized_skill
40351,Us Process,duplicate_normalized_skill
40354,Us Shift,duplicate_normalized_skill
40355,Us Tax,duplicate_normalized_skill
40358,Us Travel,duplicate_normalized_skill
40359,Us Travel Sales,duplicate_normalized_skill
40360,Us Voice Process,duplicate_normalized_skill
40361,Us calling,duplicate_normalized_skill
40363,Us inbound sales,duplicate_normalized_skill
40364,Us outbound sales,duplicate_normalized_skill
40365,Us process,duplicate_normalized_skill
40366,Us technical Sales Executive,duplicate_normalized_skill
40367,Us travel Sales,duplicate_normalized_skill
40368,Us travel sales,duplicate_normalized_skill
40369,Us travel sales consultant,duplicate_normalized_skill
40370,Usa,duplicate_normalized_skill
40376,Usability testing,duplicate_normalized_skill
40379,Use cases,duplicate_normalized_skill
40414,User acceptance testing,duplicate_normalized_skill
40415,User administration,duplicate_normalized_skill
40416,User experience design,duplicate_normalized_skill
40418,User interface,duplicate_normalized_skill
40419,User interface designing,duplicate_normalized_skill
40420,User management,duplicate_normalized_skill
40421,User provisioning,duplicate_normalized_skill
40422,User research,duplicate_normalized_skill
40423,User stories,duplicate_normalized_skill
40424,User support,duplicate_normalized_skill
40428,Usp,duplicate_normalized_skill
40443,Uwp,invalid_short_skill
40444,Ux Design,duplicate_normalized_skill
40446,Ux Research,duplicate_normalized_skill
40452,V,invalid_short_skill
40456,V7,invalid_short_skill
40457,V8,invalid_short_skill
40460,VAM,invalid_short_skill
40465,VAR,invalid_short_skill
40467,VAS,invalid_short_skill
40468,VAT,invalid_short_skill
40473,VAT return,duplicate_normalized_skill
40476,VAX,invalid_short_skill
40477,VB,invalid_short_skill
40480,VB script,duplicate_normalized_skill
40482,VB.Net,duplicate_normalized_skill
40484,VB.net,duplicate_normalized_skill
40488,VBA macros,duplicate_normalized_skill
40492,VC,invalid_short_skill
40495,VCB,invalid_short_skill
40496,VCD,invalid_short_skill
40500,VCS,invalid_short_skill
40502,VDA,invalid_short_skill
40505,VDI,invalid_short_skill
40507,VE,invalid_short_skill
40512,VFD,invalid_short_skill
40518,VFX,invalid_short_skill
40521,VGO,invalid_short_skill
40525,VIO,invalid_short_skill
40540,VLSI design,duplicate_normalized_skill
40542,VMC,invalid_short_skill
40550,VMC machine,duplicate_normalized_skill
40551,VMC programming,duplicate_normalized_skill
40555,VMS,invalid_short_skill
40559,VMs,duplicate_normalized_skill
40572,VNA,invalid_short_skill
40573,VNC,invalid_short_skill
40574,VOC,invalid_short_skill
40575,VOD,invalid_short_skill
40576,VOE,invalid_short_skill
40583,VP,invalid_short_skill
40586,VPC,invalid_short_skill
40588,VPM,invalid_short_skill
40597,VR,invalid_short_skill
40600,VRF,invalid_short_skill
40601,VRM,invalid_short_skill
40603,VRS,invalid_short_skill
40608,VSM,invalid_short_skill
40612,VTL,invalid_short_skill
40614,VTP,invalid_short_skill
40615,VWO,invalid_short_skill
40619,VaR,duplicate_normalized_skill
40630,Vacuum systems,duplicate_normalized_skill
40636,Validation,duplicate_normalized_skill
40650,Value added services,duplicate_normalized_skill
40652,Value engineering,duplicate_normalized_skill
40653,Value stream mapping,duplicate_normalized_skill
40655,Valves,duplicate_normalized_skill
40657,Van,invalid_short_skill
40662,Vapt,duplicate_normalized_skill
40667,Variance Analysis,duplicate_normalized_skill
40669,Variance analysis,duplicate_normalized_skill
40678,Vb,duplicate_normalized_skill
40680,Vba Coding,duplicate_normalized_skill
40682,Vba Scripting,duplicate_normalized_skill
40683,Vbcs,duplicate_normalized_skill
40684,Vcf,invalid_short_skill
40687,Vda,duplicate_normalized_skill
40688,Vds,invalid_short_skill
40693,Vector Db,duplicate_normalized_skill
40732,Vehicle assembly,duplicate_normalized_skill
40733,Vehicle integration,duplicate_normalized_skill
40735,Vehicle testing,duplicate_normalized_skill
40800,Vendor analysis,duplicate_normalized_skill
40801,Vendor assessment,duplicate_normalized_skill
40802,Vendor audit,duplicate_normalized_skill
40803,Vendor coordination,duplicate_normalized_skill
40806,Vendor development,duplicate_normalized_skill
40807,Vendor evaluation,duplicate_normalized_skill
40808,Vendor finalization,duplicate_normalized_skill
40810,Vendor management,duplicate_normalized_skill
40811,Vendor master data,education_or_qualification
40812,Vendor negotiation,duplicate_normalized_skill
40813,Vendor onboarding,duplicate_normalized_skill
40814,Vendor payments,duplicate_normalized_skill
40815,Vendor registration,duplicate_normalized_skill
40817,Vendor relationship management,duplicate_normalized_skill
40818,Vendor selection,duplicate_normalized_skill
40828,Venture capital,duplicate_normalized_skill
40837,Verbal communication,duplicate_normalized_skill
40844,Verification and Validation,duplicate_normalized_skill
40856,Vernier caliper,duplicate_normalized_skill
40861,Version control,duplicate_normalized_skill
40865,Vertex Ai,duplicate_normalized_skill
40914,Video Kyc,duplicate_normalized_skill
40924,Video Surveillance Systems Troubleshooting Technical Support System Configuration Network Knowledge Electrical Wiring Customer Service Written and Verbal Communication,sentence_or_description
40925,Video analytics,duplicate_normalized_skill
40926,Video conference,duplicate_normalized_skill
40927,Video conferencing,duplicate_normalized_skill
40928,Video editing,duplicate_normalized_skill
40938,Vim,invalid_short_skill
40965,Visa,duplicate_normalized_skill
40976,Visa counselling,duplicate_normalized_skill
40977,Visa counsellor,duplicate_normalized_skill
40978,Visa processing,duplicate_normalized_skill
40983,Visio,duplicate_normalized_skill
40993,Visit retail partners regularly to promote extended warranty solutions,sentence_or_description
41025,Visual communication,duplicate_normalized_skill
41028,Visualforce,duplicate_normalized_skill
41043,Vlookup,duplicate_normalized_skill
41044,Vlookups,duplicate_normalized_skill
41048,Vmc Operating,duplicate_normalized_skill
41050,Vmd,invalid_short_skill
41051,Vmware,duplicate_normalized_skill
41052,Vmware Administration,duplicate_normalized_skill
41057,VoIP,duplicate_normalized_skill
41067,Voice,duplicate_normalized_skill
41072,Voice AI,duplicate_normalized_skill
41077,Voice Bot Model Context Protocol Agentic AI Conversation Chat AI Database as knowledge point Relational Database,sentence_or_description
41084,Voice Process,duplicate_normalized_skill
41097,Voice process,duplicate_normalized_skill
41098,Voice support,duplicate_normalized_skill
41109,Volume hiring,duplicate_normalized_skill
41116,Voucher making,duplicate_normalized_skill
41118,Vpc,duplicate_normalized_skill
41124,Vrf,duplicate_normalized_skill
41125,Vrm,duplicate_normalized_skill
41126,Vsa,invalid_short_skill
41146,Vulnerability assessment,duplicate_normalized_skill
41147,Vulnerability management,duplicate_normalized_skill
41148,Vxlan,duplicate_normalized_skill
41151,W2,invalid_short_skill
41152,W3C,invalid_short_skill
41155,WAF,invalid_short_skill
41156,WAM,invalid_short_skill
41157,WAN,invalid_short_skill
41160,WAN connectivity,duplicate_normalized_skill
41161,WAN optimization,duplicate_normalized_skill
41163,WAP,invalid_short_skill
41165,WAS,invalid_short_skill
41168,WAS administration,duplicate_normalized_skill
41171,WBM,invalid_short_skill
41172,WBS,invalid_short_skill
41173,WBT,invalid_short_skill
41174,WC,invalid_short_skill
41176,WCF,invalid_short_skill
41178,WCM,invalid_short_skill
41179,WCS,invalid_short_skill
41180,WCT,invalid_short_skill
41182,WDM,invalid_short_skill
41187,WEP,invalid_short_skill
41188,WFC,invalid_short_skill
41189,WFD,invalid_short_skill
41190,WFH,invalid_short_skill
41191,WFM,invalid_short_skill
41199,WG,invalid_short_skill
41200,WHO,invalid_short_skill
41209,WIX,invalid_short_skill
41210,WIZ,invalid_short_skill
41213,WM,invalid_short_skill
41215,WMI,invalid_short_skill
41216,WMS,invalid_short_skill
41219,WNS,invalid_short_skill
41222,WPA,invalid_short_skill
41223,WPF,invalid_short_skill
41224,WPQ,invalid_short_skill
41226,WPS,invalid_short_skill
41227,WQR,invalid_short_skill
41228,WQT,invalid_short_skill
41230,WSS,invalid_short_skill
41234,WTG foundation Bar Bending Schedule implementation of all QA/QC procedures concrete quality monitoring Cube Test,sentence_or_description
41235,WTP,invalid_short_skill
41236,WTX,invalid_short_skill
41263,Warehouse,duplicate_normalized_skill
41284,Warehouse management,duplicate_normalized_skill
41285,Warehouse management system,duplicate_normalized_skill
41286,Warehouse operations,duplicate_normalized_skill
41302,Waste Water,duplicate_normalized_skill
41304,Waste management,duplicate_normalized_skill
41305,Waste water,duplicate_normalized_skill
41307,Waste water treatment,duplicate_normalized_skill
41336,Water Treatment Field Or Industrial Technical Sales Preferred,experience_or_description_phrase
41344,Water supply,duplicate_normalized_skill
41345,Water treatment,duplicate_normalized_skill
41356,Wcag,duplicate_normalized_skill
41357,Wd,invalid_short_skill
41358,We are looking for dynamic and customer focused professionals to join our After Sales team,experience_or_description_phrase
41359,We are looking for team managers to handle 12 telecallers for our personal loan vertical. Must have experience in sourcing loans and handling teams,experience_or_description_phrase
41360,We are seeking a detail-oriented and experienced Accountant who is proficient in Tally ERP to manage our day-to-day accounting operations. The ideal candidate will be responsible for maintaining financial records,experience_or_description_phrase
41361,We are seeking a dynamic and customer-focused Customer Relations Executive to join our retail outlet specializing in wines,sentence_or_description
41362,We are seeking a motivated and experienced Support Manager to lead our support department at First ERP Software Solutions Pvt Ltd. The ideal candidate will have a strong background in customer support and team management,sentence_or_description
41363,We are seeking a skilled Substation Civil Design Engineer to join our growing T&D team. The successful candidate will be responsible for the civil and structural design of substations 11kV to 400kV across various stages of the project lifecycle,experience_or_description_phrase
41364,We are seeking an experienced Business Analyst with a strong background in data analysis,sentence_or_description
41376,Wealth management,duplicate_normalized_skill
41377,Wealth manager,duplicate_normalized_skill
41383,Web,invalid_short_skill
41393,Web Api,duplicate_normalized_skill
41394,Web Api Services,duplicate_normalized_skill
41434,Web Services,duplicate_normalized_skill
41445,Web analytics,duplicate_normalized_skill
41446,Web api,duplicate_normalized_skill
41447,Web application,duplicate_normalized_skill
41448,Web application development,duplicate_normalized_skill
41449,Web application security,duplicate_normalized_skill
41454,Web content,duplicate_normalized_skill
41455,Web content writing,duplicate_normalized_skill
41456,Web designing,duplicate_normalized_skill
41458,Web development,duplicate_normalized_skill
41462,Web research,duplicate_normalized_skill
41464,Web server,duplicate_normalized_skill
41465,Web services,duplicate_normalized_skill
41466,Web sockets,duplicate_normalized_skill
41467,Web technologies,duplicate_normalized_skill
41468,Web testing,duplicate_normalized_skill
41472,WebApi,duplicate_normalized_skill
41490,Webapi,duplicate_normalized_skill
41492,Webdriver,duplicate_normalized_skill
41498,Webgl,duplicate_normalized_skill
41507,Weblogic,duplicate_normalized_skill
41508,Weblogic Administration,duplicate_normalized_skill
41516,Webrtc,duplicate_normalized_skill
41536,Website management,duplicate_normalized_skill
41538,Websphere,duplicate_normalized_skill
41539,Websphere Application Server,duplicate_normalized_skill
41542,Webtrends,duplicate_normalized_skill
41549,Weibull analysis,duplicate_normalized_skill
41559,Weld shop,duplicate_normalized_skill
41561,Welder,duplicate_normalized_skill
41576,Welding engineering,duplicate_normalized_skill
41605,Wfc,duplicate_normalized_skill
41607,Wfo,invalid_short_skill
41612,WhatsApp marketing,duplicate_normalized_skill
41613,Whatsapp Marketing,duplicate_normalized_skill
41628,White paper,duplicate_normalized_skill
41634,Wholesale banking,duplicate_normalized_skill
41644,Wi-fi,duplicate_normalized_skill
41655,Will be responsible for overseeing the production process,experience_or_description_phrase
41661,Win,invalid_short_skill
41663,Win32,duplicate_normalized_skill
41669,Wind,duplicate_normalized_skill
41730,Windows Server administration,duplicate_normalized_skill
41740,Windows active directory,duplicate_normalized_skill
41741,Windows administration,duplicate_normalized_skill
41742,Windows application,duplicate_normalized_skill
41743,Windows applications,duplicate_normalized_skill
41748,Windows server administration,duplicate_normalized_skill
41753,Winforms,duplicate_normalized_skill
41754,Wintel,duplicate_normalized_skill
41774,Wireless communication,duplicate_normalized_skill
41775,Wireless networking,duplicate_normalized_skill
41778,Wireshark,duplicate_normalized_skill
41779,Wiring,duplicate_normalized_skill
41785,Wiring harness,duplicate_normalized_skill
41790,Wiz,duplicate_normalized_skill
41793,Wlc,invalid_short_skill
41815,Word processing,duplicate_normalized_skill
41817,WordPress Development HTML CSS JavaScript PHP Website Maintenance Troubleshooting SEO On Page Optimization Wix GoDaddy Shopify Client Coordination Communication,sentence_or_description
41819,Wordpress,duplicate_normalized_skill
41845,Work from home,duplicate_normalized_skill
41846,Work instruction,duplicate_normalized_skill
41847,Work management,duplicate_normalized_skill
41848,Work on bulk EV charging infrastructure and wiring harnesses,sentence_or_description
41850,Work permit system,duplicate_normalized_skill
41856,Workday,duplicate_normalized_skill
41875,Workday Hcm,duplicate_normalized_skill
41880,Workday Prism,duplicate_normalized_skill
41892,Workday studio,duplicate_normalized_skill
41893,Workday technical,duplicate_normalized_skill
41894,Worked in Company with more than 500 Employees in automobile Sector,sentence_or_description
41896,Workers compensation,duplicate_normalized_skill
41907,Workflow analysis,duplicate_normalized_skill
41909,Workflow management,duplicate_normalized_skill
41921,Workforce management,duplicate_normalized_skill
41922,Workforce planning,duplicate_normalized_skill
41930,Working Knowledge of Income Tax Act 1961,experience_or_description_phrase
41932,Working capital,duplicate_normalized_skill
41933,Working knowledge of TQRDCM,experience_or_description_phrase
41940,Works closely with team members to further develop sales opportunities,sentence_or_description
41944,Workshop management,duplicate_normalized_skill
41954,Woven,duplicate_normalized_skill
41971,Written communication,duplicate_normalized_skill
41972,Wso2,duplicate_normalized_skill
41976,X,invalid_short_skill
41985,X-Ray technician,duplicate_normalized_skill
41987,X12,invalid_short_skill
41988,X86,invalid_short_skill
41989,XAI,invalid_short_skill
41993,XD,invalid_short_skill
41994,XDR,invalid_short_skill
41995,XEN,invalid_short_skill
42006,XML publisher,duplicate_normalized_skill
42009,XPath,duplicate_normalized_skill
42012,XQuery,duplicate_normalized_skill
42013,XRD,invalid_short_skill
42015,XSD,invalid_short_skill
42017,XSS,invalid_short_skill
42018,XTS,invalid_short_skill
42019,XVA,invalid_short_skill
42020,XWB,invalid_short_skill
42024,Xc,invalid_short_skill
42026,Xcode,duplicate_normalized_skill
42028,Xcp,invalid_short_skill
42030,Xd,duplicate_normalized_skill
42033,Xero,duplicate_normalized_skill
42035,Xgboost,duplicate_normalized_skill
42040,Xps,invalid_short_skill
42041,Xr,invalid_short_skill
42051,Yaml,duplicate_normalized_skill
42069,Yield management,duplicate_normalized_skill
42070,Yii,invalid_short_skill
42071,Yocto,duplicate_normalized_skill
42085,Yum,invalid_short_skill
42086,Z,invalid_short_skill
42089,ZIA,invalid_short_skill
42090,ZIO,invalid_short_skill
42091,ZLD,invalid_short_skill
42092,ZPA,invalid_short_skill
42136,Zoho books,duplicate_normalized_skill
42150,Zos,invalid_short_skill
42154,Zsm,invalid_short_skill
42160,a,invalid_short_skill
42162,a+,duplicate_normalized_skill
42163,a/b testing,duplicate_normalized_skill
42164,aa,duplicate_normalized_skill
42165,aaa,duplicate_normalized_skill
42166,aadconnect,duplicate_normalized_skill
42167,aatp,duplicate_normalized_skill
42168,ab,duplicate_normalized_skill
42169,ab initio,duplicate_normalized_skill
42170,ab testing,duplicate_normalized_skill
42171,aba,invalid_short_skill
42172,abap,duplicate_normalized_skill
42174,abap development,duplicate_normalized_skill
42177,abap object oriented programming,duplicate_normalized_skill
42178,abap objects,duplicate_normalized_skill
42179,abap on hana,duplicate_normalized_skill
42180,abap programming,duplicate_normalized_skill
42182,abap reports,duplicate_normalized_skill
42183,abap-hr,duplicate_normalized_skill
42184,abaqus,duplicate_normalized_skill
42185,abb,duplicate_normalized_skill
42190,ability to generate and manage leads,experience_or_description_phrase
42191,ability to handle sensitive information appropriately,experience_or_description_phrase
42192,ability to handle technical issues,experience_or_description_phrase
42193,ability to multitask,experience_or_description_phrase
42194,ability to read BOMs,experience_or_description_phrase
42195,ability to read drawings,experience_or_description_phrase
42196,ability to work in shifts,experience_or_description_phrase
42197,ability to work independently,experience_or_description_phrase
42198,ability to work under deadlines and on-site as required,experience_or_description_phrase
42199,abm,duplicate_normalized_skill
42206,abstracting,duplicate_normalized_skill
42208,acad,duplicate_normalized_skill
42209,academic,duplicate_normalized_skill
42210,academic administration,duplicate_normalized_skill
42212,academic counseling,duplicate_normalized_skill
42213,academic development,duplicate_normalized_skill
42214,academic excellence,duplicate_normalized_skill
42215,academic operations,duplicate_normalized_skill
42216,academic planning,duplicate_normalized_skill
42217,academic research,duplicate_normalized_skill
42219,academic writing,duplicate_normalized_skill
42220,academics,duplicate_normalized_skill
42222,acca,duplicate_normalized_skill
42223,accelerator,duplicate_normalized_skill
42224,accent,duplicate_normalized_skill
42225,accent training,duplicate_normalized_skill
42226,accenture,duplicate_normalized_skill
42227,acceptance testing,duplicate_normalized_skill
42228,access,duplicate_normalized_skill
42229,access control,duplicate_normalized_skill
42231,access control system,duplicate_normalized_skill
42234,access management,duplicate_normalized_skill
42235,access points,duplicate_normalized_skill
42236,access system,duplicate_normalized_skill
42239,accessories,duplicate_normalized_skill
42240,accident investigation,duplicate_normalized_skill
42241,account,duplicate_normalized_skill
42242,account assistant,duplicate_normalized_skill
42244,account development,duplicate_normalized_skill
42245,account maintenance,duplicate_normalized_skill
42246,account management,duplicate_normalized_skill
42248,account manager,duplicate_normalized_skill
42249,account mapping,duplicate_normalized_skill
42250,account onboarding,duplicate_normalized_skill
42251,account opening,duplicate_normalized_skill
42252,account payable,duplicate_normalized_skill
42253,account planning,duplicate_normalized_skill
42254,account receivables,duplicate_normalized_skill
42259,account services,duplicate_normalized_skill
42261,accountancy,duplicate_normalized_skill
42262,accountant,duplicate_normalized_skill
42263,accounting,duplicate_normalized_skill
42265,accounting advisory,duplicate_normalized_skill
42267,accounting entries,duplicate_normalized_skill
42268,accounting functions,duplicate_normalized_skill
42269,accounting operations,duplicate_normalized_skill
42270,accounting principles,duplicate_normalized_skill
42271,accounting process,duplicate_normalized_skill
42273,accounting software,duplicate_normalized_skill
42275,accounting standards,duplicate_normalized_skill
42277,accounting system,duplicate_normalized_skill
42278,accounts,duplicate_normalized_skill
42279,accounts executive,duplicate_normalized_skill
42280,accounts finalisation,duplicate_normalized_skill
42281,accounts manager,duplicate_normalized_skill
42282,accounts payable,duplicate_normalized_skill
42284,accounts payables,duplicate_normalized_skill
42285,accounts receivable,duplicate_normalized_skill
42286,accounts receivable caller,duplicate_normalized_skill
42287,accounts reconciliation,duplicate_normalized_skill
42288,accruals,duplicate_normalized_skill
42289,acd,duplicate_normalized_skill
42290,ace,duplicate_normalized_skill
42291,ach,duplicate_normalized_skill
42293,aci,duplicate_normalized_skill
42294,acl,duplicate_normalized_skill
42295,acls,duplicate_normalized_skill
42297,acoustic,duplicate_normalized_skill
42298,acp,invalid_short_skill
42301,acquisition,duplicate_normalized_skill
42302,act,duplicate_normalized_skill
42303,actimize,duplicate_normalized_skill
42306,active directory,duplicate_normalized_skill
42307,active directory management,duplicate_normalized_skill
42308,active listening,duplicate_normalized_skill
42310,activemq,duplicate_normalized_skill
42312,actuarial,duplicate_normalized_skill
42322,ad,duplicate_normalized_skill
42324,ad films,duplicate_normalized_skill
42325,ad operations,duplicate_normalized_skill
42326,ad server,duplicate_normalized_skill
42327,ad trafficking,duplicate_normalized_skill
42328,adWords,duplicate_normalized_skill
42330,adam,duplicate_normalized_skill
42331,adams,duplicate_normalized_skill
42332,adaptability,duplicate_normalized_skill
42335,adas,duplicate_normalized_skill
42336,adc,duplicate_normalized_skill
42340,additives,duplicate_normalized_skill
42341,addm,duplicate_normalized_skill
42342,ade,invalid_short_skill
42344,adf,duplicate_normalized_skill
42346,adfs,duplicate_normalized_skill
42348,adhesives,duplicate_normalized_skill
42349,adk,duplicate_normalized_skill
42351,adm,duplicate_normalized_skill
42352,admin,duplicate_normalized_skill
42355,admin executive,duplicate_normalized_skill
42357,admin studio,duplicate_normalized_skill
42359,administration,duplicate_normalized_skill
42360,administration activities,duplicate_normalized_skill
42361,administration management,duplicate_normalized_skill
42362,administration work,duplicate_normalized_skill
42366,administrative assistance,duplicate_normalized_skill
42368,administrative support,duplicate_normalized_skill
42370,administrative tasks,duplicate_normalized_skill
42371,administrator,duplicate_normalized_skill
42372,admiral,duplicate_normalized_skill
42373,admission,duplicate_normalized_skill
42375,admission counselling,duplicate_normalized_skill
42376,admission counsellor,duplicate_normalized_skill
42379,admissions,duplicate_normalized_skill
42381,ado,duplicate_normalized_skill
42382,ado.net,duplicate_normalized_skill
42383,adobe,duplicate_normalized_skill
42384,adobe acrobat,duplicate_normalized_skill
42385,adobe after effects,duplicate_normalized_skill
42386,adobe analytics,duplicate_normalized_skill
42387,adobe campaign,duplicate_normalized_skill
42388,adobe commerce,duplicate_normalized_skill
42389,adobe creative suite,duplicate_normalized_skill
42390,adobe experience cloud,duplicate_normalized_skill
42391,adobe experience management,duplicate_normalized_skill
42392,adobe forms,duplicate_normalized_skill
42393,adobe launch,duplicate_normalized_skill
42394,adobe photoshop,duplicate_normalized_skill
42395,adobe premiere,duplicate_normalized_skill
42396,adobe premiere pro,duplicate_normalized_skill
42397,adobe suite,duplicate_normalized_skill
42398,adobe target,duplicate_normalized_skill
42399,adobe workfront,duplicate_normalized_skill
42400,adobe xd,duplicate_normalized_skill
42402,ads,invalid_short_skill
42405,adtech,duplicate_normalized_skill
42406,adult learning,duplicate_normalized_skill
42409,advance excel,duplicate_normalized_skill
42411,advance licence,duplicate_normalized_skill
42413,advance sql,duplicate_normalized_skill
42415,advance tax,duplicate_normalized_skill
42416,advanced analytics,duplicate_normalized_skill
42417,advanced c,duplicate_normalized_skill
42418,advanced excel,duplicate_normalized_skill
42419,advanced excel formulas,duplicate_normalized_skill
42421,advanced ms excel,duplicate_normalized_skill
42422,advanced product quality planning,duplicate_normalized_skill
42423,advanced sql queries,duplicate_normalized_skill
42425,advertisement,duplicate_normalized_skill
42427,advertising,duplicate_normalized_skill
42428,advertising agency,duplicate_normalized_skill
42429,advisor,duplicate_normalized_skill
42431,advisory,duplicate_normalized_skill
42432,advisory services,duplicate_normalized_skill
42433,advocacy,duplicate_normalized_skill
42434,advocate,duplicate_normalized_skill
42436,adwords,duplicate_normalized_skill
42437,ae,duplicate_normalized_skill
42438,aegis,duplicate_normalized_skill
42439,aem,duplicate_normalized_skill
42442,aem cloud,duplicate_normalized_skill
42444,aem lead,duplicate_normalized_skill
42445,aep,duplicate_normalized_skill
42446,aerodynamics,duplicate_normalized_skill
42448,aeronautical engineering,duplicate_normalized_skill
42449,aerospace,duplicate_normalized_skill
42455,aes,duplicate_normalized_skill
42456,affiliate marketing,duplicate_normalized_skill
42462,affordable housing,duplicate_normalized_skill
42463,afs,duplicate_normalized_skill
42464,after sales,duplicate_normalized_skill
42465,after sales management,duplicate_normalized_skill
42467,after sales service,duplicate_normalized_skill
42468,after sales support,duplicate_normalized_skill
42470,aftereffects,duplicate_normalized_skill
42471,aftersales,duplicate_normalized_skill
42474,agency,duplicate_normalized_skill
42477,agency channel,duplicate_normalized_skill
42478,agency management,duplicate_normalized_skill
42479,agency manager,duplicate_normalized_skill
42482,agency sales,duplicate_normalized_skill
42484,agenda,duplicate_normalized_skill
42488,agent recruitment,duplicate_normalized_skill
42489,agentforce,duplicate_normalized_skill
42490,agentic AI,duplicate_normalized_skill
42491,agentic ai,duplicate_normalized_skill
42498,agile,duplicate_normalized_skill
42499,agile coach,duplicate_normalized_skill
42501,agile development,duplicate_normalized_skill
42502,agile development methodology,duplicate_normalized_skill
42504,agile framework,duplicate_normalized_skill
42506,agile management,duplicate_normalized_skill
42507,agile methodologies,duplicate_normalized_skill
42508,agile methodology,duplicate_normalized_skill
42510,agile model,duplicate_normalized_skill
42511,agile plm,duplicate_normalized_skill
42512,agile principles,duplicate_normalized_skill
42514,agile product development,duplicate_normalized_skill
42515,agile project management,duplicate_normalized_skill
42518,agile software development,duplicate_normalized_skill
42520,agile testing,duplicate_normalized_skill
42523,agm,duplicate_normalized_skill
42527,agreements,duplicate_normalized_skill
42529,agribusiness,duplicate_normalized_skill
42531,agriculture,duplicate_normalized_skill
42532,agriculture marketing,duplicate_normalized_skill
42534,agro,duplicate_normalized_skill
42537,aha,duplicate_normalized_skill
42538,ahrefs,duplicate_normalized_skill
42539,aht,duplicate_normalized_skill
42540,ai automation,duplicate_normalized_skill
42541,ai platform,duplicate_normalized_skill
42542,ai solutions,duplicate_normalized_skill
42543,ai techniques,duplicate_normalized_skill
42544,ai tools,duplicate_normalized_skill
42547,aif,duplicate_normalized_skill
42548,aiml,duplicate_normalized_skill
42549,aiml engineer,duplicate_normalized_skill
42550,aiops,duplicate_normalized_skill
42551,air cargo,duplicate_normalized_skill
42553,air compressor,duplicate_normalized_skill
42554,air conditioning,duplicate_normalized_skill
42556,air freight,duplicate_normalized_skill
42557,air freight sales,duplicate_normalized_skill
42559,air ticketing,duplicate_normalized_skill
42560,aircraft,duplicate_normalized_skill
42561,aircraft design,duplicate_normalized_skill
42563,aircraft structures,duplicate_normalized_skill
42564,airflow,duplicate_normalized_skill
42568,airlines,duplicate_normalized_skill
42570,airport,duplicate_normalized_skill
42573,airport operation,duplicate_normalized_skill
42576,airwatch,duplicate_normalized_skill
42577,ais,duplicate_normalized_skill
42578,aisc,duplicate_normalized_skill
42579,aix,duplicate_normalized_skill
42580,aix administration,duplicate_normalized_skill
42582,aix operating systems,duplicate_normalized_skill
42584,ajax,duplicate_normalized_skill
42585,akamai,duplicate_normalized_skill
42586,akka,duplicate_normalized_skill
42587,aks,duplicate_normalized_skill
42588,al,duplicate_normalized_skill
42590,alarm monitoring,duplicate_normalized_skill
42592,ale,duplicate_normalized_skill
42595,alerts,duplicate_normalized_skill
42596,algorithm design,duplicate_normalized_skill
42597,algorithm development,duplicate_normalized_skill
42598,algorithms,duplicate_normalized_skill
42600,alignment,duplicate_normalized_skill
42601,alignment procedures of pumps and turbine drive sets,sentence_or_description
42603,allegro,duplicate_normalized_skill
42605,alliances,duplicate_normalized_skill
42607,allocation,duplicate_normalized_skill
42611,alm,duplicate_normalized_skill
42612,along with a solid understanding of quality management principles and,sentence_or_description
42613,alorica,duplicate_normalized_skill
42614,alsa,duplicate_normalized_skill
42615,alt,duplicate_normalized_skill
42616,altera,duplicate_normalized_skill
42618,alternate channel,duplicate_normalized_skill
42619,alternative investments,duplicate_normalized_skill
42620,alteryx,duplicate_normalized_skill
42621,altium,duplicate_normalized_skill
42625,alv,duplicate_normalized_skill
42627,alv reports,duplicate_normalized_skill
42628,am,duplicate_normalized_skill
42629,amadeus,duplicate_normalized_skill
42630,amazon,duplicate_normalized_skill
42631,amazon ads,duplicate_normalized_skill
42633,amazon cloudwatch,duplicate_normalized_skill
42634,amazon ec2,duplicate_normalized_skill
42636,amazon rds,duplicate_normalized_skill
42637,amazon redshift,duplicate_normalized_skill
42638,amazon sqs,duplicate_normalized_skill
42640,amazon vpc,duplicate_normalized_skill
42641,amba,duplicate_normalized_skill
42642,ambulance,duplicate_normalized_skill
42643,amc,duplicate_normalized_skill
42644,amcs,duplicate_normalized_skill
42645,amdp,duplicate_normalized_skill
42650,american,duplicate_normalized_skill
42651,american express,duplicate_normalized_skill
42652,amesim,duplicate_normalized_skill
42653,amex,duplicate_normalized_skill
42655,amfi,duplicate_normalized_skill
42656,amfi certified,duplicate_normalized_skill
42658,aml,duplicate_normalized_skill
42659,amortization,duplicate_normalized_skill
42660,amp,invalid_short_skill
42661,ampscript,duplicate_normalized_skill
42663,amr,duplicate_normalized_skill
42664,ams,duplicate_normalized_skill
42670,anaesthesia,duplicate_normalized_skill
42673,anaesthesiologist,duplicate_normalized_skill
42674,anaesthesiology,duplicate_normalized_skill
42676,analog circuit design,duplicate_normalized_skill
42677,analog design,duplicate_normalized_skill
42678,analog electronics,duplicate_normalized_skill
42679,analog layout,duplicate_normalized_skill
42680,analysis,duplicate_normalized_skill
42682,analysis tools,duplicate_normalized_skill
42684,analysts,duplicate_normalized_skill
42685,analytical,duplicate_normalized_skill
42686,analytical & communication skills. Service/catering background preferred. Role needs integrity,experience_or_description_phrase
42687,analytical & problem-solving skills,duplicate_normalized_skill
42690,analytical ability,duplicate_normalized_skill
42692,analytical and problem-solving skills,duplicate_normalized_skill
42693,analytical chemistry,duplicate_normalized_skill
42694,analytical development,duplicate_normalized_skill
42695,analytical instruments,duplicate_normalized_skill
42696,analytical method development,duplicate_normalized_skill
42697,analytical method validation,duplicate_normalized_skill
42699,analytical skills,duplicate_normalized_skill
42700,analytical testing,duplicate_normalized_skill
42701,analytical thinking,duplicate_normalized_skill
42704,analytics,duplicate_normalized_skill
42705,analytics cloud,duplicate_normalized_skill
42706,analytics data,duplicate_normalized_skill
42708,analytics reporting,duplicate_normalized_skill
42710,analytics tool,duplicate_normalized_skill
42715,analyzer,duplicate_normalized_skill
42718,anaplan,duplicate_normalized_skill
42719,anatomy,duplicate_normalized_skill
42721,anchoring,duplicate_normalized_skill
42733,and CSS3 Proficient understanding of code versioning tools like GIT,sentence_or_description
42743,and HVAC teams for integrated MEP design. Review shop drawings,sentence_or_description
42744,and IIS Web Server knowledge. -Experience using version control symbols like SVN and TFS. Have experience with JIRA,experience_or_description_phrase
42746,and Income Tax Experience with ROC filings & statutory compliances Proficiency in Tally/Accounting software & MS Excel Good communication and client handling skills Ability to manage and guide junior staff,experience_or_description_phrase
42751,and MS Office. Ability to manage multiple projects and deadlines in a fast-paced environment,experience_or_description_phrase
42760,and SAP. The ideal candidate will bridge the gap between business requirements and technology solutions,sentence_or_description
42767,and Windows Mobile App including publishing applications to App Stores -Experience using HTML5,sentence_or_description
42769,and ability to work under deadlines,experience_or_description_phrase
42770,and able to handle cleaning and housekeeping duties as per company standards,sentence_or_description
42771,and access control. Ability to write incident reports and maintain records,experience_or_description_phrase
42775,and align merchandising strategies with business objectives to enhance visi Achieve sales targets in the assigned area distributors,sentence_or_description
42776,and an ability to operate independently with minimal oversight,experience_or_description_phrase
42777,and an exceptional customer experience. To succeed in this role,sentence_or_description
42779,and annual revenue targets. Generate leads through networking,sentence_or_description
42782,and basic accounting software Reasonable understanding of Income Tax,sentence_or_description
42783,and beers. The ideal candidate should have prior experience in a liquor/beverage retail environment,experience_or_description_phrase
42788,and close deals in US/AUS markets. Self-starter with excellent communication and pipeline management skills,sentence_or_description
42791,and compliance requirements Ability to generate leads through networking,experience_or_description_phrase
42793,and conflict resolution for managing people. Strategic thinking,sentence_or_description
42795,and coordinate with the procurement team for timely availability. o Develop comprehensive project plans,sentence_or_description
42796,and coordinate with vendors/consultants for smooth ERP operations,sentence_or_description
42797,and coordinating with various departments to ensure a smooth patient experience,sentence_or_description
42801,and crop cycles Analytical mindset with knowledge of price trends and market intelligence Proficiency in MS Excel,experience_or_description_phrase
42806,and data models to segment customers and design differentiated treatment strategies,sentence_or_description
42807,and design tools like Figma or Adobe XD,sentence_or_description
42808,and develop a reliable vendor base across regions,sentence_or_description
42815,and driving retention and loyalty. This role involves analyzing customer data,sentence_or_description
42819,and ensure compliance to protect people and property,sentence_or_description
42821,and ensuring compliance with financial regulations. Strong communication,sentence_or_description
42822,and ensuring proper storage and handling of supplies,sentence_or_description
42824,and ensuring tax compliance for individuals and businesses. Key responsibilities also include analyzing financial risks,sentence_or_description
42829,and expertise in the field of cardiothoracic and vascular surgery,sentence_or_description
42831,and field teams to ensure timely delivery of materials and services. Ensure projects meet client specifications,sentence_or_description
42832,and financial reporting. Ability to troubleshoot and resolve issues efficiently. Good communication to interact with stakeholders,experience_or_description_phrase
42834,and generate performance reports. Communicate professionally via Email,sentence_or_description
42838,and industry events as required,experience_or_description_phrase
42839,and industry events to promote products and services,sentence_or_description
42840,and industry events. Build and maintain strong relationships with clients,sentence_or_description
42843,and internal teams to ensure smooth workflow. Support digital marketing activities such as managing social media,sentence_or_description
42845,and intrusion detection systems. Strong expertise in incident response,sentence_or_description
42846,and inventory operations. Familiarity with machine operation or willingness to learn. Knowledge of inward/outward logistics processes. Strong communication,experience_or_description_phrase
42847,and issuance of materials to site staff. Maintain updated stock registers,sentence_or_description
42850,and leadership abilities. Ability to work collaboratively with cross-functional teams. Understanding of real estate sales cycles and customer behavior,experience_or_description_phrase
42851,and leadership skills. Strong problem-solving and decision-making abilities,sentence_or_description
42852,and leading a team of technicians to ensure the highest standards of safety and quality,sentence_or_description
42856,and maintaining quality assurance and quality control protocols to ensure all painted products meet or exceed internal standards,sentence_or_description
42864,and negotiation skills. - Strong organizational and time management skills. - Ability to work in a fast-paced environment. - Proficient in CRM software and sales tools,experience_or_description_phrase
42868,and online platforms for daily administrative and reporting tasks,sentence_or_description
42870,and organisational skills. 3. Proficiency in MS Office / HRMS tools / AI Tools. 4. Ability to work in a fast-paced,experience_or_description_phrase
42873,and organizational skills. Knowledge of garment production and materials. Ability to work under deadlines and handle multiple tasks. Awareness of sustainable sourcing practi,experience_or_description_phrase
42876,and oversee daily production schedules and workforce allocation,sentence_or_description
42878,and passionate individuals for the position of Professor,sentence_or_description
42880,and performance trackers for the Sales Team and Management. Monitor and track sales targets vs. achievements across regions/teams/products,sentence_or_description
42885,and preventive maintenance Knowledge of AMC management and customer support,experience_or_description_phrase
42886,and problem solving skills are required in Chinese and English. Computer literacy is required,experience_or_description_phrase
42887,and problem-solving abilities. In-depth knowledge of FMCG supply chain and retail operations,experience_or_description_phrase
42889,and problem-solving skills. Ability to communicate complex technical issues clearly to both technical and non-technical stakeholders,experience_or_description_phrase
42890,and process equipment. Experience in products like Boiler controls,experience_or_description_phrase
42892,and proficiency in cost estimation and budgeting software like Excel,sentence_or_description
42893,and proficient in PMS & Channel Manager. Able to handle pressure while ensuring smooth guest experiences,experience_or_description_phrase
42897,and project timelines. They act as a liaison between the design team and the construction workforce,sentence_or_description
42904,and report on the office service management budget,sentence_or_description
42909,and respond effectively to emergencies. They proactively identify hazards,sentence_or_description
42916,and smooth coordination across vendors and internal teams. The role spans AP/AR,sentence_or_description
42918,and specifying procedures for the fabrication of applicable tools and equipment. Work closely with the production,sentence_or_description
42922,and storytelling. Highly analytical and data-driven. Excellent team collaboration and problem-solving with proven adaptability in startup environments. Strong written English,sentence_or_description
42923,and strong business acumen. Sales-oriented with excellent people skills & negotiation ability,sentence_or_description
42926,and successful closure of all on-site installation activities. o Coordinate effectively with clients,sentence_or_description
42927,and supervises all transportation activities for an organization,sentence_or_description
42928,and support functions. Designing training and development programs to strengthen product knowledge,sentence_or_description
42929,and system design. Familiarity with relevant software for design and estimation,sentence_or_description
42932,and taking on additional administrative duties when required,experience_or_description_phrase
42938,and the ability to guide and mentor students in answer writing and test preparation,experience_or_description_phrase
42939,and transfer rules. Document rationale citing AHA Coding Clinic,sentence_or_description
42941,and validate data from various internal and external sources,sentence_or_description
42947,anda,duplicate_normalized_skill
42949,android,duplicate_normalized_skill
42951,android application development,duplicate_normalized_skill
42952,android architecture,duplicate_normalized_skill
42954,android developer,duplicate_normalized_skill
42955,android development,duplicate_normalized_skill
42956,android framework,duplicate_normalized_skill
42958,android os,duplicate_normalized_skill
42959,android sdk,duplicate_normalized_skill
42960,android studio,duplicate_normalized_skill
42961,android testing,duplicate_normalized_skill
42962,anesthesia,duplicate_normalized_skill
42964,anesthesiology,duplicate_normalized_skill
42965,anesthetist,duplicate_normalized_skill
42966,angiography,duplicate_normalized_skill
42967,angioplasty,duplicate_normalized_skill
42968,anglo,duplicate_normalized_skill
42969,angular 16+,duplicate_normalized_skill
42970,angular 17,duplicate_normalized_skill
42972,angular cli,duplicate_normalized_skill
42973,angular development,duplicate_normalized_skill
42974,angular framework,duplicate_normalized_skill
42975,angular js,duplicate_normalized_skill
42976,angular material,duplicate_normalized_skill
42979,animation,duplicate_normalized_skill
42981,animations,duplicate_normalized_skill
42982,anm,duplicate_normalized_skill
42983,annotation,duplicate_normalized_skill
42984,annual reports,duplicate_normalized_skill
42985,annual return,duplicate_normalized_skill
42987,ansa,duplicate_normalized_skill
42988,ansi,duplicate_normalized_skill
42989,ansi sql,duplicate_normalized_skill
42991,ansible,duplicate_normalized_skill
42995,ansys,duplicate_normalized_skill
42996,ansys workbench,duplicate_normalized_skill
42997,ant,duplicate_normalized_skill
42999,antenna design,duplicate_normalized_skill
43001,anti money laundering,duplicate_normalized_skill
43003,antivirus,duplicate_normalized_skill
43006,any degree,education_or_qualification
43008,anypoint platform,duplicate_normalized_skill
43009,anz,duplicate_normalized_skill
43011,aop,duplicate_normalized_skill
43012,aosp,duplicate_normalized_skill
43013,ap,duplicate_normalized_skill
43014,apache,duplicate_normalized_skill
43015,apache Kafka,duplicate_normalized_skill
43016,apache camel,duplicate_normalized_skill
43017,apache felix,duplicate_normalized_skill
43018,apache nifi,duplicate_normalized_skill
43020,apache solr,duplicate_normalized_skill
43021,apache storm,duplicate_normalized_skill
43023,apache tomcat,duplicate_normalized_skill
43025,apache zookeeper,duplicate_normalized_skill
43026,apb,duplicate_normalized_skill
43027,apc,duplicate_normalized_skill
43028,apex,duplicate_normalized_skill
43029,apex classes,duplicate_normalized_skill
43030,apex programming,duplicate_normalized_skill
43031,api,duplicate_normalized_skill
43035,api automation,duplicate_normalized_skill
43038,api design and development,duplicate_normalized_skill
43039,api gateway,duplicate_normalized_skill
43040,api integration,duplicate_normalized_skill
43041,api management,duplicate_normalized_skill
43043,api production,duplicate_normalized_skill
43044,api test automation,duplicate_normalized_skill
43045,api testing,duplicate_normalized_skill
43047,apic,duplicate_normalized_skill
43048,apigee,duplicate_normalized_skill
43049,apm tools,duplicate_normalized_skill
43050,apo,duplicate_normalized_skill
43053,app development,duplicate_normalized_skill
43056,app marketing,duplicate_normalized_skill
43060,app support,duplicate_normalized_skill
43061,app-v,duplicate_normalized_skill
43062,apparel,duplicate_normalized_skill
43064,apparel industry,duplicate_normalized_skill
43066,apparel production,duplicate_normalized_skill
43068,appd,duplicate_normalized_skill
43069,appdynamics,duplicate_normalized_skill
43070,appian,duplicate_normalized_skill
43071,appian bpm,duplicate_normalized_skill
43072,appian process automation,duplicate_normalized_skill
43073,appium,duplicate_normalized_skill
43077,applicant tracking system,duplicate_normalized_skill
43078,application Development,duplicate_normalized_skill
43080,application architecture,duplicate_normalized_skill
43081,application architectures,duplicate_normalized_skill
43082,application configuration,duplicate_normalized_skill
43083,application deployment,duplicate_normalized_skill
43084,application design,duplicate_normalized_skill
43086,application development,duplicate_normalized_skill
43087,application development framework,duplicate_normalized_skill
43090,application engine,duplicate_normalized_skill
43091,application engineer,duplicate_normalized_skill
43092,application engineering,duplicate_normalized_skill
43094,application gateway,duplicate_normalized_skill
43096,application installation,duplicate_normalized_skill
43097,application integration,duplicate_normalized_skill
43098,application lifecycle management,duplicate_normalized_skill
43099,application maintenance,duplicate_normalized_skill
43100,application management,duplicate_normalized_skill
43102,application monitoring,duplicate_normalized_skill
43103,application packaging,duplicate_normalized_skill
43104,application performance management,duplicate_normalized_skill
43106,application portfolio management,duplicate_normalized_skill
43107,application production support,duplicate_normalized_skill
43108,application programming,duplicate_normalized_skill
43110,application security,duplicate_normalized_skill
43111,application security testing,duplicate_normalized_skill
43112,application server,duplicate_normalized_skill
43113,application software,duplicate_normalized_skill
43114,application software support,duplicate_normalized_skill
43116,application support,duplicate_normalized_skill
43117,application system,duplicate_normalized_skill
43118,application testing,duplicate_normalized_skill
43121,appoint,duplicate_normalized_skill
43130,appscan,duplicate_normalized_skill
43132,apqp,duplicate_normalized_skill
43133,aps,duplicate_normalized_skill
43136,aql,invalid_short_skill
43137,aqua feed,duplicate_normalized_skill
43138,ar caller,duplicate_normalized_skill
43139,ar calling,duplicate_normalized_skill
43140,ar collection,duplicate_normalized_skill
43141,ar executive,duplicate_normalized_skill
43142,ar followups,duplicate_normalized_skill
43143,ar voice,duplicate_normalized_skill
43144,aras,duplicate_normalized_skill
43145,arbitration,duplicate_normalized_skill
43146,arbitration matters,duplicate_normalized_skill
43147,arbortext,duplicate_normalized_skill
43149,arc,duplicate_normalized_skill
43150,arc map,duplicate_normalized_skill
43151,arc welding,duplicate_normalized_skill
43152,arcgis,duplicate_normalized_skill
43154,arcgis server,duplicate_normalized_skill
43155,archer,duplicate_normalized_skill
43157,architect,duplicate_normalized_skill
43159,architecting,duplicate_normalized_skill
43160,architects,duplicate_normalized_skill
43162,architectural design,duplicate_normalized_skill
43163,architectural draftsman,duplicate_normalized_skill
43164,architectural drawings,duplicate_normalized_skill
43168,architectural patterns,duplicate_normalized_skill
43172,architecture,duplicate_normalized_skill
43173,architecture modelling,duplicate_normalized_skill
43179,arcore,duplicate_normalized_skill
43180,arcpy,duplicate_normalized_skill
43181,arcs,duplicate_normalized_skill
43182,arcsight,duplicate_normalized_skill
43183,arduino,duplicate_normalized_skill
43184,area,duplicate_normalized_skill
43185,area business manager,duplicate_normalized_skill
43188,area management,duplicate_normalized_skill
43189,area manager,duplicate_normalized_skill
43191,area sales,duplicate_normalized_skill
43192,area sales Manager,duplicate_normalized_skill
43193,area sales management,duplicate_normalized_skill
43194,area sales manager,duplicate_normalized_skill
43199,argus,duplicate_normalized_skill
43200,ariba,duplicate_normalized_skill
43202,ariba contract management,duplicate_normalized_skill
43204,ariba sourcing,duplicate_normalized_skill
43205,arima,duplicate_normalized_skill
43207,aris,duplicate_normalized_skill
43208,arisg,duplicate_normalized_skill
43209,arkit,duplicate_normalized_skill
43210,arm,duplicate_normalized_skill
43211,arm architecture,duplicate_normalized_skill
43212,arm cortex,duplicate_normalized_skill
43213,arm processor,duplicate_normalized_skill
43214,arm templates,duplicate_normalized_skill
43217,arp,duplicate_normalized_skill
43220,art,duplicate_normalized_skill
43221,art and craft,duplicate_normalized_skill
43222,art and craft teacher,duplicate_normalized_skill
43223,art direction,duplicate_normalized_skill
43225,arthroscopy,duplicate_normalized_skill
43228,article writing,duplicate_normalized_skill
43229,articles,duplicate_normalized_skill
43230,articles Writing,duplicate_normalized_skill
43232,articles writing,duplicate_normalized_skill
43233,articleship,duplicate_normalized_skill
43234,articulate,duplicate_normalized_skill
43235,articulate storyline,duplicate_normalized_skill
43236,articulate studio,duplicate_normalized_skill
43237,artifactory,duplicate_normalized_skill
43239,artwork,duplicate_normalized_skill
43240,aruba wireless,duplicate_normalized_skill
43242,as,duplicate_normalized_skill
43244,as2,duplicate_normalized_skill
43245,as400,duplicate_normalized_skill
43246,as400 admin,duplicate_normalized_skill
43247,as9100,duplicate_normalized_skill
43248,asana,duplicate_normalized_skill
43250,asd,invalid_short_skill
43251,asg,duplicate_normalized_skill
43252,ash,duplicate_normalized_skill
43253,ash Transportation,duplicate_normalized_skill
43257,ash disposal,duplicate_normalized_skill
43259,ash exports,duplicate_normalized_skill
43260,ash handling,duplicate_normalized_skill
43263,ash sales,duplicate_normalized_skill
43267,ashrae,duplicate_normalized_skill
43269,asic,duplicate_normalized_skill
43270,asic design,duplicate_normalized_skill
43272,asic verification,duplicate_normalized_skill
43274,asm,duplicate_normalized_skill
43275,asme,duplicate_normalized_skill
43276,aso,duplicate_normalized_skill
43277,asp,duplicate_normalized_skill
43278,asp.net,duplicate_normalized_skill
43280,asp.net core,duplicate_normalized_skill
43281,asp.net core mvc,duplicate_normalized_skill
43282,asp.net mvc,duplicate_normalized_skill
43284,aspect,duplicate_normalized_skill
43285,aspen,duplicate_normalized_skill
43287,aspice,duplicate_normalized_skill
43290,asr,duplicate_normalized_skill
43291,asrs,duplicate_normalized_skill
43294,assembling,duplicate_normalized_skill
43295,assembly,duplicate_normalized_skill
43296,assembly design,duplicate_normalized_skill
43298,assembly line,duplicate_normalized_skill
43300,assembly process,duplicate_normalized_skill
43301,assembly process design,duplicate_normalized_skill
43306,assessment,duplicate_normalized_skill
43308,asset,duplicate_normalized_skill
43310,asset accounting,duplicate_normalized_skill
43311,asset allocation,duplicate_normalized_skill
43312,asset integrity,duplicate_normalized_skill
43313,asset liability management,duplicate_normalized_skill
43314,asset management,duplicate_normalized_skill
43315,asset operations,duplicate_normalized_skill
43316,asset protection,duplicate_normalized_skill
43319,asset servicing,duplicate_normalized_skill
43322,assistant,duplicate_normalized_skill
43324,assistant manager,duplicate_normalized_skill
43326,assistant manager operations,duplicate_normalized_skill
43327,assistant manager recruitment,duplicate_normalized_skill
43329,assistant manager talent acquisition,duplicate_normalized_skill
43332,assistant professor,duplicate_normalized_skill
43333,assistant registrar,duplicate_normalized_skill
43334,assistant restaurant manager,duplicate_normalized_skill
43335,assistant sales manager,duplicate_normalized_skill
43340,associate,duplicate_normalized_skill
43342,associate director,duplicate_normalized_skill
43344,associate professor,duplicate_normalized_skill
43346,assortment planning,duplicate_normalized_skill
43348,assurance,duplicate_normalized_skill
43350,astm,duplicate_normalized_skill
43354,asynchronous,duplicate_normalized_skill
43358,at&t sales,duplicate_normalized_skill
43359,ata,invalid_short_skill
43362,atex,duplicate_normalized_skill
43365,athena,duplicate_normalized_skill
43366,athletics,duplicate_normalized_skill
43367,atlassian,duplicate_normalized_skill
43368,atlassian jira,duplicate_normalized_skill
43369,atm,duplicate_normalized_skill
43371,atp,duplicate_normalized_skill
43372,atpg,duplicate_normalized_skill
43373,ats,duplicate_normalized_skill
43375,attendance management,duplicate_normalized_skill
43376,attention to detail,duplicate_normalized_skill
43378,attrition,duplicate_normalized_skill
43379,attrition control,duplicate_normalized_skill
43380,attrition management,duplicate_normalized_skill
43382,auction,duplicate_normalized_skill
43387,audio,duplicate_normalized_skill
43390,audio mixing,duplicate_normalized_skill
43393,audio visual,duplicate_normalized_skill
43394,audit,duplicate_normalized_skill
43395,audit Management,duplicate_normalized_skill
43397,audit compliance,duplicate_normalized_skill
43398,audit documentation,duplicate_normalized_skill
43400,audit planning,duplicate_normalized_skill
43402,audit report,duplicate_normalized_skill
43404,audit work,duplicate_normalized_skill
43405,auditing,duplicate_normalized_skill
43406,auditor,duplicate_normalized_skill
43408,audits,duplicate_normalized_skill
43410,augmented reality,duplicate_normalized_skill
43413,australian,duplicate_normalized_skill
43414,australian process,duplicate_normalized_skill
43415,auth,duplicate_normalized_skill
43416,authentication,duplicate_normalized_skill
43421,authorization,duplicate_normalized_skill
43422,authorizer,duplicate_normalized_skill
43423,auto,duplicate_normalized_skill
43428,auto level,duplicate_normalized_skill
43429,auto loan,duplicate_normalized_skill
43430,auto loan sales,duplicate_normalized_skill
43431,auto loans,duplicate_normalized_skill
43432,auto parts,duplicate_normalized_skill
43434,auto scaling,duplicate_normalized_skill
43435,autocad,duplicate_normalized_skill
43436,autocad 2d,duplicate_normalized_skill
43437,autocad 3d,duplicate_normalized_skill
43438,autocad drawing,duplicate_normalized_skill
43439,autocad map,duplicate_normalized_skill
43440,autocad plant 3d,duplicate_normalized_skill
43442,autoclave,duplicate_normalized_skill
43443,autodesk,duplicate_normalized_skill
43444,autodesk inventor,duplicate_normalized_skill
43445,autodesk maya,duplicate_normalized_skill
43446,autodesk revit,duplicate_normalized_skill
43447,autogen,duplicate_normalized_skill
43459,automation,duplicate_normalized_skill
43460,automation anywhere,duplicate_normalized_skill
43462,automation engineering,duplicate_normalized_skill
43463,automation framework,duplicate_normalized_skill
43464,automation framework development,duplicate_normalized_skill
43465,automation frameworks,duplicate_normalized_skill
43469,automation project engineering,duplicate_normalized_skill
43471,automation sales,duplicate_normalized_skill
43472,automation scripting,duplicate_normalized_skill
43473,automation studio,duplicate_normalized_skill
43474,automation systems,duplicate_normalized_skill
43477,automation test framework,duplicate_normalized_skill
43478,automation tester,duplicate_normalized_skill
43479,automation testing,duplicate_normalized_skill
43480,automation tools,duplicate_normalized_skill
43481,automations,duplicate_normalized_skill
43482,automative,duplicate_normalized_skill
43484,automic,duplicate_normalized_skill
43485,automobile,duplicate_normalized_skill
43487,automobile production,duplicate_normalized_skill
43488,automobile service,duplicate_normalized_skill
43490,automotive,duplicate_normalized_skill
43493,automotive component,duplicate_normalized_skill
43494,automotive design,duplicate_normalized_skill
43499,automotive infotainment,duplicate_normalized_skill
43505,automotive testing,duplicate_normalized_skill
43506,autopilot,duplicate_normalized_skill
43508,autosar,duplicate_normalized_skill
43509,autosar development,duplicate_normalized_skill
43510,autosys,duplicate_normalized_skill
43512,av,duplicate_normalized_skill
43515,availability,duplicate_normalized_skill
43516,avaloq,duplicate_normalized_skill
43517,avaloq development,duplicate_normalized_skill
43518,avamar,duplicate_normalized_skill
43519,avaya,duplicate_normalized_skill
43521,avaya cms,duplicate_normalized_skill
43523,aveva,duplicate_normalized_skill
43525,aviation,duplicate_normalized_skill
43528,avionics,duplicate_normalized_skill
43529,aws administration,duplicate_normalized_skill
43530,aws big data,duplicate_normalized_skill
43532,aws certified,duplicate_normalized_skill
43533,aws cloud,duplicate_normalized_skill
43534,aws cloudformation,duplicate_normalized_skill
43537,aws data lake,duplicate_normalized_skill
43538,aws deployment,duplicate_normalized_skill
43539,aws devops,duplicate_normalized_skill
43541,aws glue,duplicate_normalized_skill
43543,aws iam,duplicate_normalized_skill
43544,aws infrastructure,duplicate_normalized_skill
43545,aws iot core,duplicate_normalized_skill
43546,aws kinesis,duplicate_normalized_skill
43547,aws lambda,duplicate_normalized_skill
43548,aws migration,duplicate_normalized_skill
43550,aws s3,duplicate_normalized_skill
43551,aws sagemaker,duplicate_normalized_skill
43552,aws security,duplicate_normalized_skill
43555,awsazure,duplicate_normalized_skill
43556,awt,invalid_short_skill
43557,axi,duplicate_normalized_skill
43558,axiom,duplicate_normalized_skill
43560,axure,duplicate_normalized_skill
43562,ayurveda,duplicate_normalized_skill
43564,azu,invalid_short_skill
43565,azure active directory,duplicate_normalized_skill
43566,azure ad,duplicate_normalized_skill
43567,azure ad connect,duplicate_normalized_skill
43568,azure admin,duplicate_normalized_skill
43569,azure analysis services,duplicate_normalized_skill
43570,azure analytics,duplicate_normalized_skill
43571,azure api management,duplicate_normalized_skill
43572,azure app service,duplicate_normalized_skill
43573,azure application insights,duplicate_normalized_skill
43574,azure automation,duplicate_normalized_skill
43575,azure blob,duplicate_normalized_skill
43577,azure cli,duplicate_normalized_skill
43578,azure cloud,duplicate_normalized_skill
43579,azure cloud platform,duplicate_normalized_skill
43580,azure cloud services,duplicate_normalized_skill
43581,azure cosmosdb,duplicate_normalized_skill
43582,azure data factory,duplicate_normalized_skill
43583,azure data lake,duplicate_normalized_skill
43585,azure data warehouse,duplicate_normalized_skill
43586,azure database,duplicate_normalized_skill
43587,azure databricks,duplicate_normalized_skill
43588,azure devops,duplicate_normalized_skill
43590,azure event hub,duplicate_normalized_skill
43591,azure firewall,duplicate_normalized_skill
43592,azure functions,duplicate_normalized_skill
43593,azure hdinsight,duplicate_normalized_skill
43594,azure iaas,duplicate_normalized_skill
43595,azure infrastructure,duplicate_normalized_skill
43596,azure integration services,duplicate_normalized_skill
43597,azure iot,duplicate_normalized_skill
43598,azure key vault,duplicate_normalized_skill
43599,azure kubernetes,duplicate_normalized_skill
43600,azure kubernetes service,duplicate_normalized_skill
43601,azure logic apps,duplicate_normalized_skill
43602,azure machine learning,duplicate_normalized_skill
43603,azure migration,duplicate_normalized_skill
43604,azure monitoring,duplicate_normalized_skill
43605,azure networking,duplicate_normalized_skill
43606,azure or aws,duplicate_normalized_skill
43607,azure paas,duplicate_normalized_skill
43608,azure policy,duplicate_normalized_skill
43611,azure security,duplicate_normalized_skill
43612,azure service bus,duplicate_normalized_skill
43613,azure service fabric,duplicate_normalized_skill
43614,azure services,duplicate_normalized_skill
43616,azure sql,duplicate_normalized_skill
43618,azure storage,duplicate_normalized_skill
43619,azure synapse,duplicate_normalized_skill
43621,b,duplicate_normalized_skill
43622,b pharm,duplicate_normalized_skill
43623,b pharmacy,duplicate_normalized_skill
43624,b service,duplicate_normalized_skill
43627,b.com,duplicate_normalized_skill
43628,b.pharm,duplicate_normalized_skill
43629,b.tech,duplicate_normalized_skill
43631,b2b,duplicate_normalized_skill
43632,b2b collection,duplicate_normalized_skill
43633,b2b corporate sales,duplicate_normalized_skill
43634,b2b direct sales,duplicate_normalized_skill
43635,b2b integration,duplicate_normalized_skill
43636,b2b marketing,duplicate_normalized_skill
43637,b2b sales,duplicate_normalized_skill
43638,b2c,duplicate_normalized_skill
43639,b2c sales,duplicate_normalized_skill
43641,babel,duplicate_normalized_skill
43643,bac,duplicate_normalized_skill
43644,bachelor,education_or_qualification
43647,back end,duplicate_normalized_skill
43648,back office,duplicate_normalized_skill
43650,back office executive,duplicate_normalized_skill
43651,back office management,duplicate_normalized_skill
43652,back office operations,duplicate_normalized_skill
43653,back office processing,duplicate_normalized_skill
43658,backbone.js,duplicate_normalized_skill
43659,backend,duplicate_normalized_skill
43661,backend developer,duplicate_normalized_skill
43662,backend development,duplicate_normalized_skill
43666,backend operations,duplicate_normalized_skill
43667,backend testing,duplicate_normalized_skill
43672,backup,duplicate_normalized_skill
43673,backup management,duplicate_normalized_skill
43676,bad debt,duplicate_normalized_skill
43679,badis,duplicate_normalized_skill
43680,badminton,duplicate_normalized_skill
43682,baggage handling,duplicate_normalized_skill
43685,bakery,duplicate_normalized_skill
43687,bakery chef,duplicate_normalized_skill
43688,baking,duplicate_normalized_skill
43689,balance sheet,duplicate_normalized_skill
43690,balance sheet analysis,duplicate_normalized_skill
43691,balance sheet management,duplicate_normalized_skill
43692,balance sheet reconciliation,duplicate_normalized_skill
43693,balance sheet review,duplicate_normalized_skill
43698,bams,duplicate_normalized_skill
43699,banca,duplicate_normalized_skill
43700,banca sales,duplicate_normalized_skill
43702,bancassurance,duplicate_normalized_skill
43703,bancs,duplicate_normalized_skill
43706,bangalore,duplicate_normalized_skill
43707,bank,duplicate_normalized_skill
43708,bank Officer,duplicate_normalized_skill
43710,bank accounting,duplicate_normalized_skill
43712,bank audit,duplicate_normalized_skill
43716,bank guarantee,duplicate_normalized_skill
43717,bank job,duplicate_normalized_skill
43718,bank loan,duplicate_normalized_skill
43721,bank reconciliation,duplicate_normalized_skill
43722,bank reconciliation statement,duplicate_normalized_skill
43723,bank reconciliations,duplicate_normalized_skill
43724,banking,duplicate_normalized_skill
43726,banking Sales,duplicate_normalized_skill
43727,banking application,duplicate_normalized_skill
43728,banking compliance,duplicate_normalized_skill
43731,banking job,duplicate_normalized_skill
43733,banking management,duplicate_normalized_skill
43734,banking operations,duplicate_normalized_skill
43736,banking process,duplicate_normalized_skill
43737,banking products,duplicate_normalized_skill
43739,banking sales,duplicate_normalized_skill
43740,banking sector,duplicate_normalized_skill
43741,banking software,duplicate_normalized_skill
43745,banking voice,duplicate_normalized_skill
43747,banners,duplicate_normalized_skill
43748,banquets,duplicate_normalized_skill
43749,bapi,duplicate_normalized_skill
43750,bapis,duplicate_normalized_skill
43751,bar bending schedule,duplicate_normalized_skill
43752,barclays,duplicate_normalized_skill
43753,barista,duplicate_normalized_skill
43755,bartending,duplicate_normalized_skill
43757,base sas,duplicate_normalized_skill
43758,basel,duplicate_normalized_skill
43759,basel iii,duplicate_normalized_skill
43760,bash,duplicate_normalized_skill
43761,bash scripting,duplicate_normalized_skill
43766,basic computer,duplicate_normalized_skill
43767,basic computer knowledge,duplicate_normalized_skill
43768,basic excel,duplicate_normalized_skill
43773,basis administration,duplicate_normalized_skill
43775,batch,duplicate_normalized_skill
43776,batch jobs,duplicate_normalized_skill
43778,batch management,duplicate_normalized_skill
43780,batch processing,duplicate_normalized_skill
43788,battery,duplicate_normalized_skill
43789,battery design,duplicate_normalized_skill
43790,bau support,duplicate_normalized_skill
43791,bba,duplicate_normalized_skill
43792,bba fresher,duplicate_normalized_skill
43793,bbm,duplicate_normalized_skill
43794,bc,duplicate_normalized_skill
43795,bca,duplicate_normalized_skill
43796,bcc,invalid_short_skill
43797,bchh-c,duplicate_normalized_skill
43798,bchhc,duplicate_normalized_skill
43799,bcm,duplicate_normalized_skill
43800,bcom,duplicate_normalized_skill
43801,bcp,invalid_short_skill
43802,bcs,duplicate_normalized_skill
43803,bd,duplicate_normalized_skill
43804,bdc,duplicate_normalized_skill
43805,bdd,duplicate_normalized_skill
43806,bdd cucumber,duplicate_normalized_skill
43807,bdd framework,duplicate_normalized_skill
43808,bde,duplicate_normalized_skill
43809,bdm,duplicate_normalized_skill
43810,bdo,duplicate_normalized_skill
43811,bds,duplicate_normalized_skill
43812,be,duplicate_normalized_skill
43815,beam,duplicate_normalized_skill
43816,beanshell,duplicate_normalized_skill
43818,bearings,duplicate_normalized_skill
43819,beats,duplicate_normalized_skill
43820,beautician activities,duplicate_normalized_skill
43821,beauty,duplicate_normalized_skill
43823,bed,duplicate_normalized_skill
43824,bed making,duplicate_normalized_skill
43825,bedrock,duplicate_normalized_skill
43829,behavioural training,duplicate_normalized_skill
43830,bench management,duplicate_normalized_skill
43831,bench sales,duplicate_normalized_skill
43832,benchmarking,duplicate_normalized_skill
43833,benefit analysis,duplicate_normalized_skill
43834,benefits,duplicate_normalized_skill
43835,benefits administration,duplicate_normalized_skill
43837,benefits management,duplicate_normalized_skill
43839,bengali,duplicate_normalized_skill
43841,bert,duplicate_normalized_skill
43843,bet,duplicate_normalized_skill
43846,beverage,duplicate_normalized_skill
43847,beverage sales,duplicate_normalized_skill
43849,bex,invalid_short_skill
43851,beyondtrust,duplicate_normalized_skill
43852,bfd,invalid_short_skill
43853,bfsi,duplicate_normalized_skill
43854,bfsi sales,duplicate_normalized_skill
43855,bgp,duplicate_normalized_skill
43856,bhm,duplicate_normalized_skill
43857,bhms,duplicate_normalized_skill
43859,bi,duplicate_normalized_skill
43862,bi publisher,duplicate_normalized_skill
43863,bi tools,duplicate_normalized_skill
43865,bid management,duplicate_normalized_skill
43866,bidding,duplicate_normalized_skill
43867,bidding process,duplicate_normalized_skill
43868,big data,duplicate_normalized_skill
43869,big data administration,duplicate_normalized_skill
43870,big data analytics,duplicate_normalized_skill
43874,big data technologies,duplicate_normalized_skill
43875,big data testing,duplicate_normalized_skill
43876,bigdata,duplicate_normalized_skill
43877,bigdata frameworks,duplicate_normalized_skill
43879,bigquery,duplicate_normalized_skill
43880,bigtable,duplicate_normalized_skill
43881,bihar,duplicate_normalized_skill
43883,bilingual,duplicate_normalized_skill
43886,bill of materials,duplicate_normalized_skill
43888,bill processing,duplicate_normalized_skill
43890,billing,duplicate_normalized_skill
43891,billing center,duplicate_normalized_skill
43892,billing operations,duplicate_normalized_skill
43894,bim,duplicate_normalized_skill
43895,bim modeler,duplicate_normalized_skill
43897,bing ads,duplicate_normalized_skill
43898,bio,duplicate_normalized_skill
43902,biochemist,duplicate_normalized_skill
43903,biochemistry,duplicate_normalized_skill
43905,bioinformatics,duplicate_normalized_skill
43906,biologics,duplicate_normalized_skill
43907,biology,duplicate_normalized_skill
43908,biology teacher,duplicate_normalized_skill
43909,biomedical,duplicate_normalized_skill
43911,biomedical engineer,duplicate_normalized_skill
43912,biomedical engineering,duplicate_normalized_skill
43914,biometrics,duplicate_normalized_skill
43916,bioprocess engineering,duplicate_normalized_skill
43919,bios,duplicate_normalized_skill
43920,biostatistics,duplicate_normalized_skill
43923,biotechnology,duplicate_normalized_skill
43926,bip,duplicate_normalized_skill
43928,bis,duplicate_normalized_skill
43929,bist,duplicate_normalized_skill
43930,bit bucket,duplicate_normalized_skill
43931,bitbucket,duplicate_normalized_skill
43932,bitlocker,duplicate_normalized_skill
43934,biw,duplicate_normalized_skill
43935,biztalk,duplicate_normalized_skill
43936,bl,duplicate_normalized_skill
43937,black belt,duplicate_normalized_skill
43938,black box testing,duplicate_normalized_skill
43940,blackline,duplicate_normalized_skill
43941,blazemeter,duplicate_normalized_skill
43943,bleaching,duplicate_normalized_skill
43944,blended,duplicate_normalized_skill
43945,blended process,duplicate_normalized_skill
43947,blob storage,duplicate_normalized_skill
43948,bloc,duplicate_normalized_skill
43951,blockchain,duplicate_normalized_skill
43954,blog writing,duplicate_normalized_skill
43955,blogger,duplicate_normalized_skill
43956,blogs,duplicate_normalized_skill
43957,blood bank,duplicate_normalized_skill
43958,blood collection,duplicate_normalized_skill
43961,bloomberg,duplicate_normalized_skill
43964,blue collar,duplicate_normalized_skill
43965,blue prism,duplicate_normalized_skill
43966,bluebeam,duplicate_normalized_skill
43967,bluecoat,duplicate_normalized_skill
43969,blueprint,duplicate_normalized_skill
43971,bluetooth,duplicate_normalized_skill
43972,bluetooth communication,duplicate_normalized_skill
43973,bmc,duplicate_normalized_skill
43974,bmc control-m,duplicate_normalized_skill
43976,bmc remedy,duplicate_normalized_skill
43978,bmide,duplicate_normalized_skill
43979,bml,duplicate_normalized_skill
43980,bmm,duplicate_normalized_skill
43981,bmr,duplicate_normalized_skill
43982,bms,duplicate_normalized_skill
43984,bms system,duplicate_normalized_skill
43986,bo,duplicate_normalized_skill
43989,board bringup,duplicate_normalized_skill
43992,board meetings,duplicate_normalized_skill
43993,board support package,duplicate_normalized_skill
43995,bobj,duplicate_normalized_skill
43997,bods,duplicate_normalized_skill
44000,boiler,duplicate_normalized_skill
44001,boiler design,duplicate_normalized_skill
44004,boiler maintenance,duplicate_normalized_skill
44006,boilers,duplicate_normalized_skill
44010,bom,duplicate_normalized_skill
44011,bom preparation,duplicate_normalized_skill
44012,bonds,duplicate_normalized_skill
44013,bonus,duplicate_normalized_skill
44015,book keeping,duplicate_normalized_skill
44018,bookkeeping,duplicate_normalized_skill
44019,books of accounts,duplicate_normalized_skill
44020,boolean search,duplicate_normalized_skill
44021,boomi,duplicate_normalized_skill
44023,bootloader,duplicate_normalized_skill
44024,bootstrap,duplicate_normalized_skill
44027,bop,duplicate_normalized_skill
44028,bopf,duplicate_normalized_skill
44029,boq,duplicate_normalized_skill
44030,bot,duplicate_normalized_skill
44032,botany,duplicate_normalized_skill
44034,botox,duplicate_normalized_skill
44037,box,duplicate_normalized_skill
44039,bp,duplicate_normalized_skill
44040,bpc,duplicate_normalized_skill
44041,bpf,invalid_short_skill
44042,bpm,duplicate_normalized_skill
44043,bpm architecture,duplicate_normalized_skill
44045,bpmn,duplicate_normalized_skill
44046,bpo,duplicate_normalized_skill
44050,bpo hiring,duplicate_normalized_skill
44052,bpo non voice,duplicate_normalized_skill
44053,bpo operations,duplicate_normalized_skill
44054,bpo recruitment,duplicate_normalized_skill
44055,bpo sales,duplicate_normalized_skill
44056,bpo voice,duplicate_normalized_skill
44057,bpr,duplicate_normalized_skill
44058,bps,duplicate_normalized_skill
44060,bpt,duplicate_normalized_skill
44061,bra,invalid_short_skill
44062,branch,duplicate_normalized_skill
44063,branch audit,duplicate_normalized_skill
44065,branch banking,duplicate_normalized_skill
44066,branch banking operations,duplicate_normalized_skill
44068,branch handling,duplicate_normalized_skill
44069,branch head,duplicate_normalized_skill
44070,branch incharge,duplicate_normalized_skill
44071,branch management,duplicate_normalized_skill
44072,branch manager,duplicate_normalized_skill
44075,branch operations,duplicate_normalized_skill
44076,branch sales,duplicate_normalized_skill
44077,branch sales officer,duplicate_normalized_skill
44078,brand,duplicate_normalized_skill
44079,brand activation,duplicate_normalized_skill
44080,brand alliances,duplicate_normalized_skill
44082,brand building,duplicate_normalized_skill
44083,brand campaigns,duplicate_normalized_skill
44084,brand communication,duplicate_normalized_skill
44087,brand development,duplicate_normalized_skill
44088,brand launch,duplicate_normalized_skill
44089,brand management,duplicate_normalized_skill
44090,brand manager,duplicate_normalized_skill
44091,brand marketing,duplicate_normalized_skill
44092,brand planning,duplicate_normalized_skill
44094,brand positioning,duplicate_normalized_skill
44095,brand promotion,duplicate_normalized_skill
44097,brand representation,duplicate_normalized_skill
44099,brand sales,duplicate_normalized_skill
44100,brand solutions,duplicate_normalized_skill
44102,brand strategy,duplicate_normalized_skill
44105,branding,duplicate_normalized_skill
44106,brd,duplicate_normalized_skill
44107,bread,duplicate_normalized_skill
44110,breakdown,duplicate_normalized_skill
44111,breakdown analysis,duplicate_normalized_skill
44112,breakdown maintenance,duplicate_normalized_skill
44113,brewery,duplicate_normalized_skill
44114,brf,duplicate_normalized_skill
44115,brf+,duplicate_normalized_skill
44119,bridge construction,duplicate_normalized_skill
44120,bridge design,duplicate_normalized_skill
44123,british airways,duplicate_normalized_skill
44124,broadband,duplicate_normalized_skill
44125,broadcasting,duplicate_normalized_skill
44128,brocade,duplicate_normalized_skill
44130,brochure design,duplicate_normalized_skill
44131,brochures,duplicate_normalized_skill
44132,broiler feed,duplicate_normalized_skill
44133,brokerage,duplicate_normalized_skill
44137,broking,duplicate_normalized_skill
44139,brownfield,duplicate_normalized_skill
44143,brs,duplicate_normalized_skill
44144,bsc,duplicate_normalized_skill
44148,bsc chemistry,duplicate_normalized_skill
44154,bscit,duplicate_normalized_skill
44155,bsm,duplicate_normalized_skill
44156,bsms,duplicate_normalized_skill
44160,bsp,duplicate_normalized_skill
44161,bss,duplicate_normalized_skill
44163,btech,duplicate_normalized_skill
44164,btech bioinformatics,duplicate_normalized_skill
44165,bteq,duplicate_normalized_skill
44166,btg,invalid_short_skill
44167,btl,duplicate_normalized_skill
44169,bts,duplicate_normalized_skill
44174,budget forecasting,duplicate_normalized_skill
44175,budget management,duplicate_normalized_skill
44177,budget planning,duplicate_normalized_skill
44178,budgetary control,duplicate_normalized_skill
44179,budgeting,duplicate_normalized_skill
44180,budgeting & forecasting,duplicate_normalized_skill
44185,bug,duplicate_normalized_skill
44188,bug fixing,duplicate_normalized_skill
44189,bug tracking,duplicate_normalized_skill
44190,bug tracking tool,duplicate_normalized_skill
44192,bugzilla,duplicate_normalized_skill
44194,build automation,duplicate_normalized_skill
44197,builder,duplicate_normalized_skill
44199,building,duplicate_normalized_skill
44200,building Material,duplicate_normalized_skill
44201,building construction,duplicate_normalized_skill
44202,building design,duplicate_normalized_skill
44204,building management system,duplicate_normalized_skill
44205,building material,duplicate_normalized_skill
44206,building materials,duplicate_normalized_skill
44207,building project,duplicate_normalized_skill
44221,bulk api,duplicate_normalized_skill
44222,bulk hiring,duplicate_normalized_skill
44227,burgundy,duplicate_normalized_skill
44228,burp suite,duplicate_normalized_skill
44229,bus,duplicate_normalized_skill
44230,business,duplicate_normalized_skill
44231,business Analyst,duplicate_normalized_skill
44232,business HR,duplicate_normalized_skill
44233,business Planning,duplicate_normalized_skill
44234,business accounting,duplicate_normalized_skill
44235,business acquisition,duplicate_normalized_skill
44236,business acumen,duplicate_normalized_skill
44237,business administration,duplicate_normalized_skill
44238,business advisory,duplicate_normalized_skill
44239,business analysis,duplicate_normalized_skill
44240,business analyst,duplicate_normalized_skill
44242,business analytics,duplicate_normalized_skill
44243,business architecture,duplicate_normalized_skill
44246,business banking,duplicate_normalized_skill
44247,business cards,duplicate_normalized_skill
44248,business case,duplicate_normalized_skill
44250,business central,duplicate_normalized_skill
44251,business communication,duplicate_normalized_skill
44253,business consulting,duplicate_normalized_skill
44254,business continuity management,duplicate_normalized_skill
44256,business coordination,duplicate_normalized_skill
44257,business data analysis,duplicate_normalized_skill
44259,business delivery,duplicate_normalized_skill
44262,business development Management,duplicate_normalized_skill
44263,business development and marketing,duplicate_normalized_skill
44264,business development associate,duplicate_normalized_skill
44265,business development executive,duplicate_normalized_skill
44266,business development management,duplicate_normalized_skill
44267,business development manager,duplicate_normalized_skill
44268,business development officer,duplicate_normalized_skill
44269,business excellence,duplicate_normalized_skill
44270,business executive,duplicate_normalized_skill
44271,business expansion,duplicate_normalized_skill
44272,business finance,duplicate_normalized_skill
44273,business generation,duplicate_normalized_skill
44274,business growth,duplicate_normalized_skill
44276,business implementation,duplicate_normalized_skill
44277,business improvement,duplicate_normalized_skill
44278,business intelligence,duplicate_normalized_skill
44279,business intelligence reporting,duplicate_normalized_skill
44281,business leadership,duplicate_normalized_skill
44282,business loan,duplicate_normalized_skill
44283,business loan sales,duplicate_normalized_skill
44284,business loans,duplicate_normalized_skill
44286,business management,duplicate_normalized_skill
44287,business modeling,duplicate_normalized_skill
44288,business networking,duplicate_normalized_skill
44290,business objects,duplicate_normalized_skill
44292,business operations,duplicate_normalized_skill
44295,business partner,duplicate_normalized_skill
44296,business partnering,duplicate_normalized_skill
44297,business planning,duplicate_normalized_skill
44298,business process analysis,duplicate_normalized_skill
44299,business process automation,duplicate_normalized_skill
44303,business process improvement,duplicate_normalized_skill
44304,business process management,duplicate_normalized_skill
44305,business process mapping,duplicate_normalized_skill
44306,business process modeling,duplicate_normalized_skill
44308,business process re-engineering,duplicate_normalized_skill
44310,business process understanding,duplicate_normalized_skill
44312,business relationship,duplicate_normalized_skill
44313,business relationship management,duplicate_normalized_skill
44314,business reporting,duplicate_normalized_skill
44315,business requirement analysis,duplicate_normalized_skill
44316,business requirements,duplicate_normalized_skill
44317,business research,duplicate_normalized_skill
44318,business rules,duplicate_normalized_skill
44320,business services,duplicate_normalized_skill
44321,business solutions,duplicate_normalized_skill
44322,business strategy,duplicate_normalized_skill
44323,business studies,duplicate_normalized_skill
44324,business system,duplicate_normalized_skill
44326,business to business,duplicate_normalized_skill
44328,business transformation,duplicate_normalized_skill
44330,business writing,duplicate_normalized_skill
44331,butchery,duplicate_normalized_skill
44333,buyer,duplicate_normalized_skill
44334,buyer activities,duplicate_normalized_skill
44337,buyers credit,duplicate_normalized_skill
44339,buying,duplicate_normalized_skill
44342,bvsc,duplicate_normalized_skill
44343,bw,duplicate_normalized_skill
44344,bw 4hana,duplicate_normalized_skill
44345,bw on hana,duplicate_normalized_skill
44347,c,duplicate_normalized_skill
44350,c programming language,duplicate_normalized_skill
44352,c#.net,duplicate_normalized_skill
44353,c++17,duplicate_normalized_skill
44354,c/c++,duplicate_normalized_skill
44355,c2c,duplicate_normalized_skill
44356,c2h,duplicate_normalized_skill
44357,cGMP,duplicate_normalized_skill
44359,ca,duplicate_normalized_skill
44361,caa,duplicate_normalized_skill
44362,cabin,duplicate_normalized_skill
44364,cabin crew activities,duplicate_normalized_skill
44365,cable,duplicate_normalized_skill
44366,cable harness,duplicate_normalized_skill
44369,cable manufacturing,duplicate_normalized_skill
44371,cable scheduling and termination scheduling,duplicate_normalized_skill
44372,cable sizing,duplicate_normalized_skill
44373,cable tray,duplicate_normalized_skill
44374,cables,duplicate_normalized_skill
44375,cabling,duplicate_normalized_skill
44377,caching techniques,duplicate_normalized_skill
44378,cad,duplicate_normalized_skill
44379,cad customization,duplicate_normalized_skill
44380,cad drawing,duplicate_normalized_skill
44381,cad software,duplicate_normalized_skill
44382,cad tools,duplicate_normalized_skill
44383,cadence,duplicate_normalized_skill
44384,cadence allegro,duplicate_normalized_skill
44387,cadworx,duplicate_normalized_skill
44388,cae,duplicate_normalized_skill
44389,caesar ii,duplicate_normalized_skill
44392,cafe management,duplicate_normalized_skill
44393,cafeteria management,duplicate_normalized_skill
44396,cakephp,duplicate_normalized_skill
44397,cal,duplicate_normalized_skill
44399,calculation,duplicate_normalized_skill
44400,calculation views,duplicate_normalized_skill
44401,calculus,duplicate_normalized_skill
44403,calendar management,duplicate_normalized_skill
44406,call,duplicate_normalized_skill
44409,call audit,duplicate_normalized_skill
44411,call ba,duplicate_normalized_skill
44412,call center,duplicate_normalized_skill
44413,call center agent,duplicate_normalized_skill
44415,call center hiring,duplicate_normalized_skill
44417,call center operations,duplicate_normalized_skill
44418,call centre,duplicate_normalized_skill
44421,call manager,duplicate_normalized_skill
44422,call monitoring,duplicate_normalized_skill
44423,call quality,duplicate_normalized_skill
44425,call support,duplicate_normalized_skill
44426,callba,duplicate_normalized_skill
44428,callidus,duplicate_normalized_skill
44429,calling,duplicate_normalized_skill
44431,calling process,duplicate_normalized_skill
44432,calls handling,duplicate_normalized_skill
44433,calypso,duplicate_normalized_skill
44434,cam,duplicate_normalized_skill
44436,camera,duplicate_normalized_skill
44440,cameraman activities,duplicate_normalized_skill
44441,campaign,duplicate_normalized_skill
44442,campaign analytics,duplicate_normalized_skill
44445,campaign development,duplicate_normalized_skill
44446,campaign execution,duplicate_normalized_skill
44448,campaign management,duplicate_normalized_skill
44449,campaign operations,duplicate_normalized_skill
44450,campaign optimization,duplicate_normalized_skill
44452,campaign performance tracking,duplicate_normalized_skill
44453,campaign planning,duplicate_normalized_skill
44457,campaigns,duplicate_normalized_skill
44459,campus hiring,duplicate_normalized_skill
44460,campus maintenance,duplicate_normalized_skill
44461,campus placement,duplicate_normalized_skill
44462,campus recruitment,duplicate_normalized_skill
44467,camtasia,duplicate_normalized_skill
44468,camunda bpm,duplicate_normalized_skill
44469,can,duplicate_normalized_skill
44470,can bus,duplicate_normalized_skill
44474,canalyzer,duplicate_normalized_skill
44475,canape,duplicate_normalized_skill
44476,cancer,duplicate_normalized_skill
44478,candidate management,duplicate_normalized_skill
44480,candidate sourcing,duplicate_normalized_skill
44481,canoe,duplicate_normalized_skill
44482,canopen,duplicate_normalized_skill
44483,canteen,duplicate_normalized_skill
44485,canva,duplicate_normalized_skill
44486,canvas,duplicate_normalized_skill
44487,canvas apps,duplicate_normalized_skill
44488,cap,duplicate_normalized_skill
44489,capa,duplicate_normalized_skill
44490,capability building,duplicate_normalized_skill
44491,capacity management,duplicate_normalized_skill
44492,capacity planning,duplicate_normalized_skill
44493,capcut,duplicate_normalized_skill
44494,capex,duplicate_normalized_skill
44496,capex procurement,duplicate_normalized_skill
44499,capital budgeting,duplicate_normalized_skill
44500,capital goods,duplicate_normalized_skill
44502,capital iq,duplicate_normalized_skill
44503,capital management,duplicate_normalized_skill
44504,capital market,duplicate_normalized_skill
44509,capl,duplicate_normalized_skill
44511,capm,duplicate_normalized_skill
44512,capping,duplicate_normalized_skill
44515,captaining,duplicate_normalized_skill
44518,captive unit,duplicate_normalized_skill
44519,car,duplicate_normalized_skill
44522,car driving,duplicate_normalized_skill
44523,car evaluation,duplicate_normalized_skill
44524,car finance,duplicate_normalized_skill
44526,car inspection,duplicate_normalized_skill
44528,car loan,duplicate_normalized_skill
44530,car rental,duplicate_normalized_skill
44534,car rentals,duplicate_normalized_skill
44535,car sales,duplicate_normalized_skill
44536,car technician,duplicate_normalized_skill
44538,carbon black,duplicate_normalized_skill
44544,card operations,duplicate_normalized_skill
44545,card payments,duplicate_normalized_skill
44546,cardiac anesthesia,duplicate_normalized_skill
44551,cardiology,duplicate_normalized_skill
44553,cardiovascular,duplicate_normalized_skill
44554,cards issuance,duplicate_normalized_skill
44557,career,generic
44558,career break,duplicate_normalized_skill
44560,career counselling,duplicate_normalized_skill
44561,career counsellor,duplicate_normalized_skill
44562,career development,duplicate_normalized_skill
44563,career management,duplicate_normalized_skill
44564,careerbuilder,duplicate_normalized_skill
44565,cargo handling,duplicate_normalized_skill
44566,cargo operations,duplicate_normalized_skill
44569,carpentry,duplicate_normalized_skill
44574,cartography,duplicate_normalized_skill
44576,casa,duplicate_normalized_skill
44577,casa sales,duplicate_normalized_skill
44580,case management,duplicate_normalized_skill
44582,case processing,duplicate_normalized_skill
44583,case studies,duplicate_normalized_skill
44585,cash,duplicate_normalized_skill
44586,cash Application,duplicate_normalized_skill
44587,cash application,duplicate_normalized_skill
44588,cash applications,duplicate_normalized_skill
44589,cash apps,duplicate_normalized_skill
44591,cash flow,duplicate_normalized_skill
44592,cash flow management,duplicate_normalized_skill
44593,cash flow statement,duplicate_normalized_skill
44596,cash forecasting,duplicate_normalized_skill
44597,cash handling,duplicate_normalized_skill
44598,cash management,duplicate_normalized_skill
44599,cash management services,duplicate_normalized_skill
44600,cash operations,duplicate_normalized_skill
44601,cash posting,duplicate_normalized_skill
44602,cash reconciliation,duplicate_normalized_skill
44604,cashier,duplicate_normalized_skill
44605,cashier activities,duplicate_normalized_skill
44607,cassandra,duplicate_normalized_skill
44608,cassandra database,duplicate_normalized_skill
44610,casting,duplicate_normalized_skill
44613,casualty,duplicate_normalized_skill
44614,cat,duplicate_normalized_skill
44615,catalog,duplicate_normalized_skill
44616,catalog management,duplicate_normalized_skill
44619,cataloguing,duplicate_normalized_skill
44622,catchpoint,duplicate_normalized_skill
44624,category management,duplicate_normalized_skill
44625,catering,duplicate_normalized_skill
44626,catering sales,duplicate_normalized_skill
44628,catia,duplicate_normalized_skill
44629,catia automation,duplicate_normalized_skill
44630,catia v5,duplicate_normalized_skill
44631,cattle feed,duplicate_normalized_skill
44634,cbap,duplicate_normalized_skill
44635,cbs,duplicate_normalized_skill
44636,cbse,duplicate_normalized_skill
44640,cc,duplicate_normalized_skill
44641,cca,duplicate_normalized_skill
44642,cce,duplicate_normalized_skill
44643,cch,duplicate_normalized_skill
44644,ccm,duplicate_normalized_skill
44646,ccna,duplicate_normalized_skill
44648,ccnp,duplicate_normalized_skill
44650,ccs,duplicate_normalized_skill
44651,ccsa,duplicate_normalized_skill
44652,cctv,duplicate_normalized_skill
44653,cctv monitoring,duplicate_normalized_skill
44654,cd,duplicate_normalized_skill
44655,cd tools,duplicate_normalized_skill
44656,cda,duplicate_normalized_skill
44657,cdc,duplicate_normalized_skill
44658,cdd,duplicate_normalized_skill
44659,cdf,invalid_short_skill
44660,cdh,duplicate_normalized_skill
44661,cdi,duplicate_normalized_skill
44662,cdisc,duplicate_normalized_skill
44663,cdm,duplicate_normalized_skill
44664,cdmo,duplicate_normalized_skill
44665,cdp,duplicate_normalized_skill
44666,cds,duplicate_normalized_skill
44668,cds views,duplicate_normalized_skill
44669,ce,duplicate_normalized_skill
44671,ceh,duplicate_normalized_skill
44674,celery,duplicate_normalized_skill
44675,cell biology,duplicate_normalized_skill
44677,cement,duplicate_normalized_skill
44680,center,duplicate_normalized_skill
44681,center head,duplicate_normalized_skill
44682,center management,duplicate_normalized_skill
44684,centos,duplicate_normalized_skill
44685,central finance,duplicate_normalized_skill
44691,ceo,duplicate_normalized_skill
44692,ceramics,duplicate_normalized_skill
44696,certified,duplicate_normalized_skill
44697,certified coder,duplicate_normalized_skill
44698,cfa,duplicate_normalized_skill
44699,cfd,duplicate_normalized_skill
44700,cfo,duplicate_normalized_skill
44702,cg,invalid_short_skill
44703,cgmp,duplicate_normalized_skill
44704,cha,duplicate_normalized_skill
44706,challan,duplicate_normalized_skill
44708,chanel sales,duplicate_normalized_skill
44709,change,duplicate_normalized_skill
44710,change Management,duplicate_normalized_skill
44711,change control,duplicate_normalized_skill
44713,change control processes,duplicate_normalized_skill
44715,change management,duplicate_normalized_skill
44718,change request,duplicate_normalized_skill
44719,changes,duplicate_normalized_skill
44722,channel,duplicate_normalized_skill
44723,channel business,duplicate_normalized_skill
44724,channel development,duplicate_normalized_skill
44726,channel management,duplicate_normalized_skill
44727,channel marketing,duplicate_normalized_skill
44728,channel network,duplicate_normalized_skill
44730,channel partners,duplicate_normalized_skill
44731,channel relationship management,duplicate_normalized_skill
44734,channel sales,duplicate_normalized_skill
44735,channel sales management,duplicate_normalized_skill
44738,character,duplicate_normalized_skill
44739,character animation,duplicate_normalized_skill
44740,character designing,duplicate_normalized_skill
44743,charge entry,duplicate_normalized_skill
44744,charge posting,duplicate_normalized_skill
44745,chargeback,duplicate_normalized_skill
44751,charm,duplicate_normalized_skill
44752,chart of accounts,duplicate_normalized_skill
44754,chartered Accountant,duplicate_normalized_skill
44756,chartered accountant,duplicate_normalized_skill
44757,chartering,duplicate_normalized_skill
44758,charts,duplicate_normalized_skill
44759,chassis,duplicate_normalized_skill
44761,chat,duplicate_normalized_skill
44762,chat Support,duplicate_normalized_skill
44764,chat process,duplicate_normalized_skill
44766,chat support,duplicate_normalized_skill
44767,chatbot,duplicate_normalized_skill
44768,chatbot development,duplicate_normalized_skill
44773,checking,duplicate_normalized_skill
44778,checkpoint,duplicate_normalized_skill
44779,checkpoint firewall,duplicate_normalized_skill
44781,chef,duplicate_normalized_skill
44784,chemical,duplicate_normalized_skill
44785,chemical analysis,duplicate_normalized_skill
44786,chemical engineering,duplicate_normalized_skill
44787,chemical handling,duplicate_normalized_skill
44789,chemical manufacturing,duplicate_normalized_skill
44790,chemical peels,duplicate_normalized_skill
44791,chemical processing,duplicate_normalized_skill
44792,chemical sales,duplicate_normalized_skill
44793,chemicals,duplicate_normalized_skill
44794,chemist,duplicate_normalized_skill
44795,chemistry,duplicate_normalized_skill
44797,chemistry teacher,duplicate_normalized_skill
44799,chennai,duplicate_normalized_skill
44803,chi,invalid_short_skill
44806,chief financial officer,duplicate_normalized_skill
44809,chief of staff,duplicate_normalized_skill
44810,child development,duplicate_normalized_skill
44813,chiller,duplicate_normalized_skill
44814,chiller plant,duplicate_normalized_skill
44815,chillers,duplicate_normalized_skill
44817,chilling plant,duplicate_normalized_skill
44818,china,duplicate_normalized_skill
44819,chinese,duplicate_normalized_skill
44820,chinese cuisine,duplicate_normalized_skill
44821,chinese language,duplicate_normalized_skill
44822,chip design,duplicate_normalized_skill
44824,chips,duplicate_normalized_skill
44826,chromatography,duplicate_normalized_skill
44830,churn,duplicate_normalized_skill
44832,ci,duplicate_normalized_skill
44833,ci / cd tools,duplicate_normalized_skill
44834,ci cd pipeline,duplicate_normalized_skill
44837,ci/cd,duplicate_normalized_skill
44838,ci/cd pipeline,duplicate_normalized_skill
44839,cic,duplicate_normalized_skill
44840,cicd,duplicate_normalized_skill
44841,cics,duplicate_normalized_skill
44842,cif,duplicate_normalized_skill
44843,cifs,duplicate_normalized_skill
44844,cig,invalid_short_skill
44845,cima,duplicate_normalized_skill
44846,cin,invalid_short_skill
44847,cinema 4d,duplicate_normalized_skill
44851,circleci,duplicate_normalized_skill
44852,circuit,duplicate_normalized_skill
44853,circuit analysis,duplicate_normalized_skill
44855,circuit breakers,duplicate_normalized_skill
44856,circuit designing,duplicate_normalized_skill
44858,circuit simulation,duplicate_normalized_skill
44859,cisa,duplicate_normalized_skill
44860,cisco,duplicate_normalized_skill
44861,cisco aci,duplicate_normalized_skill
44862,cisco asa,duplicate_normalized_skill
44863,cisco collaboration,duplicate_normalized_skill
44864,cisco firewall,duplicate_normalized_skill
44865,cisco ipt,duplicate_normalized_skill
44866,cisco ise,duplicate_normalized_skill
44867,cisco networking,duplicate_normalized_skill
44868,cisco nexus,duplicate_normalized_skill
44869,cisco routers,duplicate_normalized_skill
44870,cisco switches,duplicate_normalized_skill
44871,cisco ucs,duplicate_normalized_skill
44873,cisco unified communications,duplicate_normalized_skill
44874,cisco voip,duplicate_normalized_skill
44876,cisco wireless,duplicate_normalized_skill
44877,cism,duplicate_normalized_skill
44878,cissp,duplicate_normalized_skill
44880,citrix,duplicate_normalized_skill
44883,citrix vdi,duplicate_normalized_skill
44884,citrix xenapp,duplicate_normalized_skill
44887,civ,invalid_short_skill
44888,civics,duplicate_normalized_skill
44889,civil,duplicate_normalized_skill
44890,civil 3d,duplicate_normalized_skill
44891,civil construction,duplicate_normalized_skill
44892,civil design,duplicate_normalized_skill
44894,civil engineer,duplicate_normalized_skill
44895,civil engineering,duplicate_normalized_skill
44896,civil engineering design,duplicate_normalized_skill
44897,civil project,duplicate_normalized_skill
44898,civil project management,duplicate_normalized_skill
44900,civil works,duplicate_normalized_skill
44901,cladding,duplicate_normalized_skill
44904,claim center,duplicate_normalized_skill
44907,claim payment,duplicate_normalized_skill
44908,claim processing,duplicate_normalized_skill
44909,claim settlement,duplicate_normalized_skill
44910,claimcenter,duplicate_normalized_skill
44911,claims,duplicate_normalized_skill
44912,claims adjudication,duplicate_normalized_skill
44914,claims management,duplicate_normalized_skill
44916,claims processing,duplicate_normalized_skill
44923,classification,duplicate_normalized_skill
44925,classroom management,duplicate_normalized_skill
44927,classroom training,duplicate_normalized_skill
44929,clean architecture,duplicate_normalized_skill
44932,cleaning,duplicate_normalized_skill
44933,cleanroom,duplicate_normalized_skill
44941,clerical work,duplicate_normalized_skill
44942,clevertap,duplicate_normalized_skill
44943,cli,duplicate_normalized_skill
44944,client,duplicate_normalized_skill
44945,client Relationship management,duplicate_normalized_skill
44948,client acquisition,duplicate_normalized_skill
44949,client acquistion,duplicate_normalized_skill
44953,client billing,duplicate_normalized_skill
44955,client communication,duplicate_normalized_skill
44957,client coordination,duplicate_normalized_skill
44960,client engagement,duplicate_normalized_skill
44962,client handling,duplicate_normalized_skill
44963,client interaction,duplicate_normalized_skill
44964,client interactions,duplicate_normalized_skill
44965,client interfacing,duplicate_normalized_skill
44966,client liaison,duplicate_normalized_skill
44968,client management,duplicate_normalized_skill
44970,client meeting,duplicate_normalized_skill
44971,client onboarding,duplicate_normalized_skill
44973,client outreach,duplicate_normalized_skill
44974,client partner,duplicate_normalized_skill
44977,client presentations,duplicate_normalized_skill
44980,client relation,duplicate_normalized_skill
44982,client relations,duplicate_normalized_skill
44983,client relationship,duplicate_normalized_skill
44984,client relationship management,duplicate_normalized_skill
44987,client reporting,duplicate_normalized_skill
44988,client retention,duplicate_normalized_skill
44989,client satisfaction,duplicate_normalized_skill
44991,client service management,duplicate_normalized_skill
44992,client servicing,duplicate_normalized_skill
44993,client solutions,duplicate_normalized_skill
44995,client success,duplicate_normalized_skill
44996,client support,duplicate_normalized_skill
44997,client training,duplicate_normalized_skill
44999,clients,generic
45005,clinical,duplicate_normalized_skill
45008,clinical and diagnostic skills for patient assessment and treatment,sentence_or_description
45009,clinical cardiology,duplicate_normalized_skill
45010,clinical chemistry,duplicate_normalized_skill
45012,clinical data,duplicate_normalized_skill
45013,clinical data management,duplicate_normalized_skill
45014,clinical database,duplicate_normalized_skill
45017,clinical development,duplicate_normalized_skill
45019,clinical documentation,duplicate_normalized_skill
45023,clinical management,duplicate_normalized_skill
45025,clinical monitoring,duplicate_normalized_skill
45026,clinical nutrition,duplicate_normalized_skill
45027,clinical operations,duplicate_normalized_skill
45029,clinical pharmacology,duplicate_normalized_skill
45032,clinical psychology,duplicate_normalized_skill
45033,clinical research,duplicate_normalized_skill
45034,clinical research associate,duplicate_normalized_skill
45040,clinical sas programming,duplicate_normalized_skill
45041,clinical study report,duplicate_normalized_skill
45042,clinical training,duplicate_normalized_skill
45047,clinical trials,duplicate_normalized_skill
45050,clist,duplicate_normalized_skill
45051,clle,duplicate_normalized_skill
45052,clm,duplicate_normalized_skill
45053,clo,duplicate_normalized_skill
45054,cloning,duplicate_normalized_skill
45058,closing,duplicate_normalized_skill
45059,closing deals,duplicate_normalized_skill
45060,closure,duplicate_normalized_skill
45061,cloud,duplicate_normalized_skill
45062,cloud SQL,duplicate_normalized_skill
45063,cloud administration,duplicate_normalized_skill
45065,cloud application development,duplicate_normalized_skill
45066,cloud applications,duplicate_normalized_skill
45068,cloud architecture,duplicate_normalized_skill
45070,cloud azure,duplicate_normalized_skill
45071,cloud computing,duplicate_normalized_skill
45076,cloud data flow,duplicate_normalized_skill
45077,cloud deployment,duplicate_normalized_skill
45078,cloud development,duplicate_normalized_skill
45079,cloud engineer,duplicate_normalized_skill
45080,cloud erp,duplicate_normalized_skill
45081,cloud for customer,duplicate_normalized_skill
45082,cloud formation aws,duplicate_normalized_skill
45083,cloud foundry,duplicate_normalized_skill
45084,cloud hcm,duplicate_normalized_skill
45086,cloud infra,duplicate_normalized_skill
45087,cloud infrastructure,duplicate_normalized_skill
45089,cloud integration,duplicate_normalized_skill
45091,cloud integrations,duplicate_normalized_skill
45092,cloud management,duplicate_normalized_skill
45093,cloud migration,duplicate_normalized_skill
45094,cloud monitoring,duplicate_normalized_skill
45095,cloud native,duplicate_normalized_skill
45096,cloud native architecture,duplicate_normalized_skill
45098,cloud operations,duplicate_normalized_skill
45100,cloud platform,duplicate_normalized_skill
45101,cloud platform integration,duplicate_normalized_skill
45102,cloud platforms,duplicate_normalized_skill
45105,cloud run,duplicate_normalized_skill
45106,cloud sales,duplicate_normalized_skill
45107,cloud security,duplicate_normalized_skill
45109,cloud server,duplicate_normalized_skill
45110,cloud services,duplicate_normalized_skill
45112,cloud sql,duplicate_normalized_skill
45113,cloud storage,duplicate_normalized_skill
45114,cloud support,duplicate_normalized_skill
45115,cloud technologies,duplicate_normalized_skill
45117,cloud telephony,duplicate_normalized_skill
45118,cloud testing,duplicate_normalized_skill
45125,cloud-native,duplicate_normalized_skill
45127,cloudera,duplicate_normalized_skill
45128,cloudfront,duplicate_normalized_skill
45129,cloudhub,duplicate_normalized_skill
45130,cloudops,duplicate_normalized_skill
45133,cloudwatch,duplicate_normalized_skill
45134,clp,duplicate_normalized_skill
45135,clra,duplicate_normalized_skill
45140,cluster management,duplicate_normalized_skill
45141,cluster operations,duplicate_normalized_skill
45142,clustering,duplicate_normalized_skill
45143,cma,duplicate_normalized_skill
45146,cmbs,duplicate_normalized_skill
45147,cmc,duplicate_normalized_skill
45148,cmdb,duplicate_normalized_skill
45149,cme,duplicate_normalized_skill
45150,cmm,duplicate_normalized_skill
45151,cmm inspection,duplicate_normalized_skill
45152,cmm programming,duplicate_normalized_skill
45153,cmmi,duplicate_normalized_skill
45154,cmms,duplicate_normalized_skill
45155,cmo,duplicate_normalized_skill
45156,cmos,duplicate_normalized_skill
45157,cms,duplicate_normalized_skill
45158,cms 1500,duplicate_normalized_skill
45160,cms platforms,duplicate_normalized_skill
45161,cms1500,duplicate_normalized_skill
45164,cnc,duplicate_normalized_skill
45165,cnc machines,duplicate_normalized_skill
45166,cnc milling,duplicate_normalized_skill
45167,cnc operation,duplicate_normalized_skill
45168,cnc programming,duplicate_normalized_skill
45169,cnc turning,duplicate_normalized_skill
45170,cnn,duplicate_normalized_skill
45171,cns,duplicate_normalized_skill
45173,co module,duplicate_normalized_skill
45175,co-cca,duplicate_normalized_skill
45177,co-ordination,duplicate_normalized_skill
45178,coaching,duplicate_normalized_skill
45181,coal logistics,duplicate_normalized_skill
45182,coating,duplicate_normalized_skill
45183,cobit,duplicate_normalized_skill
45184,cobol,duplicate_normalized_skill
45186,coc,duplicate_normalized_skill
45188,cockpit,duplicate_normalized_skill
45190,cocoa,duplicate_normalized_skill
45191,cocoa touch,duplicate_normalized_skill
45192,cocoapods,duplicate_normalized_skill
45196,code coverage,duplicate_normalized_skill
45200,code review,duplicate_normalized_skill
45201,code reviews,duplicate_normalized_skill
45204,codecs,duplicate_normalized_skill
45205,codeigniter,duplicate_normalized_skill
45206,codeigniter framework,duplicate_normalized_skill
45208,codes,duplicate_normalized_skill
45211,coding,duplicate_normalized_skill
45215,coding manager,duplicate_normalized_skill
45216,coding standards,duplicate_normalized_skill
45218,coffee,duplicate_normalized_skill
45219,cognitive,duplicate_normalized_skill
45221,cognitive services,duplicate_normalized_skill
45222,cognos,duplicate_normalized_skill
45226,cognos tm1,duplicate_normalized_skill
45229,cold,duplicate_normalized_skill
45230,cold calling,duplicate_normalized_skill
45235,cold kitchen,duplicate_normalized_skill
45236,cold storage,duplicate_normalized_skill
45239,collaboration,duplicate_normalized_skill
45244,collateral management,duplicate_normalized_skill
45245,collaterals,duplicate_normalized_skill
45247,collection,duplicate_normalized_skill
45248,collection Management,duplicate_normalized_skill
45256,collection management,duplicate_normalized_skill
45258,collection officer,duplicate_normalized_skill
45261,collections,duplicate_normalized_skill
45262,collections process,duplicate_normalized_skill
45263,collections strategy,duplicate_normalized_skill
45264,college,duplicate_normalized_skill
45266,collibra,duplicate_normalized_skill
45270,color grading,duplicate_normalized_skill
45271,color theory,duplicate_normalized_skill
45273,colour doppler,duplicate_normalized_skill
45274,columns,duplicate_normalized_skill
45275,com,duplicate_normalized_skill
45279,comm,duplicate_normalized_skill
45280,command,duplicate_normalized_skill
45281,command center,duplicate_normalized_skill
45283,commerce,duplicate_normalized_skill
45289,commercial,duplicate_normalized_skill
45290,commercial awareness,duplicate_normalized_skill
45291,commercial banking,duplicate_normalized_skill
45293,commercial buildings,duplicate_normalized_skill
45294,commercial contracts,duplicate_normalized_skill
45297,commercial executive,duplicate_normalized_skill
45298,commercial finance,duplicate_normalized_skill
45299,commercial functions,duplicate_normalized_skill
45301,commercial interiors,duplicate_normalized_skill
45302,commercial laws,duplicate_normalized_skill
45303,commercial leasing,duplicate_normalized_skill
45304,commercial lending,duplicate_normalized_skill
45306,commercial management,duplicate_normalized_skill
45308,commercial officer,duplicate_normalized_skill
45309,commercial operations,duplicate_normalized_skill
45310,commercial projects,duplicate_normalized_skill
45312,commercial real estate,duplicate_normalized_skill
45313,commercial sales,duplicate_normalized_skill
45314,commercial strategy,duplicate_normalized_skill
45315,commercial vehicle,duplicate_normalized_skill
45316,commercial vehicle loans,duplicate_normalized_skill
45318,commercialization,duplicate_normalized_skill
45320,commi,duplicate_normalized_skill
45322,commis,duplicate_normalized_skill
45326,commissioning,duplicate_normalized_skill
45330,commodities,duplicate_normalized_skill
45331,commodities sales,duplicate_normalized_skill
45332,commodity management,duplicate_normalized_skill
45337,communication & negotiation,duplicate_normalized_skill
45338,communication and interpersonal skills,duplicate_normalized_skill
45340,communication design,duplicate_normalized_skill
45342,communication management,duplicate_normalized_skill
45344,communication protocol,duplicate_normalized_skill
45345,communication protocols,duplicate_normalized_skill
45347,communication skill,duplicate_normalized_skill
45348,communication skills written,duplicate_normalized_skill
45351,communication trainer,duplicate_normalized_skill
45354,communications skills,duplicate_normalized_skill
45356,community cloud,duplicate_normalized_skill
45357,community development,duplicate_normalized_skill
45358,community engagement,duplicate_normalized_skill
45359,community management,duplicate_normalized_skill
45361,commvault,duplicate_normalized_skill
45362,commvault backup administration,duplicate_normalized_skill
45363,companies act,duplicate_normalized_skill
45365,company analysis,duplicate_normalized_skill
45366,company audit,duplicate_normalized_skill
45367,company law,duplicate_normalized_skill
45369,company secretarial,duplicate_normalized_skill
45370,company secretary,duplicate_normalized_skill
45373,compensation,duplicate_normalized_skill
45376,compensation and benefits,duplicate_normalized_skill
45377,compensation benchmarking,duplicate_normalized_skill
45378,compensation management,duplicate_normalized_skill
45379,competition mapping,duplicate_normalized_skill
45380,competitive analysis,duplicate_normalized_skill
45381,competitive intelligence,duplicate_normalized_skill
45382,competitor analysis,duplicate_normalized_skill
45384,compilation,duplicate_normalized_skill
45388,complaint handling,duplicate_normalized_skill
45389,complex,duplicate_normalized_skill
45395,complex queries,duplicate_normalized_skill
45397,compliance,duplicate_normalized_skill
45399,compliance Management,duplicate_normalized_skill
45401,compliance analysis,duplicate_normalized_skill
45403,compliance assurance,duplicate_normalized_skill
45408,compliance management,duplicate_normalized_skill
45409,compliance monitoring,duplicate_normalized_skill
45410,compliance operations,duplicate_normalized_skill
45412,compliance reporting,duplicate_normalized_skill
45413,compliance review,duplicate_normalized_skill
45420,component development,duplicate_normalized_skill
45426,component selection,duplicate_normalized_skill
45427,component testing,duplicate_normalized_skill
45428,components,duplicate_normalized_skill
45429,compose,duplicate_normalized_skill
45430,composer,duplicate_normalized_skill
45431,composing,duplicate_normalized_skill
45433,composition,duplicate_normalized_skill
45435,compression operator,duplicate_normalized_skill
45436,compressor,duplicate_normalized_skill
45438,compressors,duplicate_normalized_skill
45439,computation,duplicate_normalized_skill
45440,computational biology,duplicate_normalized_skill
45441,computational fluid dynamics,duplicate_normalized_skill
45442,compute,duplicate_normalized_skill
45443,computer,duplicate_normalized_skill
45444,computer application,duplicate_normalized_skill
45446,computer architecture,duplicate_normalized_skill
45447,computer engineering,duplicate_normalized_skill
45449,computer hardware,duplicate_normalized_skill
45451,computer knowledge,duplicate_normalized_skill
45453,computer networking,duplicate_normalized_skill
45454,computer operating,duplicate_normalized_skill
45455,computer operating system,duplicate_normalized_skill
45456,computer operator,duplicate_normalized_skill
45458,computer savvy,duplicate_normalized_skill
45459,computer science,duplicate_normalized_skill
45460,computer skills,duplicate_normalized_skill
45461,computer system validation,duplicate_normalized_skill
45463,computer teacher,duplicate_normalized_skill
45464,computer teaching,duplicate_normalized_skill
45465,computer troubleshooting,duplicate_normalized_skill
45466,computer vision,duplicate_normalized_skill
45468,con,duplicate_normalized_skill
45470,concentrix,duplicate_normalized_skill
45471,concept art,duplicate_normalized_skill
45472,concept design,duplicate_normalized_skill
45473,conceptual design,duplicate_normalized_skill
45474,conceptualization,duplicate_normalized_skill
45476,concrete,duplicate_normalized_skill
45477,concrete technology,duplicate_normalized_skill
45478,concreting,duplicate_normalized_skill
45480,concur,duplicate_normalized_skill
45481,concurrency programming,duplicate_normalized_skill
45482,concurrent,duplicate_normalized_skill
45486,condition monitoring,duplicate_normalized_skill
45487,conditional formatting,duplicate_normalized_skill
45491,conducting,duplicate_normalized_skill
45492,conducting interviews,duplicate_normalized_skill
45497,conference management,duplicate_normalized_skill
45498,conferences,duplicate_normalized_skill
45502,confidential administrative and executive support to the CEO,sentence_or_description
45503,configuration,duplicate_normalized_skill
45504,configuration and troubleshooting,duplicate_normalized_skill
45506,configuration management,duplicate_normalized_skill
45511,configurator,duplicate_normalized_skill
45514,configuring,duplicate_normalized_skill
45515,conflict management,duplicate_normalized_skill
45516,conflict resolution,duplicate_normalized_skill
45517,confluence,duplicate_normalized_skill
45518,conga,duplicate_normalized_skill
45519,connect direct,duplicate_normalized_skill
45524,connectors,duplicate_normalized_skill
45531,construction,duplicate_normalized_skill
45532,construction chemicals,duplicate_normalized_skill
45533,construction contracts,duplicate_normalized_skill
45534,construction design,duplicate_normalized_skill
45535,construction documentation,duplicate_normalized_skill
45536,construction engineering,duplicate_normalized_skill
45538,construction management,duplicate_normalized_skill
45539,construction material,duplicate_normalized_skill
45540,construction material sales,duplicate_normalized_skill
45542,construction project,duplicate_normalized_skill
45543,construction project management,duplicate_normalized_skill
45544,construction projects,duplicate_normalized_skill
45545,construction safety,duplicate_normalized_skill
45547,construction site,duplicate_normalized_skill
45549,consultancy,duplicate_normalized_skill
45551,consultancy services,duplicate_normalized_skill
45552,consultant,duplicate_normalized_skill
45557,consultant gynecologist,duplicate_normalized_skill
45563,consultant pediatrics,duplicate_normalized_skill
45564,consultant radiologist,duplicate_normalized_skill
45565,consultant radiology,duplicate_normalized_skill
45568,consultative sales,duplicate_normalized_skill
45569,consultative selling,duplicate_normalized_skill
45571,consulting,duplicate_normalized_skill
45574,consumables,duplicate_normalized_skill
45575,consumables services and necessary for daily operations and production at Machine Shop,sentence_or_description
45576,consumer,duplicate_normalized_skill
45579,consumer electronics,duplicate_normalized_skill
45580,consumer goods,duplicate_normalized_skill
45581,consumer insights,duplicate_normalized_skill
45583,consumer marketing,duplicate_normalized_skill
45585,consumer products,duplicate_normalized_skill
45586,consumer sales,duplicate_normalized_skill
45588,contact center,duplicate_normalized_skill
45590,contact center operations,duplicate_normalized_skill
45593,contact lens,duplicate_normalized_skill
45594,container,duplicate_normalized_skill
45597,container orchestration,duplicate_normalized_skill
45599,container terminal,duplicate_normalized_skill
45600,containerization,duplicate_normalized_skill
45601,content,duplicate_normalized_skill
45602,content Development,duplicate_normalized_skill
45603,content Management,duplicate_normalized_skill
45604,content analysis,duplicate_normalized_skill
45606,content creation,duplicate_normalized_skill
45607,content curation,duplicate_normalized_skill
45609,content designing,duplicate_normalized_skill
45610,content developer,duplicate_normalized_skill
45611,content development,duplicate_normalized_skill
45612,content editing,duplicate_normalized_skill
45613,content generation,duplicate_normalized_skill
45616,content management,duplicate_normalized_skill
45618,content management systems,duplicate_normalized_skill
45619,content manager,duplicate_normalized_skill
45620,content marketing,duplicate_normalized_skill
45621,content moderation,duplicate_normalized_skill
45622,content operations,duplicate_normalized_skill
45623,content optimization,duplicate_normalized_skill
45624,content publishing,duplicate_normalized_skill
45626,content research,duplicate_normalized_skill
45627,content review,duplicate_normalized_skill
45628,content server,duplicate_normalized_skill
45629,content strategy,duplicate_normalized_skill
45630,content writer,duplicate_normalized_skill
45631,content writing,duplicate_normalized_skill
45632,context api,duplicate_normalized_skill
45633,conti,duplicate_normalized_skill
45634,continental,duplicate_normalized_skill
45635,continental cuisine,duplicate_normalized_skill
45638,continuous Deployment,duplicate_normalized_skill
45640,continuous deployment,duplicate_normalized_skill
45642,continuous improvement,duplicate_normalized_skill
45644,continuous integration,duplicate_normalized_skill
45646,continuous monitoring,duplicate_normalized_skill
45647,continuous process improvement,duplicate_normalized_skill
45649,contract abstraction,duplicate_normalized_skill
45650,contract administration,duplicate_normalized_skill
45651,contract compliance,duplicate_normalized_skill
45653,contract drafting,duplicate_normalized_skill
45655,contract hiring,duplicate_normalized_skill
45657,contract law,duplicate_normalized_skill
45658,contract lifecycle management,duplicate_normalized_skill
45659,contract logistics,duplicate_normalized_skill
45660,contract management,duplicate_normalized_skill
45661,contract manufacturing,duplicate_normalized_skill
45662,contract negotiation,duplicate_normalized_skill
45663,contract negotiations,duplicate_normalized_skill
45664,contract review,duplicate_normalized_skill
45665,contract staffing,duplicate_normalized_skill
45667,contracting,duplicate_normalized_skill
45669,contractor billing,duplicate_normalized_skill
45671,contractors,duplicate_normalized_skill
45672,contracts,duplicate_normalized_skill
45676,control,duplicate_normalized_skill
45678,control center,duplicate_normalized_skill
45681,control desk,duplicate_normalized_skill
45682,control engineering,duplicate_normalized_skill
45684,control logix,duplicate_normalized_skill
45685,control panel,duplicate_normalized_skill
45686,control panel design,duplicate_normalized_skill
45687,control panels,duplicate_normalized_skill
45688,control plan,duplicate_normalized_skill
45691,control system,duplicate_normalized_skill
45692,control system design,duplicate_normalized_skill
45693,control testing,duplicate_normalized_skill
45696,control valves,duplicate_normalized_skill
45697,control-m,duplicate_normalized_skill
45700,controllership,duplicate_normalized_skill
45704,convergent charging,duplicate_normalized_skill
45705,convergent mediation,duplicate_normalized_skill
45706,conversational ai,duplicate_normalized_skill
45707,conversions,duplicate_normalized_skill
45709,conveyor,duplicate_normalized_skill
45711,conveyors,duplicate_normalized_skill
45714,convincing power,duplicate_normalized_skill
45716,convincing skills,duplicate_normalized_skill
45717,coo,duplicate_normalized_skill
45718,cookies,duplicate_normalized_skill
45719,cooking,duplicate_normalized_skill
45724,cooling system,duplicate_normalized_skill
45729,coordination,duplicate_normalized_skill
45730,coordination and fetching documents from banks vendors and different departments,sentence_or_description
45732,coordinator,duplicate_normalized_skill
45733,copa,duplicate_normalized_skill
45734,copilot,duplicate_normalized_skill
45736,copy editing,duplicate_normalized_skill
45737,copy editor,duplicate_normalized_skill
45738,copy writing,duplicate_normalized_skill
45739,copyright,duplicate_normalized_skill
45740,copywriting,duplicate_normalized_skill
45743,core,duplicate_normalized_skill
45744,core abap,duplicate_normalized_skill
45746,core animation,duplicate_normalized_skill
45747,core banking,duplicate_normalized_skill
45748,core banking solution,duplicate_normalized_skill
45749,core connector,duplicate_normalized_skill
45751,core data,duplicate_normalized_skill
45753,core finance,duplicate_normalized_skill
45756,core hcm,duplicate_normalized_skill
45757,core hr,duplicate_normalized_skill
45758,core java,duplicate_normalized_skill
45760,core java development,duplicate_normalized_skill
45761,core java programming,duplicate_normalized_skill
45762,core javascript,duplicate_normalized_skill
45763,core network,duplicate_normalized_skill
45764,core php,duplicate_normalized_skill
45765,core python,duplicate_normalized_skill
45768,corel draw,duplicate_normalized_skill
45769,coreldraw,duplicate_normalized_skill
45770,cornerstone,duplicate_normalized_skill
45771,corporate,duplicate_normalized_skill
45775,corporate actions,duplicate_normalized_skill
45776,corporate audit,duplicate_normalized_skill
45777,corporate banking,duplicate_normalized_skill
45778,corporate branding,duplicate_normalized_skill
45779,corporate collection,duplicate_normalized_skill
45780,corporate communication,duplicate_normalized_skill
45781,corporate compliance,duplicate_normalized_skill
45783,corporate credit,duplicate_normalized_skill
45784,corporate development,duplicate_normalized_skill
45785,corporate events,duplicate_normalized_skill
45787,corporate finance,duplicate_normalized_skill
45788,corporate gifting,duplicate_normalized_skill
45790,corporate governance,duplicate_normalized_skill
45791,corporate hr,duplicate_normalized_skill
45792,corporate insurance,duplicate_normalized_skill
45794,corporate kyc,duplicate_normalized_skill
45795,corporate law,duplicate_normalized_skill
45796,corporate legal,duplicate_normalized_skill
45797,corporate lending,duplicate_normalized_skill
45801,corporate planning,duplicate_normalized_skill
45802,corporate real estate,duplicate_normalized_skill
45803,corporate recruitment,duplicate_normalized_skill
45804,corporate relations,duplicate_normalized_skill
45807,corporate sales,duplicate_normalized_skill
45808,corporate sales management,duplicate_normalized_skill
45810,corporate secretarial,duplicate_normalized_skill
45812,corporate security,duplicate_normalized_skill
45813,corporate selling,duplicate_normalized_skill
45814,corporate services,duplicate_normalized_skill
45815,corporate social responsibility,duplicate_normalized_skill
45817,corporate strategy,duplicate_normalized_skill
45818,corporate sustainability,duplicate_normalized_skill
45820,corporate taxation,duplicate_normalized_skill
45821,corporate training,duplicate_normalized_skill
45826,corrective action,duplicate_normalized_skill
45827,corrective maintenance,duplicate_normalized_skill
45828,correspondence,duplicate_normalized_skill
45832,cortex,duplicate_normalized_skill
45834,cosmetics,duplicate_normalized_skill
45835,cosmos,duplicate_normalized_skill
45836,cosmos db,duplicate_normalized_skill
45837,coso,duplicate_normalized_skill
45838,coso framework,duplicate_normalized_skill
45839,cost,duplicate_normalized_skill
45840,cost Analysis,duplicate_normalized_skill
45841,cost accounting,duplicate_normalized_skill
45843,cost analysis,duplicate_normalized_skill
45844,cost audit,duplicate_normalized_skill
45845,cost center accounting,duplicate_normalized_skill
45846,cost control,duplicate_normalized_skill
45849,cost efficiency,duplicate_normalized_skill
45850,cost engineering,duplicate_normalized_skill
45852,cost engineering and cost control pertaining to engineering and construction activities,sentence_or_description
45853,cost estimation,duplicate_normalized_skill
45855,cost management,duplicate_normalized_skill
45858,cost optimization,duplicate_normalized_skill
45859,cost planning,duplicate_normalized_skill
45861,cost reduction,duplicate_normalized_skill
45862,cost sheet,duplicate_normalized_skill
45864,cost variance analysis,duplicate_normalized_skill
45868,costing,duplicate_normalized_skill
45875,counseling,duplicate_normalized_skill
45876,counseling patients on safe and effective drug use,sentence_or_description
45877,counselling,duplicate_normalized_skill
45878,counsellor,duplicate_normalized_skill
45879,counselor,duplicate_normalized_skill
45882,counter sales,duplicate_normalized_skill
45883,counterparty credit risk,duplicate_normalized_skill
45885,countif,duplicate_normalized_skill
45886,coupa,duplicate_normalized_skill
45887,courier,duplicate_normalized_skill
45896,cpa,duplicate_normalized_skill
45897,cpaas,duplicate_normalized_skill
45898,cpc,duplicate_normalized_skill
45899,cpg,invalid_short_skill
45900,cpi,duplicate_normalized_skill
45901,cpm,duplicate_normalized_skill
45903,cpq,duplicate_normalized_skill
45904,cpq cloud,duplicate_normalized_skill
45905,cps,duplicate_normalized_skill
45906,cpt,duplicate_normalized_skill
45907,cpt codes,duplicate_normalized_skill
45908,cpt coding,duplicate_normalized_skill
45909,cpu,duplicate_normalized_skill
45910,cq5,duplicate_normalized_skill
45911,cqa,duplicate_normalized_skill
45912,cqrs,duplicate_normalized_skill
45913,cra,duplicate_normalized_skill
45917,cre,duplicate_normalized_skill
45923,creative,duplicate_normalized_skill
45925,creative collaboration,duplicate_normalized_skill
45926,creative content,duplicate_normalized_skill
45927,creative direction,duplicate_normalized_skill
45928,creative marketing,duplicate_normalized_skill
45931,creative solutions,duplicate_normalized_skill
45932,creative strategy,duplicate_normalized_skill
45933,creative thinking,duplicate_normalized_skill
45935,creative writing,duplicate_normalized_skill
45937,creativity,duplicate_normalized_skill
45938,creator economy,duplicate_normalized_skill
45939,credentialing,duplicate_normalized_skill
45940,credit,duplicate_normalized_skill
45941,credit analysis,duplicate_normalized_skill
45942,credit analyst,duplicate_normalized_skill
45943,credit appraisal,duplicate_normalized_skill
45944,credit approval,duplicate_normalized_skill
45946,credit assessment,duplicate_normalized_skill
45949,credit card,duplicate_normalized_skill
45950,credit card domain,duplicate_normalized_skill
45951,credit card operations,duplicate_normalized_skill
45953,credit card sales,duplicate_normalized_skill
45954,credit cards,duplicate_normalized_skill
45955,credit collection,duplicate_normalized_skill
45956,credit control,duplicate_normalized_skill
45959,credit management,duplicate_normalized_skill
45960,credit manager,duplicate_normalized_skill
45963,credit operations,duplicate_normalized_skill
45964,credit policy,duplicate_normalized_skill
45966,credit processing,duplicate_normalized_skill
45968,credit rating,duplicate_normalized_skill
45969,credit research,duplicate_normalized_skill
45972,credit risk,duplicate_normalized_skill
45973,credit risk analysis,duplicate_normalized_skill
45974,credit risk management,duplicate_normalized_skill
45975,credit underwriting,duplicate_normalized_skill
45976,credit worthiness,duplicate_normalized_skill
45977,creditors,duplicate_normalized_skill
45980,creo,duplicate_normalized_skill
45981,creo cabling,duplicate_normalized_skill
45983,crewai,duplicate_normalized_skill
45984,crf,duplicate_normalized_skill
45985,crisc,duplicate_normalized_skill
45986,crisis management,duplicate_normalized_skill
45988,critical care,duplicate_normalized_skill
45989,critical care medicine,duplicate_normalized_skill
45991,critical thinking,duplicate_normalized_skill
45992,crm,duplicate_normalized_skill
45994,crm abap,duplicate_normalized_skill
45995,crm analytics,duplicate_normalized_skill
45996,crm development,duplicate_normalized_skill
45997,crm executive,duplicate_normalized_skill
45998,crm integration,duplicate_normalized_skill
45999,crm management,duplicate_normalized_skill
46000,crm marketing,duplicate_normalized_skill
46001,crm sales,duplicate_normalized_skill
46002,crm software,duplicate_normalized_skill
46003,crm systems,duplicate_normalized_skill
46004,crm tool,duplicate_normalized_skill
46006,cro,duplicate_normalized_skill
46012,cross functional coordination,duplicate_normalized_skill
46013,cross sales,duplicate_normalized_skill
46014,cross sell,duplicate_normalized_skill
46015,cross selling,duplicate_normalized_skill
46016,cross-functional coordination,duplicate_normalized_skill
46018,cross-selling,duplicate_normalized_skill
46020,crowdstrike,duplicate_normalized_skill
46021,crs,duplicate_normalized_skill
46022,crt,duplicate_normalized_skill
46024,crud,duplicate_normalized_skill
46025,cruise sales,duplicate_normalized_skill
46027,cryptography,duplicate_normalized_skill
46028,crystal report,duplicate_normalized_skill
46029,cs,duplicate_normalized_skill
46031,csa,duplicate_normalized_skill
46032,csat,duplicate_normalized_skill
46033,cse,duplicate_normalized_skill
46036,csm,duplicate_normalized_skill
46037,csom,duplicate_normalized_skill
46038,csp,invalid_short_skill
46039,cspo,duplicate_normalized_skill
46040,csr,duplicate_normalized_skill
46041,csr activities,duplicate_normalized_skill
46044,cssa certified,duplicate_normalized_skill
46045,cst,duplicate_normalized_skill
46046,csv,duplicate_normalized_skill
46047,cta,duplicate_normalized_skill
46048,ctd,duplicate_normalized_skill
46050,ctms,duplicate_normalized_skill
46051,ctrm,duplicate_normalized_skill
46052,cts,duplicate_normalized_skill
46053,cube,duplicate_normalized_skill
46055,cucm,duplicate_normalized_skill
46056,cucumber,duplicate_normalized_skill
46057,cucumber framework,duplicate_normalized_skill
46058,cuda,duplicate_normalized_skill
46059,culinary,duplicate_normalized_skill
46066,current,duplicate_normalized_skill
46067,current account,duplicate_normalized_skill
46068,current owner search,duplicate_normalized_skill
46071,curriculum design,duplicate_normalized_skill
46072,curriculum development,duplicate_normalized_skill
46073,curriculum planning,duplicate_normalized_skill
46075,cursor,duplicate_normalized_skill
46077,custodian,duplicate_normalized_skill
46079,custom,duplicate_normalized_skill
46081,custom clearance,duplicate_normalized_skill
46087,custom reports,duplicate_normalized_skill
46091,customer,duplicate_normalized_skill
46093,customer acquisition,duplicate_normalized_skill
46096,customer analytics,duplicate_normalized_skill
46097,customer audits,duplicate_normalized_skill
46098,customer calling,duplicate_normalized_skill
46099,customer care,duplicate_normalized_skill
46100,customer care executive,duplicate_normalized_skill
46104,customer centric,duplicate_normalized_skill
46106,customer communication,duplicate_normalized_skill
46107,customer complaints,duplicate_normalized_skill
46110,customer data management,duplicate_normalized_skill
46111,customer development,duplicate_normalized_skill
46113,customer engagement,duplicate_normalized_skill
46114,customer exits,duplicate_normalized_skill
46115,customer experience,duplicate_normalized_skill
46117,customer experience management,duplicate_normalized_skill
46118,customer feedback,duplicate_normalized_skill
46119,customer focus,duplicate_normalized_skill
46120,customer handling,duplicate_normalized_skill
46121,customer insight,duplicate_normalized_skill
46122,customer interaction,duplicate_normalized_skill
46124,customer interface,duplicate_normalized_skill
46125,customer journey mapping,duplicate_normalized_skill
46126,customer life cycle management,duplicate_normalized_skill
46128,customer management,duplicate_normalized_skill
46129,customer marketing,duplicate_normalized_skill
46131,customer onboarding,duplicate_normalized_skill
46132,customer operations,duplicate_normalized_skill
46136,customer quality,duplicate_normalized_skill
46137,customer queries,duplicate_normalized_skill
46140,customer relationship,duplicate_normalized_skill
46141,customer relationship Management,duplicate_normalized_skill
46142,customer relationship management,duplicate_normalized_skill
46143,customer relationships,duplicate_normalized_skill
46147,customer retention,duplicate_normalized_skill
46149,customer satisfaction,duplicate_normalized_skill
46150,customer satisfaction index,duplicate_normalized_skill
46152,customer segmentation,duplicate_normalized_skill
46154,customer service delivery,duplicate_normalized_skill
46155,customer service executive,duplicate_normalized_skill
46157,customer service management,duplicate_normalized_skill
46158,customer service operations,duplicate_normalized_skill
46160,customer service orientation,duplicate_normalized_skill
46162,customer services,duplicate_normalized_skill
46165,customer success,duplicate_normalized_skill
46168,customer support associate,duplicate_normalized_skill
46169,customer support engineer,duplicate_normalized_skill
46170,customer support executive,duplicate_normalized_skill
46171,customer support management,duplicate_normalized_skill
46172,customer support operations,duplicate_normalized_skill
46174,customers Service,duplicate_normalized_skill
46175,customerservice,duplicate_normalized_skill
46178,customization,duplicate_normalized_skill
46184,customs,duplicate_normalized_skill
46185,customs clearance,duplicate_normalized_skill
46186,customs documentation,duplicate_normalized_skill
46187,customs handling,duplicate_normalized_skill
46191,cutting,duplicate_normalized_skill
46192,cutting list,duplicate_normalized_skill
46193,cutting tools,duplicate_normalized_skill
46195,cvi,duplicate_normalized_skill
46196,cvs,duplicate_normalized_skill
46197,cwa,invalid_short_skill
46198,cx,duplicate_normalized_skill
46199,cxo,duplicate_normalized_skill
46205,cyber security,duplicate_normalized_skill
46212,cyber security sales,duplicate_normalized_skill
46215,cyberark,duplicate_normalized_skill
46216,cybersecurity,duplicate_normalized_skill
46222,cypress,duplicate_normalized_skill
46223,cytology,duplicate_normalized_skill
46225,d2c,duplicate_normalized_skill
46226,d365,duplicate_normalized_skill
46227,d365 f&o,duplicate_normalized_skill
46231,dEVOPS,duplicate_normalized_skill
46232,daas,duplicate_normalized_skill
46233,dac,duplicate_normalized_skill
46234,dagger,duplicate_normalized_skill
46236,daily operations,duplicate_normalized_skill
46237,daily production,duplicate_normalized_skill
46238,daily production planning,duplicate_normalized_skill
46241,dairy industry,duplicate_normalized_skill
46248,dams,duplicate_normalized_skill
46249,dance,duplicate_normalized_skill
46250,dancing,duplicate_normalized_skill
46252,dapper,duplicate_normalized_skill
46254,dart,duplicate_normalized_skill
46255,das,duplicate_normalized_skill
46256,dash,duplicate_normalized_skill
46257,dashboard creation,duplicate_normalized_skill
46258,dashboard design,duplicate_normalized_skill
46259,dashboard development,duplicate_normalized_skill
46261,dashboarding,duplicate_normalized_skill
46262,dashboards,duplicate_normalized_skill
46263,dask,duplicate_normalized_skill
46264,dast,duplicate_normalized_skill
46265,data,duplicate_normalized_skill
46267,data Privacy,duplicate_normalized_skill
46268,data Visualization,duplicate_normalized_skill
46269,data accuracy,duplicate_normalized_skill
46270,data acquisition,duplicate_normalized_skill
46272,data analyst,duplicate_normalized_skill
46273,data analytical,duplicate_normalized_skill
46277,data architecture,duplicate_normalized_skill
46279,data architecture principles,duplicate_normalized_skill
46281,data automation,duplicate_normalized_skill
46283,data bricks,duplicate_normalized_skill
46285,data center,duplicate_normalized_skill
46286,data center design,duplicate_normalized_skill
46287,data center infrastructure,duplicate_normalized_skill
46288,data center management,duplicate_normalized_skill
46289,data center migration,duplicate_normalized_skill
46293,data classification,duplicate_normalized_skill
46294,data cleansing,duplicate_normalized_skill
46295,data collection,duplicate_normalized_skill
46296,data communication,duplicate_normalized_skill
46298,data conversion,duplicate_normalized_skill
46300,data dictionary,duplicate_normalized_skill
46302,data domain,duplicate_normalized_skill
46304,data encryption,duplicate_normalized_skill
46305,data engineer,duplicate_normalized_skill
46307,data engineering,duplicate_normalized_skill
46308,data enrichment,duplicate_normalized_skill
46309,data entry,duplicate_normalized_skill
46310,data entry operation,duplicate_normalized_skill
46311,data exploration,duplicate_normalized_skill
46313,data extraction,duplicate_normalized_skill
46314,data factory,duplicate_normalized_skill
46315,data flow,duplicate_normalized_skill
46317,data governance,duplicate_normalized_skill
46319,data handling,duplicate_normalized_skill
46320,data hub,duplicate_normalized_skill
46322,data ingestion,duplicate_normalized_skill
46323,data insights,duplicate_normalized_skill
46324,data integration,duplicate_normalized_skill
46325,data integration tools,duplicate_normalized_skill
46326,data integrator,duplicate_normalized_skill
46327,data integrity,duplicate_normalized_skill
46329,data interpretation,duplicate_normalized_skill
46330,data lake,duplicate_normalized_skill
46333,data lakes,duplicate_normalized_skill
46335,data loader,duplicate_normalized_skill
46337,data maintenance,duplicate_normalized_skill
46339,data management,duplicate_normalized_skill
46340,data manipulation,duplicate_normalized_skill
46341,data mapping,duplicate_normalized_skill
46342,data mart,duplicate_normalized_skill
46343,data masking,duplicate_normalized_skill
46344,data migration,duplicate_normalized_skill
46345,data mining,duplicate_normalized_skill
46346,data model,duplicate_normalized_skill
46347,data modeling,duplicate_normalized_skill
46348,data modeller,duplicate_normalized_skill
46349,data modelling,duplicate_normalized_skill
46353,data network,duplicate_normalized_skill
46355,data operations,duplicate_normalized_skill
46356,data pipeline,duplicate_normalized_skill
46358,data pipelines,duplicate_normalized_skill
46362,data preparation,duplicate_normalized_skill
46363,data preprocessing,duplicate_normalized_skill
46364,data presentation,duplicate_normalized_skill
46365,data privacy,duplicate_normalized_skill
46366,data processing,duplicate_normalized_skill
46368,data profiling,duplicate_normalized_skill
46371,data quality,duplicate_normalized_skill
46373,data quality management,duplicate_normalized_skill
46374,data reconciliation,duplicate_normalized_skill
46375,data recovery,duplicate_normalized_skill
46376,data reporting,duplicate_normalized_skill
46378,data review,duplicate_normalized_skill
46383,data scientist,duplicate_normalized_skill
46384,data security,duplicate_normalized_skill
46386,data services,duplicate_normalized_skill
46387,data sheets,duplicate_normalized_skill
46388,data sources,duplicate_normalized_skill
46389,data stewardship,duplicate_normalized_skill
46390,data strategy,duplicate_normalized_skill
46393,data structures,duplicate_normalized_skill
46395,data structures and algorithms,duplicate_normalized_skill
46396,data studio,duplicate_normalized_skill
46397,data testing,duplicate_normalized_skill
46398,data transformation,duplicate_normalized_skill
46400,data validation,duplicate_normalized_skill
46401,data vault,duplicate_normalized_skill
46402,data verse,duplicate_normalized_skill
46403,data visualization,duplicate_normalized_skill
46405,data warehouse,duplicate_normalized_skill
46406,data warehouse etl testing,duplicate_normalized_skill
46408,data warehouse testing,duplicate_normalized_skill
46409,data warehousing,duplicate_normalized_skill
46410,data warehousing concepts,duplicate_normalized_skill
46412,data wrangling,duplicate_normalized_skill
46413,database,duplicate_normalized_skill
46414,database administration,duplicate_normalized_skill
46416,database architecture,duplicate_normalized_skill
46417,database backup,duplicate_normalized_skill
46418,database creation,duplicate_normalized_skill
46420,database design,duplicate_normalized_skill
46421,database development,duplicate_normalized_skill
46423,database maintenance,duplicate_normalized_skill
46424,database management,duplicate_normalized_skill
46425,database management administration,duplicate_normalized_skill
46426,database management system,duplicate_normalized_skill
46428,database marketing,duplicate_normalized_skill
46429,database migration,duplicate_normalized_skill
46430,database mirroring,duplicate_normalized_skill
46431,database monitoring,duplicate_normalized_skill
46433,database optimization,duplicate_normalized_skill
46434,database performance tuning,duplicate_normalized_skill
46435,database queries,duplicate_normalized_skill
46436,database security,duplicate_normalized_skill
46437,database support,duplicate_normalized_skill
46439,database systems,duplicate_normalized_skill
46440,database testing,duplicate_normalized_skill
46441,database tuning,duplicate_normalized_skill
46442,databases,duplicate_normalized_skill
46443,databricks,duplicate_normalized_skill
46445,databricks developer,duplicate_normalized_skill
46447,datacenter network,duplicate_normalized_skill
46449,datadog,duplicate_normalized_skill
46451,datafactory,duplicate_normalized_skill
46452,dataguard,duplicate_normalized_skill
46453,dataiku,duplicate_normalized_skill
46454,datapower,duplicate_normalized_skill
46455,dataproc,duplicate_normalized_skill
46459,datasphere,duplicate_normalized_skill
46460,datastage,duplicate_normalized_skill
46462,datastage etl,duplicate_normalized_skill
46464,dataverse,duplicate_normalized_skill
46465,davinci,duplicate_normalized_skill
46466,davinci configurator,duplicate_normalized_skill
46467,dax,duplicate_normalized_skill
46468,dax queries,duplicate_normalized_skill
46469,day care,duplicate_normalized_skill
46470,day shift,duplicate_normalized_skill
46474,db,duplicate_normalized_skill
46475,db administration,duplicate_normalized_skill
46477,db dba,duplicate_normalized_skill
46479,db migration,duplicate_normalized_skill
46481,db2,duplicate_normalized_skill
46482,dbms,duplicate_normalized_skill
46484,dbs,invalid_short_skill
46485,dbt,duplicate_normalized_skill
46486,dc,duplicate_normalized_skill
46487,dc drives,duplicate_normalized_skill
46491,dcdp,duplicate_normalized_skill
46492,dcf,duplicate_normalized_skill
46493,dch,duplicate_normalized_skill
46494,dcm,duplicate_normalized_skill
46495,dcs,duplicate_normalized_skill
46496,ddd,duplicate_normalized_skill
46497,ddi,invalid_short_skill
46498,ddl,invalid_short_skill
46501,ddr,duplicate_normalized_skill
46502,ddv,invalid_short_skill
46504,deadline management,duplicate_normalized_skill
46505,deal execution,duplicate_normalized_skill
46506,deal management,duplicate_normalized_skill
46507,deal structuring,duplicate_normalized_skill
46508,dealer,duplicate_normalized_skill
46509,dealer appointment,duplicate_normalized_skill
46510,dealer development,duplicate_normalized_skill
46512,dealer handling,duplicate_normalized_skill
46514,dealer management,duplicate_normalized_skill
46515,dealer network,duplicate_normalized_skill
46517,dealer sales,duplicate_normalized_skill
46518,dealers,duplicate_normalized_skill
46519,dealing,duplicate_normalized_skill
46520,deals,duplicate_normalized_skill
46521,debian,duplicate_normalized_skill
46522,debit,duplicate_normalized_skill
46524,debit note,duplicate_normalized_skill
46526,debt collection,duplicate_normalized_skill
46529,debt management,duplicate_normalized_skill
46530,debt market,duplicate_normalized_skill
46531,debt recovery,duplicate_normalized_skill
46534,debtors,duplicate_normalized_skill
46537,debugging,duplicate_normalized_skill
46538,debugging software,duplicate_normalized_skill
46541,decision making,duplicate_normalized_skill
46543,decision-making,duplicate_normalized_skill
46547,dedicated,duplicate_normalized_skill
46549,deed,duplicate_normalized_skill
46550,deep learning frameworks,duplicate_normalized_skill
46554,defect analysis,duplicate_normalized_skill
46555,defect fixing,duplicate_normalized_skill
46556,defect life cycle,duplicate_normalized_skill
46557,defect management,duplicate_normalized_skill
46558,defect reporting,duplicate_normalized_skill
46559,defect tracking,duplicate_normalized_skill
46560,defence,duplicate_normalized_skill
46561,defense,duplicate_normalized_skill
46563,defined benefits,duplicate_normalized_skill
46564,defined contribution,duplicate_normalized_skill
46567,delegation,duplicate_normalized_skill
46568,delhi,duplicate_normalized_skill
46570,delinquency management,duplicate_normalized_skill
46571,deliver on time and maintaining a high quality of engineering,sentence_or_description
46576,delivery,duplicate_normalized_skill
46577,delivery challan,duplicate_normalized_skill
46578,delivery executive,duplicate_normalized_skill
46579,delivery leadership,duplicate_normalized_skill
46580,delivery management,duplicate_normalized_skill
46581,delivery manager,duplicate_normalized_skill
46583,delivery operations,duplicate_normalized_skill
46585,dell boomi,duplicate_normalized_skill
46586,dell boomi atomsphere,duplicate_normalized_skill
46587,delmia,duplicate_normalized_skill
46592,demand forecasting,duplicate_normalized_skill
46593,demand generation,duplicate_normalized_skill
46594,demand management,duplicate_normalized_skill
46595,demand planning,duplicate_normalized_skill
46596,demand supply,duplicate_normalized_skill
46597,demandware,duplicate_normalized_skill
46598,demantra,duplicate_normalized_skill
46599,demat,duplicate_normalized_skill
46601,demo,duplicate_normalized_skill
46604,demonstration,duplicate_normalized_skill
46605,denial,duplicate_normalized_skill
46606,denial handling,duplicate_normalized_skill
46607,denial management,duplicate_normalized_skill
46609,denials,duplicate_normalized_skill
46610,denials management,duplicate_normalized_skill
46611,denim,duplicate_normalized_skill
46612,denodo,duplicate_normalized_skill
46613,dental,duplicate_normalized_skill
46619,dental surgery,duplicate_normalized_skill
46620,dentist,duplicate_normalized_skill
46621,dentistry,duplicate_normalized_skill
46623,department management,duplicate_normalized_skill
46624,dependency injection,duplicate_normalized_skill
46626,deploying models,duplicate_normalized_skill
46627,deployment,duplicate_normalized_skill
46628,deployment and release management,duplicate_normalized_skill
46630,deployment process,duplicate_normalized_skill
46631,deposits,duplicate_normalized_skill
46632,deputy branch manager,duplicate_normalized_skill
46634,deputy registrar,duplicate_normalized_skill
46635,derivative market,duplicate_normalized_skill
46636,derivatives,duplicate_normalized_skill
46637,derivatives trading,duplicate_normalized_skill
46638,dermatologist,duplicate_normalized_skill
46639,dermatology,duplicate_normalized_skill
46640,des,duplicate_normalized_skill
46642,design,duplicate_normalized_skill
46644,design Calculation,duplicate_normalized_skill
46647,design analysis,duplicate_normalized_skill
46649,design and development,duplicate_normalized_skill
46651,design and implementation,duplicate_normalized_skill
46653,design calculations,duplicate_normalized_skill
46655,design concepts,duplicate_normalized_skill
46656,design concepts etc. Proficient in AutoCad and other design software. Experience preferred in 3D modeling using Revit,experience_or_description_phrase
46657,design control,duplicate_normalized_skill
46659,design development,duplicate_normalized_skill
46660,design documentation,duplicate_normalized_skill
46661,design documents,duplicate_normalized_skill
46662,design engineer,duplicate_normalized_skill
46663,design engineering,duplicate_normalized_skill
46665,design for manufacturing,duplicate_normalized_skill
46670,design management,duplicate_normalized_skill
46673,design pattern,duplicate_normalized_skill
46674,design patterns,duplicate_normalized_skill
46675,design principles,duplicate_normalized_skill
46676,design process,duplicate_normalized_skill
46678,design review,duplicate_normalized_skill
46679,design reviews,duplicate_normalized_skill
46680,design softwares,duplicate_normalized_skill
46683,design strategy,duplicate_normalized_skill
46684,design studio,duplicate_normalized_skill
46687,design thinking,duplicate_normalized_skill
46689,design validation,duplicate_normalized_skill
46691,design verification,duplicate_normalized_skill
46693,designer,duplicate_normalized_skill
46695,designing,duplicate_normalized_skill
46698,designing and developing,duplicate_normalized_skill
46704,desktop,duplicate_normalized_skill
46705,desktop administration,duplicate_normalized_skill
46706,desktop application,duplicate_normalized_skill
46708,desktop engineer,duplicate_normalized_skill
46709,desktop engineering,duplicate_normalized_skill
46710,desktop management,duplicate_normalized_skill
46712,desktop support,duplicate_normalized_skill
46713,desktop support engineer,duplicate_normalized_skill
46715,desktop troubleshooting,duplicate_normalized_skill
46716,destination management,duplicate_normalized_skill
46717,det,duplicate_normalized_skill
46719,detail design,duplicate_normalized_skill
46720,detail drawings,duplicate_normalized_skill
46721,detail engineering,duplicate_normalized_skill
46727,detailing,duplicate_normalized_skill
46731,dev,duplicate_normalized_skill
46734,developer,duplicate_normalized_skill
46735,developer tools,duplicate_normalized_skill
46739,development,duplicate_normalized_skill
46742,development life cycle,duplicate_normalized_skill
46743,development management,duplicate_normalized_skill
46744,development manager,duplicate_normalized_skill
46745,development methodologies,duplicate_normalized_skill
46746,development planning,duplicate_normalized_skill
46748,development testing,duplicate_normalized_skill
46750,deviation,duplicate_normalized_skill
46751,deviation analysis,duplicate_normalized_skill
46752,device driver development,duplicate_normalized_skill
46753,device drivers,duplicate_normalized_skill
46754,device installation,duplicate_normalized_skill
46755,device management,duplicate_normalized_skill
46756,device testing,duplicate_normalized_skill
46758,devices,duplicate_normalized_skill
46759,devops,duplicate_normalized_skill
46760,devops architect,duplicate_normalized_skill
46761,devops automation,duplicate_normalized_skill
46762,devops jenkins,duplicate_normalized_skill
46764,devops tools,duplicate_normalized_skill
46765,devsecops,duplicate_normalized_skill
46767,dfa,invalid_short_skill
46768,dfc,invalid_short_skill
46769,dfm,duplicate_normalized_skill
46770,dfmea,duplicate_normalized_skill
46771,dfs,duplicate_normalized_skill
46772,dft,duplicate_normalized_skill
46773,dft architecture,duplicate_normalized_skill
46774,dg,duplicate_normalized_skill
46775,dg sets,duplicate_normalized_skill
46777,dgm,duplicate_normalized_skill
46778,dgnm,duplicate_normalized_skill
46779,dgo,duplicate_normalized_skill
46780,dhcp,duplicate_normalized_skill
46782,di,duplicate_normalized_skill
46784,diagnosis,duplicate_normalized_skill
46786,diagnostic sales,duplicate_normalized_skill
46790,dialer,duplicate_normalized_skill
46792,dialogflow,duplicate_normalized_skill
46793,dialux,duplicate_normalized_skill
46794,dialysis,duplicate_normalized_skill
46798,diamond,duplicate_normalized_skill
46802,die making,duplicate_normalized_skill
46803,diesel,duplicate_normalized_skill
46805,diet,duplicate_normalized_skill
46807,diet counselling,duplicate_normalized_skill
46808,diet planning,duplicate_normalized_skill
46809,dietetics,duplicate_normalized_skill
46810,dietician,duplicate_normalized_skill
46811,dietitian,duplicate_normalized_skill
46812,dietitian activities,duplicate_normalized_skill
46816,digital,duplicate_normalized_skill
46819,digital advertising,duplicate_normalized_skill
46820,digital agency,duplicate_normalized_skill
46821,digital analytics,duplicate_normalized_skill
46822,digital asset management,duplicate_normalized_skill
46824,digital branding,duplicate_normalized_skill
46825,digital campaigns,duplicate_normalized_skill
46826,digital channels,duplicate_normalized_skill
46827,digital circuit design,duplicate_normalized_skill
46828,digital circuits,duplicate_normalized_skill
46830,digital communications,duplicate_normalized_skill
46831,digital content,duplicate_normalized_skill
46834,digital design,duplicate_normalized_skill
46838,digital forensics,duplicate_normalized_skill
46839,digital innovation,duplicate_normalized_skill
46841,digital learning,duplicate_normalized_skill
46842,digital manufacturing,duplicate_normalized_skill
46843,digital marketing,duplicate_normalized_skill
46851,digital media,duplicate_normalized_skill
46856,digital printing,duplicate_normalized_skill
46857,digital product,duplicate_normalized_skill
46858,digital product development,duplicate_normalized_skill
46861,digital sales,duplicate_normalized_skill
46864,digital strategy,duplicate_normalized_skill
46865,digital supply chain,duplicate_normalized_skill
46868,digital transformation,duplicate_normalized_skill
46870,dimensional modeling,duplicate_normalized_skill
46871,dimensioning,duplicate_normalized_skill
46872,din,invalid_short_skill
46874,diploma,duplicate_normalized_skill
46875,diploma anesthesia,education_or_qualification
46876,diploma electrical,duplicate_normalized_skill
46877,diploma fresher,education_or_qualification
46878,diploma in radiology,education_or_qualification
46879,diploma mechanical,duplicate_normalized_skill
46880,diploma nurse,education_or_qualification
46881,diplomacy,duplicate_normalized_skill
46883,dir,invalid_short_skill
46884,direct,duplicate_normalized_skill
46885,direct and indirect taxation,duplicate_normalized_skill
46887,direct marketing,duplicate_normalized_skill
46888,direct procurement,duplicate_normalized_skill
46889,direct sales,duplicate_normalized_skill
46890,direct selling,duplicate_normalized_skill
46891,direct tax,duplicate_normalized_skill
46892,direct tax compliance,duplicate_normalized_skill
46893,director,duplicate_normalized_skill
46896,directory services,duplicate_normalized_skill
46897,dis,invalid_short_skill
46899,disaster management,duplicate_normalized_skill
46900,disaster recovery,duplicate_normalized_skill
46901,disaster recovery planning,duplicate_normalized_skill
46902,disbursement,duplicate_normalized_skill
46909,discoverer,duplicate_normalized_skill
46910,discovery,duplicate_normalized_skill
46911,discrete event simulation,duplicate_normalized_skill
46912,discrete manufacturing,duplicate_normalized_skill
46916,dispatch,duplicate_normalized_skill
46918,dispatch management,duplicate_normalized_skill
46925,display video,duplicate_normalized_skill
46927,dispute,duplicate_normalized_skill
46928,dispute management,duplicate_normalized_skill
46929,dispute resolution,duplicate_normalized_skill
46930,dissolution,duplicate_normalized_skill
46931,distillery,duplicate_normalized_skill
46934,distributed architecture,duplicate_normalized_skill
46935,distributed computing,duplicate_normalized_skill
46936,distributed control system,duplicate_normalized_skill
46938,distribution,duplicate_normalized_skill
46942,distribution development,duplicate_normalized_skill
46944,distribution management,duplicate_normalized_skill
46945,distribution network,duplicate_normalized_skill
46947,distribution operations,duplicate_normalized_skill
46948,distribution planning,duplicate_normalized_skill
46950,distribution system,duplicate_normalized_skill
46953,distributor handling,duplicate_normalized_skill
46955,distributor sales,duplicate_normalized_skill
46956,distributors,duplicate_normalized_skill
46960,django framework,duplicate_normalized_skill
46961,django rest api,duplicate_normalized_skill
46963,dlp,duplicate_normalized_skill
46964,dm,duplicate_normalized_skill
46966,dm plant,duplicate_normalized_skill
46967,dma,duplicate_normalized_skill
46968,dmaic,duplicate_normalized_skill
46969,dmat,duplicate_normalized_skill
46970,dmc,duplicate_normalized_skill
46972,dml,invalid_short_skill
46974,dmlt,duplicate_normalized_skill
46975,dmo,duplicate_normalized_skill
46976,dmp,invalid_short_skill
46977,dmrd,duplicate_normalized_skill
46978,dms,duplicate_normalized_skill
46979,dmu,duplicate_normalized_skill
46980,dnb,duplicate_normalized_skill
46982,dnb anatomy,duplicate_normalized_skill
46983,dnb biochemistry,duplicate_normalized_skill
46985,dnb gastroenterology,duplicate_normalized_skill
46986,dnb general medicine,duplicate_normalized_skill
46987,dnb general surgeon,duplicate_normalized_skill
46988,dnb gynecology,duplicate_normalized_skill
46996,dns,duplicate_normalized_skill
46997,do,duplicate_normalized_skill
46999,docker container,duplicate_normalized_skill
47004,doctor,duplicate_normalized_skill
47005,doctor activities,duplicate_normalized_skill
47013,document control,duplicate_normalized_skill
47014,document controller,duplicate_normalized_skill
47017,document management,duplicate_normalized_skill
47018,document management system,duplicate_normalized_skill
47019,document preparation,duplicate_normalized_skill
47020,document review,duplicate_normalized_skill
47022,document verification,duplicate_normalized_skill
47024,documentation,duplicate_normalized_skill
47028,documentation tools,duplicate_normalized_skill
47029,documents,duplicate_normalized_skill
47033,documents review,duplicate_normalized_skill
47034,documentum,duplicate_normalized_skill
47036,docusign,duplicate_normalized_skill
47037,doe,duplicate_normalized_skill
47038,dolomite,duplicate_normalized_skill
47039,dom,duplicate_normalized_skill
47041,domain expert,duplicate_normalized_skill
47044,domestic,duplicate_normalized_skill
47045,domestic IT Recruiter,duplicate_normalized_skill
47046,domestic bpo,duplicate_normalized_skill
47047,domestic call center,duplicate_normalized_skill
47048,domestic calling,duplicate_normalized_skill
47050,domestic marketing,duplicate_normalized_skill
47052,domestic sales,duplicate_normalized_skill
47053,domestic staffing,duplicate_normalized_skill
47054,domestic ticketing,duplicate_normalized_skill
47055,domestic voice,duplicate_normalized_skill
47056,domestic voice process,duplicate_normalized_skill
47057,domino,duplicate_normalized_skill
47060,domo,duplicate_normalized_skill
47062,doors,duplicate_normalized_skill
47063,dop,invalid_short_skill
47065,dossier,duplicate_normalized_skill
47066,dossier preparation,duplicate_normalized_skill
47067,dot,duplicate_normalized_skill
47069,dot net,duplicate_normalized_skill
47070,dot net core,duplicate_normalized_skill
47071,dot net developer,duplicate_normalized_skill
47074,dotnet,duplicate_normalized_skill
47075,dotnet azure,duplicate_normalized_skill
47076,dotnet core,duplicate_normalized_skill
47077,dotnet development,duplicate_normalized_skill
47081,downstream,duplicate_normalized_skill
47083,downstream processing,duplicate_normalized_skill
47085,dpr,duplicate_normalized_skill
47086,dql,invalid_short_skill
47087,dr,duplicate_normalized_skill
47088,dra,duplicate_normalized_skill
47090,drafting,duplicate_normalized_skill
47091,drafting agreements,duplicate_normalized_skill
47093,draftsman,duplicate_normalized_skill
47094,draftsman activities,duplicate_normalized_skill
47096,drainage,duplicate_normalized_skill
47098,draping,duplicate_normalized_skill
47099,draughtsman,duplicate_normalized_skill
47101,drawing,duplicate_normalized_skill
47104,drawings,duplicate_normalized_skill
47105,drc,duplicate_normalized_skill
47106,dreamweaver,duplicate_normalized_skill
47107,drg,duplicate_normalized_skill
47108,drilling,duplicate_normalized_skill
47112,driver,duplicate_normalized_skill
47114,driver management,duplicate_normalized_skill
47116,drivers,duplicate_normalized_skill
47117,drives,duplicate_normalized_skill
47119,driving,duplicate_normalized_skill
47121,drm,duplicate_normalized_skill
47126,drs,duplicate_normalized_skill
47127,drug,duplicate_normalized_skill
47128,drug development,duplicate_normalized_skill
47129,drug discovery,duplicate_normalized_skill
47131,drug regulatory affairs,duplicate_normalized_skill
47132,drug safety,duplicate_normalized_skill
47134,drupal,duplicate_normalized_skill
47135,drupal 8,duplicate_normalized_skill
47136,drupal architecture,duplicate_normalized_skill
47137,drupal development,duplicate_normalized_skill
47138,dry fruits,duplicate_normalized_skill
47140,ds,duplicate_normalized_skill
47141,dsa,duplicate_normalized_skill
47142,dsa management,duplicate_normalized_skill
47143,dso,duplicate_normalized_skill
47144,dsp,duplicate_normalized_skill
47145,dspace,duplicate_normalized_skill
47146,dss,invalid_short_skill
47147,dst,duplicate_normalized_skill
47148,dsur,duplicate_normalized_skill
47149,dtp,duplicate_normalized_skill
47151,duck creek,duplicate_normalized_skill
47153,due diligence,duplicate_normalized_skill
47154,due diligence review,duplicate_normalized_skill
47155,dump analysis,duplicate_normalized_skill
47159,dv 360,duplicate_normalized_skill
47160,dvb,duplicate_normalized_skill
47161,dvd,duplicate_normalized_skill
47162,dwbi,duplicate_normalized_skill
47164,dwh testing,duplicate_normalized_skill
47166,dynamic 365,duplicate_normalized_skill
47168,dynamics,duplicate_normalized_skill
47169,dynamics 365,duplicate_normalized_skill
47170,dynamics Ax,duplicate_normalized_skill
47171,dynamics crm development,duplicate_normalized_skill
47174,dynamo db,duplicate_normalized_skill
47175,dynamodb,duplicate_normalized_skill
47176,dynatrace,duplicate_normalized_skill
47177,e,duplicate_normalized_skill
47179,e commerce,duplicate_normalized_skill
47181,e&i,duplicate_normalized_skill
47184,e-business,duplicate_normalized_skill
47186,e-commerce,duplicate_normalized_skill
47188,e-commerce platforms,duplicate_normalized_skill
47189,e-invoicing,duplicate_normalized_skill
47190,e-learning,duplicate_normalized_skill
47193,e-publishing,duplicate_normalized_skill
47195,e2e,duplicate_normalized_skill
47196,e2e recruitment,duplicate_normalized_skill
47198,e2e testing,duplicate_normalized_skill
47199,e3,invalid_short_skill
47200,e3d,duplicate_normalized_skill
47202,eCRM,duplicate_normalized_skill
47203,eCTD,duplicate_normalized_skill
47206,eCommerce,duplicate_normalized_skill
47209,eLearning,duplicate_normalized_skill
47212,eTOM,duplicate_normalized_skill
47213,ea,duplicate_normalized_skill
47214,ead,duplicate_normalized_skill
47216,eai,duplicate_normalized_skill
47217,eam,duplicate_normalized_skill
47219,earned value management,duplicate_normalized_skill
47224,ebitda,duplicate_normalized_skill
47225,ebs,duplicate_normalized_skill
47226,ec,duplicate_normalized_skill
47227,ec2,duplicate_normalized_skill
47229,ecc,duplicate_normalized_skill
47230,ece,duplicate_normalized_skill
47231,ecg,duplicate_normalized_skill
47232,echo,duplicate_normalized_skill
47233,echocardiography,duplicate_normalized_skill
47234,eci,invalid_short_skill
47235,eclerx,duplicate_normalized_skill
47237,eclipse,duplicate_normalized_skill
47238,eclipse ide,duplicate_normalized_skill
47239,ecm,duplicate_normalized_skill
47241,eco,duplicate_normalized_skill
47244,ecommerce,duplicate_normalized_skill
47246,ecommerce sales,duplicate_normalized_skill
47247,economic analysis,duplicate_normalized_skill
47248,economics,duplicate_normalized_skill
47250,ecrm,duplicate_normalized_skill
47251,ecs,duplicate_normalized_skill
47252,ectd,duplicate_normalized_skill
47253,ecu,duplicate_normalized_skill
47254,ed,duplicate_normalized_skill
47255,ed facility,duplicate_normalized_skill
47256,ed profee,duplicate_normalized_skill
47257,eda,duplicate_normalized_skill
47258,eda tools,duplicate_normalized_skill
47259,edc,duplicate_normalized_skill
47261,edd,duplicate_normalized_skill
47262,edge,duplicate_normalized_skill
47264,edi,duplicate_normalized_skill
47267,editing,duplicate_normalized_skill
47268,editor,duplicate_normalized_skill
47269,editorial,duplicate_normalized_skill
47271,edm,duplicate_normalized_skill
47272,edr,duplicate_normalized_skill
47273,edtech,duplicate_normalized_skill
47274,edtech sales,duplicate_normalized_skill
47275,education,duplicate_normalized_skill
47276,education counseling,duplicate_normalized_skill
47277,education counsellor,duplicate_normalized_skill
47285,educational sales,duplicate_normalized_skill
47286,educational technology,duplicate_normalized_skill
47287,edwards,duplicate_normalized_skill
47288,eee,duplicate_normalized_skill
47289,eeg,duplicate_normalized_skill
47290,ees,duplicate_normalized_skill
47292,effective communication,duplicate_normalized_skill
47297,efficient and accurate claims processing Extensive knowledge of Commercial,experience_or_description_phrase
47298,effort estimation,duplicate_normalized_skill
47299,eft,duplicate_normalized_skill
47301,ehp,invalid_short_skill
47302,ehr,duplicate_normalized_skill
47303,ehs,duplicate_normalized_skill
47304,ehs management,duplicate_normalized_skill
47305,eib,duplicate_normalized_skill
47306,eigrp,duplicate_normalized_skill
47307,eis,invalid_short_skill
47309,ekl,duplicate_normalized_skill
47310,eks,duplicate_normalized_skill
47312,elastic search,duplicate_normalized_skill
47313,elasticsearch,duplicate_normalized_skill
47315,elearning development,duplicate_normalized_skill
47319,electrical,duplicate_normalized_skill
47322,electrical Engineering,duplicate_normalized_skill
47330,electrical components,duplicate_normalized_skill
47332,electrical design,duplicate_normalized_skill
47333,electrical designer,duplicate_normalized_skill
47334,electrical drawing,duplicate_normalized_skill
47335,electrical drawings,duplicate_normalized_skill
47336,electrical engineer,duplicate_normalized_skill
47337,electrical engineering,duplicate_normalized_skill
47338,electrical equipment,duplicate_normalized_skill
47341,electrical installation,duplicate_normalized_skill
47342,electrical knowledge,duplicate_normalized_skill
47343,electrical layouts,duplicate_normalized_skill
47345,electrical maintenance,duplicate_normalized_skill
47346,electrical motors,duplicate_normalized_skill
47349,electrical projects,duplicate_normalized_skill
47351,electrical safety,duplicate_normalized_skill
47355,electrical site engineering,duplicate_normalized_skill
47356,electrical system,duplicate_normalized_skill
47357,electrical systems,duplicate_normalized_skill
47358,electrical testing,duplicate_normalized_skill
47359,electrical wiring,duplicate_normalized_skill
47360,electrical works,duplicate_normalized_skill
47361,electricals,duplicate_normalized_skill
47362,electrician,duplicate_normalized_skill
47363,electricians,duplicate_normalized_skill
47364,electricity,duplicate_normalized_skill
47368,electromechanical,duplicate_normalized_skill
47373,electronic components,duplicate_normalized_skill
47376,electronic data interchange,duplicate_normalized_skill
47377,electronic manufacturing,duplicate_normalized_skill
47378,electronic medical record,duplicate_normalized_skill
47379,electronic security,duplicate_normalized_skill
47382,electronic trading,duplicate_normalized_skill
47383,electronics,duplicate_normalized_skill
47384,electronics and communication,duplicate_normalized_skill
47387,electronics engineering,duplicate_normalized_skill
47391,electronics hardware design,duplicate_normalized_skill
47392,electronics manufacturing,duplicate_normalized_skill
47396,electroplating,duplicate_normalized_skill
47400,elevator installation,duplicate_normalized_skill
47403,elevators,duplicate_normalized_skill
47406,eligibility verification,duplicate_normalized_skill
47408,elk,duplicate_normalized_skill
47409,eloqua,duplicate_normalized_skill
47410,elt,duplicate_normalized_skill
47411,elv,duplicate_normalized_skill
47412,elv design,duplicate_normalized_skill
47413,em,duplicate_normalized_skill
47414,ema,duplicate_normalized_skill
47416,email,duplicate_normalized_skill
47420,email campaign,duplicate_normalized_skill
47421,email campaigns,duplicate_normalized_skill
47423,email communication,duplicate_normalized_skill
47425,email handling,duplicate_normalized_skill
47426,email management,duplicate_normalized_skill
47427,email marketing,duplicate_normalized_skill
47429,email process,duplicate_normalized_skill
47430,email security,duplicate_normalized_skill
47431,email support,duplicate_normalized_skill
47432,email writing,duplicate_normalized_skill
47436,embedded,duplicate_normalized_skill
47437,embedded C,duplicate_normalized_skill
47439,embedded analytics,duplicate_normalized_skill
47440,embedded c,duplicate_normalized_skill
47441,embedded c++,duplicate_normalized_skill
47443,embedded development,duplicate_normalized_skill
47444,embedded firmware,duplicate_normalized_skill
47445,embedded firmware development,duplicate_normalized_skill
47446,embedded hardware,duplicate_normalized_skill
47447,embedded linux,duplicate_normalized_skill
47448,embedded programming,duplicate_normalized_skill
47449,embedded software,duplicate_normalized_skill
47450,embedded software development,duplicate_normalized_skill
47451,embedded system design,duplicate_normalized_skill
47452,embedded systems,duplicate_normalized_skill
47453,embedded systems development,duplicate_normalized_skill
47454,embedded testing,duplicate_normalized_skill
47456,embroidery,duplicate_normalized_skill
47457,embryologist,duplicate_normalized_skill
47458,emc,duplicate_normalized_skill
47460,emc design,duplicate_normalized_skill
47461,emc networker,duplicate_normalized_skill
47462,emc storage,duplicate_normalized_skill
47464,emc testing,duplicate_normalized_skill
47467,emea,duplicate_normalized_skill
47468,emergency,duplicate_normalized_skill
47469,emergency handling,duplicate_normalized_skill
47474,emergency medicine,duplicate_normalized_skill
47475,emergency response,duplicate_normalized_skill
47477,emerging technologies,duplicate_normalized_skill
47478,emi,duplicate_normalized_skill
47479,emi / emc,duplicate_normalized_skill
47480,emi / emc testing,duplicate_normalized_skill
47481,emission,duplicate_normalized_skill
47482,emm,invalid_short_skill
47483,emo,invalid_short_skill
47484,emotional intelligence,duplicate_normalized_skill
47485,empathy,duplicate_normalized_skill
47488,employee benefits,duplicate_normalized_skill
47489,employee central,duplicate_normalized_skill
47491,employee data management,duplicate_normalized_skill
47492,employee development,duplicate_normalized_skill
47493,employee engagement,duplicate_normalized_skill
47495,employee grievances,duplicate_normalized_skill
47496,employee induction,duplicate_normalized_skill
47499,employee onboarding,duplicate_normalized_skill
47505,employee relation,duplicate_normalized_skill
47506,employee relations,duplicate_normalized_skill
47507,employee retention,duplicate_normalized_skill
47508,employee satisfaction,duplicate_normalized_skill
47509,employee training,duplicate_normalized_skill
47510,employee welfare,duplicate_normalized_skill
47513,employer branding,duplicate_normalized_skill
47514,employment law,duplicate_normalized_skill
47516,emr,duplicate_normalized_skill
47517,ems,duplicate_normalized_skill
47519,emt,invalid_short_skill
47521,emv,duplicate_normalized_skill
47525,encore,duplicate_normalized_skill
47526,encryption,duplicate_normalized_skill
47527,encryption technologies,duplicate_normalized_skill
47528,end to end,duplicate_normalized_skill
47532,end to end recruitment,duplicate_normalized_skill
47533,end to end underwriting,duplicate_normalized_skill
47534,end user,duplicate_normalized_skill
47541,end-to-end recruitment,duplicate_normalized_skill
47546,endevor,duplicate_normalized_skill
47548,endoscopy,duplicate_normalized_skill
47550,endpoint,duplicate_normalized_skill
47551,endpoint management,duplicate_normalized_skill
47552,endpoint protection,duplicate_normalized_skill
47553,endpoint security,duplicate_normalized_skill
47554,endur,duplicate_normalized_skill
47555,energy audit,duplicate_normalized_skill
47556,energy management,duplicate_normalized_skill
47557,energy meters,duplicate_normalized_skill
47563,engagement,duplicate_normalized_skill
47564,engagement activities,duplicate_normalized_skill
47565,engagement management,duplicate_normalized_skill
47568,engine,duplicate_normalized_skill
47569,engine assembly,duplicate_normalized_skill
47570,engine calibration,duplicate_normalized_skill
47572,engine testing,duplicate_normalized_skill
47574,engineering,duplicate_normalized_skill
47577,engineering background good negotiation skill problem solving attitude prefer to packaging machines candidate Proficiency with CRM tools willingness to travel Self-motivated,sentence_or_description
47578,engineering calculations,duplicate_normalized_skill
47579,engineering change management,duplicate_normalized_skill
47580,engineering consultancy,duplicate_normalized_skill
47581,engineering design,duplicate_normalized_skill
47582,engineering drawing,duplicate_normalized_skill
47586,engineering leadership,duplicate_normalized_skill
47587,engineering management,duplicate_normalized_skill
47589,engineering procurement,duplicate_normalized_skill
47590,engineering project management,duplicate_normalized_skill
47591,engineering projects,duplicate_normalized_skill
47592,engineering purchase,duplicate_normalized_skill
47593,engineering services,duplicate_normalized_skill
47595,engineering support,duplicate_normalized_skill
47597,english,duplicate_normalized_skill
47598,english communication,duplicate_normalized_skill
47600,english grammar,duplicate_normalized_skill
47602,english language,duplicate_normalized_skill
47603,english language training,duplicate_normalized_skill
47604,english literature,duplicate_normalized_skill
47607,english speaking,duplicate_normalized_skill
47608,english teacher,duplicate_normalized_skill
47609,english training,duplicate_normalized_skill
47610,english typing,duplicate_normalized_skill
47611,english writing,duplicate_normalized_skill
47613,enhanced due diligence,duplicate_normalized_skill
47615,enhancements,duplicate_normalized_skill
47617,enm,duplicate_normalized_skill
47619,enodeb,duplicate_normalized_skill
47620,enovia,duplicate_normalized_skill
47621,enrollment,duplicate_normalized_skill
47623,ens,invalid_short_skill
47632,ent,duplicate_normalized_skill
47635,ent surgeon,duplicate_normalized_skill
47636,enterprise,duplicate_normalized_skill
47637,enterprise account management,duplicate_normalized_skill
47638,enterprise application development,duplicate_normalized_skill
47639,enterprise application integration,duplicate_normalized_skill
47640,enterprise applications,duplicate_normalized_skill
47641,enterprise architect,duplicate_normalized_skill
47642,enterprise architecture,duplicate_normalized_skill
47643,enterprise architecture framework,duplicate_normalized_skill
47644,enterprise asset management,duplicate_normalized_skill
47645,enterprise business,duplicate_normalized_skill
47647,enterprise cloud,duplicate_normalized_skill
47648,enterprise content management,duplicate_normalized_skill
47650,enterprise integration,duplicate_normalized_skill
47651,enterprise manager,duplicate_normalized_skill
47653,enterprise network operations,duplicate_normalized_skill
47654,enterprise performance management,duplicate_normalized_skill
47655,enterprise reporting,duplicate_normalized_skill
47656,enterprise risk,duplicate_normalized_skill
47657,enterprise risk management,duplicate_normalized_skill
47658,enterprise sales,duplicate_normalized_skill
47659,enterprise security,duplicate_normalized_skill
47660,enterprise software,duplicate_normalized_skill
47661,enterprise structure,duplicate_normalized_skill
47662,enterprise support,duplicate_normalized_skill
47669,entertainment,duplicate_normalized_skill
47671,entity,duplicate_normalized_skill
47674,entity framework,duplicate_normalized_skill
47675,entity framework core,duplicate_normalized_skill
47677,entrepreneurship,duplicate_normalized_skill
47680,environment,duplicate_normalized_skill
47681,environment health safety,duplicate_normalized_skill
47682,environment management,duplicate_normalized_skill
47684,environmental audit,duplicate_normalized_skill
47686,environmental management system,duplicate_normalized_skill
47687,environmental monitoring,duplicate_normalized_skill
47688,environmental science,duplicate_normalized_skill
47690,eol,invalid_short_skill
47691,epabx,duplicate_normalized_skill
47692,epbcs,duplicate_normalized_skill
47693,epc,duplicate_normalized_skill
47694,epc project,duplicate_normalized_skill
47695,epcg,duplicate_normalized_skill
47696,epic,duplicate_normalized_skill
47697,epidemiology,duplicate_normalized_skill
47698,episerver,duplicate_normalized_skill
47699,eplan,duplicate_normalized_skill
47701,epm,duplicate_normalized_skill
47702,epo,invalid_short_skill
47703,epoxy,duplicate_normalized_skill
47705,eps,duplicate_normalized_skill
47707,equipment,duplicate_normalized_skill
47708,equipment calibration,duplicate_normalized_skill
47709,equipment design,duplicate_normalized_skill
47711,equipment fabrication and general fabrication experience with good welding knowledg,experience_or_description_phrase
47712,equipment installation,duplicate_normalized_skill
47713,equipment maintenance,duplicate_normalized_skill
47714,equipment management,duplicate_normalized_skill
47715,equipment manufacturing,duplicate_normalized_skill
47716,equipment modeling,duplicate_normalized_skill
47717,equipment qualification,duplicate_normalized_skill
47718,equipment sales,duplicate_normalized_skill
47721,equity,duplicate_normalized_skill
47723,equity advisor,duplicate_normalized_skill
47724,equity dealer,duplicate_normalized_skill
47726,equity derivatives,duplicate_normalized_skill
47727,equity research,duplicate_normalized_skill
47728,equity sales,duplicate_normalized_skill
47730,er,duplicate_normalized_skill
47731,er studio,duplicate_normalized_skill
47733,erection,duplicate_normalized_skill
47734,erection commissioning,duplicate_normalized_skill
47736,ergonomics,duplicate_normalized_skill
47737,erm,duplicate_normalized_skill
47738,erp,duplicate_normalized_skill
47739,erp consulting,duplicate_normalized_skill
47741,erp functional,duplicate_normalized_skill
47742,erp implementation,duplicate_normalized_skill
47743,erp ln,duplicate_normalized_skill
47744,erp support,duplicate_normalized_skill
47745,erp system,duplicate_normalized_skill
47746,erp systems,duplicate_normalized_skill
47747,erp testing,duplicate_normalized_skill
47749,error analysis,duplicate_normalized_skill
47750,error handling,duplicate_normalized_skill
47751,erwin,duplicate_normalized_skill
47752,es6+,duplicate_normalized_skill
47753,esb,duplicate_normalized_skill
47755,escalation handling,duplicate_normalized_skill
47756,escalation management,duplicate_normalized_skill
47758,escalations,duplicate_normalized_skill
47762,esd,duplicate_normalized_skill
47763,esg,duplicate_normalized_skill
47764,esi,duplicate_normalized_skill
47765,esic,duplicate_normalized_skill
47767,esp,duplicate_normalized_skill
47768,esql,duplicate_normalized_skill
47769,esri,duplicate_normalized_skill
47771,ess,duplicate_normalized_skill
47772,essbase,duplicate_normalized_skill
47773,estate,duplicate_normalized_skill
47774,estimate completion time and prepare flowchart to ensure workflow meets required deadlines,experience_or_description_phrase
47775,estimation,duplicate_normalized_skill
47777,esx,invalid_short_skill
47778,esxi,duplicate_normalized_skill
47779,eta,duplicate_normalized_skill
47780,etabs,duplicate_normalized_skill
47781,etap,duplicate_normalized_skill
47782,etd,invalid_short_skill
47783,ethernet,duplicate_normalized_skill
47784,ethical hacking,duplicate_normalized_skill
47786,etl,duplicate_normalized_skill
47787,etl developer,duplicate_normalized_skill
47788,etl development,duplicate_normalized_skill
47789,etl pipelines,duplicate_normalized_skill
47790,etl process,duplicate_normalized_skill
47792,etl support,duplicate_normalized_skill
47793,etl testing,duplicate_normalized_skill
47794,etl tool,duplicate_normalized_skill
47796,etom,duplicate_normalized_skill
47797,etp,duplicate_normalized_skill
47798,etrm,duplicate_normalized_skill
47799,eu,duplicate_normalized_skill
47800,euc,duplicate_normalized_skill
47802,ev,duplicate_normalized_skill
47805,event correlation,duplicate_normalized_skill
47806,event driven,duplicate_normalized_skill
47807,event driven architecture,duplicate_normalized_skill
47809,event management,duplicate_normalized_skill
47813,event operations,duplicate_normalized_skill
47814,event planner,duplicate_normalized_skill
47815,event planning,duplicate_normalized_skill
47816,event sales,duplicate_normalized_skill
47818,event strategy,duplicate_normalized_skill
47820,eventbridge,duplicate_normalized_skill
47821,events,duplicate_normalized_skill
47823,events management,duplicate_normalized_skill
47827,ewm,duplicate_normalized_skill
47828,ews,duplicate_normalized_skill
47833,exadata,duplicate_normalized_skill
47834,examination,duplicate_normalized_skill
47835,excavation,duplicate_normalized_skill
47836,excavator,duplicate_normalized_skill
47838,excel macros,duplicate_normalized_skill
47839,excel powerpoint,duplicate_normalized_skill
47840,excel report preparation,duplicate_normalized_skill
47841,excel sheet,duplicate_normalized_skill
47842,excel vba,duplicate_normalized_skill
47843,excel work,duplicate_normalized_skill
47848,excellent communication,duplicate_normalized_skill
47849,excellent communication and interpersonal skills for patient and team interaction,sentence_or_description
47851,excellent communication skills,duplicate_normalized_skill
47853,excellent pedagogical techniques like interactive teaching and curriculum design,sentence_or_description
47854,excellent verbal and written communication skills,duplicate_normalized_skill
47855,exception handling,duplicate_normalized_skill
47856,exchange,duplicate_normalized_skill
47857,exchange administration,duplicate_normalized_skill
47858,exchange online,duplicate_normalized_skill
47860,exchange server,duplicate_normalized_skill
47862,excise,duplicate_normalized_skill
47863,excise duty,duplicate_normalized_skill
47864,execution,duplicate_normalized_skill
47866,executive,duplicate_normalized_skill
47867,executive Assistant,duplicate_normalized_skill
47869,executive assistant,duplicate_normalized_skill
47871,executive development,duplicate_normalized_skill
47872,executive leadership,duplicate_normalized_skill
47873,executive logistics,duplicate_normalized_skill
47875,executive production,duplicate_normalized_skill
47877,executive secretary,duplicate_normalized_skill
47878,executive support,duplicate_normalized_skill
47879,executive training,duplicate_normalized_skill
47880,exercise,duplicate_normalized_skill
47881,exhaust,duplicate_normalized_skill
47882,exhibitions,duplicate_normalized_skill
47886,exit formalities,duplicate_normalized_skill
47887,exit interviews,duplicate_normalized_skill
47888,exit management,duplicate_normalized_skill
47889,exit process,duplicate_normalized_skill
47892,expat tax,duplicate_normalized_skill
47895,expense analysis,duplicate_normalized_skill
47896,expense management,duplicate_normalized_skill
47897,expense reports,duplicate_normalized_skill
47898,experience,generic
47899,experience bpo 1 yr,experience_or_description_phrase
47900,experience in administrative or executive support,experience_or_description_phrase
47901,experience in auto components Manufacturing Industry,experience_or_description_phrase
47902,experience in design & development + project management in the automotive or white goods sector,experience_or_description_phrase
47903,experience in institutional Sales like pipe fittings,experience_or_description_phrase
47904,experience in purchasing or procurement,experience_or_description_phrase
47905,experience in the service industry,experience_or_description_phrase
47906,experience operating packaging machinery in a manufacturing environment preferred,experience_or_description_phrase
47908,experience with a Big 4 or mid-tier accounting firms,experience_or_description_phrase
47909,experienced,generic
47916,expertise,generic
47918,exploration,duplicate_normalized_skill
47919,exploratory testing,duplicate_normalized_skill
47920,export,duplicate_normalized_skill
47922,export documentation,duplicate_normalized_skill
47924,export logistics,duplicate_normalized_skill
47925,export management,duplicate_normalized_skill
47926,export manager,duplicate_normalized_skill
47927,export marketing,duplicate_normalized_skill
47929,export sales,duplicate_normalized_skill
47932,exports,duplicate_normalized_skill
47938,express,duplicate_normalized_skill
47940,express.js,duplicate_normalized_skill
47942,extension,duplicate_normalized_skill
47943,external audit,duplicate_normalized_skill
47945,external communications,duplicate_normalized_skill
47946,external reporting,duplicate_normalized_skill
47948,extreme programming,duplicate_normalized_skill
47949,eye,duplicate_normalized_skill
47950,f,invalid_short_skill
47952,f#,duplicate_normalized_skill
47953,f&o,duplicate_normalized_skill
47954,f5,duplicate_normalized_skill
47955,fa,duplicate_normalized_skill
47956,faas,duplicate_normalized_skill
47957,fab,invalid_short_skill
47958,fabric,duplicate_normalized_skill
47959,fabric Any additional material experience will be a plus Reporting directly to Directors,sentence_or_description
47964,fabric sales,duplicate_normalized_skill
47967,fabric testing,duplicate_normalized_skill
47969,fabrication,duplicate_normalized_skill
47971,fabrication drawing,duplicate_normalized_skill
47972,fabrication engineer,duplicate_normalized_skill
47975,fabrication industry,duplicate_normalized_skill
47981,facade,duplicate_normalized_skill
47983,facade design,duplicate_normalized_skill
47985,facebook,duplicate_normalized_skill
47986,facebook ads,duplicate_normalized_skill
47987,facial,duplicate_normalized_skill
47988,facilitation,duplicate_normalized_skill
47989,facilities,duplicate_normalized_skill
47990,facilities management,duplicate_normalized_skill
47991,facility,duplicate_normalized_skill
47992,facility Management,duplicate_normalized_skill
47993,facility administration,duplicate_normalized_skill
47995,facility maintenance,duplicate_normalized_skill
47996,facility management,duplicate_normalized_skill
47997,facility manager,duplicate_normalized_skill
47998,facility operations,duplicate_normalized_skill
48000,facility services,duplicate_normalized_skill
48001,fact,duplicate_normalized_skill
48003,factory,duplicate_normalized_skill
48004,factory HR,duplicate_normalized_skill
48005,factory Head,duplicate_normalized_skill
48006,factory administration,duplicate_normalized_skill
48007,factory automation,duplicate_normalized_skill
48010,factory law,duplicate_normalized_skill
48012,factory management,duplicate_normalized_skill
48013,factory manager,duplicate_normalized_skill
48014,factory operations,duplicate_normalized_skill
48016,factset,duplicate_normalized_skill
48017,faculty,duplicate_normalized_skill
48021,failure analysis,duplicate_normalized_skill
48023,falcon,duplicate_normalized_skill
48025,family medicine,duplicate_normalized_skill
48026,family planning,duplicate_normalized_skill
48027,fanuc,duplicate_normalized_skill
48028,fanuc control,duplicate_normalized_skill
48031,farm equipment,duplicate_normalized_skill
48033,farmer engagement,duplicate_normalized_skill
48035,fas,duplicate_normalized_skill
48036,fashion,duplicate_normalized_skill
48038,fashion consultant,duplicate_normalized_skill
48039,fashion designer,duplicate_normalized_skill
48040,fashion designing,duplicate_normalized_skill
48041,fashion retail,duplicate_normalized_skill
48042,fashion styling,duplicate_normalized_skill
48044,fast,duplicate_normalized_skill
48045,fast formula,duplicate_normalized_skill
48048,fat,duplicate_normalized_skill
48050,fault analysis,duplicate_normalized_skill
48052,fault rectification,duplicate_normalized_skill
48055,fbdi,duplicate_normalized_skill
48056,fc,duplicate_normalized_skill
48058,fccs,duplicate_normalized_skill
48059,fcl,duplicate_normalized_skill
48060,fcpa,duplicate_normalized_skill
48062,fd,duplicate_normalized_skill
48063,fda,duplicate_normalized_skill
48064,fdd,duplicate_normalized_skill
48065,fdi,duplicate_normalized_skill
48066,fdmee,duplicate_normalized_skill
48067,fe analysis,duplicate_normalized_skill
48068,fea,duplicate_normalized_skill
48070,feasibility studies,duplicate_normalized_skill
48071,feature engineering,duplicate_normalized_skill
48074,features,duplicate_normalized_skill
48075,fed,invalid_short_skill
48080,feed,duplicate_normalized_skill
48082,feedback,duplicate_normalized_skill
48084,feeding,duplicate_normalized_skill
48086,feild sales,duplicate_normalized_skill
48087,fema,duplicate_normalized_skill
48088,fema matters,duplicate_normalized_skill
48089,female,duplicate_normalized_skill
48099,fertilizer,duplicate_normalized_skill
48101,ff,invalid_short_skill
48102,fg,duplicate_normalized_skill
48103,fgd,invalid_short_skill
48104,fhir,duplicate_normalized_skill
48105,fi,duplicate_normalized_skill
48106,fi-gl,duplicate_normalized_skill
48108,fiber Planning,duplicate_normalized_skill
48109,fiber optic,duplicate_normalized_skill
48110,fiber optics,duplicate_normalized_skill
48112,fica,duplicate_normalized_skill
48113,fico,duplicate_normalized_skill
48114,field,duplicate_normalized_skill
48115,field Sales,duplicate_normalized_skill
48116,field collections,duplicate_normalized_skill
48117,field engineer,duplicate_normalized_skill
48118,field engineering,duplicate_normalized_skill
48121,field instrumentation,duplicate_normalized_skill
48122,field instruments,duplicate_normalized_skill
48123,field investigation,duplicate_normalized_skill
48124,field job,duplicate_normalized_skill
48125,field management,duplicate_normalized_skill
48126,field marketing,duplicate_normalized_skill
48128,field officer,duplicate_normalized_skill
48129,field operations,duplicate_normalized_skill
48130,field quality,duplicate_normalized_skill
48131,field recruiter,duplicate_normalized_skill
48133,field sales,duplicate_normalized_skill
48134,field sales executive,duplicate_normalized_skill
48135,field service,duplicate_normalized_skill
48140,field supervision,duplicate_normalized_skill
48141,field support,duplicate_normalized_skill
48142,field testing,duplicate_normalized_skill
48143,field work,duplicate_normalized_skill
48145,fieldglass,duplicate_normalized_skill
48146,fifo,duplicate_normalized_skill
48147,fig,invalid_short_skill
48148,figma,duplicate_normalized_skill
48149,file gateway,duplicate_normalized_skill
48153,filenet,duplicate_normalized_skill
48154,filing,duplicate_normalized_skill
48155,filling,duplicate_normalized_skill
48156,film,duplicate_normalized_skill
48157,film making,duplicate_normalized_skill
48161,fin,duplicate_normalized_skill
48163,finacle,duplicate_normalized_skill
48164,finacle scripting,duplicate_normalized_skill
48167,final cut pro,duplicate_normalized_skill
48168,final inspection,duplicate_normalized_skill
48169,final quality,duplicate_normalized_skill
48170,finalization,duplicate_normalized_skill
48171,finance,duplicate_normalized_skill
48172,finance Management,duplicate_normalized_skill
48173,finance accounting,duplicate_normalized_skill
48174,finance accounts,duplicate_normalized_skill
48176,finance and accounts,duplicate_normalized_skill
48179,finance coordination,duplicate_normalized_skill
48181,finance function,duplicate_normalized_skill
48182,finance management,duplicate_normalized_skill
48183,finance manager,duplicate_normalized_skill
48184,finance operation,duplicate_normalized_skill
48185,finance operations,duplicate_normalized_skill
48188,finance process,duplicate_normalized_skill
48190,finance reporting,duplicate_normalized_skill
48191,finance sales,duplicate_normalized_skill
48193,financial,duplicate_normalized_skill
48194,financial Analyst,duplicate_normalized_skill
48195,financial Planning,duplicate_normalized_skill
48196,financial accounting,duplicate_normalized_skill
48197,financial advisor,duplicate_normalized_skill
48198,financial advisory,duplicate_normalized_skill
48199,financial analysis,duplicate_normalized_skill
48201,financial auditing,duplicate_normalized_skill
48205,financial consultancy,duplicate_normalized_skill
48206,financial control,duplicate_normalized_skill
48207,financial controller,duplicate_normalized_skill
48208,financial controls,duplicate_normalized_skill
48212,financial due diligence,duplicate_normalized_skill
48213,financial forecasting,duplicate_normalized_skill
48215,financial institutions,duplicate_normalized_skill
48216,financial instruments,duplicate_normalized_skill
48219,financial management,duplicate_normalized_skill
48220,financial markets,duplicate_normalized_skill
48221,financial modeling,duplicate_normalized_skill
48222,financial modelling,duplicate_normalized_skill
48223,financial operations,duplicate_normalized_skill
48225,financial planning,duplicate_normalized_skill
48226,financial planning and analysis,duplicate_normalized_skill
48228,financial products,duplicate_normalized_skill
48230,financial ratios,duplicate_normalized_skill
48231,financial reconciliation,duplicate_normalized_skill
48233,financial reporting,duplicate_normalized_skill
48235,financial research,duplicate_normalized_skill
48236,financial risk management,duplicate_normalized_skill
48237,financial sales,duplicate_normalized_skill
48239,financial services,duplicate_normalized_skill
48240,financial statement analysis,duplicate_normalized_skill
48241,financial statements,duplicate_normalized_skill
48243,financial systems,duplicate_normalized_skill
48244,financial transactions,duplicate_normalized_skill
48245,financial transformation,duplicate_normalized_skill
48248,financing,duplicate_normalized_skill
48251,fine arts,duplicate_normalized_skill
48252,finished goods,duplicate_normalized_skill
48258,finishing work,duplicate_normalized_skill
48259,finite element analysis,duplicate_normalized_skill
48261,fintech,duplicate_normalized_skill
48265,fiori,duplicate_normalized_skill
48266,fiori application,duplicate_normalized_skill
48267,fiori apps,duplicate_normalized_skill
48268,fiori ui,duplicate_normalized_skill
48270,fire alarm system,duplicate_normalized_skill
48271,fire alarm systems,duplicate_normalized_skill
48272,fire and safety,duplicate_normalized_skill
48273,fire drill,duplicate_normalized_skill
48274,fire fighting,duplicate_normalized_skill
48279,fire prevention,duplicate_normalized_skill
48280,fire safety,duplicate_normalized_skill
48283,fire system,duplicate_normalized_skill
48285,firebase,duplicate_normalized_skill
48288,fireman activities,duplicate_normalized_skill
48289,firewall,duplicate_normalized_skill
48290,firewall configuration,duplicate_normalized_skill
48291,firewall management,duplicate_normalized_skill
48292,firewalls,duplicate_normalized_skill
48293,firmware,duplicate_normalized_skill
48295,firmware development,duplicate_normalized_skill
48297,firmware testing,duplicate_normalized_skill
48299,first aid,duplicate_normalized_skill
48302,first source,duplicate_normalized_skill
48303,firstsource,duplicate_normalized_skill
48305,fit gap analysis,duplicate_normalized_skill
48308,fitness,duplicate_normalized_skill
48310,fitness training,duplicate_normalized_skill
48311,fitter,duplicate_normalized_skill
48312,fitting,duplicate_normalized_skill
48313,fiu,duplicate_normalized_skill
48317,fixed asset accounting,duplicate_normalized_skill
48318,fixed assets,duplicate_normalized_skill
48320,fixed income,duplicate_normalized_skill
48322,fixed income derivatives,duplicate_normalized_skill
48324,fixture design,duplicate_normalized_skill
48326,fixtures,duplicate_normalized_skill
48327,fl,invalid_short_skill
48329,flash animation,duplicate_normalized_skill
48330,flask api,duplicate_normalized_skill
48331,flat sales,duplicate_normalized_skill
48332,flavors,duplicate_normalized_skill
48333,fleet,duplicate_normalized_skill
48334,fleet management,duplicate_normalized_skill
48336,fleet operations,duplicate_normalized_skill
48337,flex,duplicate_normalized_skill
48338,flexcube,duplicate_normalized_skill
48339,flexera,duplicate_normalized_skill
48340,flexray,duplicate_normalized_skill
48341,flight,duplicate_normalized_skill
48342,flight attendant,duplicate_normalized_skill
48343,flight booking,duplicate_normalized_skill
48344,flight planning,duplicate_normalized_skill
48345,flight sales,duplicate_normalized_skill
48347,flipkart,duplicate_normalized_skill
48348,flm,invalid_short_skill
48349,floor management,duplicate_normalized_skill
48350,floor planning,duplicate_normalized_skill
48351,flooring,duplicate_normalized_skill
48352,floorplan,duplicate_normalized_skill
48353,floriculture,duplicate_normalized_skill
48354,flow charts,duplicate_normalized_skill
48355,flow diagrams,duplicate_normalized_skill
48356,flow meter,duplicate_normalized_skill
48358,fls,duplicate_normalized_skill
48359,fluency in English,duplicate_normalized_skill
48361,fluent,duplicate_normalized_skill
48362,fluent english,duplicate_normalized_skill
48364,flutter,duplicate_normalized_skill
48365,flutter development,duplicate_normalized_skill
48366,flux,duplicate_normalized_skill
48377,flyers,duplicate_normalized_skill
48378,fmcd,duplicate_normalized_skill
48379,fmcg,duplicate_normalized_skill
48380,fmcg sales,duplicate_normalized_skill
48381,fme,invalid_short_skill
48382,fmea,duplicate_normalized_skill
48383,fms,duplicate_normalized_skill
48385,fna,invalid_short_skill
48386,focus,duplicate_normalized_skill
48388,follow up,duplicate_normalized_skill
48389,follow ups,duplicate_normalized_skill
48393,food,duplicate_normalized_skill
48395,food and beverage,duplicate_normalized_skill
48399,food costing,duplicate_normalized_skill
48400,food industry,duplicate_normalized_skill
48402,food manufacturing,duplicate_normalized_skill
48403,food microbiology,duplicate_normalized_skill
48404,food preparation,duplicate_normalized_skill
48405,food processing,duplicate_normalized_skill
48407,food production,duplicate_normalized_skill
48408,food products,duplicate_normalized_skill
48409,food quality,duplicate_normalized_skill
48410,food safety,duplicate_normalized_skill
48411,food safety management system,duplicate_normalized_skill
48413,food technology,duplicate_normalized_skill
48414,food testing,duplicate_normalized_skill
48416,football,duplicate_normalized_skill
48417,footwear,duplicate_normalized_skill
48419,forcepoint,duplicate_normalized_skill
48420,forecast,duplicate_normalized_skill
48421,forecasting,duplicate_normalized_skill
48422,forecasts,duplicate_normalized_skill
48423,foreclosure,duplicate_normalized_skill
48425,foreign exchange,duplicate_normalized_skill
48426,foreign language,duplicate_normalized_skill
48428,foreman,duplicate_normalized_skill
48429,foreman activities,duplicate_normalized_skill
48430,forensic,duplicate_normalized_skill
48432,forensic audit,duplicate_normalized_skill
48434,forex,duplicate_normalized_skill
48435,forex operations,duplicate_normalized_skill
48436,forgerock,duplicate_normalized_skill
48438,forging,duplicate_normalized_skill
48443,forklift,duplicate_normalized_skill
48445,form 1040,duplicate_normalized_skill
48448,formal verification,duplicate_normalized_skill
48449,forming,duplicate_normalized_skill
48450,forms,duplicate_normalized_skill
48451,formulation,duplicate_normalized_skill
48452,formulation development,duplicate_normalized_skill
48455,formwork,duplicate_normalized_skill
48456,fortify,duplicate_normalized_skill
48457,fortigate,duplicate_normalized_skill
48458,fortigate firewall,duplicate_normalized_skill
48459,fortinet,duplicate_normalized_skill
48460,foundation,duplicate_normalized_skill
48464,foundry,duplicate_normalized_skill
48469,fpa,duplicate_normalized_skill
48470,fpd,duplicate_normalized_skill
48471,fpga,duplicate_normalized_skill
48473,fpna,duplicate_normalized_skill
48474,fps,duplicate_normalized_skill
48475,fra,invalid_short_skill
48477,fracture mechanics,duplicate_normalized_skill
48480,framework,duplicate_normalized_skill
48481,framework design,duplicate_normalized_skill
48482,framework development,duplicate_normalized_skill
48484,frameworks,duplicate_normalized_skill
48485,framing,duplicate_normalized_skill
48486,franchise,duplicate_normalized_skill
48488,fraud,duplicate_normalized_skill
48489,fraud Prevention,duplicate_normalized_skill
48490,fraud analysis,duplicate_normalized_skill
48491,fraud analyst,duplicate_normalized_skill
48492,fraud analytics,duplicate_normalized_skill
48493,fraud control,duplicate_normalized_skill
48494,fraud detection,duplicate_normalized_skill
48495,fraud investigation,duplicate_normalized_skill
48496,fraud monitoring,duplicate_normalized_skill
48497,fraud prevention,duplicate_normalized_skill
48498,frd,duplicate_normalized_skill
48500,freelancing,duplicate_normalized_skill
48501,freertos,duplicate_normalized_skill
48502,freight,duplicate_normalized_skill
48503,freight forwarding,duplicate_normalized_skill
48504,freight management,duplicate_normalized_skill
48508,french,duplicate_normalized_skill
48509,french language,duplicate_normalized_skill
48510,french teaching,duplicate_normalized_skill
48511,french translation,duplicate_normalized_skill
48515,fresh graduate,education_or_qualification
48516,freshdesk,duplicate_normalized_skill
48517,fresher,duplicate_normalized_skill
48519,fresher can apply with min age 21 completed,sentence_or_description
48521,fresher hiring,duplicate_normalized_skill
48523,freshers,duplicate_normalized_skill
48524,frm,duplicate_normalized_skill
48525,front desk,duplicate_normalized_skill
48527,front desk operations,duplicate_normalized_skill
48528,front end,duplicate_normalized_skill
48529,front end design,duplicate_normalized_skill
48530,front end developer,duplicate_normalized_skill
48531,front end framework,duplicate_normalized_skill
48534,front end technologies,duplicate_normalized_skill
48535,front line sales,duplicate_normalized_skill
48538,front office,duplicate_normalized_skill
48540,front office executive,duplicate_normalized_skill
48541,front office management,duplicate_normalized_skill
48542,front office operations,duplicate_normalized_skill
48545,frontend developer,duplicate_normalized_skill
48546,frontend development,duplicate_normalized_skill
48549,fs,duplicate_normalized_skill
48550,fscm,duplicate_normalized_skill
48551,fsd,duplicate_normalized_skill
48552,fsi,duplicate_normalized_skill
48553,fsm,duplicate_normalized_skill
48554,fsms,duplicate_normalized_skill
48555,fta,duplicate_normalized_skill
48556,ftd,duplicate_normalized_skill
48558,ftir,duplicate_normalized_skill
48559,ftl,duplicate_normalized_skill
48560,ftl sales,duplicate_normalized_skill
48561,fto,duplicate_normalized_skill
48562,ftp,duplicate_normalized_skill
48563,fttx,duplicate_normalized_skill
48564,fuel,duplicate_normalized_skill
48566,full life cycle recruiting,duplicate_normalized_skill
48567,full search,duplicate_normalized_skill
48568,full stack,duplicate_normalized_skill
48569,full stack developer,duplicate_normalized_skill
48570,full stack development,duplicate_normalized_skill
48571,full stack engineer,duplicate_normalized_skill
48576,fullstack,duplicate_normalized_skill
48577,fullstack development,duplicate_normalized_skill
48580,fun,invalid_short_skill
48581,function modules,duplicate_normalized_skill
48582,functional,duplicate_normalized_skill
48583,functional analysis,duplicate_normalized_skill
48585,functional consultancy,duplicate_normalized_skill
48586,functional consultant,duplicate_normalized_skill
48587,functional consulting,duplicate_normalized_skill
48592,functional safety,duplicate_normalized_skill
48593,functional specifications,duplicate_normalized_skill
48594,functional support,duplicate_normalized_skill
48596,functional testing,duplicate_normalized_skill
48597,functional training,duplicate_normalized_skill
48598,functional verification,duplicate_normalized_skill
48601,functions,duplicate_normalized_skill
48602,fund accounting,duplicate_normalized_skill
48603,fund administration,duplicate_normalized_skill
48605,fund management,duplicate_normalized_skill
48606,fund raising,duplicate_normalized_skill
48607,fund transfer,duplicate_normalized_skill
48608,fundamental analysis,duplicate_normalized_skill
48610,fundamentals,duplicate_normalized_skill
48611,funding,duplicate_normalized_skill
48613,fup,duplicate_normalized_skill
48614,furnishing,duplicate_normalized_skill
48615,furniture,duplicate_normalized_skill
48616,furniture design,duplicate_normalized_skill
48618,fusion,duplicate_normalized_skill
48619,fusion SCM,duplicate_normalized_skill
48620,fusion financials,duplicate_normalized_skill
48621,fusion hcm,duplicate_normalized_skill
48623,futures,duplicate_normalized_skill
48624,g,invalid_short_skill
48625,gRPC,duplicate_normalized_skill
48626,gaap,duplicate_normalized_skill
48627,gad,duplicate_normalized_skill
48629,galileo,duplicate_normalized_skill
48632,game design,duplicate_normalized_skill
48633,game development,duplicate_normalized_skill
48636,game testing,duplicate_normalized_skill
48637,games,duplicate_normalized_skill
48638,gaming,duplicate_normalized_skill
48640,gamp,duplicate_normalized_skill
48641,gap analysis,duplicate_normalized_skill
48644,gardening,duplicate_normalized_skill
48646,garment,duplicate_normalized_skill
48647,garment construction,duplicate_normalized_skill
48650,garments,duplicate_normalized_skill
48652,gas,duplicate_normalized_skill
48653,gas analyzer,duplicate_normalized_skill
48656,gas turbine,duplicate_normalized_skill
48657,gastro,duplicate_normalized_skill
48659,gastroenterologist,duplicate_normalized_skill
48660,gastroenterology,duplicate_normalized_skill
48663,gateways,duplicate_normalized_skill
48664,gatling,duplicate_normalized_skill
48665,gatp,duplicate_normalized_skill
48667,gc,duplicate_normalized_skill
48668,gc-ms,duplicate_normalized_skill
48669,gcc,duplicate_normalized_skill
48670,gce,invalid_short_skill
48672,gcp cloud,duplicate_normalized_skill
48675,gd,duplicate_normalized_skill
48676,gdb,duplicate_normalized_skill
48677,gdc,duplicate_normalized_skill
48678,gde,duplicate_normalized_skill
48679,gdpr,duplicate_normalized_skill
48680,gds,duplicate_normalized_skill
48682,gear box,duplicate_normalized_skill
48683,gear hobbing,duplicate_normalized_skill
48685,gearset,duplicate_normalized_skill
48686,gef,invalid_short_skill
48687,gem,duplicate_normalized_skill
48688,gen,duplicate_normalized_skill
48689,gen AI,duplicate_normalized_skill
48690,gen ai,duplicate_normalized_skill
48691,genai,duplicate_normalized_skill
48695,general,duplicate_normalized_skill
48696,general Accounting,duplicate_normalized_skill
48697,general Insurance,duplicate_normalized_skill
48698,general accounting,duplicate_normalized_skill
48699,general administration,duplicate_normalized_skill
48700,general arrangement,duplicate_normalized_skill
48701,general insurance,duplicate_normalized_skill
48702,general insurance sales,duplicate_normalized_skill
48703,general ledger,duplicate_normalized_skill
48704,general ledger accounting,duplicate_normalized_skill
48706,general management,duplicate_normalized_skill
48707,general manager,duplicate_normalized_skill
48708,general medicine,duplicate_normalized_skill
48710,general office management,duplicate_normalized_skill
48712,general physician,duplicate_normalized_skill
48714,general surgeon,duplicate_normalized_skill
48715,general surgery,duplicate_normalized_skill
48716,general trade,duplicate_normalized_skill
48717,general trainer,duplicate_normalized_skill
48718,generalist,duplicate_normalized_skill
48719,generalist HR,duplicate_normalized_skill
48723,generation,duplicate_normalized_skill
48724,generative AI,duplicate_normalized_skill
48726,generative AI models,duplicate_normalized_skill
48727,generative AI tools,duplicate_normalized_skill
48728,generative ai,duplicate_normalized_skill
48731,generators,duplicate_normalized_skill
48734,genesys,duplicate_normalized_skill
48736,genesys framework,duplicate_normalized_skill
48737,geneva,duplicate_normalized_skill
48739,genpact,duplicate_normalized_skill
48743,geo,duplicate_normalized_skill
48746,geoinformatics,duplicate_normalized_skill
48748,geology,duplicate_normalized_skill
48749,geoprocessing,duplicate_normalized_skill
48752,geotechnical,duplicate_normalized_skill
48753,german,duplicate_normalized_skill
48754,german language,duplicate_normalized_skill
48756,gerrit,duplicate_normalized_skill
48757,gherkin,duplicate_normalized_skill
48758,gi,duplicate_normalized_skill
48761,gis,duplicate_normalized_skill
48762,gis software,duplicate_normalized_skill
48765,git version control,duplicate_normalized_skill
48767,gitlab,duplicate_normalized_skill
48768,gitlab ci,duplicate_normalized_skill
48769,gitlab ci / cd,duplicate_normalized_skill
48770,gitops,duplicate_normalized_skill
48771,gl,duplicate_normalized_skill
48772,gl accounting,duplicate_normalized_skill
48773,glass,duplicate_normalized_skill
48777,glide,duplicate_normalized_skill
48778,glide api,duplicate_normalized_skill
48779,glm,invalid_short_skill
48780,global,duplicate_normalized_skill
48783,global compliance,duplicate_normalized_skill
48784,global delivery,duplicate_normalized_skill
48786,global hr,duplicate_normalized_skill
48788,global mobility,duplicate_normalized_skill
48789,global operations,duplicate_normalized_skill
48790,global platform,duplicate_normalized_skill
48792,global procurement,duplicate_normalized_skill
48793,global program management,duplicate_normalized_skill
48797,global sales,duplicate_normalized_skill
48798,global sourcing,duplicate_normalized_skill
48799,global trade,duplicate_normalized_skill
48801,glp,duplicate_normalized_skill
48802,gls,duplicate_normalized_skill
48803,glue,duplicate_normalized_skill
48806,gmat,duplicate_normalized_skill
48807,gmi,invalid_short_skill
48808,gmp,duplicate_normalized_skill
48810,gnm,duplicate_normalized_skill
48811,gnm nurse,duplicate_normalized_skill
48812,go,duplicate_normalized_skill
48813,go getter,duplicate_normalized_skill
48815,go language,duplicate_normalized_skill
48817,go-to-market strategy,duplicate_normalized_skill
48819,golang,duplicate_normalized_skill
48820,golang developer,duplicate_normalized_skill
48821,gold,duplicate_normalized_skill
48824,gold loan,duplicate_normalized_skill
48825,gold loan operations,duplicate_normalized_skill
48826,gold loans,duplicate_normalized_skill
48827,gold valuation,duplicate_normalized_skill
48828,golden gate,duplicate_normalized_skill
48830,good communication,duplicate_normalized_skill
48832,good communication skills,duplicate_normalized_skill
48834,good hand skills. patience. an eye for detail. creative and artistic skills. the ability to change ideas into a three-dimensional design. to keep up to date with changes in jewellery/silver design and fashions. knowledge of design-related software,experience_or_description_phrase
48836,good knowledge of boiler,experience_or_description_phrase
48837,good knowledge of local customer base,experience_or_description_phrase
48838,good laboratory practice,duplicate_normalized_skill
48842,goods and service tax,duplicate_normalized_skill
48844,google,duplicate_normalized_skill
48846,google adk,duplicate_normalized_skill
48847,google ads,duplicate_normalized_skill
48849,google adwords,duplicate_normalized_skill
48850,google analytics,duplicate_normalized_skill
48852,google apps,duplicate_normalized_skill
48853,google apps script,duplicate_normalized_skill
48854,google campaign calls,duplicate_normalized_skill
48855,google cloud services,duplicate_normalized_skill
48856,google maps,duplicate_normalized_skill
48858,google search console,duplicate_normalized_skill
48859,google sheet,duplicate_normalized_skill
48860,google sheets,duplicate_normalized_skill
48862,google suite,duplicate_normalized_skill
48863,google tag manager,duplicate_normalized_skill
48866,google webmaster tools,duplicate_normalized_skill
48867,gosu,duplicate_normalized_skill
48869,governance,duplicate_normalized_skill
48873,government affairs,duplicate_normalized_skill
48876,government business,duplicate_normalized_skill
48883,government relations,duplicate_normalized_skill
48884,government sales,duplicate_normalized_skill
48885,government tender,duplicate_normalized_skill
48888,gpm,duplicate_normalized_skill
48889,gpo,duplicate_normalized_skill
48890,gpp,invalid_short_skill
48891,gps,duplicate_normalized_skill
48892,gps tracking,duplicate_normalized_skill
48893,gpu,duplicate_normalized_skill
48897,grading,duplicate_normalized_skill
48898,gradle,duplicate_normalized_skill
48899,graduate,duplicate_normalized_skill
48900,graduate fresher,duplicate_normalized_skill
48902,graduation,duplicate_normalized_skill
48904,grafana,duplicate_normalized_skill
48907,grammar,duplicate_normalized_skill
48909,grant management,duplicate_normalized_skill
48912,graph,duplicate_normalized_skill
48916,graph databases,duplicate_normalized_skill
48918,graphic design,duplicate_normalized_skill
48920,graphic design software,duplicate_normalized_skill
48921,graphic designer,duplicate_normalized_skill
48922,graphic designing,duplicate_normalized_skill
48923,graphic tools,duplicate_normalized_skill
48924,graphical mapping,duplicate_normalized_skill
48925,graphics,duplicate_normalized_skill
48927,graphq,duplicate_normalized_skill
48928,graphql,duplicate_normalized_skill
48929,graphql apis,duplicate_normalized_skill
48930,gratuity,duplicate_normalized_skill
48931,gratuity act,duplicate_normalized_skill
48933,grc,duplicate_normalized_skill
48934,gre,duplicate_normalized_skill
48936,green buildings,duplicate_normalized_skill
48938,greenplum,duplicate_normalized_skill
48944,grid systems,duplicate_normalized_skill
48945,grievance handling,duplicate_normalized_skill
48946,grinding,duplicate_normalized_skill
48947,grn,duplicate_normalized_skill
48948,groovy,duplicate_normalized_skill
48949,groovy scripting,duplicate_normalized_skill
48950,ground staff activities,duplicate_normalized_skill
48953,group loan,duplicate_normalized_skill
48955,group management,duplicate_normalized_skill
48956,group policies,duplicate_normalized_skill
48957,group policy,duplicate_normalized_skill
48958,growth,duplicate_normalized_skill
48960,growth marketing,duplicate_normalized_skill
48963,growth strategy,duplicate_normalized_skill
48964,grpc,duplicate_normalized_skill
48965,gsm,duplicate_normalized_skill
48966,gss,invalid_short_skill
48967,gst,duplicate_normalized_skill
48968,gst audit,duplicate_normalized_skill
48969,gst compliance,duplicate_normalized_skill
48971,gst knowledge,duplicate_normalized_skill
48972,gst return,duplicate_normalized_skill
48973,gstreamer,duplicate_normalized_skill
48974,gtaw,duplicate_normalized_skill
48975,gtm,duplicate_normalized_skill
48976,gtm strategy,duplicate_normalized_skill
48977,gts,duplicate_normalized_skill
48978,guarding,duplicate_normalized_skill
48979,guest handling,duplicate_normalized_skill
48981,guest management,duplicate_normalized_skill
48983,guest relation executive,duplicate_normalized_skill
48984,guest relations,duplicate_normalized_skill
48985,guest relationship management,duplicate_normalized_skill
48986,guest satisfaction,duplicate_normalized_skill
48987,guest service,duplicate_normalized_skill
48989,gui,duplicate_normalized_skill
48990,gui automation,duplicate_normalized_skill
48991,gui development,duplicate_normalized_skill
48992,gui testing,duplicate_normalized_skill
48993,guidewire,duplicate_normalized_skill
48995,guidewire development,duplicate_normalized_skill
48996,guidewire policy center,duplicate_normalized_skill
48997,gujarati,duplicate_normalized_skill
49001,gun,invalid_short_skill
49002,gurgaon,duplicate_normalized_skill
49003,gvp,invalid_short_skill
49005,gws,invalid_short_skill
49006,gwt,duplicate_normalized_skill
49008,gxp,duplicate_normalized_skill
49009,gym,duplicate_normalized_skill
49011,gym trainer,duplicate_normalized_skill
49014,gynae,duplicate_normalized_skill
49015,gynaecologist,duplicate_normalized_skill
49017,gynecologist,duplicate_normalized_skill
49020,gynecology,duplicate_normalized_skill
49021,gypsum,duplicate_normalized_skill
49023,h,invalid_short_skill
49024,h1,duplicate_normalized_skill
49025,h1b,duplicate_normalized_skill
49027,hac,duplicate_normalized_skill
49028,haccp,duplicate_normalized_skill
49029,hacmp,duplicate_normalized_skill
49032,hadoop development,duplicate_normalized_skill
49035,hae,invalid_short_skill
49036,haematology,duplicate_normalized_skill
49037,hair care,duplicate_normalized_skill
49038,hair coloring,duplicate_normalized_skill
49039,hair cutting,duplicate_normalized_skill
49040,hair transplant,duplicate_normalized_skill
49042,hal,duplicate_normalized_skill
49044,ham,duplicate_normalized_skill
49045,hana,duplicate_normalized_skill
49046,hana abap,duplicate_normalized_skill
49050,hana database,duplicate_normalized_skill
49051,hana db,duplicate_normalized_skill
49052,hana implementation,duplicate_normalized_skill
49053,hana migration,duplicate_normalized_skill
49054,hana modelling,duplicate_normalized_skill
49060,handle routine administration work with Excellent communication n pleasing personality smart female,sentence_or_description
49062,handleing pentry with office outside and inside work,sentence_or_description
49063,handling,duplicate_normalized_skill
49067,handling customer,duplicate_normalized_skill
49068,handling customer queries,duplicate_normalized_skill
49069,handling escalations,duplicate_normalized_skill
49072,handling manpower,duplicate_normalized_skill
49075,handover,duplicate_normalized_skill
49079,hard core sales,duplicate_normalized_skill
49080,hardcore sales,duplicate_normalized_skill
49081,hardening,duplicate_normalized_skill
49083,hardware,duplicate_normalized_skill
49085,hardware asset management,duplicate_normalized_skill
49087,hardware design,duplicate_normalized_skill
49088,hardware engineering,duplicate_normalized_skill
49090,hardware installation,duplicate_normalized_skill
49092,hardware networking,duplicate_normalized_skill
49094,hardware support,duplicate_normalized_skill
49096,hardware testing,duplicate_normalized_skill
49097,hardware troubleshooting,duplicate_normalized_skill
49101,hardware-software integration,duplicate_normalized_skill
49104,harness design,duplicate_normalized_skill
49107,hashicorp vault,duplicate_normalized_skill
49108,hat,duplicate_normalized_skill
49110,hazard analysis,duplicate_normalized_skill
49111,hazard identification,duplicate_normalized_skill
49114,hazardous waste management,duplicate_normalized_skill
49117,hazop,duplicate_normalized_skill
49118,hbase,duplicate_normalized_skill
49119,hcc,duplicate_normalized_skill
49120,hcc coding,duplicate_normalized_skill
49124,hci,duplicate_normalized_skill
49125,hcl,duplicate_normalized_skill
49126,hcm,duplicate_normalized_skill
49127,hcm cloud,duplicate_normalized_skill
49128,hcm core,duplicate_normalized_skill
49130,hcm extracts,duplicate_normalized_skill
49131,hcm modules,duplicate_normalized_skill
49132,hcm testing,duplicate_normalized_skill
49133,hcp,invalid_short_skill
49134,hcpcs,duplicate_normalized_skill
49135,hdd,invalid_short_skill
49137,hdfc Bank,duplicate_normalized_skill
49138,hdfs,duplicate_normalized_skill
49139,hdl,duplicate_normalized_skill
49140,head,duplicate_normalized_skill
49142,head business development,duplicate_normalized_skill
49144,head hunting,duplicate_normalized_skill
49145,head mistress,duplicate_normalized_skill
49148,heading,duplicate_normalized_skill
49149,health,duplicate_normalized_skill
49150,health Care,duplicate_normalized_skill
49152,health and safety compliance,duplicate_normalized_skill
49154,health care services,duplicate_normalized_skill
49155,health claims,duplicate_normalized_skill
49156,health cloud,duplicate_normalized_skill
49157,health club,duplicate_normalized_skill
49159,health education,duplicate_normalized_skill
49161,health insurance,duplicate_normalized_skill
49162,health insurance sales,duplicate_normalized_skill
49163,health management,duplicate_normalized_skill
49165,healthcare,duplicate_normalized_skill
49166,healthcare analytics,duplicate_normalized_skill
49167,healthcare bpo,duplicate_normalized_skill
49169,healthcare consulting,duplicate_normalized_skill
49172,healthcare hiring,duplicate_normalized_skill
49173,healthcare it,duplicate_normalized_skill
49174,healthcare management,duplicate_normalized_skill
49175,healthcare marketing,duplicate_normalized_skill
49176,healthcare operations,duplicate_normalized_skill
49179,healthcare recruitment,duplicate_normalized_skill
49180,healthcare sales,duplicate_normalized_skill
49188,heat exchangers,duplicate_normalized_skill
49190,heat treatment,duplicate_normalized_skill
49192,heat ventilation,duplicate_normalized_skill
49194,heavy,duplicate_normalized_skill
49196,heavy engineering,duplicate_normalized_skill
49197,heavy equipment,duplicate_normalized_skill
49198,hebrew,duplicate_normalized_skill
49200,hedge funds,duplicate_normalized_skill
49201,hedging,duplicate_normalized_skill
49205,helm,duplicate_normalized_skill
49206,helm charts,duplicate_normalized_skill
49208,help desk,duplicate_normalized_skill
49209,help desk operations,duplicate_normalized_skill
49211,helpdesk,duplicate_normalized_skill
49212,helpdesk support,duplicate_normalized_skill
49213,helper,duplicate_normalized_skill
49214,hematology,duplicate_normalized_skill
49216,heor,duplicate_normalized_skill
49217,hepatology,duplicate_normalized_skill
49218,herbal,duplicate_normalized_skill
49221,hexagon,duplicate_normalized_skill
49222,hexaware,duplicate_normalized_skill
49223,hfm,duplicate_normalized_skill
49224,hfr,duplicate_normalized_skill
49225,hhc,duplicate_normalized_skill
49226,hi,duplicate_normalized_skill
49227,hibernate,duplicate_normalized_skill
49228,high availability,duplicate_normalized_skill
49229,high energy level,duplicate_normalized_skill
49230,high level design,duplicate_normalized_skill
49231,high performance computing,duplicate_normalized_skill
49233,high rise building,duplicate_normalized_skill
49236,high speed board design,duplicate_normalized_skill
49237,high voltage,duplicate_normalized_skill
49244,highway design,duplicate_normalized_skill
49246,hil,duplicate_normalized_skill
49247,hil testing,duplicate_normalized_skill
49248,hindi,duplicate_normalized_skill
49250,hindi teacher,duplicate_normalized_skill
49251,hindi typing,duplicate_normalized_skill
49253,hipaa,duplicate_normalized_skill
49254,hira,duplicate_normalized_skill
49257,hiring,duplicate_normalized_skill
49260,histopathology,duplicate_normalized_skill
49261,history,duplicate_normalized_skill
49262,history teacher,duplicate_normalized_skill
49263,hitachi storage,duplicate_normalized_skill
49265,hk,duplicate_normalized_skill
49266,hl,duplicate_normalized_skill
49267,hl7,duplicate_normalized_skill
49268,hlookup,duplicate_normalized_skill
49269,hlr,invalid_short_skill
49270,hmi,duplicate_normalized_skill
49271,hmi design,duplicate_normalized_skill
49272,hmi programming,duplicate_normalized_skill
49274,hms,duplicate_normalized_skill
49275,hni,duplicate_normalized_skill
49276,hni clients,duplicate_normalized_skill
49280,holiday packages,duplicate_normalized_skill
49281,home,duplicate_normalized_skill
49283,home appliances,duplicate_normalized_skill
49284,home automation,duplicate_normalized_skill
49288,home finance,duplicate_normalized_skill
49289,home furnishing,duplicate_normalized_skill
49290,home health coder,duplicate_normalized_skill
49291,home health coding,duplicate_normalized_skill
49292,home interiors,duplicate_normalized_skill
49293,home loan,duplicate_normalized_skill
49295,home loan sales,duplicate_normalized_skill
49296,home loans,duplicate_normalized_skill
49297,home science,duplicate_normalized_skill
49298,home tuition,duplicate_normalized_skill
49301,homogenizer,duplicate_normalized_skill
49303,hootsuite,duplicate_normalized_skill
49306,horticulture,duplicate_normalized_skill
49308,hospital,duplicate_normalized_skill
49310,hospital administration,duplicate_normalized_skill
49311,hospital administrator,duplicate_normalized_skill
49313,hospital billing,duplicate_normalized_skill
49318,hospital management,duplicate_normalized_skill
49320,hospital operations,duplicate_normalized_skill
49321,hospital quality,duplicate_normalized_skill
49322,hospital sales,duplicate_normalized_skill
49323,hospitality,duplicate_normalized_skill
49324,hospitality Design,duplicate_normalized_skill
49326,hospitality management,duplicate_normalized_skill
49329,host,duplicate_normalized_skill
49330,hostel,duplicate_normalized_skill
49331,hostel management,duplicate_normalized_skill
49332,hostess activities,duplicate_normalized_skill
49333,hosting,duplicate_normalized_skill
49334,hot,duplicate_normalized_skill
49336,hotel Management,duplicate_normalized_skill
49338,hotel booking,duplicate_normalized_skill
49339,hotel management,duplicate_normalized_skill
49341,hotel operations,duplicate_normalized_skill
49343,hotel projects,duplicate_normalized_skill
49344,hotel sales,duplicate_normalized_skill
49345,hotels,duplicate_normalized_skill
49346,hotjar,duplicate_normalized_skill
49349,house wiring,duplicate_normalized_skill
49351,housekeeping,duplicate_normalized_skill
49352,housekeeping management,duplicate_normalized_skill
49354,housekeeping supervisor,duplicate_normalized_skill
49355,housing,duplicate_normalized_skill
49356,housing finance,duplicate_normalized_skill
49357,housing loan,duplicate_normalized_skill
49358,housing loans,duplicate_normalized_skill
49359,hp,duplicate_normalized_skill
49360,hp alm,duplicate_normalized_skill
49361,hp data protector,duplicate_normalized_skill
49367,hp storage,duplicate_normalized_skill
49369,hplc,duplicate_normalized_skill
49370,hql,duplicate_normalized_skill
49371,hr,duplicate_normalized_skill
49372,hr administration,duplicate_normalized_skill
49373,hr analytics,duplicate_normalized_skill
49374,hr assistance,duplicate_normalized_skill
49375,hr audit,duplicate_normalized_skill
49376,hr bpo,duplicate_normalized_skill
49377,hr compliance,duplicate_normalized_skill
49378,hr consulting,duplicate_normalized_skill
49379,hr coordination,duplicate_normalized_skill
49380,hr executive,duplicate_normalized_skill
49382,hr functions,duplicate_normalized_skill
49383,hr generalist activities,duplicate_normalized_skill
49384,hr manager,duplicate_normalized_skill
49385,hr metrics,duplicate_normalized_skill
49386,hr operations,duplicate_normalized_skill
49387,hr ops,duplicate_normalized_skill
49389,hr planning,duplicate_normalized_skill
49390,hr policies,duplicate_normalized_skill
49391,hr processes,duplicate_normalized_skill
49392,hr project management,duplicate_normalized_skill
49393,hr recruiter,duplicate_normalized_skill
49394,hr reporting,duplicate_normalized_skill
49395,hr service delivery,duplicate_normalized_skill
49396,hr shared services,duplicate_normalized_skill
49397,hr software,duplicate_normalized_skill
49398,hr solutions,duplicate_normalized_skill
49399,hr strategy,duplicate_normalized_skill
49400,hr support,duplicate_normalized_skill
49401,hr transformation,duplicate_normalized_skill
49402,hrbp,duplicate_normalized_skill
49403,hris,duplicate_normalized_skill
49404,hris systems,duplicate_normalized_skill
49405,hrm,duplicate_normalized_skill
49406,hrms,duplicate_normalized_skill
49408,hro,duplicate_normalized_skill
49410,hrp,invalid_short_skill
49411,hrsd,duplicate_normalized_skill
49412,hs,invalid_short_skill
49413,hse,duplicate_normalized_skill
49414,hse documentation,duplicate_normalized_skill
49415,hse management,duplicate_normalized_skill
49416,hsm,invalid_short_skill
49417,hspice,duplicate_normalized_skill
49418,hsrp,duplicate_normalized_skill
49419,hss,duplicate_normalized_skill
49420,ht breakers,duplicate_normalized_skill
49421,htl,duplicate_normalized_skill
49422,html/css,duplicate_normalized_skill
49423,http,duplicate_normalized_skill
49425,https,duplicate_normalized_skill
49426,hub,duplicate_normalized_skill
49427,hub incharge,duplicate_normalized_skill
49428,hub operations,duplicate_normalized_skill
49429,hubspot,duplicate_normalized_skill
49430,huggingface,duplicate_normalized_skill
49431,human anatomy,duplicate_normalized_skill
49432,human capital,duplicate_normalized_skill
49433,human capital management,duplicate_normalized_skill
49434,human computer interaction,duplicate_normalized_skill
49435,human genetics,duplicate_normalized_skill
49437,human resource,duplicate_normalized_skill
49438,human resource business partner,duplicate_normalized_skill
49439,human resource executive,duplicate_normalized_skill
49440,human resource management,duplicate_normalized_skill
49441,human resource management software,duplicate_normalized_skill
49442,human resource manager,duplicate_normalized_skill
49443,human resources,duplicate_normalized_skill
49445,humanities,duplicate_normalized_skill
49446,hunting,duplicate_normalized_skill
49447,hv,invalid_short_skill
49448,hvac,duplicate_normalized_skill
49449,hvac design,duplicate_normalized_skill
49450,hvac engineering,duplicate_normalized_skill
49453,hvac sales,duplicate_normalized_skill
49455,hybrid,duplicate_normalized_skill
49456,hybrid cloud,duplicate_normalized_skill
49459,hybris,duplicate_normalized_skill
49460,hybris architecture,duplicate_normalized_skill
49462,hybris commerce,duplicate_normalized_skill
49463,hybris development,duplicate_normalized_skill
49466,hydraulic design,duplicate_normalized_skill
49468,hydraulic system,duplicate_normalized_skill
49469,hydraulics,duplicate_normalized_skill
49471,hydrocarbon,duplicate_normalized_skill
49476,hygiene,duplicate_normalized_skill
49477,hygienist activities,duplicate_normalized_skill
49478,hyper-v,duplicate_normalized_skill
49480,hyperion,duplicate_normalized_skill
49482,hyperion essbase,duplicate_normalized_skill
49483,hyperion financial management,duplicate_normalized_skill
49484,hyperion planning,duplicate_normalized_skill
49485,hyperledger,duplicate_normalized_skill
49486,hypermesh,duplicate_normalized_skill
49487,hypervisor,duplicate_normalized_skill
49488,hyperworks,duplicate_normalized_skill
49489,hypothesis testing,duplicate_normalized_skill
49491,hysys,duplicate_normalized_skill
49492,i2c,duplicate_normalized_skill
49493,iDocs,duplicate_normalized_skill
49495,iNTERNATIONAL PROCESS,duplicate_normalized_skill
49496,iOS,duplicate_normalized_skill
49504,iPhone,duplicate_normalized_skill
49505,iPhone Development,duplicate_normalized_skill
49508,iSCSI,duplicate_normalized_skill
49509,iSERIES,duplicate_normalized_skill
49511,iaas,duplicate_normalized_skill
49512,iaas services,duplicate_normalized_skill
49513,iac,duplicate_normalized_skill
49514,iac tools,duplicate_normalized_skill
49515,iad,invalid_short_skill
49516,iam,duplicate_normalized_skill
49518,iar,duplicate_normalized_skill
49519,iata,duplicate_normalized_skill
49520,iatf audit,duplicate_normalized_skill
49521,ibm api connect,duplicate_normalized_skill
49522,ibm app connect enterprise,duplicate_normalized_skill
49523,ibm bpm,duplicate_normalized_skill
49524,ibm cloud,duplicate_normalized_skill
49525,ibm cognos tm1,duplicate_normalized_skill
49527,ibm data power,duplicate_normalized_skill
49528,ibm datastage,duplicate_normalized_skill
49529,ibm db2,duplicate_normalized_skill
49532,ibm integration bus,duplicate_normalized_skill
49533,ibm iseries,duplicate_normalized_skill
49535,ibm maximo asset management,duplicate_normalized_skill
49537,ibm qradar,duplicate_normalized_skill
49539,ibm san,duplicate_normalized_skill
49541,ibm sterling,duplicate_normalized_skill
49542,ibm sterling integrator,duplicate_normalized_skill
49543,ibm storage,duplicate_normalized_skill
49546,ibm utilities,duplicate_normalized_skill
49548,ibms,duplicate_normalized_skill
49549,ibp,duplicate_normalized_skill
49550,ic,duplicate_normalized_skill
49551,icaap,duplicate_normalized_skill
49552,icc,duplicate_normalized_skill
49553,icd,duplicate_normalized_skill
49556,ich,duplicate_normalized_skill
49557,ich-gcp,duplicate_normalized_skill
49558,ich-gcp guidelines,duplicate_normalized_skill
49559,icici,duplicate_normalized_skill
49561,icinga,duplicate_normalized_skill
49562,icm,duplicate_normalized_skill
49565,icon,duplicate_normalized_skill
49566,icp,duplicate_normalized_skill
49567,icp-ms,duplicate_normalized_skill
49568,icse,duplicate_normalized_skill
49569,ict,duplicate_normalized_skill
49574,icwa,duplicate_normalized_skill
49575,ida,invalid_short_skill
49576,ide,invalid_short_skill
49577,ideation,duplicate_normalized_skill
49581,identity access management,duplicate_normalized_skill
49583,identity management,duplicate_normalized_skill
49585,identityiq,duplicate_normalized_skill
49587,idm,duplicate_normalized_skill
49588,idmc,duplicate_normalized_skill
49589,idms,duplicate_normalized_skill
49590,idoc,duplicate_normalized_skill
49591,idocs,duplicate_normalized_skill
49592,idp,duplicate_normalized_skill
49593,idq,duplicate_normalized_skill
49594,ids,duplicate_normalized_skill
49595,iec,duplicate_normalized_skill
49596,iec 62443,duplicate_normalized_skill
49597,ieee,duplicate_normalized_skill
49598,ielts,duplicate_normalized_skill
49599,ifa,duplicate_normalized_skill
49600,ifc,duplicate_normalized_skill
49601,ifrs,duplicate_normalized_skill
49602,ifrs reporting,duplicate_normalized_skill
49603,ifs,duplicate_normalized_skill
49604,igaap,duplicate_normalized_skill
49605,igbt,duplicate_normalized_skill
49606,igcse,duplicate_normalized_skill
49608,ihm,duplicate_normalized_skill
49609,ihs,invalid_short_skill
49610,iics,duplicate_normalized_skill
49611,iiot,duplicate_normalized_skill
49612,iiq,duplicate_normalized_skill
49613,iis,duplicate_normalized_skill
49617,ile,duplicate_normalized_skill
49618,illustration,duplicate_normalized_skill
49619,illustrator,duplicate_normalized_skill
49620,ilm,duplicate_normalized_skill
49621,ilt,duplicate_normalized_skill
49622,im,duplicate_normalized_skill
49625,image editing,duplicate_normalized_skill
49626,image management,duplicate_normalized_skill
49628,image processing,duplicate_normalized_skill
49630,imaging,duplicate_normalized_skill
49631,imap,duplicate_normalized_skill
49633,imds,duplicate_normalized_skill
49634,immediate joiners,duplicate_normalized_skill
49635,immediate joining,duplicate_normalized_skill
49636,immigration,duplicate_normalized_skill
49638,immunology,duplicate_normalized_skill
49641,impact analysis,duplicate_normalized_skill
49643,impala,duplicate_normalized_skill
49646,imperva,duplicate_normalized_skill
49647,impex,duplicate_normalized_skill
49649,implants,duplicate_normalized_skill
49654,implementation,duplicate_normalized_skill
49655,implementation and maintenance,duplicate_normalized_skill
49662,import,duplicate_normalized_skill
49664,import documentation,duplicate_normalized_skill
49665,import export,duplicate_normalized_skill
49666,import management,duplicate_normalized_skill
49671,ims,duplicate_normalized_skill
49672,ims db,duplicate_normalized_skill
49677,in-process quality control,duplicate_normalized_skill
49680,inbound,duplicate_normalized_skill
49681,inbound Sales,duplicate_normalized_skill
49682,inbound Voice Process,duplicate_normalized_skill
49686,inbound calling,duplicate_normalized_skill
49687,inbound calls,duplicate_normalized_skill
49689,inbound logistics,duplicate_normalized_skill
49690,inbound marketing,duplicate_normalized_skill
49691,inbound process,duplicate_normalized_skill
49692,inbound sales,duplicate_normalized_skill
49694,inbound voice,duplicate_normalized_skill
49696,incentives,duplicate_normalized_skill
49697,incharge,duplicate_normalized_skill
49698,incident,duplicate_normalized_skill
49699,incident analysis,duplicate_normalized_skill
49700,incident handling,duplicate_normalized_skill
49701,incident investigation,duplicate_normalized_skill
49702,incident management,duplicate_normalized_skill
49703,incident reporting,duplicate_normalized_skill
49704,incident response,duplicate_normalized_skill
49708,including AutoCAD and other CAD tools. Understanding of the refrigeration cycle. Strong problem-solving,sentence_or_description
49718,inco terms,duplicate_normalized_skill
49721,income tax,duplicate_normalized_skill
49722,income tax assessment,duplicate_normalized_skill
49723,income tax audit,duplicate_normalized_skill
49725,income tax return,duplicate_normalized_skill
49726,income tax returns,duplicate_normalized_skill
49728,incoming,duplicate_normalized_skill
49729,incoming inspection,duplicate_normalized_skill
49730,incoming quality,duplicate_normalized_skill
49731,increase brand awareness within the industry and increase presence and engagement,sentence_or_description
49733,ind,duplicate_normalized_skill
49734,indenting,duplicate_normalized_skill
49737,indesign,duplicate_normalized_skill
49738,indexing,duplicate_normalized_skill
49739,indiamart,duplicate_normalized_skill
49740,indian accounting,duplicate_normalized_skill
49742,indian cuisine,duplicate_normalized_skill
49743,indian gaap,duplicate_normalized_skill
49745,indirect,duplicate_normalized_skill
49747,indirect materials,duplicate_normalized_skill
49748,indirect purchase,duplicate_normalized_skill
49749,indirect sales,duplicate_normalized_skill
49750,indirect sourcing,duplicate_normalized_skill
49751,indirect tax compliance,duplicate_normalized_skill
49753,indirect taxation,duplicate_normalized_skill
49755,individual contributor,duplicate_normalized_skill
49757,induction,duplicate_normalized_skill
49759,induction motors,duplicate_normalized_skill
49760,induction training,duplicate_normalized_skill
49762,industrial,duplicate_normalized_skill
49764,industrial automation,duplicate_normalized_skill
49769,industrial engineering,duplicate_normalized_skill
49772,industrial equipment,duplicate_normalized_skill
49774,industrial iot,duplicate_normalized_skill
49775,industrial law,duplicate_normalized_skill
49776,industrial marketing,duplicate_normalized_skill
49778,industrial project,duplicate_normalized_skill
49779,industrial projects,duplicate_normalized_skill
49780,industrial relations,duplicate_normalized_skill
49781,industrial safety,duplicate_normalized_skill
49783,industrial sales,duplicate_normalized_skill
49784,industrial training,duplicate_normalized_skill
49785,industry analysis,duplicate_normalized_skill
49789,industry research,duplicate_normalized_skill
49790,industry sales,duplicate_normalized_skill
49792,infection control,duplicate_normalized_skill
49795,infertility,duplicate_normalized_skill
49799,influencer marketing,duplicate_normalized_skill
49804,infobasic,duplicate_normalized_skill
49805,infoblox,duplicate_normalized_skill
49806,infographics,duplicate_normalized_skill
49807,infor,duplicate_normalized_skill
49808,infor ion,duplicate_normalized_skill
49810,informatica,duplicate_normalized_skill
49811,informatica admin,duplicate_normalized_skill
49812,informatica administration,duplicate_normalized_skill
49814,informatica data quality,duplicate_normalized_skill
49815,informatica development,duplicate_normalized_skill
49816,informatica mdm,duplicate_normalized_skill
49819,informatica powercenter,duplicate_normalized_skill
49821,information Technology,duplicate_normalized_skill
49823,information architecture,duplicate_normalized_skill
49827,information management,duplicate_normalized_skill
49828,information retrieval,duplicate_normalized_skill
49830,information security,duplicate_normalized_skill
49831,information security consulting,duplicate_normalized_skill
49832,information security management,duplicate_normalized_skill
49836,information system,duplicate_normalized_skill
49837,information systems,duplicate_normalized_skill
49838,information technology,duplicate_normalized_skill
49841,infosec,duplicate_normalized_skill
49842,infotainment,duplicate_normalized_skill
49845,infrastructure,duplicate_normalized_skill
49846,infrastructure advisory,duplicate_normalized_skill
49847,infrastructure architecture,duplicate_normalized_skill
49849,infrastructure as Code,duplicate_normalized_skill
49851,infrastructure automation,duplicate_normalized_skill
49852,infrastructure design,duplicate_normalized_skill
49853,infrastructure development,duplicate_normalized_skill
49854,infrastructure management,duplicate_normalized_skill
49858,infrastructure projects,duplicate_normalized_skill
49859,infrastructure security,duplicate_normalized_skill
49860,infrastructure services,duplicate_normalized_skill
49861,infrastructure support,duplicate_normalized_skill
49862,infringement analysis,duplicate_normalized_skill
49864,ingenium,duplicate_normalized_skill
49867,initio,duplicate_normalized_skill
49869,injectables,duplicate_normalized_skill
49870,injection machine,duplicate_normalized_skill
49871,injection moulding,duplicate_normalized_skill
49872,injection moulding machine,duplicate_normalized_skill
49875,innovation,duplicate_normalized_skill
49876,innovation management,duplicate_normalized_skill
49878,innovus,duplicate_normalized_skill
49879,inorganic chemistry,duplicate_normalized_skill
49880,inpatient DRG,duplicate_normalized_skill
49881,inprocess quality,duplicate_normalized_skill
49883,ins,invalid_short_skill
49885,inside Sales,duplicate_normalized_skill
49887,inside sales,duplicate_normalized_skill
49888,inside sales associate,duplicate_normalized_skill
49889,inside sales executive,duplicate_normalized_skill
49892,insight generation,duplicate_normalized_skill
49893,insights,duplicate_normalized_skill
49896,inspection,duplicate_normalized_skill
49897,inspection engineering,duplicate_normalized_skill
49899,inspection planning,duplicate_normalized_skill
49901,inspector,duplicate_normalized_skill
49903,instagram,duplicate_normalized_skill
49904,install,duplicate_normalized_skill
49906,installation,duplicate_normalized_skill
49907,installation and configuration,duplicate_normalized_skill
49908,installation engineer,duplicate_normalized_skill
49911,installshield,duplicate_normalized_skill
49912,institutional business,duplicate_normalized_skill
49915,institutional sales,duplicate_normalized_skill
49917,instructional design,duplicate_normalized_skill
49920,instructor,duplicate_normalized_skill
49922,instrument,duplicate_normalized_skill
49923,instrument calibration,duplicate_normalized_skill
49924,instrument cluster,duplicate_normalized_skill
49925,instrument panel,duplicate_normalized_skill
49926,instrument sales,duplicate_normalized_skill
49927,instrumentation,duplicate_normalized_skill
49928,instrumentation design,duplicate_normalized_skill
49929,instrumentation engineering,duplicate_normalized_skill
49932,instruments,duplicate_normalized_skill
49937,insurance,duplicate_normalized_skill
49939,insurance Training,duplicate_normalized_skill
49941,insurance broking,duplicate_normalized_skill
49942,insurance claims,duplicate_normalized_skill
49943,insurance consulting,duplicate_normalized_skill
49945,insurance management,duplicate_normalized_skill
49946,insurance operations,duplicate_normalized_skill
49947,insurance processing,duplicate_normalized_skill
49948,insurance sales,duplicate_normalized_skill
49949,insurance trainer,duplicate_normalized_skill
49950,insurance training,duplicate_normalized_skill
49952,insurance underwriting,duplicate_normalized_skill
49954,insurance verification,duplicate_normalized_skill
49957,int,duplicate_normalized_skill
49958,integrated business planning,duplicate_normalized_skill
49959,integrated facility management,duplicate_normalized_skill
49960,integrated marketing,duplicate_normalized_skill
49961,integrated planning,duplicate_normalized_skill
49963,integration,duplicate_normalized_skill
49964,integration architecture,duplicate_normalized_skill
49965,integration design patterns,duplicate_normalized_skill
49968,integration management,duplicate_normalized_skill
49971,integration patterns,duplicate_normalized_skill
49972,integration server,duplicate_normalized_skill
49973,integration skills,duplicate_normalized_skill
49975,integration suite,duplicate_normalized_skill
49976,integration testing,duplicate_normalized_skill
49980,integrations,duplicate_normalized_skill
49981,integrator,duplicate_normalized_skill
49983,intellectual property,duplicate_normalized_skill
49984,intellectual property rights,duplicate_normalized_skill
49985,intelligence,duplicate_normalized_skill
49987,intellij idea,duplicate_normalized_skill
49988,intellimatch,duplicate_normalized_skill
49989,intensive care,duplicate_normalized_skill
49990,intensivist,duplicate_normalized_skill
49991,inter,duplicate_normalized_skill
49993,interaction design,duplicate_normalized_skill
49997,intercompany,duplicate_normalized_skill
49998,intercompany accounting,duplicate_normalized_skill
50000,intercompany reconciliation,duplicate_normalized_skill
50002,intercompany transactions,duplicate_normalized_skill
50007,interface design,duplicate_normalized_skill
50008,interfaces,duplicate_normalized_skill
50011,interior architecture,duplicate_normalized_skill
50012,interior design,duplicate_normalized_skill
50013,interior designer,duplicate_normalized_skill
50014,interior designing,duplicate_normalized_skill
50016,interior fit out,duplicate_normalized_skill
50021,interiors,duplicate_normalized_skill
50022,intern,duplicate_normalized_skill
50025,internal audit,duplicate_normalized_skill
50026,internal auditing,duplicate_normalized_skill
50027,internal auditor,duplicate_normalized_skill
50028,internal audits,duplicate_normalized_skill
50029,internal communication,duplicate_normalized_skill
50030,internal control,duplicate_normalized_skill
50031,internal control review,duplicate_normalized_skill
50032,internal controls,duplicate_normalized_skill
50033,internal coordination,duplicate_normalized_skill
50034,internal financial control,duplicate_normalized_skill
50035,internal medicine,duplicate_normalized_skill
50037,internal orders,duplicate_normalized_skill
50039,internal process audit,duplicate_normalized_skill
50043,international,duplicate_normalized_skill
50044,international BPO,duplicate_normalized_skill
50046,international Voice process,duplicate_normalized_skill
50047,international banking,duplicate_normalized_skill
50049,international bpo,duplicate_normalized_skill
50050,international business,duplicate_normalized_skill
50051,international business development,duplicate_normalized_skill
50052,international call center,duplicate_normalized_skill
50053,international calling,duplicate_normalized_skill
50056,international chat process,duplicate_normalized_skill
50057,international chat support,duplicate_normalized_skill
50058,international client handling,duplicate_normalized_skill
50059,international clients,duplicate_normalized_skill
50062,international education,duplicate_normalized_skill
50064,international flight sales,duplicate_normalized_skill
50065,international hr,duplicate_normalized_skill
50067,international inbound sales,duplicate_normalized_skill
50069,international logistics,duplicate_normalized_skill
50070,international marketing,duplicate_normalized_skill
50071,international non voice,duplicate_normalized_skill
50072,international non voice process,duplicate_normalized_skill
50073,international operations,duplicate_normalized_skill
50075,international process,duplicate_normalized_skill
50076,international projects,duplicate_normalized_skill
50077,international recruitment,duplicate_normalized_skill
50078,international sales,duplicate_normalized_skill
50079,international sales executive,duplicate_normalized_skill
50084,international taxation,duplicate_normalized_skill
50087,international ticketing,duplicate_normalized_skill
50088,international trade,duplicate_normalized_skill
50090,international travel,duplicate_normalized_skill
50091,international travel sales,duplicate_normalized_skill
50094,international voice,duplicate_normalized_skill
50095,international voice process,duplicate_normalized_skill
50100,internet,duplicate_normalized_skill
50101,internet applications,duplicate_normalized_skill
50103,internet browsing,duplicate_normalized_skill
50105,internet marketing,duplicate_normalized_skill
50106,internet research,duplicate_normalized_skill
50108,internship,duplicate_normalized_skill
50110,interpersonal,duplicate_normalized_skill
50111,interpersonal skill,duplicate_normalized_skill
50112,interpersonal skills,duplicate_normalized_skill
50117,interview coordination,duplicate_normalized_skill
50118,interview scheduling,duplicate_normalized_skill
50120,interviewing,duplicate_normalized_skill
50126,intraday,duplicate_normalized_skill
50127,intranet,duplicate_normalized_skill
50128,intruder alarm,duplicate_normalized_skill
50129,intrusion detection,duplicate_normalized_skill
50130,intune,duplicate_normalized_skill
50131,inv,invalid_short_skill
50132,inventor,duplicate_normalized_skill
50133,inventory,duplicate_normalized_skill
50135,inventory accounting,duplicate_normalized_skill
50136,inventory analysis,duplicate_normalized_skill
50137,inventory and order management,duplicate_normalized_skill
50138,inventory audit,duplicate_normalized_skill
50140,inventory control,duplicate_normalized_skill
50144,inventory management,duplicate_normalized_skill
50145,inventory optimization,duplicate_normalized_skill
50146,inventory planning,duplicate_normalized_skill
50147,inventory reconciliation,duplicate_normalized_skill
50148,inventory records,duplicate_normalized_skill
50150,inventory valuation,duplicate_normalized_skill
50152,investment,duplicate_normalized_skill
50153,investment accounting,duplicate_normalized_skill
50154,investment banking,duplicate_normalized_skill
50155,investment banking operations,duplicate_normalized_skill
50158,investment management,duplicate_normalized_skill
50160,investment operations,duplicate_normalized_skill
50161,investment performance,duplicate_normalized_skill
50164,investment portfolio,duplicate_normalized_skill
50166,investment products,duplicate_normalized_skill
50167,investment research,duplicate_normalized_skill
50171,investor reporting,duplicate_normalized_skill
50173,invision,duplicate_normalized_skill
50174,invoice,duplicate_normalized_skill
50177,invoice management,duplicate_normalized_skill
50178,invoice processing,duplicate_normalized_skill
50181,invoice verification,duplicate_normalized_skill
50182,invoicing,duplicate_normalized_skill
50184,iocl,duplicate_normalized_skill
50185,ionic,duplicate_normalized_skill
50186,ionic framework,duplicate_normalized_skill
50187,ios,duplicate_normalized_skill
50190,ios development,duplicate_normalized_skill
50191,ios framework,duplicate_normalized_skill
50192,ios mobile development,duplicate_normalized_skill
50193,ios native,duplicate_normalized_skill
50195,iosh,duplicate_normalized_skill
50196,iot,duplicate_normalized_skill
50197,iot edge,duplicate_normalized_skill
50198,iot hub,duplicate_normalized_skill
50199,ip,duplicate_normalized_skill
50200,ip addressing,duplicate_normalized_skill
50201,ip billing,duplicate_normalized_skill
50202,ip drg,duplicate_normalized_skill
50204,ip networking,duplicate_normalized_skill
50206,ip protocols,duplicate_normalized_skill
50207,ip routing,duplicate_normalized_skill
50209,ip subnetting,duplicate_normalized_skill
50210,ip telephony,duplicate_normalized_skill
50211,ip verification,duplicate_normalized_skill
50212,ipa,invalid_short_skill
50213,ipam,duplicate_normalized_skill
50214,ipc,duplicate_normalized_skill
50216,ipdrg,duplicate_normalized_skill
50217,ipdrg coder,duplicate_normalized_skill
50218,iphone,duplicate_normalized_skill
50219,iphone application development,duplicate_normalized_skill
50221,ipo,duplicate_normalized_skill
50223,ipqa,duplicate_normalized_skill
50224,ipqc,duplicate_normalized_skill
50225,ipr,duplicate_normalized_skill
50227,iprocurement,duplicate_normalized_skill
50228,ipsec,duplicate_normalized_skill
50231,ipv,invalid_short_skill
50232,ipv4,duplicate_normalized_skill
50233,iq,duplicate_normalized_skill
50235,ir,duplicate_normalized_skill
50236,irb,duplicate_normalized_skill
50238,iris,duplicate_normalized_skill
50239,irm,duplicate_normalized_skill
50240,iron,duplicate_normalized_skill
50246,irrigation,duplicate_normalized_skill
50247,irs,invalid_short_skill
50250,is responsible for managing customer relationships,experience_or_description_phrase
50252,isc,duplicate_normalized_skill
50253,iscsi,duplicate_normalized_skill
50255,iseries,duplicate_normalized_skill
50256,isms,duplicate_normalized_skill
50258,iso,duplicate_normalized_skill
50259,iso 14001,duplicate_normalized_skill
50261,iso 27001 lead auditor,duplicate_normalized_skill
50263,isometrics,duplicate_normalized_skill
50264,isp,duplicate_normalized_skill
50265,ispf,duplicate_normalized_skill
50266,isr,duplicate_normalized_skill
50267,iss,duplicate_normalized_skill
50268,issue,duplicate_normalized_skill
50269,issue management,duplicate_normalized_skill
50270,issue resolution,duplicate_normalized_skill
50273,istqb,duplicate_normalized_skill
50274,isu,duplicate_normalized_skill
50276,it,duplicate_normalized_skill
50277,it architecture,duplicate_normalized_skill
50278,it asset,duplicate_normalized_skill
50279,it asset management,duplicate_normalized_skill
50280,it audit,duplicate_normalized_skill
50282,it business analysis,duplicate_normalized_skill
50283,it compliance,duplicate_normalized_skill
50284,it consulting,duplicate_normalized_skill
50286,it delivery,duplicate_normalized_skill
50288,it enabled services,duplicate_normalized_skill
50289,it general controls,duplicate_normalized_skill
50290,it governance,duplicate_normalized_skill
50291,it hardware,duplicate_normalized_skill
50292,it head,duplicate_normalized_skill
50293,it helpdesk,duplicate_normalized_skill
50294,it hiring,duplicate_normalized_skill
50295,it infrastructure,duplicate_normalized_skill
50297,it infrastructure management,duplicate_normalized_skill
50298,it infrastructure operations,duplicate_normalized_skill
50299,it infrastructure services,duplicate_normalized_skill
50300,it infrastructure support,duplicate_normalized_skill
50301,it management,duplicate_normalized_skill
50302,it marketing,duplicate_normalized_skill
50303,it operations,duplicate_normalized_skill
50304,it operations management,duplicate_normalized_skill
50305,it outsourcing,duplicate_normalized_skill
50306,it product sales,duplicate_normalized_skill
50307,it program management,duplicate_normalized_skill
50308,it project management,duplicate_normalized_skill
50309,it projects,duplicate_normalized_skill
50310,it purchase,duplicate_normalized_skill
50311,it recruiter,duplicate_normalized_skill
50313,it recruitment,duplicate_normalized_skill
50314,it risk,duplicate_normalized_skill
50315,it risk assessment,duplicate_normalized_skill
50316,it risk management,duplicate_normalized_skill
50317,it sales,duplicate_normalized_skill
50318,it security,duplicate_normalized_skill
50319,it security operations,duplicate_normalized_skill
50320,it service delivery,duplicate_normalized_skill
50321,it service delivery management,duplicate_normalized_skill
50322,it service desk,duplicate_normalized_skill
50323,it services,duplicate_normalized_skill
50324,it services sales,duplicate_normalized_skill
50325,it skills,duplicate_normalized_skill
50326,it solutions,duplicate_normalized_skill
50327,it staffing,duplicate_normalized_skill
50328,it strategy,duplicate_normalized_skill
50329,it support,duplicate_normalized_skill
50330,it systems,duplicate_normalized_skill
50334,it vendor management,duplicate_normalized_skill
50335,italian,duplicate_normalized_skill
50336,itam,duplicate_normalized_skill
50337,itbm,duplicate_normalized_skill
50340,itgc,duplicate_normalized_skill
50341,iti,duplicate_normalized_skill
50342,iti Fitter,duplicate_normalized_skill
50343,iti electrical,duplicate_normalized_skill
50344,iti fitter,duplicate_normalized_skill
50345,iti technician,duplicate_normalized_skill
50346,itil,duplicate_normalized_skill
50347,itil certified,duplicate_normalized_skill
50348,itil framework,duplicate_normalized_skill
50349,itil process,duplicate_normalized_skill
50350,itil processes,duplicate_normalized_skill
50351,itil v3,duplicate_normalized_skill
50352,itinerary,duplicate_normalized_skill
50353,itk,duplicate_normalized_skill
50355,itom,duplicate_normalized_skill
50356,itp,duplicate_normalized_skill
50357,itr,duplicate_normalized_skill
50358,itsm,duplicate_normalized_skill
50359,itsm modules,duplicate_normalized_skill
50360,itu,invalid_short_skill
50361,ivr,duplicate_normalized_skill
50362,ivr testing,duplicate_normalized_skill
50363,j1939,duplicate_normalized_skill
50364,j2ee,duplicate_normalized_skill
50365,j2ee architecture,duplicate_normalized_skill
50366,j2ee development,duplicate_normalized_skill
50368,j2se,duplicate_normalized_skill
50369,jBase,duplicate_normalized_skill
50371,jQuery,duplicate_normalized_skill
50373,jaipur,duplicate_normalized_skill
50374,jamf,duplicate_normalized_skill
50376,japanese,duplicate_normalized_skill
50377,japanese language,duplicate_normalized_skill
50378,japanese translation,duplicate_normalized_skill
50379,jasmine,duplicate_normalized_skill
50380,jasper reports,duplicate_normalized_skill
50382,java 11,duplicate_normalized_skill
50383,java 17,duplicate_normalized_skill
50384,java 21,duplicate_normalized_skill
50385,java 8,duplicate_normalized_skill
50386,java api,duplicate_normalized_skill
50387,java application development,duplicate_normalized_skill
50388,java architecture,duplicate_normalized_skill
50389,java backend,duplicate_normalized_skill
50390,java code,duplicate_normalized_skill
50391,java coding,duplicate_normalized_skill
50392,java collections,duplicate_normalized_skill
50394,java developer,duplicate_normalized_skill
50395,java development,duplicate_normalized_skill
50396,java frameworks,duplicate_normalized_skill
50402,java fullstack,duplicate_normalized_skill
50407,java mapping,duplicate_normalized_skill
50409,java multithreading,duplicate_normalized_skill
50411,java selenium,duplicate_normalized_skill
50412,java server pages,duplicate_normalized_skill
50413,java servlets,duplicate_normalized_skill
50415,java spring boot,duplicate_normalized_skill
50416,java springboot,duplicate_normalized_skill
50418,java support,duplicate_normalized_skill
50420,java technologies,duplicate_normalized_skill
50421,java testing,duplicate_normalized_skill
50422,java trainer,duplicate_normalized_skill
50426,javas,duplicate_normalized_skill
50428,javascript frameworks,duplicate_normalized_skill
50430,javascript object model,duplicate_normalized_skill
50431,javascript/typescript,duplicate_normalized_skill
50432,jaws,duplicate_normalized_skill
50433,jax,duplicate_normalized_skill
50435,jbase,duplicate_normalized_skill
50436,jboss,duplicate_normalized_skill
50439,jbpm,duplicate_normalized_skill
50440,jca,invalid_short_skill
50441,jcl,duplicate_normalized_skill
50442,jd,duplicate_normalized_skill
50443,jd edwards,duplicate_normalized_skill
50444,jd edwards enterpriseone,duplicate_normalized_skill
50445,jda,duplicate_normalized_skill
50446,jda wms,duplicate_normalized_skill
50447,jdbc,duplicate_normalized_skill
50448,jde,duplicate_normalized_skill
50449,jee,duplicate_normalized_skill
50450,jelly,duplicate_normalized_skill
50452,jest,duplicate_normalized_skill
50453,jetpack,duplicate_normalized_skill
50454,jewellery,duplicate_normalized_skill
50455,jewellery Designer,duplicate_normalized_skill
50456,jewellery sales,duplicate_normalized_skill
50457,jfrog,duplicate_normalized_skill
50458,jig,invalid_short_skill
50459,jig fixture,duplicate_normalized_skill
50460,jigs,duplicate_normalized_skill
50461,jira,duplicate_normalized_skill
50462,jira tool,duplicate_normalized_skill
50464,jlpt,duplicate_normalized_skill
50465,jlpt n2,duplicate_normalized_skill
50466,jmeter,duplicate_normalized_skill
50467,jmockit,duplicate_normalized_skill
50468,jmp,invalid_short_skill
50469,jms,duplicate_normalized_skill
50471,jni,duplicate_normalized_skill
50472,job analysis,duplicate_normalized_skill
50473,job description,duplicate_normalized_skill
50474,job diva,duplicate_normalized_skill
50475,job portals,duplicate_normalized_skill
50476,job posting,duplicate_normalized_skill
50477,job safety analysis,duplicate_normalized_skill
50478,job scheduling,duplicate_normalized_skill
50481,joining formalities,duplicate_normalized_skill
50482,joomla,duplicate_normalized_skill
50484,journal,duplicate_normalized_skill
50485,journal entries,duplicate_normalized_skill
50486,journalism,duplicate_normalized_skill
50490,journey builder,duplicate_normalized_skill
50491,jpa,duplicate_normalized_skill
50492,jquery,duplicate_normalized_skill
50493,js libraries,duplicate_normalized_skill
50494,jscript,duplicate_normalized_skill
50495,jsf,duplicate_normalized_skill
50496,json,duplicate_normalized_skill
50498,jsp,duplicate_normalized_skill
50499,jsp servlets,duplicate_normalized_skill
50500,jsx,invalid_short_skill
50501,jtag,duplicate_normalized_skill
50504,juniper,duplicate_normalized_skill
50505,juniper firewall,duplicate_normalized_skill
50507,junit,duplicate_normalized_skill
50508,jvm,duplicate_normalized_skill
50509,jwt,duplicate_normalized_skill
50510,jython,duplicate_normalized_skill
50511,k 12,invalid_short_skill
50513,kafka,duplicate_normalized_skill
50514,kafka streams,duplicate_normalized_skill
50516,kaizen,duplicate_normalized_skill
50521,kam,duplicate_normalized_skill
50522,kamailio,duplicate_normalized_skill
50524,kanban,duplicate_normalized_skill
50526,kannada,duplicate_normalized_skill
50527,kannada speaking,duplicate_normalized_skill
50529,karl fischer titrator,duplicate_normalized_skill
50530,karma,duplicate_normalized_skill
50531,keda,duplicate_normalized_skill
50534,keil,duplicate_normalized_skill
50538,kernel,duplicate_normalized_skill
50539,kernel development,duplicate_normalized_skill
50540,kernel programming,duplicate_normalized_skill
50542,kernel upgrade,duplicate_normalized_skill
50544,key account,duplicate_normalized_skill
50545,key account management,duplicate_normalized_skill
50546,key account manager,duplicate_normalized_skill
50547,key account sales,duplicate_normalized_skill
50548,key accounts,duplicate_normalized_skill
50551,keycloak,duplicate_normalized_skill
50552,keyword analysis,duplicate_normalized_skill
50556,keyword research,duplicate_normalized_skill
50557,kfc,duplicate_normalized_skill
50559,kibana,duplicate_normalized_skill
50560,kid,invalid_short_skill
50561,kinaxis,duplicate_normalized_skill
50565,kinesis,duplicate_normalized_skill
50573,km,duplicate_normalized_skill
50574,kms,duplicate_normalized_skill
50576,knowledge in BOPP film,experience_or_description_phrase
50577,knowledge in implementation of Process safety management systems and standards of Steel plants,experience_or_description_phrase
50578,knowledge management,duplicate_normalized_skill
50579,knowledge of ERP/SCM platforms,experience_or_description_phrase
50580,knowledge of SAC/BPC planning,experience_or_description_phrase
50581,knowledge of account,experience_or_description_phrase
50582,knowledge of compressor,experience_or_description_phrase
50583,knowledge of crm,experience_or_description_phrase
50584,knowledge of digital marketing trends,experience_or_description_phrase
50585,knowledge of financial markets,experience_or_description_phrase
50586,knowledge of labour law,experience_or_description_phrase
50587,knowledge of land records management,experience_or_description_phrase
50588,knowledge of nuclear medicine,experience_or_description_phrase
50589,knowledge of sql,experience_or_description_phrase
50590,knowledge of trading platforms such as ODIN,experience_or_description_phrase
50592,knowledge sharing,duplicate_normalized_skill
50593,kofax,duplicate_normalized_skill
50597,korean,duplicate_normalized_skill
50600,kotlin,duplicate_normalized_skill
50601,kpi,duplicate_normalized_skill
50602,kpi monitoring,duplicate_normalized_skill
50603,kpo,duplicate_normalized_skill
50604,kronos,duplicate_normalized_skill
50605,kronos developer,duplicate_normalized_skill
50607,kubeflow,duplicate_normalized_skill
50609,kubernetes administration,duplicate_normalized_skill
50610,kubernetes deployment,duplicate_normalized_skill
50613,kuka,duplicate_normalized_skill
50614,kvm,duplicate_normalized_skill
50615,kyc,duplicate_normalized_skill
50616,kyc operations,duplicate_normalized_skill
50617,l,duplicate_normalized_skill
50619,l1,duplicate_normalized_skill
50620,l2,duplicate_normalized_skill
50622,l3vpn,duplicate_normalized_skill
50623,l4,duplicate_normalized_skill
50624,lINUX,duplicate_normalized_skill
50625,lab,duplicate_normalized_skill
50626,lab chemicals,duplicate_normalized_skill
50630,lab incharge,duplicate_normalized_skill
50633,lab operations,duplicate_normalized_skill
50634,lab technician,duplicate_normalized_skill
50635,lab testing,duplicate_normalized_skill
50641,labor laws,duplicate_normalized_skill
50642,labor management,duplicate_normalized_skill
50645,laboratory equipment,duplicate_normalized_skill
50646,laboratory management,duplicate_normalized_skill
50647,labour,duplicate_normalized_skill
50650,labour laws,duplicate_normalized_skill
50651,labour management,duplicate_normalized_skill
50652,labour relations,duplicate_normalized_skill
50655,labview,duplicate_normalized_skill
50661,lambada,duplicate_normalized_skill
50662,lambda,duplicate_normalized_skill
50663,lambda expressions,duplicate_normalized_skill
50664,lambda functions,duplicate_normalized_skill
50667,lamination,duplicate_normalized_skill
50668,lamp,duplicate_normalized_skill
50669,lan,duplicate_normalized_skill
50671,land acquisition,duplicate_normalized_skill
50672,land development,duplicate_normalized_skill
50675,landing page,duplicate_normalized_skill
50677,landscape design,duplicate_normalized_skill
50678,landscaping,duplicate_normalized_skill
50680,lang chain,duplicate_normalized_skill
50681,langchain,duplicate_normalized_skill
50682,langgraph,duplicate_normalized_skill
50685,language editing,duplicate_normalized_skill
50686,language skills,duplicate_normalized_skill
50687,language teaching,duplicate_normalized_skill
50688,language training,duplicate_normalized_skill
50689,languages,duplicate_normalized_skill
50690,lap,duplicate_normalized_skill
50691,lap loans,duplicate_normalized_skill
50692,lap sales,duplicate_normalized_skill
50694,laparoscopic surgery,duplicate_normalized_skill
50696,laparoscopy,duplicate_normalized_skill
50698,laravel,duplicate_normalized_skill
50699,large,duplicate_normalized_skill
50700,large account,duplicate_normalized_skill
50705,last mile,duplicate_normalized_skill
50706,last mile delivery,duplicate_normalized_skill
50710,lateral hiring,duplicate_normalized_skill
50711,lathe,duplicate_normalized_skill
50712,lathe machine,duplicate_normalized_skill
50716,laundry,duplicate_normalized_skill
50718,law,duplicate_normalized_skill
50719,law enforcement,duplicate_normalized_skill
50723,lawyer activities,duplicate_normalized_skill
50724,layer 2,duplicate_normalized_skill
50726,layout,duplicate_normalized_skill
50727,layout design,duplicate_normalized_skill
50728,layout engineering,duplicate_normalized_skill
50732,layouts,duplicate_normalized_skill
50733,lc,duplicate_normalized_skill
50734,lca,duplicate_normalized_skill
50735,lcl,duplicate_normalized_skill
50736,lcms,duplicate_normalized_skill
50737,ldap,duplicate_normalized_skill
50739,le,duplicate_normalized_skill
50740,lead,duplicate_normalized_skill
50741,lead Generation,duplicate_normalized_skill
50743,lead Trainer,duplicate_normalized_skill
50744,lead conversion,duplicate_normalized_skill
50748,lead generation,duplicate_normalized_skill
50750,lead generation project execution & final installation delivery to clients,sentence_or_description
50752,lead management,duplicate_normalized_skill
50754,lead operations,duplicate_normalized_skill
50755,lead qualification,duplicate_normalized_skill
50761,leader,generic
50762,leadership,duplicate_normalized_skill
50763,leadership & team development,duplicate_normalized_skill
50766,leadership development,duplicate_normalized_skill
50767,leadership hiring,duplicate_normalized_skill
50768,leadership quality,duplicate_normalized_skill
50769,leadership skills,duplicate_normalized_skill
50772,leads,duplicate_normalized_skill
50774,lean,duplicate_normalized_skill
50776,lean manufacturing,duplicate_normalized_skill
50778,lean methodology,duplicate_normalized_skill
50779,lean six sigma,duplicate_normalized_skill
50780,learning and development,duplicate_normalized_skill
50784,learning management,duplicate_normalized_skill
50785,learning management systems,duplicate_normalized_skill
50787,lease abstraction,duplicate_normalized_skill
50788,lease accounting,duplicate_normalized_skill
50791,lease deed,duplicate_normalized_skill
50793,leasing,duplicate_normalized_skill
50795,leave management,duplicate_normalized_skill
50796,lec,invalid_short_skill
50797,lectora,duplicate_normalized_skill
50798,lecturer,duplicate_normalized_skill
50799,lecturer activities,duplicate_normalized_skill
50800,ledger,duplicate_normalized_skill
50801,ledger accounting,duplicate_normalized_skill
50804,legal,duplicate_normalized_skill
50805,legal advice,duplicate_normalized_skill
50809,legal compliance,duplicate_normalized_skill
50811,legal documentation,duplicate_normalized_skill
50813,legal drafting,duplicate_normalized_skill
50814,legal executive,duplicate_normalized_skill
50816,legal head,duplicate_normalized_skill
50819,legal management,duplicate_normalized_skill
50821,legal notices,duplicate_normalized_skill
50822,legal officer,duplicate_normalized_skill
50823,legal recruitment,duplicate_normalized_skill
50825,legal research,duplicate_normalized_skill
50828,legal services,duplicate_normalized_skill
50830,legal writing,duplicate_normalized_skill
50832,lending,duplicate_normalized_skill
50835,lending operations,duplicate_normalized_skill
50837,lesson planning,duplicate_normalized_skill
50840,letter drafting,duplicate_normalized_skill
50841,level 3 Support,duplicate_normalized_skill
50844,lex,duplicate_normalized_skill
50845,lexis nexis,duplicate_normalized_skill
50846,lgd,duplicate_normalized_skill
50847,li,invalid_short_skill
50848,liabilities,duplicate_normalized_skill
50850,liability products,duplicate_normalized_skill
50851,liaising,duplicate_normalized_skill
50852,liaison,duplicate_normalized_skill
50855,lib,invalid_short_skill
50856,librarian activities,duplicate_normalized_skill
50859,library management,duplicate_normalized_skill
50860,library professional,duplicate_normalized_skill
50861,library science,duplicate_normalized_skill
50864,license management,duplicate_normalized_skill
50867,licensing,duplicate_normalized_skill
50868,life,generic
50870,life cycle,duplicate_normalized_skill
50871,life cycle assessment,duplicate_normalized_skill
50872,life cycle management,duplicate_normalized_skill
50873,life insurance,duplicate_normalized_skill
50878,life sciences,duplicate_normalized_skill
50879,life skills,duplicate_normalized_skill
50881,liferay,duplicate_normalized_skill
50884,lifescience,duplicate_normalized_skill
50887,lifts,duplicate_normalized_skill
50889,lighting,duplicate_normalized_skill
50890,lighting control,duplicate_normalized_skill
50891,lighting design,duplicate_normalized_skill
50892,lighting designer,duplicate_normalized_skill
50894,lighting setup,duplicate_normalized_skill
50895,lighting systems,duplicate_normalized_skill
50896,lightning,duplicate_normalized_skill
50897,lightning components,duplicate_normalized_skill
50900,lims,duplicate_normalized_skill
50901,lin,duplicate_normalized_skill
50902,line,duplicate_normalized_skill
50903,line balancing,duplicate_normalized_skill
50908,linear algebra,duplicate_normalized_skill
50909,linear programming,duplicate_normalized_skill
50910,linear regression,duplicate_normalized_skill
50911,linguistics,duplicate_normalized_skill
50912,link building,duplicate_normalized_skill
50913,linkedin,duplicate_normalized_skill
50914,linkedin marketing,duplicate_normalized_skill
50915,linkedin outreach,duplicate_normalized_skill
50916,linq,duplicate_normalized_skill
50917,lint,duplicate_normalized_skill
50918,linux,duplicate_normalized_skill
50919,linux administration,duplicate_normalized_skill
50921,linux commands,duplicate_normalized_skill
50922,linux development,duplicate_normalized_skill
50923,linux device driver,duplicate_normalized_skill
50924,linux device driver development,duplicate_normalized_skill
50925,linux device drivers,duplicate_normalized_skill
50926,linux driver,duplicate_normalized_skill
50928,linux internals,duplicate_normalized_skill
50929,linux kernel,duplicate_normalized_skill
50930,linux kernel programming,duplicate_normalized_skill
50931,linux platform,duplicate_normalized_skill
50932,linux server,duplicate_normalized_skill
50933,linux server administration,duplicate_normalized_skill
50934,linux shell,duplicate_normalized_skill
50935,linux support,duplicate_normalized_skill
50937,linux system,duplicate_normalized_skill
50938,linux system administration,duplicate_normalized_skill
50939,linux system programming,duplicate_normalized_skill
50941,liquid,duplicate_normalized_skill
50943,liquid chromatography,duplicate_normalized_skill
50944,liquid orals,duplicate_normalized_skill
50945,liquidity,duplicate_normalized_skill
50946,liquidity management,duplicate_normalized_skill
50948,liquidity risk,duplicate_normalized_skill
50949,lis,duplicate_normalized_skill
50952,listening skills,duplicate_normalized_skill
50953,listing,duplicate_normalized_skill
50954,literature,duplicate_normalized_skill
50955,literature review,duplicate_normalized_skill
50956,literature search,duplicate_normalized_skill
50957,literature survey,duplicate_normalized_skill
50958,litigation,duplicate_normalized_skill
50960,litigation management,duplicate_normalized_skill
50961,litigation matters,duplicate_normalized_skill
50964,live underwriting,duplicate_normalized_skill
50969,llama,duplicate_normalized_skill
50970,llb,duplicate_normalized_skill
50971,lld,duplicate_normalized_skill
50972,lld design,duplicate_normalized_skill
50973,llm,duplicate_normalized_skill
50974,lms,duplicate_normalized_skill
50975,lms administration,duplicate_normalized_skill
50977,ln,duplicate_normalized_skill
50978,lng,duplicate_normalized_skill
50979,load balancer,duplicate_normalized_skill
50980,load balancing,duplicate_normalized_skill
50983,load runner,duplicate_normalized_skill
50984,load testing,duplicate_normalized_skill
50987,loader,duplicate_normalized_skill
50989,loan,duplicate_normalized_skill
50992,loan against property,duplicate_normalized_skill
50994,loan against shares,duplicate_normalized_skill
50996,loan documentation,duplicate_normalized_skill
50998,loan management,duplicate_normalized_skill
51000,loan operations,duplicate_normalized_skill
51002,loan origination,duplicate_normalized_skill
51003,loan origination system,duplicate_normalized_skill
51004,loan processing,duplicate_normalized_skill
51005,loan sales,duplicate_normalized_skill
51007,loan servicing,duplicate_normalized_skill
51008,loan setup,duplicate_normalized_skill
51009,loaniq,duplicate_normalized_skill
51010,loans,duplicate_normalized_skill
51012,local,duplicate_normalized_skill
51018,localization,duplicate_normalized_skill
51019,located in Gurugram.The Zoho Expert will be responsible for managing,experience_or_description_phrase
51025,lod,duplicate_normalized_skill
51026,lodr,duplicate_normalized_skill
51027,log analysis,duplicate_normalized_skill
51028,log management,duplicate_normalized_skill
51031,logging,duplicate_normalized_skill
51032,logging framework,duplicate_normalized_skill
51033,logi,duplicate_normalized_skill
51036,logic analyzer,duplicate_normalized_skill
51037,logic design,duplicate_normalized_skill
51039,logical approach,duplicate_normalized_skill
51040,logical reasoning,duplicate_normalized_skill
51044,logistic regression,duplicate_normalized_skill
51045,logistics,duplicate_normalized_skill
51047,logistics coordination,duplicate_normalized_skill
51051,logistics management,duplicate_normalized_skill
51052,logistics operations,duplicate_normalized_skill
51054,logistics planning,duplicate_normalized_skill
51055,logistics support,duplicate_normalized_skill
51057,logitech,duplicate_normalized_skill
51058,logo,duplicate_normalized_skill
51059,logrhythm,duplicate_normalized_skill
51060,logstash,duplicate_normalized_skill
51062,lookup,duplicate_normalized_skill
51063,lopa,duplicate_normalized_skill
51065,loss mitigation,duplicate_normalized_skill
51066,loss prevention,duplicate_normalized_skill
51068,loto,duplicate_normalized_skill
51070,lotus domino,duplicate_normalized_skill
51071,lotus notes,duplicate_normalized_skill
51072,lotus notes domino,duplicate_normalized_skill
51073,lotus script,duplicate_normalized_skill
51075,low level design,duplicate_normalized_skill
51077,low voltage,duplicate_normalized_skill
51078,low voltage switchgear,duplicate_normalized_skill
51079,loyalty,duplicate_normalized_skill
51080,loyalty marketing,duplicate_normalized_skill
51081,loyalty program management,duplicate_normalized_skill
51082,loyalty programs,duplicate_normalized_skill
51083,lpar,duplicate_normalized_skill
51085,lpg,invalid_short_skill
51086,ls-dyna,duplicate_normalized_skill
51087,lsmw,duplicate_normalized_skill
51088,lt panels,duplicate_normalized_skill
51089,lt switchgear,duplicate_normalized_skill
51090,lte,duplicate_normalized_skill
51092,lucene,duplicate_normalized_skill
51096,lumion,duplicate_normalized_skill
51097,lumira,duplicate_normalized_skill
51098,luw,duplicate_normalized_skill
51102,luxury sales,duplicate_normalized_skill
51103,lv,duplicate_normalized_skill
51104,lv switchgear,duplicate_normalized_skill
51105,lvm,duplicate_normalized_skill
51106,lvs,duplicate_normalized_skill
51107,lwc,duplicate_normalized_skill
51108,lwf,duplicate_normalized_skill
51109,lync,duplicate_normalized_skill
51110,lyophilization,duplicate_normalized_skill
51111,m,duplicate_normalized_skill
51112,m&a,duplicate_normalized_skill
51114,m.pharm,duplicate_normalized_skill
51116,m3,duplicate_normalized_skill
51117,m365,duplicate_normalized_skill
51118,mAbs,duplicate_normalized_skill
51119,ma,duplicate_normalized_skill
51122,mac,duplicate_normalized_skill
51124,macOS,duplicate_normalized_skill
51127,machine,duplicate_normalized_skill
51129,machine automation,duplicate_normalized_skill
51130,machine building,duplicate_normalized_skill
51131,machine design,duplicate_normalized_skill
51132,machine drawing,duplicate_normalized_skill
51133,machine handling,duplicate_normalized_skill
51134,machine installation,duplicate_normalized_skill
51137,machine learning algorithms,duplicate_normalized_skill
51141,machine maintenance,duplicate_normalized_skill
51142,machine operating,duplicate_normalized_skill
51143,machine setup,duplicate_normalized_skill
51144,machine shop,duplicate_normalized_skill
51146,machinery,duplicate_normalized_skill
51150,machining,duplicate_normalized_skill
51156,macros,duplicate_normalized_skill
51159,magento,duplicate_normalized_skill
51160,magento 2,duplicate_normalized_skill
51161,magento commerce,duplicate_normalized_skill
51164,magik,duplicate_normalized_skill
51166,mail drafting,duplicate_normalized_skill
51168,mail server,duplicate_normalized_skill
51169,mailchimp,duplicate_normalized_skill
51171,mainframe,duplicate_normalized_skill
51172,mainframe assembler,duplicate_normalized_skill
51173,mainframe developer,duplicate_normalized_skill
51176,mainframe production support,duplicate_normalized_skill
51178,mainframe testing,duplicate_normalized_skill
51179,mainframes,duplicate_normalized_skill
51182,maintain,duplicate_normalized_skill
51185,maintain documentation,duplicate_normalized_skill
51194,maintenance,duplicate_normalized_skill
51195,maintenance Manager,duplicate_normalized_skill
51196,maintenance Supervisor,duplicate_normalized_skill
51197,maintenance activities,duplicate_normalized_skill
51202,maintenance engineering,duplicate_normalized_skill
51203,maintenance executive,duplicate_normalized_skill
51206,maintenance operations,duplicate_normalized_skill
51207,maintenance planning,duplicate_normalized_skill
51209,major incident management,duplicate_normalized_skill
51215,malayalam,duplicate_normalized_skill
51216,male,duplicate_normalized_skill
51219,malware analysis,duplicate_normalized_skill
51221,mam,duplicate_normalized_skill
51223,mammography,duplicate_normalized_skill
51226,manage,generic
51233,managed file transfer,duplicate_normalized_skill
51235,management,duplicate_normalized_skill
51236,management accounting,duplicate_normalized_skill
51237,management audit,duplicate_normalized_skill
51239,management consulting,duplicate_normalized_skill
51240,management information system,duplicate_normalized_skill
51241,management professional,duplicate_normalized_skill
51242,management reporting,duplicate_normalized_skill
51243,management representative,duplicate_normalized_skill
51244,management services,duplicate_normalized_skill
51245,management skills,duplicate_normalized_skill
51246,management systems,duplicate_normalized_skill
51248,manager,duplicate_normalized_skill
51251,manager quality,duplicate_normalized_skill
51261,mandarin,duplicate_normalized_skill
51263,mango db,duplicate_normalized_skill
51265,manpower budgeting,duplicate_normalized_skill
51266,manpower handling,duplicate_normalized_skill
51267,manpower management,duplicate_normalized_skill
51268,manpower planning,duplicate_normalized_skill
51269,manual,duplicate_normalized_skill
51271,manual functional testing,duplicate_normalized_skill
51273,manual tester,duplicate_normalized_skill
51274,manual testing,duplicate_normalized_skill
51275,manual therapy,duplicate_normalized_skill
51276,manufacturing,duplicate_normalized_skill
51277,manufacturing audit,duplicate_normalized_skill
51279,manufacturing drawings,duplicate_normalized_skill
51280,manufacturing engineering,duplicate_normalized_skill
51281,manufacturing execution system,duplicate_normalized_skill
51283,manufacturing industry,duplicate_normalized_skill
51285,manufacturing management,duplicate_normalized_skill
51286,manufacturing module,duplicate_normalized_skill
51287,manufacturing operations,duplicate_normalized_skill
51288,manufacturing plant,duplicate_normalized_skill
51289,manufacturing process,duplicate_normalized_skill
51290,manufacturing processes,duplicate_normalized_skill
51293,manufacturing sales,duplicate_normalized_skill
51298,manufacturing technology,duplicate_normalized_skill
51300,manuscript,duplicate_normalized_skill
51301,map,duplicate_normalized_skill
51302,mapinfo,duplicate_normalized_skill
51303,mapping,duplicate_normalized_skill
51304,mapreduce,duplicate_normalized_skill
51305,marathi,duplicate_normalized_skill
51306,marcom,duplicate_normalized_skill
51308,margin analysis,duplicate_normalized_skill
51309,margins,duplicate_normalized_skill
51310,mariadb,duplicate_normalized_skill
51312,marine claims,duplicate_normalized_skill
51314,marine engineering,duplicate_normalized_skill
51315,marine insurance,duplicate_normalized_skill
51316,maritime,duplicate_normalized_skill
51319,market,duplicate_normalized_skill
51321,market analysis,duplicate_normalized_skill
51323,market assessment,duplicate_normalized_skill
51327,market development,duplicate_normalized_skill
51330,market entry strategy,duplicate_normalized_skill
51331,market expansion,duplicate_normalized_skill
51333,market identification,duplicate_normalized_skill
51335,market intelligence,duplicate_normalized_skill
51337,market knowledge,duplicate_normalized_skill
51339,market mapping,duplicate_normalized_skill
51341,market penetration,duplicate_normalized_skill
51342,market place,duplicate_normalized_skill
51343,market planning,duplicate_normalized_skill
51347,market research,duplicate_normalized_skill
51349,market research and analysis,duplicate_normalized_skill
51350,market risk,duplicate_normalized_skill
51351,market risk management,duplicate_normalized_skill
51353,market study,duplicate_normalized_skill
51354,market survey,duplicate_normalized_skill
51355,market trends,duplicate_normalized_skill
51359,marketing & business development,duplicate_normalized_skill
51360,marketing activities,duplicate_normalized_skill
51361,marketing agency,duplicate_normalized_skill
51362,marketing analysis,duplicate_normalized_skill
51363,marketing analytics,duplicate_normalized_skill
51365,marketing automation,duplicate_normalized_skill
51367,marketing budget,duplicate_normalized_skill
51368,marketing campaigns,duplicate_normalized_skill
51370,marketing cloud,duplicate_normalized_skill
51371,marketing communication,duplicate_normalized_skill
51373,marketing coordinator,duplicate_normalized_skill
51374,marketing executive,duplicate_normalized_skill
51376,marketing fresher,duplicate_normalized_skill
51377,marketing initiatives,duplicate_normalized_skill
51378,marketing management,duplicate_normalized_skill
51379,marketing operations,duplicate_normalized_skill
51380,marketing planning,duplicate_normalized_skill
51382,marketing programs,duplicate_normalized_skill
51383,marketing research,duplicate_normalized_skill
51384,marketing strategies,duplicate_normalized_skill
51385,marketing strategy,duplicate_normalized_skill
51386,marketing support,duplicate_normalized_skill
51391,marketo,duplicate_normalized_skill
51397,markup languages,duplicate_normalized_skill
51399,martech,duplicate_normalized_skill
51401,masking,duplicate_normalized_skill
51404,mass hiring,duplicate_normalized_skill
51405,mass spectrometry,duplicate_normalized_skill
51407,massage,duplicate_normalized_skill
51408,master cam,duplicate_normalized_skill
51409,master data,duplicate_normalized_skill
51410,master data management,duplicate_normalized_skill
51411,master feeder,education_or_qualification
51412,master planning,education_or_qualification
51413,master schedule preparation,education_or_qualification
51414,masters,education_or_qualification
51415,matcha,duplicate_normalized_skill
51417,material design,duplicate_normalized_skill
51418,material handling,duplicate_normalized_skill
51419,material handling equipments,duplicate_normalized_skill
51422,material inspection,duplicate_normalized_skill
51423,material management,duplicate_normalized_skill
51424,material planning,duplicate_normalized_skill
51426,material procurement,duplicate_normalized_skill
51427,material requirement,duplicate_normalized_skill
51429,material science,duplicate_normalized_skill
51430,material selection,duplicate_normalized_skill
51431,material testing,duplicate_normalized_skill
51432,material ui,duplicate_normalized_skill
51434,materials,duplicate_normalized_skill
51436,materials management module,duplicate_normalized_skill
51437,math teacher,duplicate_normalized_skill
51440,mathematical modeling,duplicate_normalized_skill
51442,mathematics,duplicate_normalized_skill
51443,mathematics teacher,duplicate_normalized_skill
51444,maths,duplicate_normalized_skill
51445,maths faculty,duplicate_normalized_skill
51447,maths teacher,duplicate_normalized_skill
51448,matlab,duplicate_normalized_skill
51450,matrix,duplicate_normalized_skill
51451,maven,duplicate_normalized_skill
51453,maximo,duplicate_normalized_skill
51455,maximo integration,duplicate_normalized_skill
51457,maya,duplicate_normalized_skill
51458,mba,duplicate_normalized_skill
51459,mba finance,duplicate_normalized_skill
51460,mba fresher,duplicate_normalized_skill
51461,mba marketing,duplicate_normalized_skill
51462,mbbr,duplicate_normalized_skill
51463,mbbs,duplicate_normalized_skill
51465,mbist,duplicate_normalized_skill
51466,mc,invalid_short_skill
51467,mca,duplicate_normalized_skill
51469,mcafee,duplicate_normalized_skill
51471,mcc,duplicate_normalized_skill
51472,mch neurosurgery,duplicate_normalized_skill
51474,mcitp,duplicate_normalized_skill
51475,mcp,duplicate_normalized_skill
51476,mcsa,duplicate_normalized_skill
51477,mcse,duplicate_normalized_skill
51478,mcu,invalid_short_skill
51479,md,duplicate_normalized_skill
51480,md anatomy,duplicate_normalized_skill
51481,md anesthesia,duplicate_normalized_skill
51483,md general medicine,duplicate_normalized_skill
51484,md gynecology,duplicate_normalized_skill
51485,md internal medicine,duplicate_normalized_skill
51486,md paediatrics,duplicate_normalized_skill
51488,md pathology,duplicate_normalized_skill
51489,md pediatrics,duplicate_normalized_skill
51490,md radiodiagnosis,duplicate_normalized_skill
51491,md radiology,duplicate_normalized_skill
51492,mdf,duplicate_normalized_skill
51493,mdg,duplicate_normalized_skill
51494,mdg abap,duplicate_normalized_skill
51496,mdm,duplicate_normalized_skill
51497,mdm testing,duplicate_normalized_skill
51498,mds,duplicate_normalized_skill
51499,mdt,duplicate_normalized_skill
51500,mdx,duplicate_normalized_skill
51502,mean,duplicate_normalized_skill
51503,mean full stack,duplicate_normalized_skill
51504,mean stack,duplicate_normalized_skill
51505,mean stack development,duplicate_normalized_skill
51507,measurement,duplicate_normalized_skill
51510,mechanical,duplicate_normalized_skill
51512,mechanical assembly,duplicate_normalized_skill
51516,mechanical design,duplicate_normalized_skill
51517,mechanical engg,duplicate_normalized_skill
51518,mechanical engineer,duplicate_normalized_skill
51519,mechanical engineering,duplicate_normalized_skill
51520,mechanical equipment,duplicate_normalized_skill
51521,mechanical maintenance,duplicate_normalized_skill
51522,mechanical project,duplicate_normalized_skill
51523,mechanical seals,duplicate_normalized_skill
51524,mechanical service,duplicate_normalized_skill
51525,mechanical skills,duplicate_normalized_skill
51527,mechanical testing,duplicate_normalized_skill
51528,mechanics,duplicate_normalized_skill
51529,mechanism,duplicate_normalized_skill
51530,mechatronics,duplicate_normalized_skill
51531,med,duplicate_normalized_skill
51533,medallion architecture,duplicate_normalized_skill
51534,meddra,duplicate_normalized_skill
51535,media,duplicate_normalized_skill
51539,media buying,duplicate_normalized_skill
51543,media management,duplicate_normalized_skill
51544,media monitoring,duplicate_normalized_skill
51547,media planning,duplicate_normalized_skill
51548,media preparation,duplicate_normalized_skill
51551,media relations,duplicate_normalized_skill
51553,media strategy,duplicate_normalized_skill
51555,medicaid,duplicate_normalized_skill
51556,medical,duplicate_normalized_skill
51560,medical affairs,duplicate_normalized_skill
51561,medical billing,duplicate_normalized_skill
51563,medical coder,duplicate_normalized_skill
51565,medical coding,duplicate_normalized_skill
51573,medical coding specialist,duplicate_normalized_skill
51575,medical college,duplicate_normalized_skill
51576,medical communications,duplicate_normalized_skill
51577,medical consultation,duplicate_normalized_skill
51578,medical device,duplicate_normalized_skill
51579,medical devices,duplicate_normalized_skill
51580,medical documentation,duplicate_normalized_skill
51583,medical equipment,duplicate_normalized_skill
51584,medical equipment sales,duplicate_normalized_skill
51587,medical insurance,duplicate_normalized_skill
51591,medical laboratory technician,duplicate_normalized_skill
51592,medical microbiology,duplicate_normalized_skill
51593,medical monitoring,duplicate_normalized_skill
51594,medical officer,duplicate_normalized_skill
51595,medical oncologist,duplicate_normalized_skill
51597,medical records,duplicate_normalized_skill
51598,medical rep,duplicate_normalized_skill
51599,medical representative,duplicate_normalized_skill
51600,medical sales,duplicate_normalized_skill
51602,medical services,duplicate_normalized_skill
51605,medical summarization,duplicate_normalized_skill
51606,medical superintendent,duplicate_normalized_skill
51607,medical terminology,duplicate_normalized_skill
51608,medical training,duplicate_normalized_skill
51611,medical typist,duplicate_normalized_skill
51613,medical writing,duplicate_normalized_skill
51616,medicare,duplicate_normalized_skill
51617,medication administration,duplicate_normalized_skill
51620,medicinal chemistry,duplicate_normalized_skill
51621,medicine,duplicate_normalized_skill
51623,mediclaim,duplicate_normalized_skill
51624,medico marketing,duplicate_normalized_skill
51626,medidata rave,duplicate_normalized_skill
51630,meeting doctors,duplicate_normalized_skill
51631,meeting management,duplicate_normalized_skill
51633,meetings,duplicate_normalized_skill
51635,membership,duplicate_normalized_skill
51639,memory management,duplicate_normalized_skill
51641,mendix,duplicate_normalized_skill
51642,mens wear,duplicate_normalized_skill
51643,mental health,duplicate_normalized_skill
51647,mentor,duplicate_normalized_skill
51649,mentoring,duplicate_normalized_skill
51652,menu development,duplicate_normalized_skill
51653,menu planning,duplicate_normalized_skill
51654,mep,duplicate_normalized_skill
51655,mep coordination,duplicate_normalized_skill
51656,mep design,duplicate_normalized_skill
51657,mep engineer,duplicate_normalized_skill
51658,mep maintenance,duplicate_normalized_skill
51659,mep services,duplicate_normalized_skill
51660,meraki,duplicate_normalized_skill
51662,merchandise displays,duplicate_normalized_skill
51663,merchandiser,duplicate_normalized_skill
51664,merchandising,duplicate_normalized_skill
51665,merchandising strategies,duplicate_normalized_skill
51667,merchant acquiring,duplicate_normalized_skill
51669,merchant onboarding,duplicate_normalized_skill
51671,mergers,duplicate_normalized_skill
51672,mergers and acquisitions,duplicate_normalized_skill
51674,mern,duplicate_normalized_skill
51675,mern stack,duplicate_normalized_skill
51676,mes,duplicate_normalized_skill
51678,meshing,duplicate_normalized_skill
51680,message broker,duplicate_normalized_skill
51684,message queue,duplicate_normalized_skill
51685,messaging,duplicate_normalized_skill
51687,messaging queue,duplicate_normalized_skill
51688,messaging systems,duplicate_normalized_skill
51690,meta ads,duplicate_normalized_skill
51694,metadata,duplicate_normalized_skill
51696,metadata management,duplicate_normalized_skill
51697,metal,duplicate_normalized_skill
51700,metal fabrication,duplicate_normalized_skill
51704,metallurgical lab,duplicate_normalized_skill
51705,metallurgy,duplicate_normalized_skill
51706,metals,duplicate_normalized_skill
51708,metasploit,duplicate_normalized_skill
51711,method development,duplicate_normalized_skill
51713,method validation,duplicate_normalized_skill
51715,methods,duplicate_normalized_skill
51718,metro,duplicate_normalized_skill
51720,metro projects,duplicate_normalized_skill
51721,mexican,duplicate_normalized_skill
51722,mf,duplicate_normalized_skill
51723,mfa,duplicate_normalized_skill
51724,mfc,duplicate_normalized_skill
51725,mfd,invalid_short_skill
51726,mfs,invalid_short_skill
51727,mft,duplicate_normalized_skill
51729,mha,invalid_short_skill
51730,mic,invalid_short_skill
51731,mice,duplicate_normalized_skill
51732,micro,duplicate_normalized_skill
51733,micro LAP,duplicate_normalized_skill
51734,micro focus,duplicate_normalized_skill
51735,micro services,duplicate_normalized_skill
51736,microbial limit test,duplicate_normalized_skill
51737,microbiological analysis,duplicate_normalized_skill
51738,microbiologist,duplicate_normalized_skill
51739,microbiology,duplicate_normalized_skill
51740,microcontroller,duplicate_normalized_skill
51743,microfinance,duplicate_normalized_skill
51744,microfocus,duplicate_normalized_skill
51746,microprocessors,duplicate_normalized_skill
51747,microscope,duplicate_normalized_skill
51749,microservice,duplicate_normalized_skill
51751,microservices,duplicate_normalized_skill
51752,microservices architecture,duplicate_normalized_skill
51756,microservices development,duplicate_normalized_skill
51758,microsoft,duplicate_normalized_skill
51760,microsoft 365,duplicate_normalized_skill
51762,microsoft applications,duplicate_normalized_skill
51765,microsoft azure devops,duplicate_normalized_skill
51768,microsoft azure services,duplicate_normalized_skill
51770,microsoft bot framework,duplicate_normalized_skill
51772,microsoft dynamics,duplicate_normalized_skill
51773,microsoft dynamics ax,duplicate_normalized_skill
51774,microsoft dynamics crm technical,duplicate_normalized_skill
51775,microsoft dynamics nav,duplicate_normalized_skill
51776,microsoft dynamics navision,duplicate_normalized_skill
51779,microsoft front end development,duplicate_normalized_skill
51782,microsoft office applications,duplicate_normalized_skill
51783,microsoft office suite,duplicate_normalized_skill
51785,microsoft power automate,duplicate_normalized_skill
51786,microsoft power bi,duplicate_normalized_skill
51787,microsoft powerapps,duplicate_normalized_skill
51791,microsoft server,duplicate_normalized_skill
51792,microsoft stack,duplicate_normalized_skill
51794,microsoft teams,duplicate_normalized_skill
51795,microsoft technologies,duplicate_normalized_skill
51798,microsoft windows,duplicate_normalized_skill
51801,microsoft365,duplicate_normalized_skill
51802,microstation,duplicate_normalized_skill
51803,microstrategy,duplicate_normalized_skill
51805,mid server,duplicate_normalized_skill
51806,middle east,duplicate_normalized_skill
51807,middle east marketing,duplicate_normalized_skill
51808,middle office,duplicate_normalized_skill
51809,middleware,duplicate_normalized_skill
51810,middleware administration,duplicate_normalized_skill
51811,middleware technologies,duplicate_normalized_skill
51812,midwifery,duplicate_normalized_skill
51813,mifid,duplicate_normalized_skill
51814,mig,duplicate_normalized_skill
51815,mig welding,duplicate_normalized_skill
51816,migration,duplicate_normalized_skill
51819,mii,invalid_short_skill
51820,milk,duplicate_normalized_skill
51825,mimo,duplicate_normalized_skill
51826,min 15 to 20 yrs experience in managing Multi-crore projects,experience_or_description_phrase
51827,min 3 yrs experience in plant maintenance and utility related to electrical maintenance,experience_or_description_phrase
51828,min 3yrs Experience in Steel bridge,experience_or_description_phrase
51835,mini master,education_or_qualification
51836,minimal access surgery,duplicate_normalized_skill
51838,minimum 3 years experience,experience_or_description_phrase
51839,mining engineering,duplicate_normalized_skill
51844,minitab,duplicate_normalized_skill
51846,minutes,duplicate_normalized_skill
51847,minutes of meeting,duplicate_normalized_skill
51849,mirroring,duplicate_normalized_skill
51850,mis,duplicate_normalized_skill
51851,mis development,duplicate_normalized_skill
51852,mis executive,duplicate_normalized_skill
51853,mis preparation,duplicate_normalized_skill
51854,mis reporting,duplicate_normalized_skill
51856,misra,duplicate_normalized_skill
51857,mistral,duplicate_normalized_skill
51858,mitigation,duplicate_normalized_skill
51860,mitre,duplicate_normalized_skill
51861,mivan,duplicate_normalized_skill
51862,mixed signal,duplicate_normalized_skill
51864,mixed signal design,duplicate_normalized_skill
51865,mixing,duplicate_normalized_skill
51866,mixologist,duplicate_normalized_skill
51867,mixpanel,duplicate_normalized_skill
51868,ml algorithms,duplicate_normalized_skill
51870,ml engineer,duplicate_normalized_skill
51871,ml ops,duplicate_normalized_skill
51872,ml pipelines,duplicate_normalized_skill
51873,mlap,duplicate_normalized_skill
51874,mlm,duplicate_normalized_skill
51876,mlops,duplicate_normalized_skill
51877,mlt,duplicate_normalized_skill
51878,mm,duplicate_normalized_skill
51879,mm module,duplicate_normalized_skill
51880,mme,invalid_short_skill
51881,mms,duplicate_normalized_skill
51882,mmu,duplicate_normalized_skill
51883,mob,duplicate_normalized_skill
51884,mobile,duplicate_normalized_skill
51885,mobile UI/UX,duplicate_normalized_skill
51889,mobile application development,duplicate_normalized_skill
51890,mobile application testing,duplicate_normalized_skill
51891,mobile applications,duplicate_normalized_skill
51892,mobile architecture,duplicate_normalized_skill
51893,mobile automation,duplicate_normalized_skill
51894,mobile automation testing,duplicate_normalized_skill
51895,mobile banking,duplicate_normalized_skill
51897,mobile development,duplicate_normalized_skill
51898,mobile device management,duplicate_normalized_skill
51901,mobile phones,duplicate_normalized_skill
51905,mobile technology,duplicate_normalized_skill
51906,mobile testing,duplicate_normalized_skill
51907,mobile ui,duplicate_normalized_skill
51909,mobilisation,duplicate_normalized_skill
51910,mobility,duplicate_normalized_skill
51911,mobx,duplicate_normalized_skill
51912,moc,duplicate_normalized_skill
51914,mocha,duplicate_normalized_skill
51915,mock drill,duplicate_normalized_skill
51917,mocking,duplicate_normalized_skill
51918,mocking framework,duplicate_normalized_skill
51919,mockito,duplicate_normalized_skill
51920,mockups,duplicate_normalized_skill
51921,mod,invalid_short_skill
51922,modbus,duplicate_normalized_skill
51925,model based development,duplicate_normalized_skill
51926,model building,duplicate_normalized_skill
51927,model deployment,duplicate_normalized_skill
51928,model development,duplicate_normalized_skill
51929,model driven,duplicate_normalized_skill
51932,model risk,duplicate_normalized_skill
51934,model validation,duplicate_normalized_skill
51937,modeling,duplicate_normalized_skill
51939,modeling tools,duplicate_normalized_skill
51940,modelling,duplicate_normalized_skill
51941,modem,duplicate_normalized_skill
51944,moderation,duplicate_normalized_skill
51947,modern javascript,duplicate_normalized_skill
51950,modern trade,duplicate_normalized_skill
51951,modernization,duplicate_normalized_skill
51953,modular,duplicate_normalized_skill
51955,modular furniture,duplicate_normalized_skill
51959,module development,duplicate_normalized_skill
51961,module pool,duplicate_normalized_skill
51962,module pool programming,duplicate_normalized_skill
51966,molecular biology,duplicate_normalized_skill
51967,molecular cloning,duplicate_normalized_skill
51968,molecular techniques,duplicate_normalized_skill
51969,mom,duplicate_normalized_skill
51971,money laundering,duplicate_normalized_skill
51973,money transfer,duplicate_normalized_skill
51974,mongo,duplicate_normalized_skill
51975,mongodb administration,duplicate_normalized_skill
51976,mongodb database,duplicate_normalized_skill
51981,monitoring,duplicate_normalized_skill
51986,monitoring tools,duplicate_normalized_skill
51987,monolithic,duplicate_normalized_skill
51989,montessori,duplicate_normalized_skill
51991,monthly MIS,duplicate_normalized_skill
51992,monthly reports,duplicate_normalized_skill
51995,mood board,duplicate_normalized_skill
51996,moodle,duplicate_normalized_skill
51997,mop,invalid_short_skill
51999,morphx,duplicate_normalized_skill
52000,mortgage,duplicate_normalized_skill
52002,mortgage loan,duplicate_normalized_skill
52003,mortgage loans,duplicate_normalized_skill
52004,mortgage sales,duplicate_normalized_skill
52005,mortgage underwriting,duplicate_normalized_skill
52009,motion control,duplicate_normalized_skill
52010,motion design,duplicate_normalized_skill
52011,motion designing,duplicate_normalized_skill
52013,motion graphics,duplicate_normalized_skill
52015,motion study,duplicate_normalized_skill
52016,motivator,duplicate_normalized_skill
52017,motor,duplicate_normalized_skill
52019,motor control,duplicate_normalized_skill
52021,motor insurance,duplicate_normalized_skill
52024,motors,duplicate_normalized_skill
52025,mou,duplicate_normalized_skill
52028,moulding,duplicate_normalized_skill
52033,mpi,duplicate_normalized_skill
52034,mpls,duplicate_normalized_skill
52036,mpp,duplicate_normalized_skill
52037,mq,duplicate_normalized_skill
52038,mq series,duplicate_normalized_skill
52039,mql,duplicate_normalized_skill
52040,mqtt,duplicate_normalized_skill
52041,mqx,invalid_short_skill
52042,mr,duplicate_normalized_skill
52043,mrb,invalid_short_skill
52044,mri,duplicate_normalized_skill
52045,mrm,duplicate_normalized_skill
52046,mrn,duplicate_normalized_skill
52047,mrp,duplicate_normalized_skill
52049,mrs,duplicate_normalized_skill
52050,mrt,duplicate_normalized_skill
52051,ms,duplicate_normalized_skill
52052,ms access,duplicate_normalized_skill
52053,ms azure,duplicate_normalized_skill
52055,ms crm dynamics,duplicate_normalized_skill
52056,ms defender,duplicate_normalized_skill
52058,ms dynamics crm,duplicate_normalized_skill
52059,ms exchange,duplicate_normalized_skill
52060,ms fabrics,duplicate_normalized_skill
52061,ms general surgeon,duplicate_normalized_skill
52064,ms gynecology,duplicate_normalized_skill
52065,ms office outlook,duplicate_normalized_skill
52066,ms office products,duplicate_normalized_skill
52067,ms office suite,duplicate_normalized_skill
52068,ms office tools,duplicate_normalized_skill
52069,ms office word,duplicate_normalized_skill
52070,ms outlook,duplicate_normalized_skill
52071,ms project,duplicate_normalized_skill
52072,ms sql,duplicate_normalized_skill
52073,ms sql database,duplicate_normalized_skill
52074,ms sql development,duplicate_normalized_skill
52075,ms sql server,duplicate_normalized_skill
52076,ms sql server administration,duplicate_normalized_skill
52077,ms technologies,duplicate_normalized_skill
52078,ms visio,duplicate_normalized_skill
52079,ms word,duplicate_normalized_skill
52080,ms world,duplicate_normalized_skill
52082,msa,duplicate_normalized_skill
52083,msbi,duplicate_normalized_skill
52085,msc biology,duplicate_normalized_skill
52086,msc chemistry,duplicate_normalized_skill
52090,msd,invalid_short_skill
52092,msdac,duplicate_normalized_skill
52093,msme,duplicate_normalized_skill
52094,msme loan,duplicate_normalized_skill
52095,mso,invalid_short_skill
52096,msp,duplicate_normalized_skill
52097,mss,duplicate_normalized_skill
52098,mssql dba,duplicate_normalized_skill
52100,mst,invalid_short_skill
52101,mstest,duplicate_normalized_skill
52103,msw,duplicate_normalized_skill
52104,mt,duplicate_normalized_skill
52105,mto,duplicate_normalized_skill
52106,mule esb,duplicate_normalized_skill
52107,mulesoft,duplicate_normalized_skill
52108,mulesoft anypoint,duplicate_normalized_skill
52109,mulesoft anypoint platform,duplicate_normalized_skill
52110,mulesoft api,duplicate_normalized_skill
52111,mulesoft integration,duplicate_normalized_skill
52120,multilingual,duplicate_normalized_skill
52121,multimedia,duplicate_normalized_skill
52122,multimedia framework,duplicate_normalized_skill
52127,multitasking,duplicate_normalized_skill
52131,multithreading,duplicate_normalized_skill
52132,multithreading concepts,duplicate_normalized_skill
52134,mumbai,duplicate_normalized_skill
52137,municipal,duplicate_normalized_skill
52140,murex,duplicate_normalized_skill
52141,mus,invalid_short_skill
52143,music,duplicate_normalized_skill
52144,music composition,duplicate_normalized_skill
52145,music teacher,duplicate_normalized_skill
52147,mutual fund,duplicate_normalized_skill
52148,mutual funds,duplicate_normalized_skill
52150,mv switchgear,duplicate_normalized_skill
52151,mvc,duplicate_normalized_skill
52152,mvc architecture,duplicate_normalized_skill
52153,mvc design pattern,duplicate_normalized_skill
52154,mvc framework,duplicate_normalized_skill
52156,mvp,duplicate_normalized_skill
52157,mvs,duplicate_normalized_skill
52158,mvvm,duplicate_normalized_skill
52159,mws,duplicate_normalized_skill
52160,mx,duplicate_normalized_skill
52161,mxml,duplicate_normalized_skill
52162,my sql,duplicate_normalized_skill
52164,myntra,duplicate_normalized_skill
52165,myob,duplicate_normalized_skill
52166,myp,duplicate_normalized_skill
52167,mysql database,duplicate_normalized_skill
52168,mysql database administration,duplicate_normalized_skill
52172,nabh,duplicate_normalized_skill
52173,nabl,duplicate_normalized_skill
52174,nac,duplicate_normalized_skill
52175,nace,duplicate_normalized_skill
52176,nagios,duplicate_normalized_skill
52177,nand,duplicate_normalized_skill
52180,nas,duplicate_normalized_skill
52181,nastran,duplicate_normalized_skill
52182,nat,duplicate_normalized_skill
52184,national sales,duplicate_normalized_skill
52185,national sales head,duplicate_normalized_skill
52186,native,duplicate_normalized_skill
52188,native android development,duplicate_normalized_skill
52189,native app,duplicate_normalized_skill
52191,native azure,duplicate_normalized_skill
52192,native hana development,duplicate_normalized_skill
52196,natural resource management,duplicate_normalized_skill
52198,naturopathy,duplicate_normalized_skill
52199,naukri,duplicate_normalized_skill
52200,nav,duplicate_normalized_skill
52202,navigation,duplicate_normalized_skill
52203,navision,duplicate_normalized_skill
52204,navisworks,duplicate_normalized_skill
52208,nbfc,duplicate_normalized_skill
52209,nc,invalid_short_skill
52210,ncc,duplicate_normalized_skill
52211,ncino,duplicate_normalized_skill
52212,ncm,invalid_short_skill
52213,nctvt,duplicate_normalized_skill
52214,ncvt,duplicate_normalized_skill
52215,nda,duplicate_normalized_skill
52216,ndk,invalid_short_skill
52217,ndt,duplicate_normalized_skill
52218,ne,duplicate_normalized_skill
52219,nebosh,duplicate_normalized_skill
52224,needs assessment,duplicate_normalized_skill
52225,neet,duplicate_normalized_skill
52226,neft,duplicate_normalized_skill
52235,negotiation,duplicate_normalized_skill
52236,negotiation & closing deals,duplicate_normalized_skill
52237,negotiation skills,duplicate_normalized_skill
52238,negotiations,duplicate_normalized_skill
52240,neo4j,duplicate_normalized_skill
52241,neolane,duplicate_normalized_skill
52242,neoload,duplicate_normalized_skill
52244,nessus,duplicate_normalized_skill
52245,nestjs,duplicate_normalized_skill
52246,net,duplicate_normalized_skill
52247,net Core,duplicate_normalized_skill
52248,net Framework,duplicate_normalized_skill
52250,net architecture,duplicate_normalized_skill
52251,net asset value,duplicate_normalized_skill
52252,net azure,duplicate_normalized_skill
52253,net core,duplicate_normalized_skill
52254,net core development,duplicate_normalized_skill
52255,net core framework,duplicate_normalized_skill
52256,net developer,duplicate_normalized_skill
52257,net development,duplicate_normalized_skill
52258,net framework,duplicate_normalized_skill
52259,net framework web services,duplicate_normalized_skill
52260,net full stack,duplicate_normalized_skill
52261,net full stack developer,duplicate_normalized_skill
52262,net fullstack,duplicate_normalized_skill
52263,net mvc,duplicate_normalized_skill
52266,netapp,duplicate_normalized_skill
52268,netapp storage,duplicate_normalized_skill
52269,netapp storage administration,duplicate_normalized_skill
52270,netbackup,duplicate_normalized_skill
52273,netcore,duplicate_normalized_skill
52277,netscaler,duplicate_normalized_skill
52278,netsuite,duplicate_normalized_skill
52279,netsuite erp,duplicate_normalized_skill
52280,netsuite implementations,duplicate_normalized_skill
52282,netweaver,duplicate_normalized_skill
52284,network,duplicate_normalized_skill
52285,network access control,duplicate_normalized_skill
52286,network administration,duplicate_normalized_skill
52288,network architecture,duplicate_normalized_skill
52289,network architectures,duplicate_normalized_skill
52294,network configuration,duplicate_normalized_skill
52297,network design,duplicate_normalized_skill
52298,network devices,duplicate_normalized_skill
52300,network engineer,duplicate_normalized_skill
52301,network engineering,duplicate_normalized_skill
52303,network expansion,duplicate_normalized_skill
52305,network implementation,duplicate_normalized_skill
52306,network infrastructure,duplicate_normalized_skill
52308,network management,duplicate_normalized_skill
52309,network management system,duplicate_normalized_skill
52311,network monitoring,duplicate_normalized_skill
52313,network operations,duplicate_normalized_skill
52314,network optimization,duplicate_normalized_skill
52315,network penetration testing,duplicate_normalized_skill
52316,network performance,duplicate_normalized_skill
52317,network planning,duplicate_normalized_skill
52318,network protocols,duplicate_normalized_skill
52320,network security,duplicate_normalized_skill
52321,network security engineer,duplicate_normalized_skill
52326,network testing,duplicate_normalized_skill
52329,network troubleshooting,duplicate_normalized_skill
52331,networking,duplicate_normalized_skill
52333,networking concepts,duplicate_normalized_skill
52336,networking products,duplicate_normalized_skill
52337,networking protocols,duplicate_normalized_skill
52338,networking skills,duplicate_normalized_skill
52339,neural networks,duplicate_normalized_skill
52342,neurologist,duplicate_normalized_skill
52343,neurosurgeon,duplicate_normalized_skill
52346,new business,duplicate_normalized_skill
52347,new business development,duplicate_normalized_skill
52350,new client acquisition,duplicate_normalized_skill
52356,new product,duplicate_normalized_skill
52357,new product design,duplicate_normalized_skill
52358,new product development,duplicate_normalized_skill
52360,new product launch,duplicate_normalized_skill
52361,new products,duplicate_normalized_skill
52362,new projects,duplicate_normalized_skill
52363,new relic,duplicate_normalized_skill
52365,new vendor development,duplicate_normalized_skill
52367,news,duplicate_normalized_skill
52369,news content management,duplicate_normalized_skill
52370,news content writing,duplicate_normalized_skill
52371,news editing,duplicate_normalized_skill
52372,news reading,duplicate_normalized_skill
52374,news writing,duplicate_normalized_skill
52375,newsletters,duplicate_normalized_skill
52378,nextgen,duplicate_normalized_skill
52379,nexthink,duplicate_normalized_skill
52380,nextjs,duplicate_normalized_skill
52381,nexus,duplicate_normalized_skill
52382,nexus switches,duplicate_normalized_skill
52383,nfs,duplicate_normalized_skill
52384,nfs server,duplicate_normalized_skill
52385,nfv,invalid_short_skill
52386,ngfw,duplicate_normalized_skill
52387,nginx,duplicate_normalized_skill
52388,ngn,invalid_short_skill
52389,ngo,duplicate_normalized_skill
52390,ngo management,duplicate_normalized_skill
52391,ngoss,duplicate_normalized_skill
52392,ngrx,duplicate_normalized_skill
52393,ngs,duplicate_normalized_skill
52396,ni,duplicate_normalized_skill
52398,nice actimize,duplicate_normalized_skill
52399,niche hiring,duplicate_normalized_skill
52400,nicu,duplicate_normalized_skill
52406,night shift,duplicate_normalized_skill
52410,nim,duplicate_normalized_skill
52413,nism,duplicate_normalized_skill
52415,nist,duplicate_normalized_skill
52417,niv,invalid_short_skill
52418,nltk,duplicate_normalized_skill
52419,nmap,duplicate_normalized_skill
52420,nmr,duplicate_normalized_skill
52421,nms,duplicate_normalized_skill
52423,nnm,invalid_short_skill
52425,no sql,duplicate_normalized_skill
52428,noc,duplicate_normalized_skill
52429,noc operations,duplicate_normalized_skill
52430,node js,duplicate_normalized_skill
52434,non destructive testing,duplicate_normalized_skill
52438,non functional testing,duplicate_normalized_skill
52439,non it,duplicate_normalized_skill
52440,non it recruiter,duplicate_normalized_skill
52441,non litigation,duplicate_normalized_skill
52444,non voice,duplicate_normalized_skill
52446,non voice process,duplicate_normalized_skill
52450,non-voice process,duplicate_normalized_skill
52454,nosql,duplicate_normalized_skill
52455,nosql databases,duplicate_normalized_skill
52457,notes,duplicate_normalized_skill
52458,notification,duplicate_normalized_skill
52460,npa,duplicate_normalized_skill
52461,npd,duplicate_normalized_skill
52462,npi,duplicate_normalized_skill
52463,npm,duplicate_normalized_skill
52464,npo,invalid_short_skill
52465,nprinting,duplicate_normalized_skill
52466,nr,duplicate_normalized_skill
52467,nre,invalid_short_skill
52468,nri,duplicate_normalized_skill
52469,nri sales,duplicate_normalized_skill
52470,nse,duplicate_normalized_skill
52471,nsgs,duplicate_normalized_skill
52472,nsx,duplicate_normalized_skill
52473,nuance,duplicate_normalized_skill
52474,nuclear medicine,duplicate_normalized_skill
52477,nunit,duplicate_normalized_skill
52478,nurse,duplicate_normalized_skill
52479,nursing,duplicate_normalized_skill
52482,nursing staff,duplicate_normalized_skill
52483,nursing tutor,duplicate_normalized_skill
52484,nutanix,duplicate_normalized_skill
52485,nutraceuticals,duplicate_normalized_skill
52487,nutrition,duplicate_normalized_skill
52489,nutritionist,duplicate_normalized_skill
52490,nutritionist activities,duplicate_normalized_skill
52491,nvh,duplicate_normalized_skill
52492,nvm,duplicate_normalized_skill
52493,nvme,duplicate_normalized_skill
52494,nwds,duplicate_normalized_skill
52495,nx,duplicate_normalized_skill
52496,nx cad,duplicate_normalized_skill
52498,nxp,invalid_short_skill
52499,nylon,duplicate_normalized_skill
52501,o2c,duplicate_normalized_skill
52502,o9,duplicate_normalized_skill
52503,o9 Platform,duplicate_normalized_skill
52504,oAuth,duplicate_normalized_skill
52506,oaf,duplicate_normalized_skill
52508,oam,duplicate_normalized_skill
52509,oasis,duplicate_normalized_skill
52510,oauth,duplicate_normalized_skill
52512,obg,duplicate_normalized_skill
52513,obi,invalid_short_skill
52515,obiee,duplicate_normalized_skill
52517,object detection,duplicate_normalized_skill
52518,object oriented analysis,duplicate_normalized_skill
52519,object oriented analysis and design,duplicate_normalized_skill
52520,object oriented design,duplicate_normalized_skill
52523,object oriented programming,duplicate_normalized_skill
52525,object-oriented programming,duplicate_normalized_skill
52527,objective c,duplicate_normalized_skill
52529,observability,duplicate_normalized_skill
52532,obstetrics,duplicate_normalized_skill
52534,obstetrics and gynaecology,duplicate_normalized_skill
52535,oc,invalid_short_skill
52536,oca,invalid_short_skill
52537,occupational health,duplicate_normalized_skill
52538,ocean freight,duplicate_normalized_skill
52540,oci,duplicate_normalized_skill
52541,ocp,duplicate_normalized_skill
52542,ocr,duplicate_normalized_skill
52543,ocs,duplicate_normalized_skill
52544,octopus,duplicate_normalized_skill
52545,odata,duplicate_normalized_skill
52546,odata services,duplicate_normalized_skill
52547,odbc,duplicate_normalized_skill
52548,odhav,duplicate_normalized_skill
52549,odi,duplicate_normalized_skill
52552,odia,duplicate_normalized_skill
52553,odin,duplicate_normalized_skill
52554,odm,duplicate_normalized_skill
52555,odoo,duplicate_normalized_skill
52559,ods,duplicate_normalized_skill
52560,odx,invalid_short_skill
52561,oecd,duplicate_normalized_skill
52562,oee,duplicate_normalized_skill
52563,oem,duplicate_normalized_skill
52564,oem sales,duplicate_normalized_skill
52567,off page seo,duplicate_normalized_skill
52569,off-page optimization,duplicate_normalized_skill
52573,office,duplicate_normalized_skill
52574,office 365,duplicate_normalized_skill
52575,office Administration,duplicate_normalized_skill
52576,office administration,duplicate_normalized_skill
52578,office assistance,duplicate_normalized_skill
52579,office assistant,duplicate_normalized_skill
52581,office coordination,duplicate_normalized_skill
52582,office coordinator,duplicate_normalized_skill
52583,office equipment,duplicate_normalized_skill
52588,office management,duplicate_normalized_skill
52590,office operations,duplicate_normalized_skill
52591,office package,duplicate_normalized_skill
52593,office services,duplicate_normalized_skill
52594,office skills,duplicate_normalized_skill
52596,office space Design,duplicate_normalized_skill
52597,office supervision,duplicate_normalized_skill
52598,office supplies,duplicate_normalized_skill
52600,office365,duplicate_normalized_skill
52601,offline storage,duplicate_normalized_skill
52603,offset printing,duplicate_normalized_skill
52604,offshore,duplicate_normalized_skill
52605,offshore platforms,duplicate_normalized_skill
52606,ofsaa,duplicate_normalized_skill
52609,ohc,invalid_short_skill
52610,ohh,invalid_short_skill
52611,ohs,duplicate_normalized_skill
52612,ohsas 18001,duplicate_normalized_skill
52613,oic,duplicate_normalized_skill
52614,oid,invalid_short_skill
52615,oidc,duplicate_normalized_skill
52616,oil,duplicate_normalized_skill
52617,oil and gas,duplicate_normalized_skill
52620,oim,duplicate_normalized_skill
52621,ointment,duplicate_normalized_skill
52622,ojt,duplicate_normalized_skill
52623,okta,duplicate_normalized_skill
52624,olap,duplicate_normalized_skill
52625,oltp,duplicate_normalized_skill
52626,om,duplicate_normalized_skill
52627,omc,invalid_short_skill
52629,ommunication Skills,duplicate_normalized_skill
52630,omni,duplicate_normalized_skill
52632,omnibus,duplicate_normalized_skill
52635,oms,duplicate_normalized_skill
52637,on page optimization,duplicate_normalized_skill
52640,on site installation,duplicate_normalized_skill
52642,on-boarding,duplicate_normalized_skill
52644,on-page optimization,duplicate_normalized_skill
52647,onboarding,duplicate_normalized_skill
52649,onboarding process,duplicate_normalized_skill
52650,onboarding support,duplicate_normalized_skill
52655,oncology,duplicate_normalized_skill
52656,oncology sales,duplicate_normalized_skill
52660,onedrive,duplicate_normalized_skill
52661,onesource,duplicate_normalized_skill
52663,online,duplicate_normalized_skill
52665,online bidding,duplicate_normalized_skill
52668,online business,duplicate_normalized_skill
52672,online lead generation,duplicate_normalized_skill
52673,online marketing,duplicate_normalized_skill
52674,online media,duplicate_normalized_skill
52675,online payment,duplicate_normalized_skill
52676,online product management,duplicate_normalized_skill
52678,online sales,duplicate_normalized_skill
52682,online tutoring,duplicate_normalized_skill
52683,onpage,duplicate_normalized_skill
52684,onpage seo,duplicate_normalized_skill
52685,onpremise,duplicate_normalized_skill
52686,onshore,duplicate_normalized_skill
52689,oo abap,duplicate_normalized_skill
52690,ooa,duplicate_normalized_skill
52691,ooad,duplicate_normalized_skill
52692,ood,duplicate_normalized_skill
52693,oop,duplicate_normalized_skill
52694,oops,duplicate_normalized_skill
52695,oos,duplicate_normalized_skill
52696,oot,duplicate_normalized_skill
52698,opc,duplicate_normalized_skill
52699,opc ua,duplicate_normalized_skill
52700,opd,duplicate_normalized_skill
52703,open api,duplicate_normalized_skill
52705,open market,duplicate_normalized_skill
52707,open source,duplicate_normalized_skill
52710,openai api,duplicate_normalized_skill
52713,opencl,duplicate_normalized_skill
52714,opencv,duplicate_normalized_skill
52718,openerp,duplicate_normalized_skill
52720,openfoam,duplicate_normalized_skill
52721,opengl,duplicate_normalized_skill
52722,openid,duplicate_normalized_skill
52724,openlink,duplicate_normalized_skill
52725,openlink endur,duplicate_normalized_skill
52728,openshift,duplicate_normalized_skill
52729,openshift administration,duplicate_normalized_skill
52730,openshift deployment,duplicate_normalized_skill
52731,openspan,duplicate_normalized_skill
52732,openstack,duplicate_normalized_skill
52736,opentext exstream,duplicate_normalized_skill
52737,opentext vim,duplicate_normalized_skill
52743,operating systems,duplicate_normalized_skill
52744,operation,duplicate_normalized_skill
52746,operation head,duplicate_normalized_skill
52747,operation maintenance,duplicate_normalized_skill
52748,operation manager,duplicate_normalized_skill
52752,operation theatre,duplicate_normalized_skill
52754,operational activities,duplicate_normalized_skill
52755,operational audits,duplicate_normalized_skill
52758,operational efficiency,duplicate_normalized_skill
52759,operational excellence,duplicate_normalized_skill
52760,operational management,duplicate_normalized_skill
52764,operational risk,duplicate_normalized_skill
52765,operational risk management,duplicate_normalized_skill
52766,operational support,duplicate_normalized_skill
52768,operations,duplicate_normalized_skill
52772,operations audit,duplicate_normalized_skill
52775,operations head,duplicate_normalized_skill
52776,operations leadership,duplicate_normalized_skill
52777,operations management,duplicate_normalized_skill
52778,operations manager,duplicate_normalized_skill
52781,operations planning,duplicate_normalized_skill
52782,operations research,duplicate_normalized_skill
52783,operations strategy,duplicate_normalized_skill
52786,operator,duplicate_normalized_skill
52788,opex,duplicate_normalized_skill
52789,ophthalmology,duplicate_normalized_skill
52791,opportunity management,duplicate_normalized_skill
52792,ops,duplicate_normalized_skill
52793,ops manager,duplicate_normalized_skill
52794,opt,duplicate_normalized_skill
52796,optical fiber,duplicate_normalized_skill
52798,optics,duplicate_normalized_skill
52805,options,duplicate_normalized_skill
52806,optometry,duplicate_normalized_skill
52808,oq,duplicate_normalized_skill
52810,or Looker to monitor KPIs such as sales performance,sentence_or_description
52814,or power backup industry Strong leadership skills with the ability to manage service teams and field engineers Experience in handling installation,experience_or_description_phrase
52815,or related B2B sales Prior experience selling to cosmetic manufacturers and understanding of formulation processes,sentence_or_description
52817,or similar. Understanding of responsive design principles and user-centered design. Basic knowledge of HTML/CSS is a plus,experience_or_description_phrase
52818,oracle,duplicate_normalized_skill
52821,oracle C2M,duplicate_normalized_skill
52828,oracle adf,duplicate_normalized_skill
52831,oracle application framework,duplicate_normalized_skill
52833,oracle apps,duplicate_normalized_skill
52834,oracle apps dba,duplicate_normalized_skill
52836,oracle apps technical,duplicate_normalized_skill
52838,oracle argus safety,duplicate_normalized_skill
52839,oracle atg,duplicate_normalized_skill
52843,oracle business intelligence,duplicate_normalized_skill
52845,oracle clinical,duplicate_normalized_skill
52846,oracle cloud,duplicate_normalized_skill
52847,oracle cloud infrastructure,duplicate_normalized_skill
52849,oracle configurator,duplicate_normalized_skill
52850,oracle core hr,duplicate_normalized_skill
52851,oracle cpq,duplicate_normalized_skill
52852,oracle data guard,duplicate_normalized_skill
52853,oracle data integrator,duplicate_normalized_skill
52854,oracle database,duplicate_normalized_skill
52855,oracle database architecture,duplicate_normalized_skill
52857,oracle dba,duplicate_normalized_skill
52859,oracle development,duplicate_normalized_skill
52860,oracle e-business suite,duplicate_normalized_skill
52861,oracle ebs,duplicate_normalized_skill
52863,oracle epm,duplicate_normalized_skill
52864,oracle erp,duplicate_normalized_skill
52865,oracle finance,duplicate_normalized_skill
52866,oracle financials,duplicate_normalized_skill
52867,oracle forms,duplicate_normalized_skill
52868,oracle fusion,duplicate_normalized_skill
52869,oracle fusion hcm,duplicate_normalized_skill
52870,oracle fusion middleware,duplicate_normalized_skill
52871,oracle fusion scm,duplicate_normalized_skill
52872,oracle general ledger,duplicate_normalized_skill
52873,oracle golden gate,duplicate_normalized_skill
52875,oracle hcm,duplicate_normalized_skill
52876,oracle hcm cloud,duplicate_normalized_skill
52878,oracle hrms,duplicate_normalized_skill
52879,oracle hyperion,duplicate_normalized_skill
52881,oracle identity manager,duplicate_normalized_skill
52884,oracle inventory,duplicate_normalized_skill
52886,oracle manufacturing,duplicate_normalized_skill
52887,oracle netsuite,duplicate_normalized_skill
52888,oracle order management,duplicate_normalized_skill
52889,oracle payables,duplicate_normalized_skill
52890,oracle payroll,duplicate_normalized_skill
52893,oracle pl,duplicate_normalized_skill
52894,oracle pl/sql,duplicate_normalized_skill
52897,oracle procurement cloud,duplicate_normalized_skill
52898,oracle project accounting,duplicate_normalized_skill
52900,oracle projects,duplicate_normalized_skill
52901,oracle rac,duplicate_normalized_skill
52902,oracle rdbms,duplicate_normalized_skill
52903,oracle reports,duplicate_normalized_skill
52904,oracle retail,duplicate_normalized_skill
52906,oracle sales,duplicate_normalized_skill
52907,oracle scm,duplicate_normalized_skill
52909,oracle service bus,duplicate_normalized_skill
52910,oracle service cloud,duplicate_normalized_skill
52911,oracle soa,duplicate_normalized_skill
52912,oracle soa suite,duplicate_normalized_skill
52915,oracle sql,duplicate_normalized_skill
52918,oracle supply chain management,duplicate_normalized_skill
52921,oracle support,duplicate_normalized_skill
52922,oracle taleo,duplicate_normalized_skill
52923,oracle transportation management,duplicate_normalized_skill
52924,oracle utilities,duplicate_normalized_skill
52927,oral care,duplicate_normalized_skill
52929,oral surgery,duplicate_normalized_skill
52930,orca,duplicate_normalized_skill
52931,orcad,duplicate_normalized_skill
52934,orchestration,duplicate_normalized_skill
52938,orchestrator,duplicate_normalized_skill
52939,order,duplicate_normalized_skill
52940,order Management,duplicate_normalized_skill
52941,order execution,duplicate_normalized_skill
52942,order fulfillment,duplicate_normalized_skill
52944,order management,duplicate_normalized_skill
52946,order processing,duplicate_normalized_skill
52949,order to cash,duplicate_normalized_skill
52955,organic chemistry,duplicate_normalized_skill
52956,organic farming,duplicate_normalized_skill
52957,organic search,duplicate_normalized_skill
52958,organic synthesis,duplicate_normalized_skill
52959,organization,duplicate_normalized_skill
52960,organization design,duplicate_normalized_skill
52961,organizational and time management skills to handle multiple accounts,sentence_or_description
52962,organizational behavior,duplicate_normalized_skill
52963,organizational development,duplicate_normalized_skill
52965,organizational management,duplicate_normalized_skill
52966,organizational skills,duplicate_normalized_skill
52972,orientation,duplicate_normalized_skill
52973,origin,duplicate_normalized_skill
52974,origination,duplicate_normalized_skill
52976,orm,duplicate_normalized_skill
52978,orm tool,duplicate_normalized_skill
52979,ormb,duplicate_normalized_skill
52980,ortho,duplicate_normalized_skill
52983,orthodontics,duplicate_normalized_skill
52984,orthopaedic surgery,duplicate_normalized_skill
52986,orthopedic,duplicate_normalized_skill
52988,orthopedics,duplicate_normalized_skill
52989,os,duplicate_normalized_skill
52990,os installation,duplicate_normalized_skill
52991,osb,duplicate_normalized_skill
52992,oscilloscope,duplicate_normalized_skill
52993,oscp,duplicate_normalized_skill
52995,osd,duplicate_normalized_skill
52996,osgi,duplicate_normalized_skill
52997,osha,duplicate_normalized_skill
52998,osi,duplicate_normalized_skill
52999,osi model,duplicate_normalized_skill
53002,ospf,duplicate_normalized_skill
53003,oss / bss,duplicate_normalized_skill
53005,ot,duplicate_normalized_skill
53006,ot technician,duplicate_normalized_skill
53007,ota,duplicate_normalized_skill
53008,otbi,duplicate_normalized_skill
53009,otc,duplicate_normalized_skill
53010,otdr,duplicate_normalized_skill
53011,otl,duplicate_normalized_skill
53012,otm,duplicate_normalized_skill
53013,otn,duplicate_normalized_skill
53014,ott,duplicate_normalized_skill
53016,oum,invalid_short_skill
53019,outbound,duplicate_normalized_skill
53020,outbound calling,duplicate_normalized_skill
53021,outbound calls,duplicate_normalized_skill
53022,outbound logistics,duplicate_normalized_skill
53023,outbound process,duplicate_normalized_skill
53025,outbound sales,duplicate_normalized_skill
53026,outbound telesales,duplicate_normalized_skill
53032,outlook configuration,duplicate_normalized_skill
53035,outreach,duplicate_normalized_skill
53036,outside sales,duplicate_normalized_skill
53037,outsystems,duplicate_normalized_skill
53038,outward,duplicate_normalized_skill
53046,overseas education,duplicate_normalized_skill
53048,overseas marketing,duplicate_normalized_skill
53050,oversee Project Quality Asset Operations Quality Supplier Quality Mgt System Implementation at project site,sentence_or_description
53053,owasp,duplicate_normalized_skill
53054,owasp top,duplicate_normalized_skill
53055,owasp zap,duplicate_normalized_skill
53057,ownership,duplicate_normalized_skill
53059,p,duplicate_normalized_skill
53060,p&id,duplicate_normalized_skill
53061,p&l,duplicate_normalized_skill
53062,p2p,duplicate_normalized_skill
53063,p2p cycle,duplicate_normalized_skill
53064,p6,duplicate_normalized_skill
53066,pa,duplicate_normalized_skill
53067,paas,duplicate_normalized_skill
53070,packaging,duplicate_normalized_skill
53073,packaging design,duplicate_normalized_skill
53074,packaging development,duplicate_normalized_skill
53075,packaging engineering,duplicate_normalized_skill
53077,packaging machines,duplicate_normalized_skill
53078,packaging material,duplicate_normalized_skill
53079,packaging operations,duplicate_normalized_skill
53083,packing,duplicate_normalized_skill
53084,pacs,duplicate_normalized_skill
53085,paddy,duplicate_normalized_skill
53086,paediatrician,duplicate_normalized_skill
53087,paediatrics,duplicate_normalized_skill
53088,page object model,duplicate_normalized_skill
53089,page seo,duplicate_normalized_skill
53090,pagination,duplicate_normalized_skill
53092,paid Marketing,duplicate_normalized_skill
53093,paid campaigns,duplicate_normalized_skill
53094,paid marketing,duplicate_normalized_skill
53095,paid media,duplicate_normalized_skill
53097,pain management,duplicate_normalized_skill
53101,paint protection film,duplicate_normalized_skill
53103,painting,duplicate_normalized_skill
53104,paints,duplicate_normalized_skill
53106,palantir,duplicate_normalized_skill
53109,palo alto firewall,duplicate_normalized_skill
53110,palo alto networks,duplicate_normalized_skill
53111,pam,duplicate_normalized_skill
53113,pan,duplicate_normalized_skill
53114,pan asian,duplicate_normalized_skill
53116,panel,duplicate_normalized_skill
53117,panel assembly,duplicate_normalized_skill
53119,panel fabrication,duplicate_normalized_skill
53120,panels,duplicate_normalized_skill
53121,panorama,duplicate_normalized_skill
53123,para legal,duplicate_normalized_skill
53126,paramedic activities,duplicate_normalized_skill
53127,paramedical,duplicate_normalized_skill
53131,pardot,duplicate_normalized_skill
53132,parent handling,duplicate_normalized_skill
53133,pareto charts,duplicate_normalized_skill
53135,part,duplicate_normalized_skill
53136,part modeling,duplicate_normalized_skill
53137,part time,duplicate_normalized_skill
53140,partitioning,duplicate_normalized_skill
53143,partner management,duplicate_normalized_skill
53145,partnership,duplicate_normalized_skill
53146,partnership management,duplicate_normalized_skill
53148,partnership tax,duplicate_normalized_skill
53149,partnerships,duplicate_normalized_skill
53150,parts development,duplicate_normalized_skill
53151,party reconciliation,duplicate_normalized_skill
53152,passenger handling,duplicate_normalized_skill
53156,pastry,duplicate_normalized_skill
53158,patch management,duplicate_normalized_skill
53159,patching,duplicate_normalized_skill
53160,patching and upgrading of the Oracle middleware. This includes Weblogic,sentence_or_description
53161,patent,duplicate_normalized_skill
53162,patent analysis,duplicate_normalized_skill
53163,patent drafting,duplicate_normalized_skill
53165,patent landscaping,duplicate_normalized_skill
53167,patent search,duplicate_normalized_skill
53168,patents,duplicate_normalized_skill
53170,pathologist,duplicate_normalized_skill
53171,pathology,duplicate_normalized_skill
53172,pathway,duplicate_normalized_skill
53176,patient calling,duplicate_normalized_skill
53177,patient care,duplicate_normalized_skill
53180,patient communication,duplicate_normalized_skill
53181,patient consultation,duplicate_normalized_skill
53182,patient counselling,duplicate_normalized_skill
53183,patient education,duplicate_normalized_skill
53186,patient management,duplicate_normalized_skill
53189,patient relations,duplicate_normalized_skill
53190,patient safety,duplicate_normalized_skill
53192,patran,duplicate_normalized_skill
53195,pattern making,duplicate_normalized_skill
53197,pay,duplicate_normalized_skill
53198,pay per click,duplicate_normalized_skill
53199,payables,duplicate_normalized_skill
53203,payment,duplicate_normalized_skill
53204,payment collection,duplicate_normalized_skill
53205,payment coordination,duplicate_normalized_skill
53207,payment gateways,duplicate_normalized_skill
53208,payment posting,duplicate_normalized_skill
53209,payment processing,duplicate_normalized_skill
53210,payment solutions,duplicate_normalized_skill
53211,payment systems,duplicate_normalized_skill
53212,payments,duplicate_normalized_skill
53217,payroll,duplicate_normalized_skill
53218,payroll Management,duplicate_normalized_skill
53219,payroll administration,duplicate_normalized_skill
53222,payroll management,duplicate_normalized_skill
53223,payroll preparation,duplicate_normalized_skill
53225,payroll processing,duplicate_normalized_skill
53227,payroll software,duplicate_normalized_skill
53228,payroll support,duplicate_normalized_skill
53230,pbg,invalid_short_skill
53231,pbx,invalid_short_skill
53232,pc,duplicate_normalized_skill
53235,pcb,duplicate_normalized_skill
53236,pcb designing,duplicate_normalized_skill
53237,pcb layout,duplicate_normalized_skill
53239,pcc,duplicate_normalized_skill
53240,pcf,duplicate_normalized_skill
53241,pcg,duplicate_normalized_skill
53242,pci,duplicate_normalized_skill
53243,pci dss,duplicate_normalized_skill
53245,pcie,duplicate_normalized_skill
53246,pcr,duplicate_normalized_skill
53247,pcs,duplicate_normalized_skill
53248,pdb,invalid_short_skill
53249,pdca,duplicate_normalized_skill
53251,pdi,duplicate_normalized_skill
53252,pdis,duplicate_normalized_skill
53253,pdlc,duplicate_normalized_skill
53254,pdm,duplicate_normalized_skill
53256,pdms,duplicate_normalized_skill
53257,peci,duplicate_normalized_skill
53258,pedagogy,duplicate_normalized_skill
53260,pediatrician,duplicate_normalized_skill
53262,pediatrics,duplicate_normalized_skill
53264,peer reviews,duplicate_normalized_skill
53265,pega,duplicate_normalized_skill
53267,pega developer,duplicate_normalized_skill
53268,pega development,duplicate_normalized_skill
53269,pega lsa,duplicate_normalized_skill
53270,pega marketing,duplicate_normalized_skill
53272,pega prpc,duplicate_normalized_skill
53273,pega rules process commander,duplicate_normalized_skill
53277,penetration,duplicate_normalized_skill
53278,penetration testing,duplicate_normalized_skill
53280,pension,duplicate_normalized_skill
53281,pension administration,duplicate_normalized_skill
53283,pentaho,duplicate_normalized_skill
53284,peon,duplicate_normalized_skill
53285,peon activities,duplicate_normalized_skill
53286,people analytics,duplicate_normalized_skill
53287,people development,duplicate_normalized_skill
53288,people management,duplicate_normalized_skill
53289,people management skills,duplicate_normalized_skill
53292,people skills,duplicate_normalized_skill
53293,peoplecode,duplicate_normalized_skill
53294,peoplesoft,duplicate_normalized_skill
53297,peoplesoft finance,duplicate_normalized_skill
53298,peoplesoft fscm,duplicate_normalized_skill
53299,peoplesoft functional,duplicate_normalized_skill
53300,peoplesoft hcm,duplicate_normalized_skill
53304,peopletools,duplicate_normalized_skill
53305,pep,duplicate_normalized_skill
53309,perforce,duplicate_normalized_skill
53310,performance,duplicate_normalized_skill
53311,performance analysis,duplicate_normalized_skill
53312,performance analytics,duplicate_normalized_skill
53313,performance appraisal,duplicate_normalized_skill
53314,performance engineering,duplicate_normalized_skill
53316,performance evaluation,duplicate_normalized_skill
53317,performance improvement,duplicate_normalized_skill
53318,performance management,duplicate_normalized_skill
53319,performance management system,duplicate_normalized_skill
53321,performance marketing,duplicate_normalized_skill
53322,performance measurement,duplicate_normalized_skill
53323,performance metrics,duplicate_normalized_skill
53324,performance monitoring,duplicate_normalized_skill
53325,performance optimization,duplicate_normalized_skill
53326,performance related work on large scale distributed systems,sentence_or_description
53327,performance reporting,duplicate_normalized_skill
53328,performance review,duplicate_normalized_skill
53329,performance testing,duplicate_normalized_skill
53331,performance testing tool,duplicate_normalized_skill
53333,performance tuning,duplicate_normalized_skill
53337,peripherals,duplicate_normalized_skill
53338,perl,duplicate_normalized_skill
53339,perl script,duplicate_normalized_skill
53340,permanent staffing,duplicate_normalized_skill
53342,persona,duplicate_normalized_skill
53343,personal,duplicate_normalized_skill
53344,personal assistance,duplicate_normalized_skill
53345,personal assistant,duplicate_normalized_skill
53346,personal banking,duplicate_normalized_skill
53347,personal care,duplicate_normalized_skill
53348,personal development,duplicate_normalized_skill
53350,personal loan,duplicate_normalized_skill
53352,personal loans,duplicate_normalized_skill
53353,personal secretary,duplicate_normalized_skill
53355,personal skills,duplicate_normalized_skill
53356,personal training,duplicate_normalized_skill
53358,personiv,duplicate_normalized_skill
53359,personnel,duplicate_normalized_skill
53360,personnel administration,duplicate_normalized_skill
53363,pest control,duplicate_normalized_skill
53364,pesticides,duplicate_normalized_skill
53366,petrochemical,duplicate_normalized_skill
53367,petroleum,duplicate_normalized_skill
53368,petty cash,duplicate_normalized_skill
53369,petty cash management,duplicate_normalized_skill
53370,pex,duplicate_normalized_skill
53371,pf,duplicate_normalized_skill
53373,pfd,duplicate_normalized_skill
53374,pfmea,duplicate_normalized_skill
53375,pft,duplicate_normalized_skill
53378,pgt,duplicate_normalized_skill
53379,pgt chemistry,duplicate_normalized_skill
53380,pgt english teacher,duplicate_normalized_skill
53382,pgw,duplicate_normalized_skill
53383,pha,duplicate_normalized_skill
53384,phaco,duplicate_normalized_skill
53385,phaco surgeon,duplicate_normalized_skill
53389,pharma,duplicate_normalized_skill
53393,pharma machinery,duplicate_normalized_skill
53394,pharma marketing,duplicate_normalized_skill
53397,pharma sales,duplicate_normalized_skill
53398,pharma selling,duplicate_normalized_skill
53399,pharmaceutical,duplicate_normalized_skill
53403,pharmaceutical manufacturing,duplicate_normalized_skill
53407,pharmaceutical sales,duplicate_normalized_skill
53408,pharmaceutics,duplicate_normalized_skill
53409,pharmacist,duplicate_normalized_skill
53411,pharmacology,duplicate_normalized_skill
53412,pharmacovigilance,duplicate_normalized_skill
53413,pharmacy,duplicate_normalized_skill
53414,pharmacy benefit management,duplicate_normalized_skill
53420,phe,duplicate_normalized_skill
53421,philosophy,duplicate_normalized_skill
53422,phishing,duplicate_normalized_skill
53425,phone banking,duplicate_normalized_skill
53430,photoshop,duplicate_normalized_skill
53432,php,duplicate_normalized_skill
53433,php development,duplicate_normalized_skill
53434,php laravel,duplicate_normalized_skill
53437,physical chemistry,duplicate_normalized_skill
53438,physical design,duplicate_normalized_skill
53439,physical education,duplicate_normalized_skill
53440,physical education Teacher,duplicate_normalized_skill
53444,physical security,duplicate_normalized_skill
53445,physical therapy,duplicate_normalized_skill
53446,physical training,duplicate_normalized_skill
53447,physical verification,duplicate_normalized_skill
53448,physician,duplicate_normalized_skill
53449,physician activities,duplicate_normalized_skill
53452,physician billing,duplicate_normalized_skill
53453,physics,duplicate_normalized_skill
53454,physiology,duplicate_normalized_skill
53455,physiotherapy,duplicate_normalized_skill
53456,phython,duplicate_normalized_skill
53459,pi,duplicate_normalized_skill
53460,pi / po,duplicate_normalized_skill
53463,picof,duplicate_normalized_skill
53464,picu,duplicate_normalized_skill
53465,pid,duplicate_normalized_skill
53466,pigments,duplicate_normalized_skill
53467,pile foundation,duplicate_normalized_skill
53471,pim,duplicate_normalized_skill
53472,pims,duplicate_normalized_skill
53473,ping,duplicate_normalized_skill
53474,pingfederate,duplicate_normalized_skill
53478,pipeline,duplicate_normalized_skill
53481,pipeline management,duplicate_normalized_skill
53483,pipelines,duplicate_normalized_skill
53487,piping,duplicate_normalized_skill
53489,piping design,duplicate_normalized_skill
53490,piping isometrics,duplicate_normalized_skill
53491,piping layout,duplicate_normalized_skill
53492,piping materials,duplicate_normalized_skill
53493,piping stress analysis,duplicate_normalized_skill
53497,pitching,duplicate_normalized_skill
53498,pivot,duplicate_normalized_skill
53499,pivot table,duplicate_normalized_skill
53500,pivot tables,duplicate_normalized_skill
53502,pixel tracking,duplicate_normalized_skill
53505,pki,duplicate_normalized_skill
53506,pl,duplicate_normalized_skill
53508,placement,duplicate_normalized_skill
53511,placement officer,duplicate_normalized_skill
53515,plan work allocation to contractors execution inspection provide full-kit coordination with internal customers PCC/Yard execution with service dept machine shop NDE,sentence_or_description
53516,planisware,duplicate_normalized_skill
53519,planning,duplicate_normalized_skill
53520,planning analytics,duplicate_normalized_skill
53521,planning engineer,duplicate_normalized_skill
53522,planning engineering,duplicate_normalized_skill
53523,planning management,duplicate_normalized_skill
53526,plans,generic
53527,plant 3d,duplicate_normalized_skill
53528,plant Head,duplicate_normalized_skill
53529,plant accounting,duplicate_normalized_skill
53531,plant design,duplicate_normalized_skill
53533,plant engineering,duplicate_normalized_skill
53534,plant head,duplicate_normalized_skill
53536,plant maintenance,duplicate_normalized_skill
53537,plant operations,duplicate_normalized_skill
53539,plantation,duplicate_normalized_skill
53542,plastic,duplicate_normalized_skill
53544,plastic design,duplicate_normalized_skill
53545,plastic industry,duplicate_normalized_skill
53546,plastic injection molding,duplicate_normalized_skill
53548,plastic product design,duplicate_normalized_skill
53555,platform architecture,duplicate_normalized_skill
53556,platform development,duplicate_normalized_skill
53559,plating,duplicate_normalized_skill
53562,playwright,duplicate_normalized_skill
53563,plc,duplicate_normalized_skill
53565,plc panel,duplicate_normalized_skill
53566,plc programming,duplicate_normalized_skill
53567,plcs,duplicate_normalized_skill
53568,pleasing personality,duplicate_normalized_skill
53569,pll,duplicate_normalized_skill
53570,plm,duplicate_normalized_skill
53571,plm teamcenter,duplicate_normalized_skill
53572,plm tools,duplicate_normalized_skill
53575,plsql,duplicate_normalized_skill
53576,plsql developer,duplicate_normalized_skill
53577,plsql development,duplicate_normalized_skill
53578,plsql programming,duplicate_normalized_skill
53579,plugin development,duplicate_normalized_skill
53580,plugins,duplicate_normalized_skill
53581,plumbing,duplicate_normalized_skill
53583,plumbing system,duplicate_normalized_skill
53585,plywood,duplicate_normalized_skill
53586,pm,duplicate_normalized_skill
53587,pmc,duplicate_normalized_skill
53588,pmd,duplicate_normalized_skill
53589,pmgm,duplicate_normalized_skill
53590,pmi,duplicate_normalized_skill
53592,pmo,duplicate_normalized_skill
53593,pmo management,duplicate_normalized_skill
53594,pmp,duplicate_normalized_skill
53595,pms,duplicate_normalized_skill
53596,pmt,duplicate_normalized_skill
53597,pneumatic,duplicate_normalized_skill
53600,pneumatics,duplicate_normalized_skill
53601,pnl management,duplicate_normalized_skill
53602,pnp,duplicate_normalized_skill
53603,pnr,duplicate_normalized_skill
53604,po,duplicate_normalized_skill
53607,poc,duplicate_normalized_skill
53609,poi,duplicate_normalized_skill
53610,poka yoke,duplicate_normalized_skill
53611,policies,duplicate_normalized_skill
53612,policies and procedures,duplicate_normalized_skill
53615,policy advocacy,duplicate_normalized_skill
53617,policy compliance,duplicate_normalized_skill
53618,policy development,duplicate_normalized_skill
53619,policy formulation,duplicate_normalized_skill
53620,policy issuance,duplicate_normalized_skill
53622,policy management,duplicate_normalized_skill
53623,policy sales,duplicate_normalized_skill
53624,policy servicing,duplicate_normalized_skill
53629,pollution control,duplicate_normalized_skill
53634,polymer,duplicate_normalized_skill
53635,polymers,duplicate_normalized_skill
53636,polypropylene,duplicate_normalized_skill
53637,polyurethane,duplicate_normalized_skill
53638,pom,duplicate_normalized_skill
53640,pop,duplicate_normalized_skill
53646,portal development,duplicate_normalized_skill
53648,portfolio,duplicate_normalized_skill
53649,portfolio accounting,duplicate_normalized_skill
53650,portfolio analysis,duplicate_normalized_skill
53651,portfolio management,duplicate_normalized_skill
53652,portfolio management services,duplicate_normalized_skill
53656,portlets,duplicate_normalized_skill
53658,portuguese,duplicate_normalized_skill
53659,pos,duplicate_normalized_skill
53660,posdm,duplicate_normalized_skill
53661,posh,duplicate_normalized_skill
53662,positioning,duplicate_normalized_skill
53663,positive attitude,duplicate_normalized_skill
53664,post,duplicate_normalized_skill
53666,post graduate teacher,duplicate_normalized_skill
53669,post sales,duplicate_normalized_skill
53673,posters,duplicate_normalized_skill
53674,postgres database,duplicate_normalized_skill
53676,postgresql administration,duplicate_normalized_skill
53677,postgresql database administration,duplicate_normalized_skill
53678,posting,duplicate_normalized_skill
53680,postman,duplicate_normalized_skill
53684,powder coating,duplicate_normalized_skill
53685,power analysis,duplicate_normalized_skill
53687,power apps development,duplicate_normalized_skill
53688,power automate,duplicate_normalized_skill
53689,power bi desktop,duplicate_normalized_skill
53690,power bi developer,duplicate_normalized_skill
53691,power bi reports,duplicate_normalized_skill
53694,power distribution,duplicate_normalized_skill
53697,power electronics,duplicate_normalized_skill
53699,power generation,duplicate_normalized_skill
53700,power management,duplicate_normalized_skill
53702,power pivot,duplicate_normalized_skill
53703,power plant,duplicate_normalized_skill
53704,power plant operation,duplicate_normalized_skill
53705,power plants,duplicate_normalized_skill
53706,power platform,duplicate_normalized_skill
53707,power point presentation,duplicate_normalized_skill
53708,power portal,duplicate_normalized_skill
53709,power query,duplicate_normalized_skill
53710,power sector,duplicate_normalized_skill
53713,power system,duplicate_normalized_skill
53715,power system studies,duplicate_normalized_skill
53717,power transformers,duplicate_normalized_skill
53718,power transmission,duplicate_normalized_skill
53720,powerapps,duplicate_normalized_skill
53721,powercenter,duplicate_normalized_skill
53722,powerpoint,duplicate_normalized_skill
53723,powershell,duplicate_normalized_skill
53724,powershell scripting,duplicate_normalized_skill
53725,powertrain,duplicate_normalized_skill
53727,pp,duplicate_normalized_skill
53728,pp module,duplicate_normalized_skill
53729,pp-qm,duplicate_normalized_skill
53731,ppap,duplicate_normalized_skill
53732,ppc,duplicate_normalized_skill
53734,ppc calls,duplicate_normalized_skill
53735,ppc campaigns,duplicate_normalized_skill
53738,ppds,duplicate_normalized_skill
53739,ppe,duplicate_normalized_skill
53740,ppl,invalid_short_skill
53741,ppm,duplicate_normalized_skill
53742,ppm monitoring,duplicate_normalized_skill
53743,ppp,duplicate_normalized_skill
53744,pps,duplicate_normalized_skill
53745,pq,duplicate_normalized_skill
53746,pqr,duplicate_normalized_skill
53747,pr,duplicate_normalized_skill
53751,pre,duplicate_normalized_skill
53755,pre payroll,duplicate_normalized_skill
53756,pre primary,duplicate_normalized_skill
53757,pre sales,duplicate_normalized_skill
53759,pre sales executive,duplicate_normalized_skill
53760,pre shipment,duplicate_normalized_skill
53764,pre-commissioning,duplicate_normalized_skill
53766,pre-production,duplicate_normalized_skill
53767,pre-sales,duplicate_normalized_skill
53768,precast,duplicate_normalized_skill
53769,precision,duplicate_normalized_skill
53772,predictive,duplicate_normalized_skill
53773,predictive analytics,duplicate_normalized_skill
53775,predictive maintenance,duplicate_normalized_skill
53778,predictive modeling,duplicate_normalized_skill
53782,preferred relationship manager,experience_or_description_phrase
53784,premiere pro,duplicate_normalized_skill
53785,premium,duplicate_normalized_skill
53786,premium brand,duplicate_normalized_skill
53795,prepare proposals,duplicate_normalized_skill
53797,preparing financial statements,duplicate_normalized_skill
53801,presales,duplicate_normalized_skill
53803,presales consulting,duplicate_normalized_skill
53804,prescription generation,duplicate_normalized_skill
53807,presentation,duplicate_normalized_skill
53809,presentation communication,duplicate_normalized_skill
53810,presentation design,duplicate_normalized_skill
53811,presentation drawings,duplicate_normalized_skill
53813,presentation skills,duplicate_normalized_skill
53814,presentations,duplicate_normalized_skill
53815,press,duplicate_normalized_skill
53816,press release,duplicate_normalized_skill
53817,press shop,duplicate_normalized_skill
53818,press tool,duplicate_normalized_skill
53819,pressure,duplicate_normalized_skill
53821,pressure handling,duplicate_normalized_skill
53822,pressure vessels,duplicate_normalized_skill
53824,presto,duplicate_normalized_skill
53825,preventive,duplicate_normalized_skill
53826,preventive action,duplicate_normalized_skill
53828,preventive maintenance,duplicate_normalized_skill
53829,pri,invalid_short_skill
53830,price management,duplicate_normalized_skill
53832,price negotiation,duplicate_normalized_skill
53834,pricing,duplicate_normalized_skill
53835,pricing analysis,duplicate_normalized_skill
53836,pricing analytics,duplicate_normalized_skill
53840,pricing strategy,duplicate_normalized_skill
53842,primary,duplicate_normalized_skill
53844,primary english teacher,duplicate_normalized_skill
53846,primary market research,duplicate_normalized_skill
53847,primary research,duplicate_normalized_skill
53848,primary sales,duplicate_normalized_skill
53850,primary teacher,duplicate_normalized_skill
53851,primavera,duplicate_normalized_skill
53852,primavera p6,duplicate_normalized_skill
53853,prime,duplicate_normalized_skill
53854,prime brokerage,duplicate_normalized_skill
53858,primetime,duplicate_normalized_skill
53859,prince2,duplicate_normalized_skill
53860,principal,duplicate_normalized_skill
53861,print design,duplicate_normalized_skill
53863,print media,duplicate_normalized_skill
53864,print production,duplicate_normalized_skill
53865,printed circuit board,duplicate_normalized_skill
53866,printer support,duplicate_normalized_skill
53867,printer tech sales,duplicate_normalized_skill
53868,printer technical sales,duplicate_normalized_skill
53869,printer technical sales officer,duplicate_normalized_skill
53870,printers,duplicate_normalized_skill
53871,printing,duplicate_normalized_skill
53873,prior,generic
53875,prior authorization,duplicate_normalized_skill
53880,priority banking,duplicate_normalized_skill
53881,prism,duplicate_normalized_skill
53884,private banking,duplicate_normalized_skill
53886,private credit,duplicate_normalized_skill
53887,private equity,duplicate_normalized_skill
53890,private wealth,duplicate_normalized_skill
53892,privilege access management,duplicate_normalized_skill
53893,pro,duplicate_normalized_skill
53894,pro active,duplicate_normalized_skill
53895,pro-e,duplicate_normalized_skill
53897,proactive and strategic thinking to understand client needs,sentence_or_description
53899,problem analysis,duplicate_normalized_skill
53901,problem management,duplicate_normalized_skill
53902,problem solving,duplicate_normalized_skill
53903,problem solving tools,duplicate_normalized_skill
53904,problem-solving,duplicate_normalized_skill
53909,process,duplicate_normalized_skill
53910,process Improvement,duplicate_normalized_skill
53911,process analysis,duplicate_normalized_skill
53912,process associate,duplicate_normalized_skill
53914,process audit,duplicate_normalized_skill
53917,process automation,duplicate_normalized_skill
53918,process builder,duplicate_normalized_skill
53919,process capability,duplicate_normalized_skill
53921,process coach,duplicate_normalized_skill
53922,process compliance,duplicate_normalized_skill
53923,process consulting,duplicate_normalized_skill
53924,process control,duplicate_normalized_skill
53928,process design,duplicate_normalized_skill
53931,process development,duplicate_normalized_skill
53932,process documentation,duplicate_normalized_skill
53933,process efficiency,duplicate_normalized_skill
53934,process engineer,duplicate_normalized_skill
53935,process engineering,duplicate_normalized_skill
53936,process enhancement,duplicate_normalized_skill
53937,process equipment,duplicate_normalized_skill
53938,process excellence,duplicate_normalized_skill
53939,process executive,duplicate_normalized_skill
53940,process flow,duplicate_normalized_skill
53941,process flow diagram,duplicate_normalized_skill
53942,process handling,duplicate_normalized_skill
53943,process improvement,duplicate_normalized_skill
53944,process improvement initiatives,duplicate_normalized_skill
53945,process improvements,duplicate_normalized_skill
53946,process instrumentation,duplicate_normalized_skill
53947,process integration,duplicate_normalized_skill
53948,process layout,duplicate_normalized_skill
53949,process maintenance,duplicate_normalized_skill
53950,process management,duplicate_normalized_skill
53951,process mapping,duplicate_normalized_skill
53952,process migration,duplicate_normalized_skill
53953,process mining,duplicate_normalized_skill
53954,process modeling,duplicate_normalized_skill
53955,process monitoring,duplicate_normalized_skill
53956,process operations,duplicate_normalized_skill
53957,process optimization,duplicate_normalized_skill
53958,process planning,duplicate_normalized_skill
53960,process quality,duplicate_normalized_skill
53961,process quality assurance,duplicate_normalized_skill
53962,process re-engineering,duplicate_normalized_skill
53965,process safety,duplicate_normalized_skill
53966,process safety management,duplicate_normalized_skill
53967,process simulation,duplicate_normalized_skill
53968,process standardization,duplicate_normalized_skill
53969,process streamlining,duplicate_normalized_skill
53970,process study,duplicate_normalized_skill
53971,process technology,duplicate_normalized_skill
53972,process trainer,duplicate_normalized_skill
53974,process training,duplicate_normalized_skill
53975,process transformation,duplicate_normalized_skill
53976,process transition,duplicate_normalized_skill
53977,process validation,duplicate_normalized_skill
53980,processes,generic
53981,processing,duplicate_normalized_skill
53985,procure to pay,duplicate_normalized_skill
53986,procurement,duplicate_normalized_skill
53987,procurement contracts,duplicate_normalized_skill
53991,procurement lead,duplicate_normalized_skill
53992,procurement management,duplicate_normalized_skill
53993,procurement operations,duplicate_normalized_skill
53994,procurement planning,duplicate_normalized_skill
53998,prod,duplicate_normalized_skill
53999,product,duplicate_normalized_skill
54000,product Lifecycle Management,duplicate_normalized_skill
54002,product analysis,duplicate_normalized_skill
54003,product audit,duplicate_normalized_skill
54006,product catalog,duplicate_normalized_skill
54008,product compliance,duplicate_normalized_skill
54009,product control,duplicate_normalized_skill
54011,product costing,duplicate_normalized_skill
54012,product data management,duplicate_normalized_skill
54013,product delivery,duplicate_normalized_skill
54014,product demo,duplicate_normalized_skill
54015,product demonstration,duplicate_normalized_skill
54017,product description,duplicate_normalized_skill
54018,product design,duplicate_normalized_skill
54021,product development,duplicate_normalized_skill
54022,product development life cycle,duplicate_normalized_skill
54025,product documentation,duplicate_normalized_skill
54026,product engineering,duplicate_normalized_skill
54029,product hiring,duplicate_normalized_skill
54030,product implementation,duplicate_normalized_skill
54032,product information management,duplicate_normalized_skill
54033,product innovation,duplicate_normalized_skill
54035,product knowledge,duplicate_normalized_skill
54036,product launch,duplicate_normalized_skill
54039,product life cycle,duplicate_normalized_skill
54040,product life cycle management,duplicate_normalized_skill
54042,product listing,duplicate_normalized_skill
54043,product listing optimization,duplicate_normalized_skill
54044,product management,duplicate_normalized_skill
54045,product management team,duplicate_normalized_skill
54046,product manager,duplicate_normalized_skill
54048,product marketing,duplicate_normalized_skill
54051,product owner,duplicate_normalized_skill
54053,product penetration,duplicate_normalized_skill
54054,product performance,duplicate_normalized_skill
54055,product planning,duplicate_normalized_skill
54056,product portfolio,duplicate_normalized_skill
54057,product presentation,duplicate_normalized_skill
54058,product pricing,duplicate_normalized_skill
54059,product promotion,duplicate_normalized_skill
54060,product quality,duplicate_normalized_skill
54061,product research,duplicate_normalized_skill
54063,product roadmap,duplicate_normalized_skill
54064,product safety,duplicate_normalized_skill
54065,product sales,duplicate_normalized_skill
54066,product selection,duplicate_normalized_skill
54068,product service,duplicate_normalized_skill
54069,product sourcing,duplicate_normalized_skill
54070,product specialist,duplicate_normalized_skill
54071,product stewardship,duplicate_normalized_skill
54073,product strategy,duplicate_normalized_skill
54075,product support,duplicate_normalized_skill
54076,product testing,duplicate_normalized_skill
54077,product training,duplicate_normalized_skill
54078,product validation,duplicate_normalized_skill
54080,product vision,duplicate_normalized_skill
54081,production,duplicate_normalized_skill
54082,production Engineering,duplicate_normalized_skill
54084,production Planning,duplicate_normalized_skill
54091,production documentation,duplicate_normalized_skill
54092,production engineer,duplicate_normalized_skill
54093,production engineering,duplicate_normalized_skill
54096,production execution,duplicate_normalized_skill
54097,production executive,duplicate_normalized_skill
54100,production head,duplicate_normalized_skill
54104,production line,duplicate_normalized_skill
54105,production management,duplicate_normalized_skill
54106,production manager,duplicate_normalized_skill
54109,production officer,duplicate_normalized_skill
54110,production planning,duplicate_normalized_skill
54111,production planning control,duplicate_normalized_skill
54113,production processes,duplicate_normalized_skill
54116,production scheduling,duplicate_normalized_skill
54117,production supervising,duplicate_normalized_skill
54118,production supervisor,duplicate_normalized_skill
54119,production support,duplicate_normalized_skill
54121,production target,duplicate_normalized_skill
54122,productivity,duplicate_normalized_skill
54123,productivity enhancement,duplicate_normalized_skill
54124,productivity improvement,duplicate_normalized_skill
54127,professional,generic
54129,professional development,duplicate_normalized_skill
54134,professional skills,duplicate_normalized_skill
54136,professor,duplicate_normalized_skill
54137,professor activities,duplicate_normalized_skill
54138,profibus,duplicate_normalized_skill
54139,proficiency in data analysis,duplicate_normalized_skill
54141,proficient in software Tally,experience_or_description_phrase
54142,profiling,duplicate_normalized_skill
54145,profit and loss account,duplicate_normalized_skill
54146,profit center accounting,duplicate_normalized_skill
54147,profit centre,duplicate_normalized_skill
54149,profitability,duplicate_normalized_skill
54150,profitability analysis,duplicate_normalized_skill
54151,program,duplicate_normalized_skill
54153,program and project management,duplicate_normalized_skill
54154,program coordination,duplicate_normalized_skill
54155,program delivery,duplicate_normalized_skill
54156,program development,duplicate_normalized_skill
54157,program management,duplicate_normalized_skill
54158,program manager,duplicate_normalized_skill
54159,programmable logic controller,duplicate_normalized_skill
54163,programmatic buying,duplicate_normalized_skill
54164,programmer,duplicate_normalized_skill
54165,programming,duplicate_normalized_skill
54168,progress 4gl,duplicate_normalized_skill
54169,progress monitoring,duplicate_normalized_skill
54172,project,duplicate_normalized_skill
54173,project / program management,duplicate_normalized_skill
54174,project Planning,duplicate_normalized_skill
54175,project accounting,duplicate_normalized_skill
54177,project administration,duplicate_normalized_skill
54178,project analysis,duplicate_normalized_skill
54180,project billing,duplicate_normalized_skill
54181,project budgeting,duplicate_normalized_skill
54184,project communications,duplicate_normalized_skill
54185,project contracts,duplicate_normalized_skill
54186,project control,duplicate_normalized_skill
54187,project controls,duplicate_normalized_skill
54188,project coordination,duplicate_normalized_skill
54189,project coordinator,duplicate_normalized_skill
54191,project costing,duplicate_normalized_skill
54192,project delivery,duplicate_normalized_skill
54193,project delivery management,duplicate_normalized_skill
54194,project design,duplicate_normalized_skill
54195,project development,duplicate_normalized_skill
54196,project documentation,duplicate_normalized_skill
54197,project domain Site Visits Monitoring Training Awareness Safety Inspection Reviews Safety Promotion Initiatives site Incident Mgt,sentence_or_description
54198,project engineer,duplicate_normalized_skill
54199,project engineering,duplicate_normalized_skill
54200,project engineering management,duplicate_normalized_skill
54201,project estimation,duplicate_normalized_skill
54202,project execution,duplicate_normalized_skill
54205,project finance,duplicate_normalized_skill
54207,project governance,duplicate_normalized_skill
54208,project handling,duplicate_normalized_skill
54209,project head,duplicate_normalized_skill
54210,project implementation,duplicate_normalized_skill
54212,project initiation,duplicate_normalized_skill
54214,project lead,duplicate_normalized_skill
54215,project leadership,duplicate_normalized_skill
54216,project leading,duplicate_normalized_skill
54217,project life cycle,duplicate_normalized_skill
54218,project management consultancy,duplicate_normalized_skill
54220,project management office,duplicate_normalized_skill
54223,project management tools,duplicate_normalized_skill
54224,project manager,duplicate_normalized_skill
54227,project monitoring,duplicate_normalized_skill
54228,project operations,duplicate_normalized_skill
54229,project planning,duplicate_normalized_skill
54230,project portfolio management,duplicate_normalized_skill
54232,project quality,duplicate_normalized_skill
54236,project reports,duplicate_normalized_skill
54237,project sales,duplicate_normalized_skill
54238,project scheduling,duplicate_normalized_skill
54241,project supervision,duplicate_normalized_skill
54242,project support,duplicate_normalized_skill
54243,project tracking,duplicate_normalized_skill
54246,projection welding,duplicate_normalized_skill
54247,projections,duplicate_normalized_skill
54249,projects,duplicate_normalized_skill
54251,prometheus,duplicate_normalized_skill
54254,promotion planning,duplicate_normalized_skill
54255,promotional campaigns,duplicate_normalized_skill
54256,promotional events,duplicate_normalized_skill
54257,promotions,duplicate_normalized_skill
54258,prompt engineering,duplicate_normalized_skill
54259,pronunciation,duplicate_normalized_skill
54260,proof of concept,duplicate_normalized_skill
54261,proof reading,duplicate_normalized_skill
54262,proofer,duplicate_normalized_skill
54263,proofreading,duplicate_normalized_skill
54265,property,duplicate_normalized_skill
54266,property acquisition,duplicate_normalized_skill
54267,property advisor,duplicate_normalized_skill
54268,property and casualty insurance,duplicate_normalized_skill
54273,property management,duplicate_normalized_skill
54275,property sales,duplicate_normalized_skill
54277,property tax,duplicate_normalized_skill
54279,proposal development,duplicate_normalized_skill
54281,proposal engineering,duplicate_normalized_skill
54283,proposal management,duplicate_normalized_skill
54284,proposal preparation,duplicate_normalized_skill
54286,proposal writing,duplicate_normalized_skill
54287,proposals,duplicate_normalized_skill
54289,propulsion,duplicate_normalized_skill
54290,prosecution,duplicate_normalized_skill
54291,prospecting,duplicate_normalized_skill
54292,prosthodontics,duplicate_normalized_skill
54301,protein purification,duplicate_normalized_skill
54306,protocol development,duplicate_normalized_skill
54307,protocol stack,duplicate_normalized_skill
54308,protocol testing,duplicate_normalized_skill
54309,protocols,duplicate_normalized_skill
54311,prototype,duplicate_normalized_skill
54312,prototype development,duplicate_normalized_skill
54314,prototyping,duplicate_normalized_skill
54317,proven success in acquiring and retaining corporate clients,sentence_or_description
54318,provident fund,duplicate_normalized_skill
54319,provider,duplicate_normalized_skill
54322,provider enrollment,duplicate_normalized_skill
54323,providing,duplicate_normalized_skill
54325,providing training,duplicate_normalized_skill
54327,provision,duplicate_normalized_skill
54328,provisioning,duplicate_normalized_skill
54329,proxy,duplicate_normalized_skill
54330,prpc,duplicate_normalized_skill
54331,prt,duplicate_normalized_skill
54332,prt english,duplicate_normalized_skill
54338,ps,duplicate_normalized_skill
54340,psa,duplicate_normalized_skill
54341,pscad,duplicate_normalized_skill
54342,psm,duplicate_normalized_skill
54344,psr,invalid_short_skill
54345,pssr,duplicate_normalized_skill
54347,psu,duplicate_normalized_skill
54350,psychiatry,duplicate_normalized_skill
54352,psychologist,duplicate_normalized_skill
54353,psychology,duplicate_normalized_skill
54354,psychometric testing,duplicate_normalized_skill
54355,psychotherapy,duplicate_normalized_skill
54356,pt,duplicate_normalized_skill
54357,ptc,duplicate_normalized_skill
54359,pte,duplicate_normalized_skill
54361,ptl,duplicate_normalized_skill
54363,ptp,duplicate_normalized_skill
54367,public affairs,duplicate_normalized_skill
54369,public cloud,duplicate_normalized_skill
54370,public health,duplicate_normalized_skill
54374,public policy,duplicate_normalized_skill
54375,public relations,duplicate_normalized_skill
54376,publication,duplicate_normalized_skill
54377,publication writing,duplicate_normalized_skill
54380,publishing,duplicate_normalized_skill
54381,pubsub,duplicate_normalized_skill
54384,pulumi,duplicate_normalized_skill
54385,pump,duplicate_normalized_skill
54388,pumps,duplicate_normalized_skill
54391,punctual,duplicate_normalized_skill
54393,puppet,duplicate_normalized_skill
54394,puppeteer,duplicate_normalized_skill
54395,purchase,duplicate_normalized_skill
54396,purchase accounting,duplicate_normalized_skill
54398,purchase engineer,duplicate_normalized_skill
54399,purchase executive,duplicate_normalized_skill
54401,purchase management,duplicate_normalized_skill
54402,purchase order,duplicate_normalized_skill
54403,purchase order creation,duplicate_normalized_skill
54404,purchase order processing,duplicate_normalized_skill
54405,purchase orders,duplicate_normalized_skill
54406,purchase requisition,duplicate_normalized_skill
54408,purchasing,duplicate_normalized_skill
54416,push notification,duplicate_normalized_skill
54417,pv,duplicate_normalized_skill
54418,pvs,invalid_short_skill
54419,pvwa,duplicate_normalized_skill
54420,pwm,duplicate_normalized_skill
54422,pyhton,duplicate_normalized_skill
54423,pyp,duplicate_normalized_skill
54425,pyspark,duplicate_normalized_skill
54426,pytest,duplicate_normalized_skill
54427,pytest framework,duplicate_normalized_skill
54428,python Testing,duplicate_normalized_skill
54429,python automation,duplicate_normalized_skill
54431,python basics,duplicate_normalized_skill
54432,python coding,duplicate_normalized_skill
54434,python data,duplicate_normalized_skill
54435,python development,duplicate_normalized_skill
54436,python flask,duplicate_normalized_skill
54437,python framework,duplicate_normalized_skill
54439,python script,duplicate_normalized_skill
54440,python testing,duplicate_normalized_skill
54441,python web framework,duplicate_normalized_skill
54446,qTest,duplicate_normalized_skill
54447,qa,duplicate_normalized_skill
54448,qa analysis,duplicate_normalized_skill
54449,qa automation,duplicate_normalized_skill
54450,qa engineering,duplicate_normalized_skill
54452,qa management,duplicate_normalized_skill
54453,qa manual,duplicate_normalized_skill
54454,qa process,duplicate_normalized_skill
54456,qa testing,duplicate_normalized_skill
54457,qa tools,duplicate_normalized_skill
54458,qad,duplicate_normalized_skill
54459,qap,duplicate_normalized_skill
54461,qbd,duplicate_normalized_skill
54462,qc,duplicate_normalized_skill
54463,qc analysis,duplicate_normalized_skill
54465,qc inspection,duplicate_normalized_skill
54466,qc management,duplicate_normalized_skill
54469,qc tools,duplicate_normalized_skill
54470,qe,duplicate_normalized_skill
54471,qgis,duplicate_normalized_skill
54472,qlik,duplicate_normalized_skill
54473,qlik sense,duplicate_normalized_skill
54474,qliksense,duplicate_normalized_skill
54475,qlikview,duplicate_normalized_skill
54476,qlikview development,duplicate_normalized_skill
54478,qmc,invalid_short_skill
54479,qmf,invalid_short_skill
54480,qml,duplicate_normalized_skill
54481,qms,duplicate_normalized_skill
54483,qnx,duplicate_normalized_skill
54484,qos,duplicate_normalized_skill
54485,qra,duplicate_normalized_skill
54486,qradar,duplicate_normalized_skill
54488,qs,duplicate_normalized_skill
54489,qsr,duplicate_normalized_skill
54490,qt,duplicate_normalized_skill
54491,qtp,duplicate_normalized_skill
54492,qualification,duplicate_normalized_skill
54494,qualitative research,duplicate_normalized_skill
54495,quality,duplicate_normalized_skill
54496,quality analysis,duplicate_normalized_skill
54497,quality analyst,duplicate_normalized_skill
54499,quality assurance,duplicate_normalized_skill
54500,quality assurance engineering,duplicate_normalized_skill
54501,quality assurance systems,duplicate_normalized_skill
54502,quality assurance testing,duplicate_normalized_skill
54503,quality audit,duplicate_normalized_skill
54504,quality check,duplicate_normalized_skill
54505,quality compliance,duplicate_normalized_skill
54507,quality control,duplicate_normalized_skill
54508,quality control analysis,duplicate_normalized_skill
54509,quality control management,duplicate_normalized_skill
54510,quality department,duplicate_normalized_skill
54512,quality documentation,duplicate_normalized_skill
54513,quality engineering,duplicate_normalized_skill
54514,quality head,duplicate_normalized_skill
54515,quality improvement,duplicate_normalized_skill
54516,quality initiatives,duplicate_normalized_skill
54517,quality inspection,duplicate_normalized_skill
54519,quality inspector,duplicate_normalized_skill
54522,quality management,duplicate_normalized_skill
54523,quality management systems,duplicate_normalized_skill
54524,quality manager,duplicate_normalized_skill
54527,quality monitoring,duplicate_normalized_skill
54528,quality operations,duplicate_normalized_skill
54529,quality process,duplicate_normalized_skill
54533,quality standards,duplicate_normalized_skill
54534,quality systems,duplicate_normalized_skill
54535,quality testing,duplicate_normalized_skill
54536,quality tools,duplicate_normalized_skill
54538,qualys,duplicate_normalized_skill
54539,quant,duplicate_normalized_skill
54543,quantitative,duplicate_normalized_skill
54544,quantitative analysis,duplicate_normalized_skill
54545,quantitative analytics,duplicate_normalized_skill
54546,quantitative research,duplicate_normalized_skill
54548,quantitative techniques,duplicate_normalized_skill
54549,quantity estimation,duplicate_normalized_skill
54550,quantity surveying,duplicate_normalized_skill
54551,quantity surveyor,duplicate_normalized_skill
54554,quarkus,duplicate_normalized_skill
54557,query,duplicate_normalized_skill
54559,query optimization,duplicate_normalized_skill
54560,query resolution,duplicate_normalized_skill
54562,query tuning,duplicate_normalized_skill
54569,quick books,duplicate_normalized_skill
54570,quick learner,duplicate_normalized_skill
54572,quickbooks,duplicate_normalized_skill
54573,quicksight,duplicate_normalized_skill
54574,quotation,duplicate_normalized_skill
54578,qxdm,duplicate_normalized_skill
54579,r,duplicate_normalized_skill
54580,r and d,duplicate_normalized_skill
54581,r script,duplicate_normalized_skill
54582,r12,duplicate_normalized_skill
54583,r2r,duplicate_normalized_skill
54584,r2r process,duplicate_normalized_skill
54585,r3,invalid_short_skill
54586,ra,duplicate_normalized_skill
54587,rabbitmq,duplicate_normalized_skill
54588,rac,duplicate_normalized_skill
54589,raci,duplicate_normalized_skill
54590,racks,duplicate_normalized_skill
54591,rad,duplicate_normalized_skill
54592,radar,duplicate_normalized_skill
54594,radiation oncology,duplicate_normalized_skill
54596,radio,duplicate_normalized_skill
54598,radiography,duplicate_normalized_skill
54599,radiography testing,duplicate_normalized_skill
54600,radiologist,duplicate_normalized_skill
54602,radiology,duplicate_normalized_skill
54603,radiology coder,duplicate_normalized_skill
54605,radiology typing,duplicate_normalized_skill
54607,radius,duplicate_normalized_skill
54608,radware,duplicate_normalized_skill
54609,rag,duplicate_normalized_skill
54610,rail,duplicate_normalized_skill
54611,rails,duplicate_normalized_skill
54612,railways,duplicate_normalized_skill
54615,rally,duplicate_normalized_skill
54616,raml,duplicate_normalized_skill
54617,rams,duplicate_normalized_skill
54618,ran,duplicate_normalized_skill
54620,range planning,duplicate_normalized_skill
54621,rap,duplicate_normalized_skill
54623,rapport building,duplicate_normalized_skill
54625,ras,invalid_short_skill
54626,raspberry pi,duplicate_normalized_skill
54627,rate analysis,duplicate_normalized_skill
54628,rating,duplicate_normalized_skill
54629,ratio analysis,duplicate_normalized_skill
54630,rational,duplicate_normalized_skill
54632,raw,duplicate_normalized_skill
54633,raw material,duplicate_normalized_skill
54634,raw material inspection,duplicate_normalized_skill
54638,rbac,duplicate_normalized_skill
54639,rbi,duplicate_normalized_skill
54640,rca,duplicate_normalized_skill
54641,rcc,duplicate_normalized_skill
54642,rcdc,duplicate_normalized_skill
54643,rcm,duplicate_normalized_skill
54646,rcs,invalid_short_skill
54647,rcsa,duplicate_normalized_skill
54648,rct,duplicate_normalized_skill
54649,rcu,duplicate_normalized_skill
54650,rd,duplicate_normalized_skill
54651,rdbms,duplicate_normalized_skill
54652,rdbms concepts,duplicate_normalized_skill
54653,rdd,duplicate_normalized_skill
54654,rds,duplicate_normalized_skill
54655,re,duplicate_normalized_skill
54656,re framework,duplicate_normalized_skill
54660,react js,duplicate_normalized_skill
54662,react native,duplicate_normalized_skill
54664,react testing library,duplicate_normalized_skill
54665,reactivation,duplicate_normalized_skill
54670,reactive programming,duplicate_normalized_skill
54672,reader,duplicate_normalized_skill
54677,real estate,duplicate_normalized_skill
54681,real estate developer,duplicate_normalized_skill
54682,real estate management,duplicate_normalized_skill
54683,real estate projects,duplicate_normalized_skill
54685,real estate sales,duplicate_normalized_skill
54686,real estate sales manager,duplicate_normalized_skill
54687,real estate valuation,duplicate_normalized_skill
54688,real time analysis,duplicate_normalized_skill
54690,real time pcr,duplicate_normalized_skill
54691,real-time monitoring,duplicate_normalized_skill
54693,realestate sales,duplicate_normalized_skill
54694,rebates,duplicate_normalized_skill
54698,receivable,duplicate_normalized_skill
54699,receivable management,duplicate_normalized_skill
54702,reception,duplicate_normalized_skill
54704,receptionist,duplicate_normalized_skill
54705,receptionist activities,duplicate_normalized_skill
54707,recipe development,duplicate_normalized_skill
54708,recognition,duplicate_normalized_skill
54711,recon,duplicate_normalized_skill
54714,reconciliation,duplicate_normalized_skill
54718,record keeping,duplicate_normalized_skill
54720,record to report,duplicate_normalized_skill
54722,records,duplicate_normalized_skill
54723,records management,duplicate_normalized_skill
54724,recovery,duplicate_normalized_skill
54725,recovery management,duplicate_normalized_skill
54726,recovery operations,duplicate_normalized_skill
54727,recruiter,duplicate_normalized_skill
54729,recruiting,duplicate_normalized_skill
54730,recruitment,duplicate_normalized_skill
54739,recruitment life cycle,duplicate_normalized_skill
54740,recruitment management,duplicate_normalized_skill
54741,recruitment manager,duplicate_normalized_skill
54742,recruitment marketing,duplicate_normalized_skill
54745,recruitment operations,duplicate_normalized_skill
54746,recruitment process,duplicate_normalized_skill
54748,recruitment strategy,duplicate_normalized_skill
54751,recycling,duplicate_normalized_skill
54752,red,duplicate_normalized_skill
54753,red hat,duplicate_normalized_skill
54759,redhat enterprise Linux,duplicate_normalized_skill
54760,redhat linux,duplicate_normalized_skill
54761,redhat openshift,duplicate_normalized_skill
54763,redis,duplicate_normalized_skill
54764,redlining,duplicate_normalized_skill
54766,redshift,duplicate_normalized_skill
54769,redux,duplicate_normalized_skill
54777,referrals,duplicate_normalized_skill
54778,refinery,duplicate_normalized_skill
54780,refining,duplicate_normalized_skill
54781,reflow,duplicate_normalized_skill
54782,refraction,duplicate_normalized_skill
54783,refractory,duplicate_normalized_skill
54784,regional,duplicate_normalized_skill
54785,regional head,duplicate_normalized_skill
54787,regional management,duplicate_normalized_skill
54789,regional sales,duplicate_normalized_skill
54791,registered nurse,duplicate_normalized_skill
54793,regression modeling,duplicate_normalized_skill
54794,regression testing,duplicate_normalized_skill
54797,regulations,duplicate_normalized_skill
54798,regulatory,duplicate_normalized_skill
54800,regulatory affairs,duplicate_normalized_skill
54801,regulatory compliance,duplicate_normalized_skill
54803,regulatory frameworks,duplicate_normalized_skill
54805,regulatory guidelines,duplicate_normalized_skill
54807,regulatory operations,duplicate_normalized_skill
54810,regulatory reporting,duplicate_normalized_skill
54811,regulatory reports,duplicate_normalized_skill
54813,regulatory submissions,duplicate_normalized_skill
54815,rehabilitation,duplicate_normalized_skill
54818,reinforcement learning,duplicate_normalized_skill
54819,reinsurance,duplicate_normalized_skill
54821,rejection analysis,duplicate_normalized_skill
54827,relational databases,duplicate_normalized_skill
54828,relationship,duplicate_normalized_skill
54829,relationship building,duplicate_normalized_skill
54830,relationship development,duplicate_normalized_skill
54831,relationship executive,duplicate_normalized_skill
54833,relationship management,duplicate_normalized_skill
54834,relationship manager,duplicate_normalized_skill
54835,relationship officer,duplicate_normalized_skill
54839,relay testing,duplicate_normalized_skill
54840,release,duplicate_normalized_skill
54841,release and change management complex cross-team releases release governance SDLC compliance Agile/DevOps,sentence_or_description
54842,release engineering,duplicate_normalized_skill
54843,release governance,duplicate_normalized_skill
54845,release management,duplicate_normalized_skill
54847,release notes,duplicate_normalized_skill
54849,release testing,duplicate_normalized_skill
54850,reliability,duplicate_normalized_skill
54851,reliability engineering,duplicate_normalized_skill
54852,reliability testing,duplicate_normalized_skill
54853,reliable real-time monitoring and control of wind turbines,sentence_or_description
54855,reltio,duplicate_normalized_skill
54856,remarketing,duplicate_normalized_skill
54857,remediation,duplicate_normalized_skill
54858,remedy,duplicate_normalized_skill
54859,remedy developer,duplicate_normalized_skill
54860,remedy itsm,duplicate_normalized_skill
54862,remote,duplicate_normalized_skill
54863,remote desktop,duplicate_normalized_skill
54864,remote sensing,duplicate_normalized_skill
54865,remote support,duplicate_normalized_skill
54866,renal transplant,duplicate_normalized_skill
54867,rendering,duplicate_normalized_skill
54869,renewable energy,duplicate_normalized_skill
54871,renewals,duplicate_normalized_skill
54874,repair,duplicate_normalized_skill
54876,repair and maintenance,duplicate_normalized_skill
54878,repairing,duplicate_normalized_skill
54881,replication,duplicate_normalized_skill
54883,report,duplicate_normalized_skill
54884,report automation,duplicate_normalized_skill
54887,report development,duplicate_normalized_skill
54888,report generation,duplicate_normalized_skill
54889,report preparation & implementing corrective measures/ Strong proficiency in Excel,sentence_or_description
54892,report writing,duplicate_normalized_skill
54893,reporting,duplicate_normalized_skill
54894,reporting analysis,duplicate_normalized_skill
54895,reporting and analysis,duplicate_normalized_skill
54896,reporting and analytics,duplicate_normalized_skill
54899,reporting tax,duplicate_normalized_skill
54900,reporting tools,duplicate_normalized_skill
54901,reports,duplicate_normalized_skill
54903,req expereinced in fmcg products saels in delhi market,sentence_or_description
54904,required basic computer knowledge,experience_or_description_phrase
54905,required basic knowledge of all departments in manufacturing industry,experience_or_description_phrase
54906,requirement analysis,duplicate_normalized_skill
54908,requirement engineering,duplicate_normalized_skill
54909,requirement gathering,duplicate_normalized_skill
54910,requirement planning,duplicate_normalized_skill
54911,requirements,duplicate_normalized_skill
54914,requirements management,duplicate_normalized_skill
54916,requisition,duplicate_normalized_skill
54918,research,duplicate_normalized_skill
54919,research analysis,duplicate_normalized_skill
54920,research analyst,duplicate_normalized_skill
54922,research and development,duplicate_normalized_skill
54925,research methodology,duplicate_normalized_skill
54928,research reports,duplicate_normalized_skill
54930,reservation,duplicate_normalized_skill
54931,reservations executive,duplicate_normalized_skill
54935,resident medical officer,duplicate_normalized_skill
54936,residential,duplicate_normalized_skill
54939,residential sales,duplicate_normalized_skill
54942,resin,duplicate_normalized_skill
54944,resolution,duplicate_normalized_skill
54949,resort,duplicate_normalized_skill
54951,resource,duplicate_normalized_skill
54952,resource allocation,duplicate_normalized_skill
54954,resource coordination,duplicate_normalized_skill
54955,resource management,duplicate_normalized_skill
54956,resource planning,duplicate_normalized_skill
54957,resource utilization,duplicate_normalized_skill
54962,responsive design,duplicate_normalized_skill
54964,responsive ui,duplicate_normalized_skill
54966,responsive web design,duplicate_normalized_skill
54968,rest api design,duplicate_normalized_skill
54969,rest api development,duplicate_normalized_skill
54970,rest api services,duplicate_normalized_skill
54971,rest api testing,duplicate_normalized_skill
54973,rest assured,duplicate_normalized_skill
54974,rest soap,duplicate_normalized_skill
54975,rest web,duplicate_normalized_skill
54976,rest web api,duplicate_normalized_skill
54977,restAPI,duplicate_normalized_skill
54978,restapi,duplicate_normalized_skill
54979,restaurant,duplicate_normalized_skill
54980,restaurant management,duplicate_normalized_skill
54981,restaurant manager,duplicate_normalized_skill
54982,restful,duplicate_normalized_skill
54983,restful API Integration,duplicate_normalized_skill
54984,restful apis,duplicate_normalized_skill
54985,restful web,duplicate_normalized_skill
54986,restfull api,duplicate_normalized_skill
54987,restoration,duplicate_normalized_skill
54989,restore,duplicate_normalized_skill
54991,restructuring,duplicate_normalized_skill
54994,retail,duplicate_normalized_skill
54995,retail HR,duplicate_normalized_skill
54996,retail analytics,duplicate_normalized_skill
54998,retail banking,duplicate_normalized_skill
54999,retail branch banking,duplicate_normalized_skill
55000,retail branch operations,duplicate_normalized_skill
55001,retail business,duplicate_normalized_skill
55003,retail channel sales,duplicate_normalized_skill
55004,retail credit,duplicate_normalized_skill
55007,retail management,duplicate_normalized_skill
55008,retail marketing,duplicate_normalized_skill
55009,retail operations,duplicate_normalized_skill
55010,retail operations management,duplicate_normalized_skill
55012,retail outlets,duplicate_normalized_skill
55013,retail pharmacist,duplicate_normalized_skill
55014,retail projects,duplicate_normalized_skill
55015,retail sales,duplicate_normalized_skill
55016,retail sales executive,duplicate_normalized_skill
55017,retail sales management,duplicate_normalized_skill
55019,retail store operations,duplicate_normalized_skill
55020,retailer,duplicate_normalized_skill
55022,retails,duplicate_normalized_skill
55024,retention,duplicate_normalized_skill
55025,retention marketing,duplicate_normalized_skill
55026,retention strategies,duplicate_normalized_skill
55028,retirement,duplicate_normalized_skill
55029,retirement benefits,duplicate_normalized_skill
55031,retouching,duplicate_normalized_skill
55032,retrofit,duplicate_normalized_skill
55033,reuters,duplicate_normalized_skill
55034,revenue,duplicate_normalized_skill
55036,revenue accounting,duplicate_normalized_skill
55037,revenue analysis,duplicate_normalized_skill
55038,revenue assurance,duplicate_normalized_skill
55039,revenue cycle management,duplicate_normalized_skill
55040,revenue generation,duplicate_normalized_skill
55042,revenue growth,duplicate_normalized_skill
55044,revenue management,duplicate_normalized_skill
55045,revenue operations,duplicate_normalized_skill
55046,revenue planning,duplicate_normalized_skill
55047,revenue recognition,duplicate_normalized_skill
55048,revenue reporting,duplicate_normalized_skill
55049,reverse logistics,duplicate_normalized_skill
55050,reverse osmosis,duplicate_normalized_skill
55051,review,duplicate_normalized_skill
55057,review process,duplicate_normalized_skill
55058,reviewer,duplicate_normalized_skill
55061,revit,duplicate_normalized_skill
55062,revit MEP,duplicate_normalized_skill
55063,revit architecture,duplicate_normalized_skill
55064,revit mep,duplicate_normalized_skill
55065,revit structure,duplicate_normalized_skill
55066,rewards,duplicate_normalized_skill
55067,rexx,duplicate_normalized_skill
55069,rf,duplicate_normalized_skill
55070,rf design,duplicate_normalized_skill
55071,rf engineering,duplicate_normalized_skill
55072,rf testing,duplicate_normalized_skill
55073,rfc,duplicate_normalized_skill
55074,rfcs,duplicate_normalized_skill
55075,rfi,duplicate_normalized_skill
55076,rfid,duplicate_normalized_skill
55077,rfp,duplicate_normalized_skill
55078,rfps,duplicate_normalized_skill
55079,rfq,duplicate_normalized_skill
55080,rfqs,duplicate_normalized_skill
55081,rfx,duplicate_normalized_skill
55082,rhapsody,duplicate_normalized_skill
55086,rhel,duplicate_normalized_skill
55087,rhel linux,duplicate_normalized_skill
55088,rheumatology,duplicate_normalized_skill
55089,rhino,duplicate_normalized_skill
55090,rice,duplicate_normalized_skill
55091,rice components,duplicate_normalized_skill
55093,ricef,duplicate_normalized_skill
55095,ricefw,duplicate_normalized_skill
55096,ricew,duplicate_normalized_skill
55097,ride,duplicate_normalized_skill
55098,rider handling,duplicate_normalized_skill
55099,rider hiring,duplicate_normalized_skill
55100,rigging,duplicate_normalized_skill
55101,right issue,duplicate_normalized_skill
55103,rigid packaging,duplicate_normalized_skill
55104,rim,duplicate_normalized_skill
55106,risc,duplicate_normalized_skill
55108,risk,duplicate_normalized_skill
55110,risk advisory,duplicate_normalized_skill
55111,risk analysis,duplicate_normalized_skill
55112,risk and compliance,duplicate_normalized_skill
55113,risk assessment,duplicate_normalized_skill
55115,risk assessments,duplicate_normalized_skill
55116,risk assurance,duplicate_normalized_skill
55118,risk compliance,duplicate_normalized_skill
55119,risk consulting,duplicate_normalized_skill
55120,risk control,duplicate_normalized_skill
55122,risk engineering,duplicate_normalized_skill
55124,risk governance,duplicate_normalized_skill
55126,risk investigator,duplicate_normalized_skill
55127,risk management,duplicate_normalized_skill
55129,risk mitigation,duplicate_normalized_skill
55130,risk modeling,duplicate_normalized_skill
55131,risk reporting,duplicate_normalized_skill
55132,rive,duplicate_normalized_skill
55133,riverbed,duplicate_normalized_skill
55134,rlc,duplicate_normalized_skill
55135,rlu,invalid_short_skill
55136,rma,duplicate_normalized_skill
55137,rman,duplicate_normalized_skill
55139,rmf,duplicate_normalized_skill
55140,rmg,duplicate_normalized_skill
55141,rmo,duplicate_normalized_skill
55142,rms,duplicate_normalized_skill
55144,road construction,duplicate_normalized_skill
55147,road safety,duplicate_normalized_skill
55148,road work,duplicate_normalized_skill
55149,roadmap,duplicate_normalized_skill
55152,roas,duplicate_normalized_skill
55154,robot,duplicate_normalized_skill
55155,robot framework,duplicate_normalized_skill
55158,robot programming,duplicate_normalized_skill
55159,robotic automation,duplicate_normalized_skill
55160,robotic painting,duplicate_normalized_skill
55162,robotic process,duplicate_normalized_skill
55163,robotic process automation,duplicate_normalized_skill
55165,robotics,duplicate_normalized_skill
55167,robotics trainer,duplicate_normalized_skill
55168,roc,duplicate_normalized_skill
55169,rockwell,duplicate_normalized_skill
55171,roi,duplicate_normalized_skill
55174,rollout,duplicate_normalized_skill
55175,roofing,duplicate_normalized_skill
55177,room,duplicate_normalized_skill
55179,room sales,duplicate_normalized_skill
55180,room service,duplicate_normalized_skill
55181,root canal treatment,duplicate_normalized_skill
55182,root cause,duplicate_normalized_skill
55183,root cause analysis,duplicate_normalized_skill
55185,ror,duplicate_normalized_skill
55186,rostering,duplicate_normalized_skill
55187,rotating,duplicate_normalized_skill
55188,rotating equipments,duplicate_normalized_skill
55189,rotational Shifts,duplicate_normalized_skill
55190,rotational shifts,duplicate_normalized_skill
55191,route optimization,duplicate_normalized_skill
55192,route planning,duplicate_normalized_skill
55193,route3,duplicate_normalized_skill
55194,route53,duplicate_normalized_skill
55195,router,duplicate_normalized_skill
55198,routine maintenance,duplicate_normalized_skill
55199,routing,duplicate_normalized_skill
55200,routing and switching,duplicate_normalized_skill
55202,routing protocols,duplicate_normalized_skill
55203,roven experience as an HR Manager or in a relevant HR role. - Strong knowledge of labor laws and HR best practices. - Excellent interpersonal,experience_or_description_phrase
55204,rpa,duplicate_normalized_skill
55205,rpa development,duplicate_normalized_skill
55206,rpa tool,duplicate_normalized_skill
55207,rpa ui path,duplicate_normalized_skill
55209,rpc,duplicate_normalized_skill
55210,rpd,duplicate_normalized_skill
55211,rpg,duplicate_normalized_skill
55212,rpgle,duplicate_normalized_skill
55213,rpm,duplicate_normalized_skill
55214,rpo,duplicate_normalized_skill
55215,rrc,duplicate_normalized_skill
55217,rs232,duplicate_normalized_skill
55218,rs485,duplicate_normalized_skill
55219,rsa,duplicate_normalized_skill
55220,rsa archer,duplicate_normalized_skill
55221,rsm,duplicate_normalized_skill
55223,rt,duplicate_normalized_skill
55224,rt technologist,duplicate_normalized_skill
55225,rta,duplicate_normalized_skill
55226,rtb,invalid_short_skill
55228,rtd,duplicate_normalized_skill
55229,rte,duplicate_normalized_skill
55230,rtgs,duplicate_normalized_skill
55231,rti,invalid_short_skill
55233,rtl,duplicate_normalized_skill
55234,rtl coding,duplicate_normalized_skill
55235,rtl design,duplicate_normalized_skill
55237,rtm,duplicate_normalized_skill
55238,rto,duplicate_normalized_skill
55239,rtos,duplicate_normalized_skill
55240,rtp,duplicate_normalized_skill
55241,rtr,duplicate_normalized_skill
55242,rubber,duplicate_normalized_skill
55248,ruby,duplicate_normalized_skill
55249,ruby on rails,duplicate_normalized_skill
55250,ruby rails,duplicate_normalized_skill
55251,ruby scripting,duplicate_normalized_skill
55252,rules,duplicate_normalized_skill
55258,rust,duplicate_normalized_skill
55260,rwd,invalid_short_skill
55261,rx,invalid_short_skill
55262,rxjava,duplicate_normalized_skill
55263,rxjs,duplicate_normalized_skill
55265,s,duplicate_normalized_skill
55266,s 4 Hana,duplicate_normalized_skill
55269,s/4 hana,duplicate_normalized_skill
55270,s1000d,numeric_or_code_noise
55271,s2p,duplicate_normalized_skill
55272,s3,duplicate_normalized_skill
55273,s4,duplicate_normalized_skill
55274,s4 Hana,duplicate_normalized_skill
55276,s4 hana,duplicate_normalized_skill
55277,s4/HANA,duplicate_normalized_skill
55278,s4h,duplicate_normalized_skill
55279,s4hana,duplicate_normalized_skill
55281,saas,duplicate_normalized_skill
55282,saas applications,duplicate_normalized_skill
55283,saas sales,duplicate_normalized_skill
55285,sabre,duplicate_normalized_skill
55288,sac,duplicate_normalized_skill
55291,sacs,duplicate_normalized_skill
55293,safety,duplicate_normalized_skill
55294,safety analysis,duplicate_normalized_skill
55297,safety audit,duplicate_normalized_skill
55298,safety awareness,duplicate_normalized_skill
55299,safety awareness are crucial for success in this role,sentence_or_description
55301,safety compliance,duplicate_normalized_skill
55303,safety engineering,duplicate_normalized_skill
55305,safety implementation,duplicate_normalized_skill
55306,safety inspection,duplicate_normalized_skill
55307,safety management,duplicate_normalized_skill
55309,safety management system,duplicate_normalized_skill
55310,safety officer,duplicate_normalized_skill
55313,safety protocols,duplicate_normalized_skill
55314,safety regulations,duplicate_normalized_skill
55316,safety training,duplicate_normalized_skill
55317,sag,invalid_short_skill
55319,sage,duplicate_normalized_skill
55320,sail,duplicate_normalized_skill
55321,sailpoint,duplicate_normalized_skill
55322,sailpoint IIQ,duplicate_normalized_skill
55324,salary negotiation,duplicate_normalized_skill
55325,sale,duplicate_normalized_skill
55326,sales & marketing,duplicate_normalized_skill
55328,sales Development,duplicate_normalized_skill
55330,sales Head,duplicate_normalized_skill
55331,sales Management,duplicate_normalized_skill
55332,sales Planning,duplicate_normalized_skill
55333,sales ability,duplicate_normalized_skill
55334,sales account,duplicate_normalized_skill
55335,sales account management,duplicate_normalized_skill
55336,sales accounting,duplicate_normalized_skill
55338,sales achievement,duplicate_normalized_skill
55339,sales activities,duplicate_normalized_skill
55341,sales administration,duplicate_normalized_skill
55342,sales advisor,duplicate_normalized_skill
55343,sales analysis,duplicate_normalized_skill
55344,sales analytics,duplicate_normalized_skill
55346,sales and business development,duplicate_normalized_skill
55348,sales and distribution,duplicate_normalized_skill
55350,sales and marketing,duplicate_normalized_skill
55352,sales and negotiation,duplicate_normalized_skill
55353,sales and operations planning,duplicate_normalized_skill
55354,sales and service,duplicate_normalized_skill
55356,sales associate,duplicate_normalized_skill
55360,sales compensation,duplicate_normalized_skill
55361,sales consultant,duplicate_normalized_skill
55362,sales consulting,duplicate_normalized_skill
55363,sales coordination,duplicate_normalized_skill
55364,sales coordinator,duplicate_normalized_skill
55366,sales cycle,duplicate_normalized_skill
55368,sales development,duplicate_normalized_skill
55370,sales enablement,duplicate_normalized_skill
55371,sales engineer,duplicate_normalized_skill
55372,sales engineering,duplicate_normalized_skill
55374,sales executive,duplicate_normalized_skill
55375,sales executive activities,duplicate_normalized_skill
55376,sales expertise,duplicate_normalized_skill
55380,sales force automation,duplicate_normalized_skill
55381,sales force development,duplicate_normalized_skill
55382,sales forecasting,duplicate_normalized_skill
55384,sales generation,duplicate_normalized_skill
55385,sales governance,duplicate_normalized_skill
55386,sales growth,duplicate_normalized_skill
55387,sales head,duplicate_normalized_skill
55390,sales initiatives,duplicate_normalized_skill
55392,sales invoice,duplicate_normalized_skill
55394,sales lead generation,duplicate_normalized_skill
55395,sales life insurance,duplicate_normalized_skill
55397,sales management,duplicate_normalized_skill
55398,sales manager,duplicate_normalized_skill
55399,sales mis,duplicate_normalized_skill
55400,sales navigator,duplicate_normalized_skill
55402,sales officer,duplicate_normalized_skill
55403,sales operations,duplicate_normalized_skill
55404,sales order,duplicate_normalized_skill
55406,sales order processing,duplicate_normalized_skill
55408,sales planning,duplicate_normalized_skill
55410,sales presentations,duplicate_normalized_skill
55411,sales process,duplicate_normalized_skill
55412,sales promoter,duplicate_normalized_skill
55413,sales promotion,duplicate_normalized_skill
55419,sales report,duplicate_normalized_skill
55420,sales reporting,duplicate_normalized_skill
55421,sales representative,duplicate_normalized_skill
55422,sales review,duplicate_normalized_skill
55424,sales service,duplicate_normalized_skill
55425,sales service cloud,duplicate_normalized_skill
55427,sales strategy,duplicate_normalized_skill
55428,sales strategy development and execution Team leadership and Motivation,sentence_or_description
55429,sales support,duplicate_normalized_skill
55433,sales target,duplicate_normalized_skill
55434,sales targets,duplicate_normalized_skill
55436,sales tax,duplicate_normalized_skill
55438,sales team management,duplicate_normalized_skill
55441,sales trainer,duplicate_normalized_skill
55442,sales training,duplicate_normalized_skill
55445,salesforce,duplicate_normalized_skill
55446,salesforce CRM,duplicate_normalized_skill
55448,salesforce Developer,duplicate_normalized_skill
55449,salesforce Implementation,duplicate_normalized_skill
55450,salesforce admin,duplicate_normalized_skill
55451,salesforce administration,duplicate_normalized_skill
55452,salesforce application development,duplicate_normalized_skill
55455,salesforce certification,duplicate_normalized_skill
55456,salesforce commerce cloud,duplicate_normalized_skill
55458,salesforce cpq,duplicate_normalized_skill
55459,salesforce crm,duplicate_normalized_skill
55460,salesforce dx,duplicate_normalized_skill
55465,salesforce integration,duplicate_normalized_skill
55467,salesforce lightning,duplicate_normalized_skill
55468,salesforce marketing cloud,duplicate_normalized_skill
55469,salesforce platform,duplicate_normalized_skill
55470,salesforce qa,duplicate_normalized_skill
55471,salesforce sales cloud,duplicate_normalized_skill
55473,salesforce service cloud,duplicate_normalized_skill
55476,salesforce testing,duplicate_normalized_skill
55478,salt,duplicate_normalized_skill
55482,saml,duplicate_normalized_skill
55483,sample collection,duplicate_normalized_skill
55485,sample testing,duplicate_normalized_skill
55486,sampling,duplicate_normalized_skill
55489,san,duplicate_normalized_skill
55491,sanction screening,duplicate_normalized_skill
55493,sanitary,duplicate_normalized_skill
55494,sanitary ware,duplicate_normalized_skill
55497,sanity testing,duplicate_normalized_skill
55501,sap abap,duplicate_normalized_skill
55502,sap abap crm,duplicate_normalized_skill
55503,sap abap development,duplicate_normalized_skill
55504,sap abap development for hana,duplicate_normalized_skill
55505,sap abap hana,duplicate_normalized_skill
55506,sap abap object oriented,duplicate_normalized_skill
55508,sap accounting,duplicate_normalized_skill
55509,sap activate methodology,duplicate_normalized_skill
55511,sap administration,duplicate_normalized_skill
55513,sap analytics cloud,duplicate_normalized_skill
55514,sap apo,duplicate_normalized_skill
55515,sap apo dp,duplicate_normalized_skill
55516,sap apo ppds,duplicate_normalized_skill
55518,sap application,duplicate_normalized_skill
55519,sap architecture,duplicate_normalized_skill
55520,sap ariba,duplicate_normalized_skill
55522,sap automation,duplicate_normalized_skill
55523,sap automation testing,duplicate_normalized_skill
55524,sap b1,duplicate_normalized_skill
55526,sap basis,duplicate_normalized_skill
55527,sap basis administration,duplicate_normalized_skill
55528,sap basis hana,duplicate_normalized_skill
55529,sap bi,duplicate_normalized_skill
55530,sap bi / bw,duplicate_normalized_skill
55532,sap billing,duplicate_normalized_skill
55533,sap bo,duplicate_normalized_skill
55534,sap bods,duplicate_normalized_skill
55535,sap bpc,duplicate_normalized_skill
55536,sap btp,duplicate_normalized_skill
55538,sap business bydesign,duplicate_normalized_skill
55539,sap business intelligence,duplicate_normalized_skill
55540,sap business objects data services,duplicate_normalized_skill
55541,sap business planning and consolidation,duplicate_normalized_skill
55542,sap business warehouse,duplicate_normalized_skill
55543,sap business workflow,duplicate_normalized_skill
55544,sap businessobjects,duplicate_normalized_skill
55545,sap bw,duplicate_normalized_skill
55547,sap c4c,duplicate_normalized_skill
55550,sap callidus,duplicate_normalized_skill
55551,sap car,duplicate_normalized_skill
55552,sap cds,duplicate_normalized_skill
55553,sap cloud,duplicate_normalized_skill
55554,sap cloud platform,duplicate_normalized_skill
55556,sap co,duplicate_normalized_skill
55558,sap configuration,duplicate_normalized_skill
55559,sap consulting,duplicate_normalized_skill
55560,sap controlling,duplicate_normalized_skill
55561,sap copa,duplicate_normalized_skill
55562,sap cpi,duplicate_normalized_skill
55563,sap crm,duplicate_normalized_skill
55564,sap crm technical,duplicate_normalized_skill
55566,sap customer service,duplicate_normalized_skill
55567,sap data migration,duplicate_normalized_skill
55568,sap data services,duplicate_normalized_skill
55569,sap development,duplicate_normalized_skill
55571,sap eam,duplicate_normalized_skill
55572,sap ecc,duplicate_normalized_skill
55574,sap ehs,duplicate_normalized_skill
55575,sap em,duplicate_normalized_skill
55577,sap enterprise portal,duplicate_normalized_skill
55578,sap erp,duplicate_normalized_skill
55579,sap ewm,duplicate_normalized_skill
55580,sap fi,duplicate_normalized_skill
55582,sap fica,duplicate_normalized_skill
55583,sap fico,duplicate_normalized_skill
55584,sap fico consultant,duplicate_normalized_skill
55585,sap fico implementation,duplicate_normalized_skill
55586,sap fico module,duplicate_normalized_skill
55587,sap fin co,duplicate_normalized_skill
55588,sap finance,duplicate_normalized_skill
55589,sap financial accounting,duplicate_normalized_skill
55590,sap fiori,duplicate_normalized_skill
55593,sap fiori ui5,duplicate_normalized_skill
55596,sap for utilities billing,duplicate_normalized_skill
55598,sap fsm,duplicate_normalized_skill
55599,sap functional consultant,duplicate_normalized_skill
55602,sap global trade services,duplicate_normalized_skill
55603,sap grc,duplicate_normalized_skill
55604,sap grc access control,duplicate_normalized_skill
55606,sap hana,duplicate_normalized_skill
55608,sap hana cloud integration,duplicate_normalized_skill
55609,sap hana technical architecture,duplicate_normalized_skill
55610,sap hcm,duplicate_normalized_skill
55611,sap hcm on premise abap,duplicate_normalized_skill
55613,sap hr,duplicate_normalized_skill
55614,sap hybris,duplicate_normalized_skill
55615,sap hybris commerce,duplicate_normalized_skill
55616,sap ibp,duplicate_normalized_skill
55618,sap implementation,duplicate_normalized_skill
55621,sap integration,duplicate_normalized_skill
55623,sap is,duplicate_normalized_skill
55625,sap is-retail,duplicate_normalized_skill
55626,sap is-utilities,duplicate_normalized_skill
55627,sap isu,duplicate_normalized_skill
55628,sap le,duplicate_normalized_skill
55630,sap master data,duplicate_normalized_skill
55631,sap master data governance,duplicate_normalized_skill
55632,sap master data management,duplicate_normalized_skill
55633,sap mdg,duplicate_normalized_skill
55634,sap mdg technical,duplicate_normalized_skill
55635,sap mdm,duplicate_normalized_skill
55637,sap migration,duplicate_normalized_skill
55639,sap mm,duplicate_normalized_skill
55640,sap mm hana,duplicate_normalized_skill
55641,sap mm implementation,duplicate_normalized_skill
55642,sap mm materials management,duplicate_normalized_skill
55643,sap mm module,duplicate_normalized_skill
55644,sap mm wm,duplicate_normalized_skill
55647,sap module,duplicate_normalized_skill
55648,sap mrp,duplicate_normalized_skill
55649,sap native hana,duplicate_normalized_skill
55650,sap netweaver,duplicate_normalized_skill
55653,sap otc,duplicate_normalized_skill
55655,sap pi,duplicate_normalized_skill
55656,sap pi po,duplicate_normalized_skill
55657,sap plant maintenance,duplicate_normalized_skill
55659,sap plm,duplicate_normalized_skill
55660,sap pm,duplicate_normalized_skill
55661,sap popi,duplicate_normalized_skill
55662,sap portal,duplicate_normalized_skill
55663,sap pp,duplicate_normalized_skill
55665,sap pp module,duplicate_normalized_skill
55666,sap pp qm,duplicate_normalized_skill
55667,sap presales,duplicate_normalized_skill
55668,sap process orchestration,duplicate_normalized_skill
55670,sap production planning,duplicate_normalized_skill
55671,sap project management,duplicate_normalized_skill
55672,sap project manager,duplicate_normalized_skill
55673,sap project systems,duplicate_normalized_skill
55674,sap ps,duplicate_normalized_skill
55675,sap qm,duplicate_normalized_skill
55677,sap qm module,duplicate_normalized_skill
55678,sap quality management,duplicate_normalized_skill
55679,sap r3,duplicate_normalized_skill
55680,sap retail,duplicate_normalized_skill
55681,sap s hana,duplicate_normalized_skill
55683,sap s4 hana,duplicate_normalized_skill
55684,sap sales and distribution,duplicate_normalized_skill
55685,sap scm,duplicate_normalized_skill
55686,sap scm apo advanced planning,duplicate_normalized_skill
55687,sap scripts,duplicate_normalized_skill
55688,sap sd,duplicate_normalized_skill
55689,sap security,duplicate_normalized_skill
55690,sap security administration,duplicate_normalized_skill
55693,sap software,duplicate_normalized_skill
55694,sap solman,duplicate_normalized_skill
55695,sap srm,duplicate_normalized_skill
55696,sap success factor,duplicate_normalized_skill
55698,sap successfactors recruiting,duplicate_normalized_skill
55700,sap support,duplicate_normalized_skill
55702,sap testing,duplicate_normalized_skill
55703,sap time management,duplicate_normalized_skill
55704,sap tm,duplicate_normalized_skill
55707,sap transportation management,duplicate_normalized_skill
55708,sap trm,duplicate_normalized_skill
55709,sap upgrade,duplicate_normalized_skill
55710,sap vc,duplicate_normalized_skill
55711,sap vendor invoice management,duplicate_normalized_skill
55715,sap warehouse management,duplicate_normalized_skill
55717,sap wm,duplicate_normalized_skill
55718,sap wms,duplicate_normalized_skill
55719,sap workflow,duplicate_normalized_skill
55723,saps,duplicate_normalized_skill
55724,sapui5,duplicate_normalized_skill
55725,sas,duplicate_normalized_skill
55726,sas analytics,duplicate_normalized_skill
55727,sas bi,duplicate_normalized_skill
55728,sas connect,duplicate_normalized_skill
55729,sas di,duplicate_normalized_skill
55730,sas enterprise guide,duplicate_normalized_skill
55732,sas macros,duplicate_normalized_skill
55733,sas programming,duplicate_normalized_skill
55734,sas sql,duplicate_normalized_skill
55735,sas visual analytics,duplicate_normalized_skill
55736,sas viya,duplicate_normalized_skill
55737,sass,duplicate_normalized_skill
55738,sast,duplicate_normalized_skill
55740,sata,duplicate_normalized_skill
55741,satellite,duplicate_normalized_skill
55742,saving,duplicate_normalized_skill
55743,saving account,duplicate_normalized_skill
55744,savings account,duplicate_normalized_skill
55745,saviynt,duplicate_normalized_skill
55747,sbc,duplicate_normalized_skill
55749,sbu,duplicate_normalized_skill
55750,sc,duplicate_normalized_skill
55751,scada,duplicate_normalized_skill
55752,scala,duplicate_normalized_skill
55753,scala programming,duplicate_normalized_skill
55754,scalability,duplicate_normalized_skill
55757,scale,duplicate_normalized_skill
55758,scale up,duplicate_normalized_skill
55759,scaled agile framework,duplicate_normalized_skill
55762,scaling,duplicate_normalized_skill
55764,scan insertion,duplicate_normalized_skill
55765,scanning,duplicate_normalized_skill
55767,sccm,duplicate_normalized_skill
55768,sccm administration,duplicate_normalized_skill
55769,schedule,duplicate_normalized_skill
55770,schedule E,duplicate_normalized_skill
55774,schedule planning,duplicate_normalized_skill
55775,scheduler,duplicate_normalized_skill
55777,schedules and drawings to determine material scope accurately,sentence_or_description
55778,scheduling,duplicate_normalized_skill
55780,scheduling meetings,duplicate_normalized_skill
55781,schema,duplicate_normalized_skill
55782,schematic,duplicate_normalized_skill
55783,schematic capture,duplicate_normalized_skill
55784,schematic design,duplicate_normalized_skill
55786,schematics,duplicate_normalized_skill
55787,scheme,duplicate_normalized_skill
55792,school,duplicate_normalized_skill
55793,school administration,duplicate_normalized_skill
55797,school management,duplicate_normalized_skill
55798,school operations,duplicate_normalized_skill
55799,school principal,duplicate_normalized_skill
55800,school teacher,duplicate_normalized_skill
55801,science,duplicate_normalized_skill
55805,scientific writing,duplicate_normalized_skill
55806,scim,duplicate_normalized_skill
55807,scipy,duplicate_normalized_skill
55808,scm,duplicate_normalized_skill
55809,scm cloud,duplicate_normalized_skill
55811,scm modules,duplicate_normalized_skill
55812,scm operations,duplicate_normalized_skill
55813,scobol,duplicate_normalized_skill
55814,scom,duplicate_normalized_skill
55816,scope management,duplicate_normalized_skill
55817,scorm,duplicate_normalized_skill
55818,scp,duplicate_normalized_skill
55819,scr,duplicate_normalized_skill
55820,screaming frog,duplicate_normalized_skill
55823,screening,duplicate_normalized_skill
55824,screening resumes,duplicate_normalized_skill
55828,script writing,duplicate_normalized_skill
55829,scripting,duplicate_normalized_skill
55830,scripting languages,duplicate_normalized_skill
55834,scrum,duplicate_normalized_skill
55835,scrum development,duplicate_normalized_skill
55836,scrum master,duplicate_normalized_skill
55839,sd,duplicate_normalized_skill
55840,sd module,duplicate_normalized_skill
55841,sda,duplicate_normalized_skill
55842,sde,duplicate_normalized_skill
55843,sdet,duplicate_normalized_skill
55844,sdh,duplicate_normalized_skill
55845,sdk,duplicate_normalized_skill
55846,sdks,duplicate_normalized_skill
55847,sdlc,duplicate_normalized_skill
55848,sdlc process,duplicate_normalized_skill
55849,sdn,invalid_short_skill
55851,sdr,duplicate_normalized_skill
55852,sds,duplicate_normalized_skill
55853,sdtm,duplicate_normalized_skill
55854,sdwan,duplicate_normalized_skill
55855,sea,duplicate_normalized_skill
55857,sea freight,duplicate_normalized_skill
55861,search engine,duplicate_normalized_skill
55863,search engine optimization,duplicate_normalized_skill
55864,search engines,duplicate_normalized_skill
55865,searching,duplicate_normalized_skill
55867,seasoning,duplicate_normalized_skill
55868,sebi,duplicate_normalized_skill
55869,sebi regulations,duplicate_normalized_skill
55870,sec,duplicate_normalized_skill
55873,secondary,duplicate_normalized_skill
55875,secondary research,duplicate_normalized_skill
55877,secondary sales,duplicate_normalized_skill
55878,secops,duplicate_normalized_skill
55879,secretarial activities,duplicate_normalized_skill
55880,secretarial skills,duplicate_normalized_skill
55881,secretary,duplicate_normalized_skill
55883,secure coding,duplicate_normalized_skill
55884,secure sdlc,duplicate_normalized_skill
55885,secured loan,duplicate_normalized_skill
55886,securities,duplicate_normalized_skill
55887,securities law,duplicate_normalized_skill
55888,securities lending,duplicate_normalized_skill
55889,security,duplicate_normalized_skill
55890,security Officer,duplicate_normalized_skill
55891,security administration,duplicate_normalized_skill
55892,security analysis,duplicate_normalized_skill
55894,security architect,duplicate_normalized_skill
55897,security audit,duplicate_normalized_skill
55899,security automation,duplicate_normalized_skill
55900,security compliance,duplicate_normalized_skill
55901,security consulting,duplicate_normalized_skill
55903,security engineering,duplicate_normalized_skill
55904,security framework,duplicate_normalized_skill
55905,security guidelines at large banks for on-premise setups,sentence_or_description
55907,security implementation,duplicate_normalized_skill
55908,security information and event management,duplicate_normalized_skill
55910,security management,duplicate_normalized_skill
55912,security monitoring,duplicate_normalized_skill
55913,security operation center,duplicate_normalized_skill
55914,security operations,duplicate_normalized_skill
55915,security operations center,duplicate_normalized_skill
55919,security protocols,duplicate_normalized_skill
55921,security services,duplicate_normalized_skill
55924,security systems,duplicate_normalized_skill
55925,security testing,duplicate_normalized_skill
55927,security training,duplicate_normalized_skill
55928,security+,duplicate_normalized_skill
55930,seeds,duplicate_normalized_skill
55931,segmentation,duplicate_normalized_skill
55932,seismic,duplicate_normalized_skill
55934,selection,duplicate_normalized_skill
55935,selection process,duplicate_normalized_skill
55938,selenium,duplicate_normalized_skill
55939,selenium automation,duplicate_normalized_skill
55940,selenium automation testing,duplicate_normalized_skill
55944,selenium testing,duplicate_normalized_skill
55945,selenium webdriver,duplicate_normalized_skill
55946,selenium with java,duplicate_normalized_skill
55952,selling,duplicate_normalized_skill
55954,selling skills,duplicate_normalized_skill
55958,sem,duplicate_normalized_skill
55959,sem / seo,duplicate_normalized_skill
55960,semantic,duplicate_normalized_skill
55964,semarchy,duplicate_normalized_skill
55966,semi qualified CA,duplicate_normalized_skill
55968,semi voice,duplicate_normalized_skill
55969,semiconductor,duplicate_normalized_skill
55970,semiconductor manufacturing,duplicate_normalized_skill
55972,seminars,duplicate_normalized_skill
55974,semrush,duplicate_normalized_skill
55975,senior,duplicate_normalized_skill
55980,senior accountant,duplicate_normalized_skill
55982,senior ar caller,duplicate_normalized_skill
55984,senior business analyst,duplicate_normalized_skill
55986,senior care,duplicate_normalized_skill
55993,senior english teacher,duplicate_normalized_skill
55996,senior management,duplicate_normalized_skill
55997,senior manager,duplicate_normalized_skill
55999,senior medical coder,duplicate_normalized_skill
56003,senior quality analyst,duplicate_normalized_skill
56004,senior resident,duplicate_normalized_skill
56009,senior systems engineer,duplicate_normalized_skill
56011,sensors,duplicate_normalized_skill
56012,sentiment analysis,duplicate_normalized_skill
56013,sentinel,duplicate_normalized_skill
56015,seo,duplicate_normalized_skill
56016,seo analysis,duplicate_normalized_skill
56017,seo content,duplicate_normalized_skill
56018,seo strategies,duplicate_normalized_skill
56019,seo tools,duplicate_normalized_skill
56020,seo writing,duplicate_normalized_skill
56021,sepa,duplicate_normalized_skill
56025,serv,duplicate_normalized_skill
56026,servant leadership,duplicate_normalized_skill
56027,server,duplicate_normalized_skill
56028,server administration,duplicate_normalized_skill
56029,server architecture,duplicate_normalized_skill
56030,server configuration,duplicate_normalized_skill
56032,server hardware,duplicate_normalized_skill
56033,server management,duplicate_normalized_skill
56036,server security,duplicate_normalized_skill
56039,server support,duplicate_normalized_skill
56041,serverless,duplicate_normalized_skill
56042,serverless architecture,duplicate_normalized_skill
56043,service,duplicate_normalized_skill
56044,service Engineer,duplicate_normalized_skill
56045,service Management,duplicate_normalized_skill
56046,service advisor,duplicate_normalized_skill
56048,service assurance,duplicate_normalized_skill
56050,service bus,duplicate_normalized_skill
56051,service catalog,duplicate_normalized_skill
56052,service center,duplicate_normalized_skill
56053,service cloud,duplicate_normalized_skill
56054,service contracts,duplicate_normalized_skill
56055,service coordination,duplicate_normalized_skill
56056,service delivery,duplicate_normalized_skill
56058,service delivery management,duplicate_normalized_skill
56060,service desk,duplicate_normalized_skill
56061,service desk management,duplicate_normalized_skill
56064,service documentation,duplicate_normalized_skill
56065,service engineer,duplicate_normalized_skill
56066,service engineering,duplicate_normalized_skill
56067,service excellence,duplicate_normalized_skill
56069,service improvement,duplicate_normalized_skill
56070,service industry,duplicate_normalized_skill
56071,service level,duplicate_normalized_skill
56072,service level agreement,duplicate_normalized_skill
56073,service level management,duplicate_normalized_skill
56074,service management,duplicate_normalized_skill
56075,service management processes,duplicate_normalized_skill
56077,service marketing,duplicate_normalized_skill
56078,service now,duplicate_normalized_skill
56080,service now ticketing,duplicate_normalized_skill
56083,service operations,duplicate_normalized_skill
56084,service operations management,duplicate_normalized_skill
56086,service quality,duplicate_normalized_skill
56087,service request,duplicate_normalized_skill
56088,service request management,duplicate_normalized_skill
56089,service sales,duplicate_normalized_skill
56091,service tax,duplicate_normalized_skill
56093,service training,duplicate_normalized_skill
56094,service virtualization,duplicate_normalized_skill
56097,servicenow,duplicate_normalized_skill
56098,servicenow architect,duplicate_normalized_skill
56099,servicenow developer,duplicate_normalized_skill
56100,servicenow development,duplicate_normalized_skill
56101,servicenow discovery,duplicate_normalized_skill
56103,servicenow itsm,duplicate_normalized_skill
56104,servicenow lead,duplicate_normalized_skill
56105,servicenow modules,duplicate_normalized_skill
56107,servicenow tool,duplicate_normalized_skill
56108,servicenow tools administration,duplicate_normalized_skill
56109,services,generic
56110,servicing,duplicate_normalized_skill
56113,servlets,duplicate_normalized_skill
56114,servo drives,duplicate_normalized_skill
56116,servo motors,duplicate_normalized_skill
56119,session management,duplicate_normalized_skill
56121,set,duplicate_normalized_skill
56126,setting,duplicate_normalized_skill
56129,settlement operations,duplicate_normalized_skill
56130,settlements,duplicate_normalized_skill
56131,seu,invalid_short_skill
56132,sewage treatment,duplicate_normalized_skill
56134,sf ec,duplicate_normalized_skill
56136,sf6,duplicate_normalized_skill
56137,sfa,duplicate_normalized_skill
56138,sfb,invalid_short_skill
56139,sfdc,duplicate_normalized_skill
56140,sfdc development,duplicate_normalized_skill
56141,sfdc testing,duplicate_normalized_skill
56142,sfmc,duplicate_normalized_skill
56143,sfra,duplicate_normalized_skill
56144,sftp,duplicate_normalized_skill
56145,sgml,duplicate_normalized_skill
56146,sgw,duplicate_normalized_skill
56148,shaping,duplicate_normalized_skill
56149,share market,duplicate_normalized_skill
56151,shared services,duplicate_normalized_skill
56152,sharegate,duplicate_normalized_skill
56153,sharepoint,duplicate_normalized_skill
56154,sharepoint administration,duplicate_normalized_skill
56155,sharepoint designer,duplicate_normalized_skill
56156,sharepoint development,duplicate_normalized_skill
56157,sharepoint framework,duplicate_normalized_skill
56158,sharepoint migration,duplicate_normalized_skill
56160,sharepoint online development,duplicate_normalized_skill
56161,sharepoint support,duplicate_normalized_skill
56162,shares,duplicate_normalized_skill
56164,shaving,duplicate_normalized_skill
56165,sheet metal,duplicate_normalized_skill
56166,sheet metal design,duplicate_normalized_skill
56168,shell,duplicate_normalized_skill
56169,shell scripting,duplicate_normalized_skill
56170,shift,duplicate_normalized_skill
56175,shift incharge,duplicate_normalized_skill
56176,shift management,duplicate_normalized_skill
56177,shift planning,duplicate_normalized_skill
56178,shipment,duplicate_normalized_skill
56179,shipment tracking,duplicate_normalized_skill
56180,shipping,duplicate_normalized_skill
56181,shipping documentation,duplicate_normalized_skill
56183,shipping line,duplicate_normalized_skill
56184,shipping operations,duplicate_normalized_skill
56185,shoes,duplicate_normalized_skill
56187,shop drawing,duplicate_normalized_skill
56188,shop floor,duplicate_normalized_skill
56189,shop floor control,duplicate_normalized_skill
56190,shop floor management,duplicate_normalized_skill
56194,shopify,duplicate_normalized_skill
56195,shopify app development,duplicate_normalized_skill
56198,shorthand,duplicate_normalized_skill
56199,shortlisting,duplicate_normalized_skill
56201,showroom,duplicate_normalized_skill
56203,showroom management,duplicate_normalized_skill
56204,showroom sales,duplicate_normalized_skill
56205,showroom sales executive,duplicate_normalized_skill
56207,shrinkage,duplicate_normalized_skill
56208,shrinkage control,duplicate_normalized_skill
56209,shuttering,duplicate_normalized_skill
56210,siam,duplicate_normalized_skill
56211,sic,duplicate_normalized_skill
56212,side,duplicate_normalized_skill
56213,siebel,duplicate_normalized_skill
56216,siebel eai,duplicate_normalized_skill
56218,siebel tools,duplicate_normalized_skill
56220,siem,duplicate_normalized_skill
56222,siem tools,duplicate_normalized_skill
56223,siemens s7,duplicate_normalized_skill
56224,siemens teamcenter,duplicate_normalized_skill
56226,signal integrity,duplicate_normalized_skill
56227,signal processing,duplicate_normalized_skill
56228,signalling,duplicate_normalized_skill
56230,signavio,duplicate_normalized_skill
56232,sil,duplicate_normalized_skill
56234,silicon,duplicate_normalized_skill
56241,simulation,duplicate_normalized_skill
56242,simulation software,duplicate_normalized_skill
56243,simulink,duplicate_normalized_skill
56244,singing,duplicate_normalized_skill
56245,single line diagram,duplicate_normalized_skill
56249,sip,duplicate_normalized_skill
56250,sip gateway,duplicate_normalized_skill
56251,sip protocol,duplicate_normalized_skill
56252,sip trunking,duplicate_normalized_skill
56254,site,duplicate_normalized_skill
56255,site Engineer,duplicate_normalized_skill
56256,site acquisition,duplicate_normalized_skill
56260,site coordination,duplicate_normalized_skill
56261,site engineer,duplicate_normalized_skill
56262,site engineering,duplicate_normalized_skill
56264,site execution,duplicate_normalized_skill
56265,site feasibility,duplicate_normalized_skill
56267,site inspection,duplicate_normalized_skill
56270,site management,duplicate_normalized_skill
56272,site merchandising,duplicate_normalized_skill
56273,site planning,duplicate_normalized_skill
56275,site reliability engineering,duplicate_normalized_skill
56276,site safety,duplicate_normalized_skill
56277,site selection,duplicate_normalized_skill
56278,site supervision,duplicate_normalized_skill
56279,site visits,duplicate_normalized_skill
56280,sitecore,duplicate_normalized_skill
56281,sitecore cms,duplicate_normalized_skill
56282,sitecore development,duplicate_normalized_skill
56283,sitecore helix,duplicate_normalized_skill
56285,sitel,duplicate_normalized_skill
56288,sitescope,duplicate_normalized_skill
56291,six sigma,duplicate_normalized_skill
56292,six sigma black belt,duplicate_normalized_skill
56293,six sigma projects,duplicate_normalized_skill
56294,sizing,duplicate_normalized_skill
56295,sketch app,duplicate_normalized_skill
56296,sketching,duplicate_normalized_skill
56297,sketchup,duplicate_normalized_skill
56298,skill development,duplicate_normalized_skill
56300,skills,generic
56301,skills that are needed to impart efficient therapeutic management to the patient to ensure a speedy recovery,sentence_or_description
56302,skin,duplicate_normalized_skill
56305,skin care,duplicate_normalized_skill
56309,sku,invalid_short_skill
56311,sla,duplicate_normalized_skill
56312,sla management,duplicate_normalized_skill
56313,slack,duplicate_normalized_skill
56315,slas,duplicate_normalized_skill
56316,slc,invalid_short_skill
56317,sld,duplicate_normalized_skill
56320,sling,duplicate_normalized_skill
56321,slp,invalid_short_skill
56322,slt,invalid_short_skill
56324,sm,duplicate_normalized_skill
56325,small cell,duplicate_normalized_skill
56329,smallworld,duplicate_normalized_skill
56330,smart,duplicate_normalized_skill
56333,smart contracts,duplicate_normalized_skill
56335,smart grid,duplicate_normalized_skill
56336,smart metering,duplicate_normalized_skill
56338,smart plant 3d,duplicate_normalized_skill
56339,smart plant instrumentation,duplicate_normalized_skill
56343,smartforms,duplicate_normalized_skill
56344,smartplant,duplicate_normalized_skill
56345,smartsheet,duplicate_normalized_skill
56347,smartview,duplicate_normalized_skill
56348,smaw,duplicate_normalized_skill
56350,smb,duplicate_normalized_skill
56351,sme,duplicate_normalized_skill
56352,sme sales,duplicate_normalized_skill
56355,smm,duplicate_normalized_skill
56356,smo,duplicate_normalized_skill
56357,smoke testing,duplicate_normalized_skill
56358,smps,duplicate_normalized_skill
56359,smt,duplicate_normalized_skill
56360,smt process,duplicate_normalized_skill
56361,smtp,duplicate_normalized_skill
56362,snacks,duplicate_normalized_skill
56364,snagging,duplicate_normalized_skill
56365,snagit,duplicate_normalized_skill
56366,snapLogic,duplicate_normalized_skill
56367,snaplogic,duplicate_normalized_skill
56368,sniffer,duplicate_normalized_skill
56369,snmp,duplicate_normalized_skill
56370,sno,invalid_short_skill
56371,snow,duplicate_normalized_skill
56373,snowflake,duplicate_normalized_skill
56374,snowflake Developer,duplicate_normalized_skill
56375,snowflake developer,duplicate_normalized_skill
56376,snowflake sql,duplicate_normalized_skill
56377,snowpipe,duplicate_normalized_skill
56378,snowpro,duplicate_normalized_skill
56379,snp,duplicate_normalized_skill
56381,sns,duplicate_normalized_skill
56382,soa,duplicate_normalized_skill
56385,soap,duplicate_normalized_skill
56386,soap services,duplicate_normalized_skill
56387,soap ui,duplicate_normalized_skill
56389,soar,duplicate_normalized_skill
56390,soc,duplicate_normalized_skill
56391,soc design,duplicate_normalized_skill
56392,soc verification,duplicate_normalized_skill
56394,socia media,duplicate_normalized_skill
56395,social,duplicate_normalized_skill
56396,social analytics,duplicate_normalized_skill
56397,social audit,duplicate_normalized_skill
56398,social bookmarking,duplicate_normalized_skill
56399,social compliance,duplicate_normalized_skill
56400,social listening,duplicate_normalized_skill
56402,social media,duplicate_normalized_skill
56404,social media creatives,duplicate_normalized_skill
56407,social media executive,duplicate_normalized_skill
56410,social media management,duplicate_normalized_skill
56411,social media marketing,duplicate_normalized_skill
56413,social media optimization,duplicate_normalized_skill
56414,social media strategy,duplicate_normalized_skill
56416,social science,duplicate_normalized_skill
56418,social service,duplicate_normalized_skill
56419,social work,duplicate_normalized_skill
56421,sociology,duplicate_normalized_skill
56423,socket programming,duplicate_normalized_skill
56424,sockets,duplicate_normalized_skill
56425,sod,duplicate_normalized_skill
56426,soe,invalid_short_skill
56428,soft service,duplicate_normalized_skill
56429,soft services,duplicate_normalized_skill
56431,soft skills,duplicate_normalized_skill
56432,soft skills training,duplicate_normalized_skill
56434,software,duplicate_normalized_skill
56437,software architect,duplicate_normalized_skill
56438,software architecture,duplicate_normalized_skill
56439,software architecture design,duplicate_normalized_skill
56440,software asset management,duplicate_normalized_skill
56443,software configuration,duplicate_normalized_skill
56444,software configuration management,duplicate_normalized_skill
56448,software delivery,duplicate_normalized_skill
56449,software design,duplicate_normalized_skill
56450,software design and development,duplicate_normalized_skill
56452,software design patterns,duplicate_normalized_skill
56453,software developer,duplicate_normalized_skill
56454,software development,duplicate_normalized_skill
56457,software development life cycle,duplicate_normalized_skill
56458,software development lifecycle,duplicate_normalized_skill
56459,software development methodologies,duplicate_normalized_skill
56461,software documentation,duplicate_normalized_skill
56462,software engineer,duplicate_normalized_skill
56463,software engineering,duplicate_normalized_skill
56465,software implementation,duplicate_normalized_skill
56466,software installation,duplicate_normalized_skill
56467,software integration,duplicate_normalized_skill
56468,software licensing,duplicate_normalized_skill
56470,software management,duplicate_normalized_skill
56471,software procurement,duplicate_normalized_skill
56472,software product development,duplicate_normalized_skill
56473,software product management,duplicate_normalized_skill
56475,software programming,duplicate_normalized_skill
56476,software project,duplicate_normalized_skill
56477,software project management,duplicate_normalized_skill
56478,software qa methodologies,duplicate_normalized_skill
56479,software quality,duplicate_normalized_skill
56480,software quality assurance,duplicate_normalized_skill
56483,software sales,duplicate_normalized_skill
56485,software services,duplicate_normalized_skill
56486,software skills,duplicate_normalized_skill
56487,software solution architect,duplicate_normalized_skill
56488,software solution sales,duplicate_normalized_skill
56489,software solutions,duplicate_normalized_skill
56492,software testing,duplicate_normalized_skill
56493,software testing life cycle,duplicate_normalized_skill
56494,software troubleshooting,duplicate_normalized_skill
56495,software validation,duplicate_normalized_skill
56497,softwares,duplicate_normalized_skill
56498,soh,duplicate_normalized_skill
56499,soil science,duplicate_normalized_skill
56500,solar,duplicate_normalized_skill
56504,solar energy,duplicate_normalized_skill
56506,solar panel,duplicate_normalized_skill
56507,solar panel sales,duplicate_normalized_skill
56510,solar pv,duplicate_normalized_skill
56511,solar sales,duplicate_normalized_skill
56514,solaris,duplicate_normalized_skill
56516,solarwinds,duplicate_normalized_skill
56518,solid,duplicate_normalized_skill
56519,solid edge,duplicate_normalized_skill
56520,solid mechanics,duplicate_normalized_skill
56521,solid principles,duplicate_normalized_skill
56522,solid works,duplicate_normalized_skill
56524,solidwork,duplicate_normalized_skill
56525,solidworks,duplicate_normalized_skill
56526,solman,duplicate_normalized_skill
56527,solr,duplicate_normalized_skill
56529,solution,duplicate_normalized_skill
56530,solution architect,duplicate_normalized_skill
56531,solution architecting,duplicate_normalized_skill
56532,solution architecture,duplicate_normalized_skill
56533,solution consulting,duplicate_normalized_skill
56534,solution delivery,duplicate_normalized_skill
56535,solution design,duplicate_normalized_skill
56537,solution designing,duplicate_normalized_skill
56539,solution development,duplicate_normalized_skill
56540,solution implementation,duplicate_normalized_skill
56541,solution integration,duplicate_normalized_skill
56543,solution management,duplicate_normalized_skill
56544,solution sales,duplicate_normalized_skill
56545,solution selling,duplicate_normalized_skill
56546,solutioning,duplicate_normalized_skill
56549,som,duplicate_normalized_skill
56550,some experience in gold jewellery industry,experience_or_description_phrase
56551,sonar,duplicate_normalized_skill
56553,sonarqube,duplicate_normalized_skill
56556,sop,duplicate_normalized_skill
56557,soql,duplicate_normalized_skill
56559,sosl,duplicate_normalized_skill
56563,sound editing,duplicate_normalized_skill
56568,source,duplicate_normalized_skill
56569,source code review,duplicate_normalized_skill
56570,source control management,duplicate_normalized_skill
56573,sourcer,duplicate_normalized_skill
56574,sourcing,duplicate_normalized_skill
56575,sourcing executive,duplicate_normalized_skill
56576,sourcing manager,duplicate_normalized_skill
56577,sourcing n liaison with Govt deptt good communication,sentence_or_description
56581,sourcing strategy,duplicate_normalized_skill
56584,souring,duplicate_normalized_skill
56586,sous chef,duplicate_normalized_skill
56589,south india,duplicate_normalized_skill
56591,sow,duplicate_normalized_skill
56592,sox,duplicate_normalized_skill
56593,sox audit,duplicate_normalized_skill
56594,sox compliance,duplicate_normalized_skill
56595,sp3d,duplicate_normalized_skill
56597,spa therapist,duplicate_normalized_skill
56598,spaCy,duplicate_normalized_skill
56599,space management,duplicate_normalized_skill
56600,space planning,duplicate_normalized_skill
56601,space selling,duplicate_normalized_skill
56603,spacy,duplicate_normalized_skill
56604,spanish,duplicate_normalized_skill
56608,spanish translation,duplicate_normalized_skill
56609,spare parts,duplicate_normalized_skill
56610,spares,duplicate_normalized_skill
56613,spark streaming,duplicate_normalized_skill
56614,spc,duplicate_normalized_skill
56615,spec flow,duplicate_normalized_skill
56618,special education,duplicate_normalized_skill
56620,special educator,duplicate_normalized_skill
56621,special effects,duplicate_normalized_skill
56623,speciality chemicals,duplicate_normalized_skill
56626,specialty chemicals,duplicate_normalized_skill
56627,specifications,duplicate_normalized_skill
56629,spectre,duplicate_normalized_skill
56631,spectrum,duplicate_normalized_skill
56632,speech,duplicate_normalized_skill
56633,speech recognition,duplicate_normalized_skill
56635,spend analysis,duplicate_normalized_skill
56636,spend management,duplicate_normalized_skill
56637,spf,duplicate_normalized_skill
56638,spfx,duplicate_normalized_skill
56639,spi,duplicate_normalized_skill
56644,splunk,duplicate_normalized_skill
56646,splunk administration,duplicate_normalized_skill
56647,splunk architecture,duplicate_normalized_skill
56649,splunk es,duplicate_normalized_skill
56650,spm,duplicate_normalized_skill
56651,spoken english,duplicate_normalized_skill
56653,sponsorship,duplicate_normalized_skill
56655,sponsorship sales,duplicate_normalized_skill
56656,sports,duplicate_normalized_skill
56657,sports content editing,duplicate_normalized_skill
56660,sports writing,duplicate_normalized_skill
56661,spot welding,duplicate_normalized_skill
56662,spotfire,duplicate_normalized_skill
56664,spring,duplicate_normalized_skill
56666,spring batch,duplicate_normalized_skill
56667,spring boot,duplicate_normalized_skill
56668,spring boot framework,duplicate_normalized_skill
56669,spring cloud,duplicate_normalized_skill
56671,spring data,duplicate_normalized_skill
56673,spring microservices,duplicate_normalized_skill
56674,spring mvc,duplicate_normalized_skill
56675,spring security,duplicate_normalized_skill
56676,springboot,duplicate_normalized_skill
56677,springboot java,duplicate_normalized_skill
56678,sprinklr,duplicate_normalized_skill
56680,sprint planning,duplicate_normalized_skill
56681,sprint review,duplicate_normalized_skill
56682,sps,invalid_short_skill
56684,spss,duplicate_normalized_skill
56686,sqa,duplicate_normalized_skill
56687,sql azure,duplicate_normalized_skill
56688,sql coding,duplicate_normalized_skill
56689,sql database,duplicate_normalized_skill
56690,sql dba,duplicate_normalized_skill
56691,sql developer,duplicate_normalized_skill
56692,sql development,duplicate_normalized_skill
56693,sql joins,duplicate_normalized_skill
56695,sql loader,duplicate_normalized_skill
56697,sql programming,duplicate_normalized_skill
56698,sql queries,duplicate_normalized_skill
56699,sql query writing,duplicate_normalized_skill
56700,sql querying,duplicate_normalized_skill
56701,sql scripting,duplicate_normalized_skill
56703,sql server,duplicate_normalized_skill
56704,sql server administration,duplicate_normalized_skill
56706,sql server database,duplicate_normalized_skill
56707,sql server dba,duplicate_normalized_skill
56708,sql server development,duplicate_normalized_skill
56710,sql server integration services,duplicate_normalized_skill
56711,sql server reporting services,duplicate_normalized_skill
56712,sql support,duplicate_normalized_skill
56713,sql tuning,duplicate_normalized_skill
56715,sqlite,duplicate_normalized_skill
56716,sqlrpgle,duplicate_normalized_skill
56718,sqlserver,duplicate_normalized_skill
56719,sqoop,duplicate_normalized_skill
56720,sqr,duplicate_normalized_skill
56722,squish,duplicate_normalized_skill
56723,sr technical sales executive,duplicate_normalized_skill
56727,sre,duplicate_normalized_skill
56728,srm,duplicate_normalized_skill
56731,ssas,duplicate_normalized_skill
56732,ssd,duplicate_normalized_skill
56733,sse,duplicate_normalized_skill
56734,ssh,duplicate_normalized_skill
56735,ssi,invalid_short_skill
56736,ssis,duplicate_normalized_skill
56737,ssl,duplicate_normalized_skill
56739,ssl certificates,duplicate_normalized_skill
56741,ssm,invalid_short_skill
56742,sso,duplicate_normalized_skill
56743,ssr,duplicate_normalized_skill
56744,ssrs,duplicate_normalized_skill
56745,st,duplicate_normalized_skill
56746,sta,duplicate_normalized_skill
56747,staad,duplicate_normalized_skill
56748,staad pro,duplicate_normalized_skill
56749,stack,duplicate_normalized_skill
56750,stack development,duplicate_normalized_skill
56752,staff development,duplicate_normalized_skill
56753,staff management,duplicate_normalized_skill
56754,staff nurse,duplicate_normalized_skill
56757,staff training,duplicate_normalized_skill
56758,staffing,duplicate_normalized_skill
56761,staffing management,duplicate_normalized_skill
56763,staffing sales,duplicate_normalized_skill
56767,stakeholder,duplicate_normalized_skill
56768,stakeholder analysis,duplicate_normalized_skill
56769,stakeholder communication,duplicate_normalized_skill
56770,stakeholder coordination,duplicate_normalized_skill
56771,stakeholder engagement,duplicate_normalized_skill
56772,stakeholder management,duplicate_normalized_skill
56775,stakeholders,generic
56779,standard operating procedures,duplicate_normalized_skill
56780,standardization,duplicate_normalized_skill
56782,star schema,duplicate_normalized_skill
56786,startek,duplicate_normalized_skill
56788,stat audit,duplicate_normalized_skill
56789,stata,duplicate_normalized_skill
56795,stateflow,duplicate_normalized_skill
56797,static analysis,duplicate_normalized_skill
56798,static data,duplicate_normalized_skill
56799,static equipment,duplicate_normalized_skill
56801,static timing analysis,duplicate_normalized_skill
56804,stationary,duplicate_normalized_skill
56805,stationery,duplicate_normalized_skill
56806,statistical analysis,duplicate_normalized_skill
56807,statistical modeling,duplicate_normalized_skill
56808,statistical process control,duplicate_normalized_skill
56809,statistical programming,duplicate_normalized_skill
56810,statistical software,duplicate_normalized_skill
56811,statistical techniques,duplicate_normalized_skill
56812,statistical tools,duplicate_normalized_skill
56813,statistics,duplicate_normalized_skill
56815,statutory,duplicate_normalized_skill
56816,statutory accounting,duplicate_normalized_skill
56817,statutory audit,duplicate_normalized_skill
56818,statutory audits,duplicate_normalized_skill
56819,statutory compliance,duplicate_normalized_skill
56821,statutory compliances,duplicate_normalized_skill
56823,statutory reporting,duplicate_normalized_skill
56827,steel,duplicate_normalized_skill
56833,steel plants,duplicate_normalized_skill
56836,steel structure,duplicate_normalized_skill
56837,steel structures,duplicate_normalized_skill
56839,steering,duplicate_normalized_skill
56843,sterling commerce,duplicate_normalized_skill
56844,sterling file gateway,duplicate_normalized_skill
56845,sterling integrator,duplicate_normalized_skill
56846,sterling oms,duplicate_normalized_skill
56848,steward,duplicate_normalized_skill
56849,steward activities,duplicate_normalized_skill
56850,stewardship,duplicate_normalized_skill
56851,stibo,duplicate_normalized_skill
56852,stl,duplicate_normalized_skill
56853,stlc,duplicate_normalized_skill
56855,stm,duplicate_normalized_skill
56856,sto,duplicate_normalized_skill
56857,stock,duplicate_normalized_skill
56858,stock Management,duplicate_normalized_skill
56859,stock broking,duplicate_normalized_skill
56862,stock market,duplicate_normalized_skill
56866,stock planning,duplicate_normalized_skill
56867,stock reconciliation,duplicate_normalized_skill
56872,stock verification,duplicate_normalized_skill
56876,storage,duplicate_normalized_skill
56881,storage domain,duplicate_normalized_skill
56882,storage management,duplicate_normalized_skill
56883,storage protocols,duplicate_normalized_skill
56887,store,duplicate_normalized_skill
56891,store design,duplicate_normalized_skill
56893,store executive,duplicate_normalized_skill
56896,store keeper,duplicate_normalized_skill
56897,store keeping,duplicate_normalized_skill
56898,store management,duplicate_normalized_skill
56899,store manager,duplicate_normalized_skill
56901,store officer,duplicate_normalized_skill
56902,store operations,duplicate_normalized_skill
56905,store sales,duplicate_normalized_skill
56906,store supervision,duplicate_normalized_skill
56909,stored procedures,duplicate_normalized_skill
56910,stores,duplicate_normalized_skill
56913,storm water drainage,duplicate_normalized_skill
56916,story writing,duplicate_normalized_skill
56917,storyboarding,duplicate_normalized_skill
56918,storyline,duplicate_normalized_skill
56919,storytelling,duplicate_normalized_skill
56921,stp,duplicate_normalized_skill
56922,str,duplicate_normalized_skill
56926,strategic Planning,duplicate_normalized_skill
56928,strategic alliances,duplicate_normalized_skill
56929,strategic finance,duplicate_normalized_skill
56930,strategic financial planning,duplicate_normalized_skill
56931,strategic hr,duplicate_normalized_skill
56933,strategic management,duplicate_normalized_skill
56934,strategic marketing,duplicate_normalized_skill
56935,strategic partnerships,duplicate_normalized_skill
56936,strategic planning,duplicate_normalized_skill
56937,strategic planning and execution,duplicate_normalized_skill
56938,strategic procurement,duplicate_normalized_skill
56939,strategic projects,duplicate_normalized_skill
56940,strategic prospecting,duplicate_normalized_skill
56941,strategic sourcing,duplicate_normalized_skill
56944,strategic thinking,duplicate_normalized_skill
56946,strategist,duplicate_normalized_skill
56947,strategy,duplicate_normalized_skill
56948,strategy consulting,duplicate_normalized_skill
56949,strategy deployment,duplicate_normalized_skill
56950,strategy development,duplicate_normalized_skill
56951,strategy execution,duplicate_normalized_skill
56952,strategy implementation,duplicate_normalized_skill
56953,strategy planning,duplicate_normalized_skill
56957,streaming,duplicate_normalized_skill
56961,stress analysis,duplicate_normalized_skill
56963,stress testing,duplicate_normalized_skill
56964,strong Communication,duplicate_normalized_skill
56965,strong Interpersonal Skills like empathy and Conflict Resolution,sentence_or_description
56966,strong analytical skills,duplicate_normalized_skill
56969,strong communication,duplicate_normalized_skill
56970,strong communication & negotiation skills,duplicate_normalized_skill
56971,strong communication and interpersonal abilities to build client relationships,sentence_or_description
56972,strong communication and interpersonal skills,duplicate_normalized_skill
56973,strong communication skills,duplicate_normalized_skill
56980,strong interpersonal skills,duplicate_normalized_skill
56981,strong leadership,duplicate_normalized_skill
56990,structural,duplicate_normalized_skill
56991,structural analysis,duplicate_normalized_skill
56993,structural design,duplicate_normalized_skill
56994,structural draftsman,duplicate_normalized_skill
56997,structural engineering,duplicate_normalized_skill
56998,structural fabrication,duplicate_normalized_skill
57000,structure,duplicate_normalized_skill
57001,structured finance,duplicate_normalized_skill
57002,structures,duplicate_normalized_skill
57004,struts,duplicate_normalized_skill
57008,student activities,duplicate_normalized_skill
57011,student counseling,duplicate_normalized_skill
57012,student counselling,duplicate_normalized_skill
57015,student engagement,duplicate_normalized_skill
57017,student mentoring,duplicate_normalized_skill
57020,student recruitment,duplicate_normalized_skill
57025,studio,duplicate_normalized_skill
57030,styling,duplicate_normalized_skill
57031,sub,duplicate_normalized_skill
57033,sub editing,duplicate_normalized_skill
57038,subcontractors,duplicate_normalized_skill
57041,subject matter expertise,duplicate_normalized_skill
57043,submission,duplicate_normalized_skill
57046,subscription,duplicate_normalized_skill
57048,substation,duplicate_normalized_skill
57049,substation automation,duplicate_normalized_skill
57050,substation design,duplicate_normalized_skill
57053,successfactors,duplicate_normalized_skill
57055,succession planning,duplicate_normalized_skill
57059,suite builder,duplicate_normalized_skill
57060,suiteflow,duplicate_normalized_skill
57061,suitescript,duplicate_normalized_skill
57062,suitetalk,duplicate_normalized_skill
57065,sumif,duplicate_normalized_skill
57070,supabase,duplicate_normalized_skill
57075,supervision,duplicate_normalized_skill
57076,supervisor,duplicate_normalized_skill
57078,supplier audit,duplicate_normalized_skill
57079,supplier development,duplicate_normalized_skill
57080,supplier evaluation,duplicate_normalized_skill
57082,supplier management,duplicate_normalized_skill
57086,supplier quality,duplicate_normalized_skill
57087,supplier quality assurance,duplicate_normalized_skill
57089,supplier relationship management,duplicate_normalized_skill
57090,supplier risk management,duplicate_normalized_skill
57091,supplier selection,duplicate_normalized_skill
57092,suppliers related to new project requirement - RM/Paint/Packing,sentence_or_description
57093,supply,duplicate_normalized_skill
57094,supply chain,duplicate_normalized_skill
57096,supply chain finance,duplicate_normalized_skill
57098,supply chain management,duplicate_normalized_skill
57099,supply chain operations,duplicate_normalized_skill
57100,supply chain optimization,duplicate_normalized_skill
57101,supply chain planning,duplicate_normalized_skill
57104,supply chain solutions,duplicate_normalized_skill
57108,supply management,duplicate_normalized_skill
57111,supply planning,duplicate_normalized_skill
57113,support,duplicate_normalized_skill
57116,support engineer,duplicate_normalized_skill
57118,support management,duplicate_normalized_skill
57120,support process,duplicate_normalized_skill
57122,support services,duplicate_normalized_skill
57124,surface,duplicate_normalized_skill
57127,surface modeling,duplicate_normalized_skill
57128,surface mount technology,duplicate_normalized_skill
57129,surface treatment,duplicate_normalized_skill
57130,surfacing,duplicate_normalized_skill
57132,surfing,duplicate_normalized_skill
57134,surgery,duplicate_normalized_skill
57135,surgery coding,duplicate_normalized_skill
57137,surgical,duplicate_normalized_skill
57140,surgical nurse,duplicate_normalized_skill
57142,surveillance,duplicate_normalized_skill
57144,survey,duplicate_normalized_skill
57147,survey layout finalization for 33 KV EHV line,sentence_or_description
57148,survey management,duplicate_normalized_skill
57152,sustainability reporting,duplicate_normalized_skill
57153,sustainable development,duplicate_normalized_skill
57156,sutherland,duplicate_normalized_skill
57157,sv,duplicate_normalized_skill
57159,svc,invalid_short_skill
57160,svn,duplicate_normalized_skill
57161,sw,duplicate_normalized_skill
57163,swagger,duplicate_normalized_skill
57165,swaps,duplicate_normalized_skill
57167,sweater,duplicate_normalized_skill
57170,swift,duplicate_normalized_skill
57171,swift messaging,duplicate_normalized_skill
57172,swift payments,duplicate_normalized_skill
57174,swift ui,duplicate_normalized_skill
57175,swing,duplicate_normalized_skill
57176,switches,duplicate_normalized_skill
57177,switchgear,duplicate_normalized_skill
57179,switchgears,duplicate_normalized_skill
57180,switching,duplicate_normalized_skill
57183,switchyard,duplicate_normalized_skill
57184,swot analysis,duplicate_normalized_skill
57185,sxa,duplicate_normalized_skill
57186,sybase,duplicate_normalized_skill
57187,sybase database administration,duplicate_normalized_skill
57189,symantec,duplicate_normalized_skill
57192,symfony,duplicate_normalized_skill
57194,synchronization,duplicate_normalized_skill
57195,syndicated loans,duplicate_normalized_skill
57196,syndication,duplicate_normalized_skill
57197,syniti,duplicate_normalized_skill
57198,synon,duplicate_normalized_skill
57199,synon 2e,duplicate_normalized_skill
57200,synthesis,duplicate_normalized_skill
57202,synthetic,duplicate_normalized_skill
57204,sysml,duplicate_normalized_skill
57206,system,duplicate_normalized_skill
57207,system administration,duplicate_normalized_skill
57208,system analysis,duplicate_normalized_skill
57209,system architecture,duplicate_normalized_skill
57211,system audit,duplicate_normalized_skill
57212,system automation,duplicate_normalized_skill
57214,system center configuration manager,duplicate_normalized_skill
57215,system configuration,duplicate_normalized_skill
57216,system control,duplicate_normalized_skill
57218,system design,duplicate_normalized_skill
57220,system designing,duplicate_normalized_skill
57221,system development,duplicate_normalized_skill
57225,system engineering,duplicate_normalized_skill
57229,system implementation,duplicate_normalized_skill
57230,system installation,duplicate_normalized_skill
57231,system integration,duplicate_normalized_skill
57232,system integration testing,duplicate_normalized_skill
57233,system integrator,duplicate_normalized_skill
57234,system maintenance,duplicate_normalized_skill
57235,system management,duplicate_normalized_skill
57236,system monitoring,duplicate_normalized_skill
57237,system operations,duplicate_normalized_skill
57239,system programming,duplicate_normalized_skill
57240,system security,duplicate_normalized_skill
57241,system service,duplicate_normalized_skill
57242,system software,duplicate_normalized_skill
57243,system study,duplicate_normalized_skill
57244,system support,duplicate_normalized_skill
57245,system testing,duplicate_normalized_skill
57246,system troubleshooting,duplicate_normalized_skill
57248,system validation,duplicate_normalized_skill
57249,system verilog,duplicate_normalized_skill
57250,systemc,duplicate_normalized_skill
57251,systems development life cycle,duplicate_normalized_skill
57254,systems management,duplicate_normalized_skill
57258,syteline,duplicate_normalized_skill
57259,t-sql,duplicate_normalized_skill
57260,t24,duplicate_normalized_skill
57261,ta,duplicate_normalized_skill
57264,tableau prep,duplicate_normalized_skill
57265,tables,duplicate_normalized_skill
57266,tabular model,duplicate_normalized_skill
57267,tac,duplicate_normalized_skill
57269,tacl,duplicate_normalized_skill
57270,tafj,duplicate_normalized_skill
57271,tagetik,duplicate_normalized_skill
57272,tagging,duplicate_normalized_skill
57276,tailoring,duplicate_normalized_skill
57279,tal,duplicate_normalized_skill
57280,talc,duplicate_normalized_skill
57281,talend,duplicate_normalized_skill
57282,talend etl,duplicate_normalized_skill
57284,talent acquisition,duplicate_normalized_skill
57290,talent development,duplicate_normalized_skill
57291,talent engagement,duplicate_normalized_skill
57292,talent management,duplicate_normalized_skill
57296,talent sourcing,duplicate_normalized_skill
57298,tally,duplicate_normalized_skill
57299,tally ERP,duplicate_normalized_skill
57300,tally accounting,duplicate_normalized_skill
57301,tally erp,duplicate_normalized_skill
57302,tally software,duplicate_normalized_skill
57303,tam,duplicate_normalized_skill
57304,tamil,duplicate_normalized_skill
57305,tandem,duplicate_normalized_skill
57306,tandoor,duplicate_normalized_skill
57307,tank,duplicate_normalized_skill
57308,tanks,duplicate_normalized_skill
57309,tao,duplicate_normalized_skill
57310,tap,duplicate_normalized_skill
57312,tapping,duplicate_normalized_skill
57313,target,duplicate_normalized_skill
57314,target achievement,duplicate_normalized_skill
57320,targetlink,duplicate_normalized_skill
57321,targets,generic
57323,tariff,duplicate_normalized_skill
57325,task management,duplicate_normalized_skill
57326,tat,duplicate_normalized_skill
57328,tax,duplicate_normalized_skill
57330,tax advisory,duplicate_normalized_skill
57331,tax analysis,duplicate_normalized_skill
57332,tax assessment,duplicate_normalized_skill
57333,tax audit,duplicate_normalized_skill
57334,tax audits,duplicate_normalized_skill
57335,tax calculation,duplicate_normalized_skill
57337,tax calling,duplicate_normalized_skill
57338,tax compliance,duplicate_normalized_skill
57341,tax filing,duplicate_normalized_skill
57343,tax law,duplicate_normalized_skill
57345,tax laws,duplicate_normalized_skill
57346,tax litigation,duplicate_normalized_skill
57347,tax management,duplicate_normalized_skill
57348,tax payments,duplicate_normalized_skill
57349,tax planning,duplicate_normalized_skill
57352,tax reporting,duplicate_normalized_skill
57354,tax research,duplicate_normalized_skill
57355,tax returns,duplicate_normalized_skill
57356,taxation,duplicate_normalized_skill
57357,tcae,duplicate_normalized_skill
57359,tcl,duplicate_normalized_skill
57360,tcp,duplicate_normalized_skill
57361,tcp ip protocol,duplicate_normalized_skill
57362,tcp/ip,duplicate_normalized_skill
57363,tcpdump,duplicate_normalized_skill
57364,tcs,duplicate_normalized_skill
57365,tdd,duplicate_normalized_skill
57366,tdm,duplicate_normalized_skill
57367,tdp,invalid_short_skill
57368,tds,duplicate_normalized_skill
57370,tds return,duplicate_normalized_skill
57372,te,duplicate_normalized_skill
57373,tea,duplicate_normalized_skill
57375,teacher,duplicate_normalized_skill
57376,teachers,duplicate_normalized_skill
57377,teaching,duplicate_normalized_skill
57378,teaching english,duplicate_normalized_skill
57381,teaching mathematics,duplicate_normalized_skill
57383,team,duplicate_normalized_skill
57384,team Leader,duplicate_normalized_skill
57386,team Management,duplicate_normalized_skill
57387,team building,duplicate_normalized_skill
57388,team centre,duplicate_normalized_skill
57389,team coaching,duplicate_normalized_skill
57390,team coordination,duplicate_normalized_skill
57391,team development,duplicate_normalized_skill
57392,team handling,duplicate_normalized_skill
57393,team lead,duplicate_normalized_skill
57394,team leader,duplicate_normalized_skill
57396,team leadership,duplicate_normalized_skill
57397,team leading,duplicate_normalized_skill
57399,team management,duplicate_normalized_skill
57401,team mentoring,duplicate_normalized_skill
57402,team motivation,duplicate_normalized_skill
57404,team player,duplicate_normalized_skill
57405,team skills,duplicate_normalized_skill
57406,team supervision,duplicate_normalized_skill
57407,team training,duplicate_normalized_skill
57408,team work,duplicate_normalized_skill
57409,teamcenter,duplicate_normalized_skill
57410,teamcenter itk,duplicate_normalized_skill
57412,teamwork,duplicate_normalized_skill
57414,tech,duplicate_normalized_skill
57415,tech content,duplicate_normalized_skill
57417,tech sales,duplicate_normalized_skill
57420,tech support,duplicate_normalized_skill
57422,technical,duplicate_normalized_skill
57423,technical SEO,duplicate_normalized_skill
57424,technical Sales,duplicate_normalized_skill
57425,technical Support,duplicate_normalized_skill
57427,technical accounting,duplicate_normalized_skill
57429,technical analysis,duplicate_normalized_skill
57431,technical architect,duplicate_normalized_skill
57432,technical architecture,duplicate_normalized_skill
57434,technical assistance,duplicate_normalized_skill
57439,technical coding,duplicate_normalized_skill
57440,technical consultant,duplicate_normalized_skill
57441,technical consulting,duplicate_normalized_skill
57443,technical content writing,duplicate_normalized_skill
57444,technical customer support,duplicate_normalized_skill
57445,technical delivery,duplicate_normalized_skill
57448,technical design,duplicate_normalized_skill
57449,technical documentation,duplicate_normalized_skill
57451,technical drawing,duplicate_normalized_skill
57452,technical drawings,duplicate_normalized_skill
57453,technical editing,duplicate_normalized_skill
57456,technical helpdesk,duplicate_normalized_skill
57457,technical hiring,duplicate_normalized_skill
57458,technical implementation,duplicate_normalized_skill
57459,technical infrastructure,duplicate_normalized_skill
57462,technical knowledge,duplicate_normalized_skill
57463,technical knowledge in electrical,experience_or_description_phrase
57464,technical lead,duplicate_normalized_skill
57465,technical leadership,duplicate_normalized_skill
57466,technical management,duplicate_normalized_skill
57467,technical marketing,duplicate_normalized_skill
57468,technical operations,duplicate_normalized_skill
57470,technical process,duplicate_normalized_skill
57471,technical product management,duplicate_normalized_skill
57472,technical product owner,duplicate_normalized_skill
57473,technical program management,duplicate_normalized_skill
57474,technical program manager,duplicate_normalized_skill
57475,technical project manager,duplicate_normalized_skill
57477,technical recruitment,duplicate_normalized_skill
57478,technical reports,duplicate_normalized_skill
57482,technical sales,duplicate_normalized_skill
57483,technical sales associate,duplicate_normalized_skill
57484,technical sales executive,duplicate_normalized_skill
57485,technical sales officer,duplicate_normalized_skill
57488,technical sales ppc calls,duplicate_normalized_skill
57492,technical seo,duplicate_normalized_skill
57493,technical services,duplicate_normalized_skill
57494,technical skills,duplicate_normalized_skill
57495,technical solution design,duplicate_normalized_skill
57496,technical specifications,duplicate_normalized_skill
57499,technical support,duplicate_normalized_skill
57500,technical support associate,duplicate_normalized_skill
57501,technical support engineer,duplicate_normalized_skill
57504,technical trainer,duplicate_normalized_skill
57505,technical training,duplicate_normalized_skill
57506,technical troubleshooting,duplicate_normalized_skill
57507,technical understanding,duplicate_normalized_skill
57508,technical voice process,duplicate_normalized_skill
57509,technical writer,duplicate_normalized_skill
57510,technical writing,duplicate_normalized_skill
57511,technician,duplicate_normalized_skill
57512,techno,duplicate_normalized_skill
57514,techno functional,duplicate_normalized_skill
57515,techno-commercial,duplicate_normalized_skill
57516,techno-commercial operations,duplicate_normalized_skill
57518,technology,duplicate_normalized_skill
57519,technology architecture,duplicate_normalized_skill
57523,technology consulting,duplicate_normalized_skill
57524,technology development,duplicate_normalized_skill
57527,technology integration,duplicate_normalized_skill
57528,technology leadership,duplicate_normalized_skill
57529,technology management,duplicate_normalized_skill
57530,technology marketing,duplicate_normalized_skill
57532,technology recruitment,duplicate_normalized_skill
57533,technology risk,duplicate_normalized_skill
57534,technology solutions,duplicate_normalized_skill
57535,technology strategy,duplicate_normalized_skill
57536,technology transfer,duplicate_normalized_skill
57541,tekla,duplicate_normalized_skill
57542,tekla structures,duplicate_normalized_skill
57543,telco,duplicate_normalized_skill
57546,tele Sales,duplicate_normalized_skill
57547,tele caller,duplicate_normalized_skill
57548,tele calling,duplicate_normalized_skill
57549,tele calling executive,duplicate_normalized_skill
57550,tele sales,duplicate_normalized_skill
57551,tele sales executive,duplicate_normalized_skill
57553,telecaller,duplicate_normalized_skill
57554,telecalling,duplicate_normalized_skill
57555,telecalling executive,duplicate_normalized_skill
57556,telecom,duplicate_normalized_skill
57557,telecom billing,duplicate_normalized_skill
57558,telecom domain,duplicate_normalized_skill
57559,telecom engineering,duplicate_normalized_skill
57561,telecom networking,duplicate_normalized_skill
57562,telecom process,duplicate_normalized_skill
57563,telecom sales,duplicate_normalized_skill
57566,telecommunication,duplicate_normalized_skill
57569,telemarketing,duplicate_normalized_skill
57570,telematics,duplicate_normalized_skill
57573,telemetry,duplicate_normalized_skill
57574,teleperformance,duplicate_normalized_skill
57576,telephone,duplicate_normalized_skill
57577,telephone handling,duplicate_normalized_skill
57578,telephone operating,duplicate_normalized_skill
57579,telephonic,duplicate_normalized_skill
57581,telephony,duplicate_normalized_skill
57582,telesales,duplicate_normalized_skill
57584,telesales trainer,duplicate_normalized_skill
57586,television,duplicate_normalized_skill
57587,teller,duplicate_normalized_skill
57589,teller operations,duplicate_normalized_skill
57590,telugu,duplicate_normalized_skill
57592,telugu speaking,duplicate_normalized_skill
57594,telus,duplicate_normalized_skill
57595,temenos,duplicate_normalized_skill
57596,temenos t24,duplicate_normalized_skill
57597,temperature gauge,duplicate_normalized_skill
57600,template development,duplicate_normalized_skill
57602,tenable,duplicate_normalized_skill
57606,tender,duplicate_normalized_skill
57607,tender analysis,duplicate_normalized_skill
57608,tender evaluation,duplicate_normalized_skill
57609,tender executive,duplicate_normalized_skill
57610,tender preparation,duplicate_normalized_skill
57612,tendering,duplicate_normalized_skill
57614,teradata,duplicate_normalized_skill
57618,term loan,duplicate_normalized_skill
57622,terminal operations,duplicate_normalized_skill
57624,termination,duplicate_normalized_skill
57626,terraform,duplicate_normalized_skill
57627,territory Manager,duplicate_normalized_skill
57628,territory management,duplicate_normalized_skill
57629,territory manager,duplicate_normalized_skill
57630,territory sales,duplicate_normalized_skill
57631,territory sales management,duplicate_normalized_skill
57632,territory sales manager,duplicate_normalized_skill
57637,test,duplicate_normalized_skill
57638,test Automation,duplicate_normalized_skill
57639,test analysis,duplicate_normalized_skill
57640,test architecture,duplicate_normalized_skill
57641,test automation,duplicate_normalized_skill
57642,test automation framework,duplicate_normalized_skill
57643,test automation frameworks,duplicate_normalized_skill
57644,test case creation,duplicate_normalized_skill
57645,test case design,duplicate_normalized_skill
57648,test case execution,duplicate_normalized_skill
57649,test case preparation,duplicate_normalized_skill
57650,test cases,duplicate_normalized_skill
57651,test complete,duplicate_normalized_skill
57652,test data,duplicate_normalized_skill
57654,test data management,duplicate_normalized_skill
57655,test design,duplicate_normalized_skill
57657,test driven development,duplicate_normalized_skill
57658,test engineering,duplicate_normalized_skill
57660,test execution,duplicate_normalized_skill
57664,test management,duplicate_normalized_skill
57665,test management tool,duplicate_normalized_skill
57666,test management tools,duplicate_normalized_skill
57668,test plan preparation,duplicate_normalized_skill
57669,test planning,duplicate_normalized_skill
57671,test procedures,duplicate_normalized_skill
57674,test reporting,duplicate_normalized_skill
57676,test scenarios,duplicate_normalized_skill
57678,test scripting,duplicate_normalized_skill
57679,test scripts,duplicate_normalized_skill
57681,test strategy,duplicate_normalized_skill
57682,test-driven development,duplicate_normalized_skill
57684,testing,duplicate_normalized_skill
57686,testing and debugging,duplicate_normalized_skill
57688,testing frameworks,duplicate_normalized_skill
57689,testing life cycle,duplicate_normalized_skill
57693,testing methodologies,duplicate_normalized_skill
57696,testing process,duplicate_normalized_skill
57697,testing sap,duplicate_normalized_skill
57698,testing tools,duplicate_normalized_skill
57699,testing web,duplicate_normalized_skill
57700,testng,duplicate_normalized_skill
57701,testrail,duplicate_normalized_skill
57702,tetramax,duplicate_normalized_skill
57705,textile,duplicate_normalized_skill
57707,texture,duplicate_normalized_skill
57708,texturing,duplicate_normalized_skill
57709,tff,invalid_short_skill
57710,tfs,duplicate_normalized_skill
57711,tg,invalid_short_skill
57712,tgt,duplicate_normalized_skill
57713,tgt english teacher,duplicate_normalized_skill
57714,tgt maths,duplicate_normalized_skill
57715,thai,duplicate_normalized_skill
57716,theatre,duplicate_normalized_skill
57721,therapy,duplicate_normalized_skill
57722,thermal,duplicate_normalized_skill
57724,thermal analysis,duplicate_normalized_skill
57725,thermal engineering,duplicate_normalized_skill
57727,thermal management,duplicate_normalized_skill
57729,thermal power plant,duplicate_normalized_skill
57732,thermodynamics,duplicate_normalized_skill
57734,thinking skills,duplicate_normalized_skill
57735,third party products,duplicate_normalized_skill
57736,third party risk management,duplicate_normalized_skill
57738,thomson,duplicate_normalized_skill
57742,threat analysis,duplicate_normalized_skill
57743,threat detection,duplicate_normalized_skill
57744,threat hunting,duplicate_normalized_skill
57745,threat intelligence,duplicate_normalized_skill
57746,threat management,duplicate_normalized_skill
57747,threat modeling,duplicate_normalized_skill
57749,three.js,duplicate_normalized_skill
57754,ti,duplicate_normalized_skill
57755,tibco,duplicate_normalized_skill
57756,tibco administrator,duplicate_normalized_skill
57757,tibco bw,duplicate_normalized_skill
57758,tibco ems,duplicate_normalized_skill
57759,tibco spotfire,duplicate_normalized_skill
57761,ticket booking,duplicate_normalized_skill
57762,ticket management,duplicate_normalized_skill
57764,ticketing,duplicate_normalized_skill
57768,ticketing tool,duplicate_normalized_skill
57769,ticketing tools,duplicate_normalized_skill
57771,tidal,duplicate_normalized_skill
57775,tig,duplicate_normalized_skill
57776,tig welding,duplicate_normalized_skill
57777,tiles,duplicate_normalized_skill
57779,time and motion study,duplicate_normalized_skill
57781,time management,duplicate_normalized_skill
57782,time management skills,duplicate_normalized_skill
57783,time off,duplicate_normalized_skill
57784,time office,duplicate_normalized_skill
57785,time series analysis,duplicate_normalized_skill
57786,time study,duplicate_normalized_skill
57788,time tracking,duplicate_normalized_skill
57793,timely delivery,duplicate_normalized_skill
57795,timesheet,duplicate_normalized_skill
57797,timing,duplicate_normalized_skill
57798,timing analysis,duplicate_normalized_skill
57799,timing closure,duplicate_normalized_skill
57800,tipper,duplicate_normalized_skill
57804,title,duplicate_normalized_skill
57805,title closing,duplicate_normalized_skill
57807,title curative,duplicate_normalized_skill
57808,title examiner,duplicate_normalized_skill
57809,title funding,duplicate_normalized_skill
57811,title services,duplicate_normalized_skill
57812,titration,duplicate_normalized_skill
57815,tivoli workload scheduler,duplicate_normalized_skill
57817,tk,invalid_short_skill
57818,tlf,duplicate_normalized_skill
57819,tlm,duplicate_normalized_skill
57820,tm,duplicate_normalized_skill
57821,tni,duplicate_normalized_skill
57824,toad,duplicate_normalized_skill
57825,toefl,duplicate_normalized_skill
57826,togaf,duplicate_normalized_skill
57828,tol,invalid_short_skill
57829,tolerance analysis,duplicate_normalized_skill
57830,tomcat,duplicate_normalized_skill
57832,tool Design,duplicate_normalized_skill
57835,tool design,duplicate_normalized_skill
57836,tool development,duplicate_normalized_skill
57837,tool engineering,duplicate_normalized_skill
57838,tool maintenance,duplicate_normalized_skill
57839,tool making,duplicate_normalized_skill
57840,tool manufacturing,duplicate_normalized_skill
57843,tool room,duplicate_normalized_skill
57844,tool room operations,duplicate_normalized_skill
57845,tool selection,duplicate_normalized_skill
57848,tooling development,duplicate_normalized_skill
57849,toolings,duplicate_normalized_skill
57851,tools,duplicate_normalized_skill
57853,tosca,duplicate_normalized_skill
57854,tosca automation,duplicate_normalized_skill
57855,tosca testsuite,duplicate_normalized_skill
57856,total quality management,duplicate_normalized_skill
57857,total rewards,duplicate_normalized_skill
57863,tourism,duplicate_normalized_skill
57864,tours,duplicate_normalized_skill
57865,tower,duplicate_normalized_skill
57869,toxicology,duplicate_normalized_skill
57870,tp,duplicate_normalized_skill
57871,tpa,duplicate_normalized_skill
57872,tpfc,duplicate_normalized_skill
57873,tpm,duplicate_normalized_skill
57875,tpo,duplicate_normalized_skill
57876,tprm,duplicate_normalized_skill
57877,tpt,duplicate_normalized_skill
57878,tqm,duplicate_normalized_skill
57879,tr,duplicate_normalized_skill
57880,trace32,duplicate_normalized_skill
57882,tracing,duplicate_normalized_skill
57884,track and trace,duplicate_normalized_skill
57886,tracking,duplicate_normalized_skill
57887,trackwise,duplicate_normalized_skill
57890,tractor loan,duplicate_normalized_skill
57891,trade,duplicate_normalized_skill
57893,trade compliance,duplicate_normalized_skill
57894,trade execution,duplicate_normalized_skill
57895,trade finance,duplicate_normalized_skill
57896,trade finance operations,duplicate_normalized_skill
57897,trade life cycle,duplicate_normalized_skill
57898,trade marketing,duplicate_normalized_skill
57899,trade operations,duplicate_normalized_skill
57900,trade processing,duplicate_normalized_skill
57901,trade promotion management,duplicate_normalized_skill
57902,trade reporting,duplicate_normalized_skill
57903,trade sales,duplicate_normalized_skill
57904,trade services,duplicate_normalized_skill
57905,trade settlements,duplicate_normalized_skill
57907,trade support,duplicate_normalized_skill
57909,trademark,duplicate_normalized_skill
57911,trading,duplicate_normalized_skill
57914,traffic management,duplicate_normalized_skill
57915,train the trainer,duplicate_normalized_skill
57916,trained graduate teacher,duplicate_normalized_skill
57917,trainee,duplicate_normalized_skill
57918,trainee medical coder,duplicate_normalized_skill
57919,trainer,duplicate_normalized_skill
57921,training,duplicate_normalized_skill
57922,training & development,duplicate_normalized_skill
57923,training analysis,duplicate_normalized_skill
57924,training and development,duplicate_normalized_skill
57928,training coordination,duplicate_normalized_skill
57929,training delivery,duplicate_normalized_skill
57931,training facilitation,duplicate_normalized_skill
57932,training management,duplicate_normalized_skill
57933,training manager,duplicate_normalized_skill
57934,training need analysis,duplicate_normalized_skill
57935,training needs,duplicate_normalized_skill
57936,training operations,duplicate_normalized_skill
57938,training programs,duplicate_normalized_skill
57943,trainings,duplicate_normalized_skill
57947,transaction advisory,duplicate_normalized_skill
57948,transaction analysis,duplicate_normalized_skill
57949,transaction banking,duplicate_normalized_skill
57950,transaction management,duplicate_normalized_skill
57951,transaction monitoring,duplicate_normalized_skill
57952,transaction processing,duplicate_normalized_skill
57954,transaction tax,duplicate_normalized_skill
57956,transcription,duplicate_normalized_skill
57957,transfer agency,duplicate_normalized_skill
57958,transfer pricing,duplicate_normalized_skill
57959,transformation,duplicate_normalized_skill
57960,transformation management,duplicate_normalized_skill
57961,transformer,duplicate_normalized_skill
57963,transformer industry,duplicate_normalized_skill
57964,transformers,duplicate_normalized_skill
57965,transition,duplicate_normalized_skill
57966,transition management,duplicate_normalized_skill
57967,transitions,duplicate_normalized_skill
57969,translation,duplicate_normalized_skill
57971,transmission,duplicate_normalized_skill
57972,transmission line,duplicate_normalized_skill
57973,transmission lines,duplicate_normalized_skill
57975,transmitters,duplicate_normalized_skill
57980,transport management,duplicate_normalized_skill
57981,transport management system,duplicate_normalized_skill
57984,transport operations,duplicate_normalized_skill
57986,transportation,duplicate_normalized_skill
57987,transportation operations,duplicate_normalized_skill
57988,transportation planning,duplicate_normalized_skill
57989,transportation safety,duplicate_normalized_skill
57993,trauma surgery,duplicate_normalized_skill
57994,travel,duplicate_normalized_skill
57995,travel agency,duplicate_normalized_skill
57996,travel agent,duplicate_normalized_skill
57997,travel agent activities,duplicate_normalized_skill
57999,travel arrangements,duplicate_normalized_skill
58000,travel booking,duplicate_normalized_skill
58002,travel consultant,duplicate_normalized_skill
58003,travel desk,duplicate_normalized_skill
58005,travel management,duplicate_normalized_skill
58007,travel planning,duplicate_normalized_skill
58008,travel process,duplicate_normalized_skill
58010,travel sales,duplicate_normalized_skill
58011,travel sales agent,duplicate_normalized_skill
58013,travel sales consultant,duplicate_normalized_skill
58014,travel sales consultants,duplicate_normalized_skill
58015,travel sales ppc,duplicate_normalized_skill
58021,treasury,duplicate_normalized_skill
58023,treasury accounting,duplicate_normalized_skill
58026,treasury management,duplicate_normalized_skill
58027,treasury operations,duplicate_normalized_skill
58028,trello,duplicate_normalized_skill
58029,trend,duplicate_normalized_skill
58030,trend analysis,duplicate_normalized_skill
58034,trial balance,duplicate_normalized_skill
58037,trichology,duplicate_normalized_skill
58039,triggers,duplicate_normalized_skill
58044,triple A plus,duplicate_normalized_skill
58045,tririga,duplicate_normalized_skill
58046,triton,duplicate_normalized_skill
58048,trouble shooting,duplicate_normalized_skill
58049,troubleshoot,duplicate_normalized_skill
58051,troubleshooting,duplicate_normalized_skill
58059,truck sales,duplicate_normalized_skill
58062,trust,duplicate_normalized_skill
58064,ts,duplicate_normalized_skill
58065,tsd,duplicate_normalized_skill
58066,tse,duplicate_normalized_skill
58067,tsl,invalid_short_skill
58068,tso,duplicate_normalized_skill
58069,tsr,duplicate_normalized_skill
58074,tunnel,duplicate_normalized_skill
58076,tunneling,duplicate_normalized_skill
58077,turbine,duplicate_normalized_skill
58079,turbines,duplicate_normalized_skill
58080,turbo integrator,duplicate_normalized_skill
58082,turnkey,duplicate_normalized_skill
58085,tutor,duplicate_normalized_skill
58086,tutoring,duplicate_normalized_skill
58087,tv production,duplicate_normalized_skill
58089,twitter,duplicate_normalized_skill
58090,two owner search,duplicate_normalized_skill
58091,two wheeler loan,duplicate_normalized_skill
58092,tws,duplicate_normalized_skill
58093,type script,duplicate_normalized_skill
58094,typing,duplicate_normalized_skill
58096,typing speed,duplicate_normalized_skill
58097,typist,duplicate_normalized_skill
58098,typography,duplicate_normalized_skill
58100,u,invalid_short_skill
58101,u-boot,duplicate_normalized_skill
58103,uae sales,duplicate_normalized_skill
58104,uart,duplicate_normalized_skill
58105,uat,duplicate_normalized_skill
58106,ub04,duplicate_normalized_skill
58108,ubo4,duplicate_normalized_skill
58109,ubr,duplicate_normalized_skill
58110,ubuntu,duplicate_normalized_skill
58112,uc4,duplicate_normalized_skill
58114,ucd,duplicate_normalized_skill
58115,ucp,duplicate_normalized_skill
58116,ucs,invalid_short_skill
58117,uddi,duplicate_normalized_skill
58118,udp,duplicate_normalized_skill
58119,uds,duplicate_normalized_skill
58120,ue,invalid_short_skill
58121,uefi,duplicate_normalized_skill
58122,uem,invalid_short_skill
58123,ufs,invalid_short_skill
58124,uft,duplicate_normalized_skill
58125,uft testing,duplicate_normalized_skill
58128,ug nx,duplicate_normalized_skill
58129,ui,duplicate_normalized_skill
58130,ui applications,duplicate_normalized_skill
58131,ui automation,duplicate_normalized_skill
58132,ui automation testing,duplicate_normalized_skill
58133,ui developer,duplicate_normalized_skill
58134,ui development,duplicate_normalized_skill
58135,ui policy,duplicate_normalized_skill
58139,ui ux development,duplicate_normalized_skill
58140,ui/ux,duplicate_normalized_skill
58141,uikit,duplicate_normalized_skill
58142,uipath,duplicate_normalized_skill
58143,uipath orchestrator,duplicate_normalized_skill
58144,uipath studio,duplicate_normalized_skill
58145,uk,duplicate_normalized_skill
58149,uk it recruiter,duplicate_normalized_skill
58150,uk process,duplicate_normalized_skill
58151,uk sales,duplicate_normalized_skill
58152,uk shift,duplicate_normalized_skill
58153,uk shifts,duplicate_normalized_skill
58154,uk voice,duplicate_normalized_skill
58155,ul,duplicate_normalized_skill
58156,ultrasonic testing,duplicate_normalized_skill
58158,ultrasound,duplicate_normalized_skill
58162,uml,duplicate_normalized_skill
58165,under graduate,education_or_qualification
58166,undergraduate,education_or_qualification
58170,underwriter,duplicate_normalized_skill
58171,underwriting,duplicate_normalized_skill
58174,unica campaign,duplicate_normalized_skill
58175,unified communications,duplicate_normalized_skill
58176,unified functional testing,duplicate_normalized_skill
58177,unigraphics,duplicate_normalized_skill
58178,unigraphics nx,duplicate_normalized_skill
58180,unit,duplicate_normalized_skill
58182,unit head,duplicate_normalized_skill
58184,unit operations,duplicate_normalized_skill
58186,unit testing,duplicate_normalized_skill
58187,unit testing framework,duplicate_normalized_skill
58189,unity,duplicate_normalized_skill
58191,unity3d,duplicate_normalized_skill
58193,unix,duplicate_normalized_skill
58194,unix administration,duplicate_normalized_skill
58195,unix commands,duplicate_normalized_skill
58197,unix linux,duplicate_normalized_skill
58198,unix scripting,duplicate_normalized_skill
58200,unix shell scripting,duplicate_normalized_skill
58201,unix system,duplicate_normalized_skill
58203,unloading,duplicate_normalized_skill
58205,unreal engine,duplicate_normalized_skill
58208,unsecured loan,duplicate_normalized_skill
58209,unsecured loans,duplicate_normalized_skill
58212,uos,invalid_short_skill
58213,upcountry,duplicate_normalized_skill
58215,upgrade,duplicate_normalized_skill
58217,upi,duplicate_normalized_skill
58219,ups,duplicate_normalized_skill
58220,upsell,duplicate_normalized_skill
58221,upselling,duplicate_normalized_skill
58224,upstream,duplicate_normalized_skill
58226,upwork,duplicate_normalized_skill
58228,urban design,duplicate_normalized_skill
58231,urban planning,duplicate_normalized_skill
58234,url filtering,duplicate_normalized_skill
58235,urology,duplicate_normalized_skill
58236,us,duplicate_normalized_skill
58239,us calling,duplicate_normalized_skill
58242,us collection,duplicate_normalized_skill
58243,us flight sales,duplicate_normalized_skill
58244,us gaap,duplicate_normalized_skill
58245,us healthcare,duplicate_normalized_skill
58246,us hotel sales,duplicate_normalized_skill
58247,us inbound sales,duplicate_normalized_skill
58248,us insurance,duplicate_normalized_skill
58251,us it recruiter,duplicate_normalized_skill
58252,us it recruitment,duplicate_normalized_skill
58253,us it staffing,duplicate_normalized_skill
58254,us market,duplicate_normalized_skill
58256,us mortgage,duplicate_normalized_skill
58257,us payroll,duplicate_normalized_skill
58258,us process,duplicate_normalized_skill
58261,us recruiter,duplicate_normalized_skill
58262,us recruitment,duplicate_normalized_skill
58263,us sales,duplicate_normalized_skill
58264,us shift,duplicate_normalized_skill
58266,us staffing,duplicate_normalized_skill
58267,us tax,duplicate_normalized_skill
58271,us technical recruiter,duplicate_normalized_skill
58273,us travel,duplicate_normalized_skill
58274,us travel Sales Executive,duplicate_normalized_skill
58279,us voice,duplicate_normalized_skill
58282,usa,duplicate_normalized_skill
58283,usa sales,duplicate_normalized_skill
58285,usability,duplicate_normalized_skill
58286,usability testing,duplicate_normalized_skill
58287,usb,duplicate_normalized_skill
58289,used car loan,duplicate_normalized_skill
58293,user acceptance testing,duplicate_normalized_skill
58294,user access management,duplicate_normalized_skill
58295,user access review,duplicate_normalized_skill
58297,user acquisition,duplicate_normalized_skill
58298,user administration,duplicate_normalized_skill
58300,user documentation,duplicate_normalized_skill
58301,user exits,duplicate_normalized_skill
58302,user experience design,duplicate_normalized_skill
58303,user flows,duplicate_normalized_skill
58305,user interface designing,duplicate_normalized_skill
58306,user interfaces,duplicate_normalized_skill
58307,user management,duplicate_normalized_skill
58309,user provisioning,duplicate_normalized_skill
58311,user research,duplicate_normalized_skill
58312,user stories,duplicate_normalized_skill
58313,user support,duplicate_normalized_skill
58314,user training,duplicate_normalized_skill
58315,usfda,duplicate_normalized_skill
58316,usg,duplicate_normalized_skill
58318,uspto,duplicate_normalized_skill
58319,ut,invalid_short_skill
58320,utility,duplicate_normalized_skill
58321,utility maintenance,duplicate_normalized_skill
58323,utility projects,duplicate_normalized_skill
58326,utm,duplicate_normalized_skill
58327,uv,duplicate_normalized_skill
58328,uvm,duplicate_normalized_skill
58329,ux,duplicate_normalized_skill
58330,ux design,duplicate_normalized_skill
58332,ux research,duplicate_normalized_skill
58333,ux writing,duplicate_normalized_skill
58334,v2,invalid_short_skill
58335,v6,invalid_short_skill
58336,vCenter,duplicate_normalized_skill
58340,vSAN,duplicate_normalized_skill
58341,vSphere,duplicate_normalized_skill
58342,va,invalid_short_skill
58343,vacuum,duplicate_normalized_skill
58344,vacuum pumps,duplicate_normalized_skill
58346,validation,duplicate_normalized_skill
58349,validation rules,duplicate_normalized_skill
58350,valuation,duplicate_normalized_skill
58352,value analysis,duplicate_normalized_skill
58354,value engineering,duplicate_normalized_skill
58355,value stream mapping,duplicate_normalized_skill
58358,valves,duplicate_normalized_skill
58360,vam,duplicate_normalized_skill
58362,vannamei,duplicate_normalized_skill
58363,vapt,duplicate_normalized_skill
58364,var,duplicate_normalized_skill
58366,variable frequency drives,duplicate_normalized_skill
58368,variance analysis,duplicate_normalized_skill
58369,variant configuration,duplicate_normalized_skill
58370,varicent,duplicate_normalized_skill
58371,vas,duplicate_normalized_skill
58374,vat,duplicate_normalized_skill
58375,vat return,duplicate_normalized_skill
58376,vault,duplicate_normalized_skill
58377,vave,duplicate_normalized_skill
58378,vb,duplicate_normalized_skill
58379,vb script,duplicate_normalized_skill
58380,vba,duplicate_normalized_skill
58381,vc++,duplicate_normalized_skill
58382,vcenter,duplicate_normalized_skill
58384,vcf,duplicate_normalized_skill
58385,vcpp,duplicate_normalized_skill
58386,vdi,duplicate_normalized_skill
58387,vds,duplicate_normalized_skill
58388,ve,duplicate_normalized_skill
58389,vector,duplicate_normalized_skill
58393,veeam,duplicate_normalized_skill
58394,veeva,duplicate_normalized_skill
58395,veeva crm,duplicate_normalized_skill
58397,veeva vault,duplicate_normalized_skill
58399,vehicle,duplicate_normalized_skill
58403,vehicle dynamics,duplicate_normalized_skill
58404,vehicle engineering,duplicate_normalized_skill
58406,vehicle finance,duplicate_normalized_skill
58408,vehicle inspection,duplicate_normalized_skill
58409,vehicle integration,duplicate_normalized_skill
58410,vehicle loan,duplicate_normalized_skill
58411,vehicle maintenance,duplicate_normalized_skill
58412,vehicle management,duplicate_normalized_skill
58416,vehicle testing,duplicate_normalized_skill
58422,vendor,duplicate_normalized_skill
58426,vendor Reconciliation,duplicate_normalized_skill
58428,vendor assessment,duplicate_normalized_skill
58429,vendor billing,duplicate_normalized_skill
58432,vendor contracts,duplicate_normalized_skill
58433,vendor coordination,duplicate_normalized_skill
58434,vendor development,duplicate_normalized_skill
58435,vendor evaluation,duplicate_normalized_skill
58438,vendor invoice management,duplicate_normalized_skill
58439,vendor invoices,duplicate_normalized_skill
58440,vendor management,duplicate_normalized_skill
58444,vendor payments,duplicate_normalized_skill
58446,vendor reconciliation,duplicate_normalized_skill
58448,vendor registration,duplicate_normalized_skill
58449,vendor relationship management,duplicate_normalized_skill
58451,vendor risk assessment,duplicate_normalized_skill
58452,vendor risk management,duplicate_normalized_skill
58454,vendor selection,duplicate_normalized_skill
58455,vendor sourcing,duplicate_normalized_skill
58458,ventilation,duplicate_normalized_skill
58460,venture capital,duplicate_normalized_skill
58463,veracode,duplicate_normalized_skill
58464,verbal and written,duplicate_normalized_skill
58466,verbal communication,duplicate_normalized_skill
58468,verification,duplicate_normalized_skill
58471,verilog,duplicate_normalized_skill
58472,verilog hdl,duplicate_normalized_skill
58473,verint,duplicate_normalized_skill
58474,veritas,duplicate_normalized_skill
58475,veritas backup,duplicate_normalized_skill
58477,verizon,duplicate_normalized_skill
58478,vernier caliper,duplicate_normalized_skill
58481,version control,duplicate_normalized_skill
58483,vertex,duplicate_normalized_skill
58486,vertical,duplicate_normalized_skill
58488,vetting,duplicate_normalized_skill
58489,vetting contracts,duplicate_normalized_skill
58490,vfd,duplicate_normalized_skill
58491,vfd drives,duplicate_normalized_skill
58492,vfds,duplicate_normalized_skill
58493,vfx,duplicate_normalized_skill
58494,vhdl,duplicate_normalized_skill
58495,vibration analysis,duplicate_normalized_skill
58498,vice principal,duplicate_normalized_skill
58499,vid,invalid_short_skill
58500,video,duplicate_normalized_skill
58506,video editing,duplicate_normalized_skill
58507,video editor,duplicate_normalized_skill
58511,videography,duplicate_normalized_skill
58514,villas,duplicate_normalized_skill
58515,vim,duplicate_normalized_skill
58517,vio,duplicate_normalized_skill
58518,violin,duplicate_normalized_skill
58521,viptela,duplicate_normalized_skill
58524,virtual assistant,duplicate_normalized_skill
58527,virtual machines,duplicate_normalized_skill
58528,virtual reality,duplicate_normalized_skill
58530,virtual relationship,duplicate_normalized_skill
58531,virtual sales,duplicate_normalized_skill
58533,virtual training,duplicate_normalized_skill
58534,virtualization,duplicate_normalized_skill
58537,vis,invalid_short_skill
58539,visa counselling,duplicate_normalized_skill
58541,visa processing,duplicate_normalized_skill
58543,visio,duplicate_normalized_skill
58545,visionplus,duplicate_normalized_skill
58547,visitor management,duplicate_normalized_skill
58549,visual,duplicate_normalized_skill
58551,visual basic,duplicate_normalized_skill
58552,visual communication,duplicate_normalized_skill
58553,visual design,duplicate_normalized_skill
58554,visual effects,duplicate_normalized_skill
58556,visual inspection,duplicate_normalized_skill
58558,visual merchandising,duplicate_normalized_skill
58560,visual storytelling,duplicate_normalized_skill
58561,visual studio,duplicate_normalized_skill
58562,visual studio code,duplicate_normalized_skill
58563,visualforce,duplicate_normalized_skill
58564,visualforce pages,duplicate_normalized_skill
58565,visualiser,duplicate_normalized_skill
58566,visualization,duplicate_normalized_skill
58570,vlan,duplicate_normalized_skill
58571,vlocity,duplicate_normalized_skill
58572,vlookup,duplicate_normalized_skill
58573,vlsi,duplicate_normalized_skill
58574,vlsi design,duplicate_normalized_skill
58575,vm management,duplicate_normalized_skill
58577,vmc,duplicate_normalized_skill
58578,vmc machine,duplicate_normalized_skill
58579,vmc programming,duplicate_normalized_skill
58580,vmo,invalid_short_skill
58581,vms,duplicate_normalized_skill
58582,vmware,duplicate_normalized_skill
58583,vmware administration,duplicate_normalized_skill
58584,vmware certified professional,duplicate_normalized_skill
58585,vmware esx server,duplicate_normalized_skill
58589,vmware server,duplicate_normalized_skill
58593,vmware vsphere,duplicate_normalized_skill
58594,vmware workstation,duplicate_normalized_skill
58596,vnx,invalid_short_skill
58598,vocabulary,duplicate_normalized_skill
58599,vocal music,duplicate_normalized_skill
58600,vocational training,duplicate_normalized_skill
58601,vod,duplicate_normalized_skill
58602,voe,duplicate_normalized_skill
58603,voice,duplicate_normalized_skill
58604,voice AI,duplicate_normalized_skill
58606,voice and accent training,duplicate_normalized_skill
58607,voice coach,duplicate_normalized_skill
58612,voice process,duplicate_normalized_skill
58615,voice support,duplicate_normalized_skill
58618,voip,duplicate_normalized_skill
58622,volume hiring,duplicate_normalized_skill
58625,voucher entry,duplicate_normalized_skill
58626,voucher making,duplicate_normalized_skill
58629,vp,duplicate_normalized_skill
58630,vpc,duplicate_normalized_skill
58631,vpd,invalid_short_skill
58632,vpn,duplicate_normalized_skill
58633,vray,duplicate_normalized_skill
58634,vrealize,duplicate_normalized_skill
58635,vrealize automation,duplicate_normalized_skill
58637,vrrp,duplicate_normalized_skill
58638,vsa,duplicate_normalized_skill
58639,vsam,duplicate_normalized_skill
58640,vsan,duplicate_normalized_skill
58641,vsat,duplicate_normalized_skill
58642,vsphere,duplicate_normalized_skill
58643,vt,invalid_short_skill
58644,vue js,duplicate_normalized_skill
58645,vuex,duplicate_normalized_skill
58647,vulkan,duplicate_normalized_skill
58650,vulnerability assessment,duplicate_normalized_skill
58651,vulnerability management,duplicate_normalized_skill
58653,vulnerability scanning,duplicate_normalized_skill
58654,vxlan,duplicate_normalized_skill
58656,vxworks,duplicate_normalized_skill
58657,vyper,duplicate_normalized_skill
58658,w2,duplicate_normalized_skill
58659,w3c,duplicate_normalized_skill
58662,wages,duplicate_normalized_skill
58665,waiter activities,duplicate_normalized_skill
58671,wan,duplicate_normalized_skill
58672,ward,duplicate_normalized_skill
58674,warden activities,duplicate_normalized_skill
58676,warehouse,duplicate_normalized_skill
58677,warehouse automation,duplicate_normalized_skill
58681,warehouse incharge,duplicate_normalized_skill
58682,warehouse management,duplicate_normalized_skill
58683,warehouse management system,duplicate_normalized_skill
58684,warehouse manager,duplicate_normalized_skill
58686,warehouse operations,duplicate_normalized_skill
58690,warranty,duplicate_normalized_skill
58692,warranty management,duplicate_normalized_skill
58693,was administration,duplicate_normalized_skill
58695,wastage control,duplicate_normalized_skill
58698,waste water,duplicate_normalized_skill
58699,waste water treatment,duplicate_normalized_skill
58701,water,duplicate_normalized_skill
58702,water analysis,duplicate_normalized_skill
58706,water supply,duplicate_normalized_skill
58709,water treatment plant,duplicate_normalized_skill
58711,waterfall,duplicate_normalized_skill
58712,waterproofing,duplicate_normalized_skill
58714,wbs,duplicate_normalized_skill
58715,wbt,duplicate_normalized_skill
58716,wcag,duplicate_normalized_skill
58717,wcc,invalid_short_skill
58719,wcf,duplicate_normalized_skill
58720,wcm,duplicate_normalized_skill
58721,wcs,duplicate_normalized_skill
58722,wd,duplicate_normalized_skill
58724,wdm,duplicate_normalized_skill
58725,wds,invalid_short_skill
58728,wealth management,duplicate_normalized_skill
58729,wealth manager,duplicate_normalized_skill
58732,web,duplicate_normalized_skill
58733,web API,duplicate_normalized_skill
58734,web Api,duplicate_normalized_skill
58736,web analytics,duplicate_normalized_skill
58738,web api,duplicate_normalized_skill
58740,web application,duplicate_normalized_skill
58743,web application development,duplicate_normalized_skill
58744,web application firewall,duplicate_normalized_skill
58746,web application penetration testing,duplicate_normalized_skill
58747,web application security,duplicate_normalized_skill
58748,web application testing,duplicate_normalized_skill
58751,web chat,duplicate_normalized_skill
58753,web content,duplicate_normalized_skill
58754,web content management,duplicate_normalized_skill
58755,web content writing,duplicate_normalized_skill
58756,web design,duplicate_normalized_skill
58757,web designing,duplicate_normalized_skill
58758,web developer,duplicate_normalized_skill
58759,web development,duplicate_normalized_skill
58760,web framework,duplicate_normalized_skill
58762,web intelligence,duplicate_normalized_skill
58764,web parts,duplicate_normalized_skill
58768,web reporting,duplicate_normalized_skill
58769,web research,duplicate_normalized_skill
58770,web scraping,duplicate_normalized_skill
58771,web server,duplicate_normalized_skill
58774,web services,duplicate_normalized_skill
58775,web services testing,duplicate_normalized_skill
58777,web technologies,duplicate_normalized_skill
58779,web ui,duplicate_normalized_skill
58781,webApi,duplicate_normalized_skill
58783,webapi,duplicate_normalized_skill
58784,webdriver,duplicate_normalized_skill
58785,webdriverio,duplicate_normalized_skill
58786,webdynpro,duplicate_normalized_skill
58787,webdynpro abap,duplicate_normalized_skill
58788,webdynpro java,duplicate_normalized_skill
58789,webex,duplicate_normalized_skill
58790,webflow,duplicate_normalized_skill
58791,webflux,duplicate_normalized_skill
58793,webforms,duplicate_normalized_skill
58794,webgl,duplicate_normalized_skill
58795,webhelp,duplicate_normalized_skill
58796,webi,duplicate_normalized_skill
58798,weblogic,duplicate_normalized_skill
58800,weblogic administration,duplicate_normalized_skill
58801,webmethods,duplicate_normalized_skill
58802,webmethods integration server,duplicate_normalized_skill
58803,webpack,duplicate_normalized_skill
58804,webrtc,duplicate_normalized_skill
58806,webservices,duplicate_normalized_skill
58810,website handling,duplicate_normalized_skill
58811,website optimization,duplicate_normalized_skill
58813,websocket,duplicate_normalized_skill
58815,websphere,duplicate_normalized_skill
58816,websphere Mq,duplicate_normalized_skill
58818,websphere application server,duplicate_normalized_skill
58821,websphere mq,duplicate_normalized_skill
58823,webtrends,duplicate_normalized_skill
58829,wedding planning,duplicate_normalized_skill
58834,weekly & monthly reports and maintain the records.Raw materials quality inspection entry through ERP Outside grains procurement Receive & verify the invoice copy from loading vehicle driver,sentence_or_description
58836,weight training,duplicate_normalized_skill
58839,welder,duplicate_normalized_skill
58840,welding,duplicate_normalized_skill
58844,welding machine,duplicate_normalized_skill
58848,wellness,duplicate_normalized_skill
58857,wet chemistry,duplicate_normalized_skill
58860,wfh,duplicate_normalized_skill
58861,wfm,duplicate_normalized_skill
58862,wfm planning,duplicate_normalized_skill
58863,wfo,duplicate_normalized_skill
58864,wfs,invalid_short_skill
58867,white box,duplicate_normalized_skill
58868,white hat seo team leader from travel industry,sentence_or_description
58869,wholesale,duplicate_normalized_skill
58870,wholesale banking,duplicate_normalized_skill
58872,why-why analysis,duplicate_normalized_skill
58874,wifi,duplicate_normalized_skill
58879,willing to relocate to Phargwara near Jalandhar Punjab,sentence_or_description
58880,willing to relocate to Rajpura Punjab and for cv whatsapp 9216321822,sentence_or_description
58881,willing to relocate to jalandhar and for cv whatsapp 9216321822,sentence_or_description
58882,willingness to learn,duplicate_normalized_skill
58883,willingness to travel,duplicate_normalized_skill
58884,win,duplicate_normalized_skill
58885,wincc,duplicate_normalized_skill
58887,wind energy,duplicate_normalized_skill
58889,wind turbines,duplicate_normalized_skill
58890,windbg,duplicate_normalized_skill
58891,windchill,duplicate_normalized_skill
58893,windchill customization,duplicate_normalized_skill
58895,windows,duplicate_normalized_skill
58897,windows active directory,duplicate_normalized_skill
58898,windows administration,duplicate_normalized_skill
58899,windows application,duplicate_normalized_skill
58904,windows installation,duplicate_normalized_skill
58906,windows internals,duplicate_normalized_skill
58908,windows operating system,duplicate_normalized_skill
58909,windows os,duplicate_normalized_skill
58910,windows patching,duplicate_normalized_skill
58911,windows platform,duplicate_normalized_skill
58912,windows presentation foundation,duplicate_normalized_skill
58913,windows programming,duplicate_normalized_skill
58914,windows server,duplicate_normalized_skill
58915,windows server administration,duplicate_normalized_skill
58916,windows services,duplicate_normalized_skill
58917,windows system administration,duplicate_normalized_skill
58918,windows troubleshooting,duplicate_normalized_skill
58920,wine,duplicate_normalized_skill
58922,winforms,duplicate_normalized_skill
58925,wintel,duplicate_normalized_skill
58926,wipro,duplicate_normalized_skill
58927,wire,duplicate_normalized_skill
58928,wireframe,duplicate_normalized_skill
58930,wireframing,duplicate_normalized_skill
58931,wireless,duplicate_normalized_skill
58933,wireless networking,duplicate_normalized_skill
58937,wireshark,duplicate_normalized_skill
58938,wiring,duplicate_normalized_skill
58939,wiring diagram,duplicate_normalized_skill
58943,with practical experience in recording and managing entries for Sales,experience_or_description_phrase
58944,with proven negotiation skills. Excellent interpersonal and customer service skills. Excellent organizational skills. Excellent time management skills with a proven ability to meet deadlines,experience_or_description_phrase
58945,with the ability to use CRM tools,experience_or_description_phrase
58947,wix,duplicate_normalized_skill
58948,wiz,duplicate_normalized_skill
58949,wlan protocols,duplicate_normalized_skill
58951,wm,duplicate_normalized_skill
58952,wm module,duplicate_normalized_skill
58953,wms,duplicate_normalized_skill
58956,word,duplicate_normalized_skill
58957,word and email. Support for material planning activity. Co-ordination with Customs clearance activity,sentence_or_description
58958,word processing,duplicate_normalized_skill
58959,wordpress,duplicate_normalized_skill
58960,wordpress cms,duplicate_normalized_skill
58963,wordpress development,duplicate_normalized_skill
58964,wordpress plugin development,duplicate_normalized_skill
58965,wordpress themes,duplicate_normalized_skill
58967,work from home,duplicate_normalized_skill
58968,work from office,duplicate_normalized_skill
58969,work management,duplicate_normalized_skill
58974,workbench,duplicate_normalized_skill
58975,workday,duplicate_normalized_skill
58977,workday Extend,duplicate_normalized_skill
58978,workday certified,duplicate_normalized_skill
58981,workday core hcm,duplicate_normalized_skill
58982,workday functional,duplicate_normalized_skill
58983,workday hcm,duplicate_normalized_skill
58985,workday integration,duplicate_normalized_skill
58986,workday reporting,duplicate_normalized_skill
58987,workday security,duplicate_normalized_skill
58988,workday studio integration,duplicate_normalized_skill
58990,workday testing,duplicate_normalized_skill
58992,workflow,duplicate_normalized_skill
58993,workflow analysis,duplicate_normalized_skill
58994,workflow automation,duplicate_normalized_skill
58995,workflow builder,duplicate_normalized_skill
58996,workflow management,duplicate_normalized_skill
58999,workflows,duplicate_normalized_skill
59000,workforce analytics,duplicate_normalized_skill
59001,workforce management,duplicate_normalized_skill
59002,workforce planning,duplicate_normalized_skill
59006,working capital,duplicate_normalized_skill
59007,working capital management,duplicate_normalized_skill
59008,working drawings,duplicate_normalized_skill
59009,workiva,duplicate_normalized_skill
59010,workplace,duplicate_normalized_skill
59015,workshop management,duplicate_normalized_skill
59016,workshop manager,duplicate_normalized_skill
59018,worksoft,duplicate_normalized_skill
59019,worksoft certify,duplicate_normalized_skill
59021,worldspan,duplicate_normalized_skill
59022,woven,duplicate_normalized_skill
59025,woven garments,duplicate_normalized_skill
59027,wpa,duplicate_normalized_skill
59028,wpf,duplicate_normalized_skill
59029,wps,duplicate_normalized_skill
59030,wricef,duplicate_normalized_skill
59031,writing,duplicate_normalized_skill
59032,writing content,duplicate_normalized_skill
59033,written,generic
59034,written and oral communication,duplicate_normalized_skill
59036,written communication,duplicate_normalized_skill
59040,wsus,duplicate_normalized_skill
59041,wtp,duplicate_normalized_skill
59042,wwtp,duplicate_normalized_skill
59043,wxwidgets,duplicate_normalized_skill
59044,x,duplicate_normalized_skill
59045,x++,duplicate_normalized_skill
59046,x-ray,duplicate_normalized_skill
59047,x12,duplicate_normalized_skill
59048,x86,duplicate_normalized_skill
59052,xamarin,duplicate_normalized_skill
59055,xaml,duplicate_normalized_skill
59056,xbrl,duplicate_normalized_skill
59057,xcode,duplicate_normalized_skill
59058,xcp,duplicate_normalized_skill
59059,xcuitest,duplicate_normalized_skill
59060,xd,duplicate_normalized_skill
59063,xen,duplicate_normalized_skill
59064,xenapp,duplicate_normalized_skill
59065,xendesktop,duplicate_normalized_skill
59067,xero,duplicate_normalized_skill
59069,xhtml,duplicate_normalized_skill
59070,xilinx,duplicate_normalized_skill
59071,xml,duplicate_normalized_skill
59072,xml apis,duplicate_normalized_skill
59074,xml publisher,duplicate_normalized_skill
59075,xml publisher reports,duplicate_normalized_skill
59078,xpath,duplicate_normalized_skill
59079,xr,duplicate_normalized_skill
59080,xra,invalid_short_skill
59084,xsd,duplicate_normalized_skill
59086,xslt,duplicate_normalized_skill
59087,xslt mapping,duplicate_normalized_skill
59089,yaml,duplicate_normalized_skill
59090,yard management,duplicate_normalized_skill
59091,yarn,duplicate_normalized_skill
59094,year,generic
59097,yield management,duplicate_normalized_skill
59098,yii,duplicate_normalized_skill
59099,yocto,duplicate_normalized_skill
59101,yoga,duplicate_normalized_skill
59103,yoga trainer,duplicate_normalized_skill
59104,youtube,duplicate_normalized_skill
59105,yum,duplicate_normalized_skill
59106,z/OS,duplicate_normalized_skill
59110,zabbix,duplicate_normalized_skill
59111,zap,invalid_short_skill
59112,zbc,invalid_short_skill
59113,zendesk,duplicate_normalized_skill
59114,zephyr,duplicate_normalized_skill
59115,zero trust,duplicate_normalized_skill
59116,zinc plating,duplicate_normalized_skill
59118,zld,duplicate_normalized_skill
59119,zoho,duplicate_normalized_skill
59120,zoho books,duplicate_normalized_skill
59121,zoho campaigns,duplicate_normalized_skill
59122,zoho creator,duplicate_normalized_skill
59123,zoho crm,duplicate_normalized_skill
59127,zoology,duplicate_normalized_skill
59128,zoom,duplicate_normalized_skill
59129,zoominfo,duplicate_normalized_skill
59130,zos,duplicate_normalized_skill
59131,zscaler,duplicate_normalized_skill
59134,zuken,duplicate_normalized_skill
59135,zuora,duplicate_normalized_skill
