skill,jobs_requiring_skill,demand_percentage,priority
hr,1048,5.005492668481636,Low
automation,894,4.269952715288723,Low
security,824,3.9356163729283087,Low
business development,823,3.9308401394660173,Low
java,817,3.902182738692267,Low
voice,802,3.8305392367578928,Low
digital,747,3.567846396331853,Low
agile,737,3.5200840617089364,Low
aws,718,3.4293356259253955,Low
customer service,712,3.4006782251516454,Low
cross-functional,711,3.395901991689354,Low
sap,710,3.391125758227062,Low
azure,701,3.3481396570664375,Low
test,681,3.2526149878206048,Low
learning,651,3.1093279839518555,Low
frameworks,633,3.023355781630606,Low
accounting,631,3.013803314706023,Low
health,620,2.961264746620815,Low
programming,618,2.9517122796962316,Low
strategy,598,2.856187610450399,Low
research,595,2.841858910063524,Low
analytics,582,2.7797678750537327,Low
database,569,2.7176768400439415,Low
methodologies,524,2.502746334240818,Low
enterprise,524,2.502746334240818,Low
infrastructure,516,2.4645364665424845,Low
software development,514,2.4549839996179013,Low
api,513,2.4502077661556094,Low
engagement,511,2.440655299231026,Low
network,506,2.4167741319195684,Low
stack,498,2.378564264221235,Low
report,496,2.369011797296652,Low
manufacturing,494,2.3594593303720686,Low
solution,494,2.3594593303720686,Low
risk,492,2.3499068634474853,Low
apis,489,2.3355781630606103,Low
regulations,481,2.2973682953622774,Low
scalable,480,2.2925920618999855,Low
processing,473,2.259158427663944,Low
staff,472,2.2543821942016526,Low
relationship manager,471,2.249605960739361,Low
devops,468,2.235277260352486,Low
crm,467,2.2305010268901944,Low
incentives,466,2.2257247934279025,Low
safety,465,2.220948559965611,Low
interpersonal skills,460,2.197067392654153,Low
fast,459,2.1922911591918615,Low
deployment,457,2.182738692267278,Low
cost,452,2.15885752495582,Low
feedback,451,2.154081291493528,Low
regulatory,447,2.1349763576443617,Low
corporate,446,2.13020012418207,Low
efficiency,445,2.1254238907197784,Low
troubleshooting,444,2.1206476572574866,Low
female,442,2.1110951903329034,Low
branch,439,2.0967664899460283,Low
pipelines,438,2.091990256483737,Low
voice process,438,2.091990256483737,Low
open,437,2.087214023021445,Low
revenue,435,2.077661556096862,Low
general,435,2.077661556096862,Low
channel,432,2.0633328557099873,Low
medical,431,2.0585566222476954,Low
optimization,430,2.0537803887854036,Low
documents,430,2.0537803887854036,Low
skilled,428,2.0442279218608204,Low
talent,426,2.034675454936237,Low
framework,426,2.034675454936237,Low
implementing,423,2.0203467545493625,Low
verbal and written,422,2.0155705210870707,Low
oracle,420,2.0060180541624875,Low
sales targets,420,2.0060180541624875,Low
engineers,419,2.0012418207001956,Low
certified,419,2.0012418207001956,Low
flexible,415,1.9821368868510294,Low
resource,412,1.9678081864641543,Low
databases,412,1.9678081864641543,Low
electrical,411,1.9630319530018627,Low
customer support,410,1.9582557195395711,Low
discipline,408,1.948703252614988,Low
javascript,406,1.9391507856904047,Low
driving,406,1.9391507856904047,Low
acquisition,403,1.9248220853035296,Low
head,402,1.920045851841238,Low
mechanical,401,1.9152696183789464,Low
content,401,1.9152696183789464,Low
project management,400,1.9104933849166548,Low
components,399,1.9057171514543632,Low
loan,396,1.8913884510674883,Low
front,396,1.8913884510674883,Low
meetings,395,1.8866122176051965,Low
email,394,1.8818359841429049,Low
media,394,1.8818359841429049,Low
partner,394,1.8818359841429049,Low
equipment,393,1.8770597506806133,Low
expert,391,1.86750728375603,Low
levels,390,1.8627310502937384,Low
problem-solving skills,390,1.8627310502937384,Low
metrics,388,1.8531785833691552,Low
healthcare,388,1.8531785833691552,Low
culture,388,1.8531785833691552,Low
bonus,387,1.8484023499068636,Low
document,385,1.8388498829822801,Low
innovation,382,1.8245211825954053,Low
insights,381,1.8197449491331137,Low
functions,379,1.8101924822085305,Low
solid,371,1.7719826145101973,Low
configuration,369,1.7624301475856141,Low
writing,369,1.7624301475856141,Low
react,369,1.7624301475856141,Low
social,366,1.748101447198739,Low
coding,365,1.7433252137364474,Low
scale,364,1.7385489802741558,Low
software engineer,363,1.7337727468118642,Low
troubleshoot,361,1.724220279887281,Low
audit,357,1.7051153460381143,Low
brand,356,1.7003391125758227,Low
current,356,1.7003391125758227,Low
resolution,354,1.6907866456512395,Low
materials,354,1.6907866456512395,Low
innovative,350,1.671681711802073,Low
change,349,1.6669054783397812,Low
erp,348,1.6621292448774896,Low
commercial,347,1.657353011415198,Low
commerce,345,1.6478005444906147,Low
developers,345,1.6478005444906147,Low
specifications,345,1.6478005444906147,Low
retail,344,1.6430243110283231,Low
order,344,1.6430243110283231,Low
university,343,1.6382480775660315,Low
male,340,1.6239193771791565,Low
program,339,1.6191431437168649,Low
backend,339,1.6191431437168649,Low
seamless,338,1.6143669102545732,Low
server,337,1.6095906767922816,Low
rotational shifts,336,1.60481444332999,Low
unit,334,1.5952619764054068,Low
languages,333,1.5904857429431152,Low
team handling,333,1.5904857429431152,Low
workflows,331,1.5809332760185317,Low
preparation,330,1.5761570425562401,Low
immediate joiners,329,1.5713808090939485,Low
title,328,1.566604575631657,Low
qa,327,1.5618283421693653,Low
graduates,326,1.5570521087070737,Low
mentor,325,1.552275875244782,Low
sales officer,325,1.552275875244782,Low
business administration,325,1.552275875244782,Low
line,324,1.5474996417824902,Low
primary,321,1.5331709413956154,Low
basis,321,1.5331709413956154,Low
scripting,320,1.5283947079333238,Low
vendor,319,1.5236184744710322,Low
git,318,1.5188422410087405,Low
negotiation,318,1.5188422410087405,Low
features,317,1.514066007546449,Low
and interpersonal skills,317,1.514066007546449,Low
audits,317,1.514066007546449,Low
professionals,315,1.5045135406218655,Low
consulting,315,1.5045135406218655,Low
networking,314,1.4997373071595739,Low
access,314,1.4997373071595739,Low
microservices,308,1.4710799063858242,Low
presentation,307,1.4663036729235326,Low
personal,307,1.4663036729235326,Low
productivity,306,1.4615274394612408,Low
tracking,306,1.4615274394612408,Low
portfolio,305,1.4567512059989491,Low
food,304,1.4519749725366575,Low
collaborate with cross-functional teams,304,1.4519749725366575,Low
inventory,303,1.447198739074366,Low
vision,302,1.4424225056120743,Low
spring,302,1.4424225056120743,Low
proactive,302,1.4424225056120743,Low
construction,301,1.4376462721497827,Low
mobile,300,1.432870038687491,Low
deliverables,298,1.4233175717629079,Low
excellence,297,1.418541338300616,Low
assistant manager,297,1.418541338300616,Low
technical skills,296,1.4137651048383244,Low
policy,296,1.4137651048383244,Low
lead generation,296,1.4137651048383244,Low
ci/cd,295,1.4089888713760328,Low
attention to detail,293,1.3994364044514496,Low
meeting,291,1.3898839375268663,Low
changes,291,1.3898839375268663,Low
full stack,290,1.3851077040645747,Low
material,288,1.3755552371399913,Low
google,287,1.3707790036776997,Low
angular,286,1.366002770215408,Low
pressure,286,1.366002770215408,Low
center,285,1.3612265367531164,Low
whatsapp,284,1.3564503032908248,Low
protocols,283,1.3516740698285332,Low
events,282,1.3468978363662416,Low
procurement,282,1.3468978363662416,Low
machine,281,1.34212160290395,Low
sourcing,279,1.3325691359793665,Low
international voice,278,1.327792902517075,Low
and reporting,278,1.327792902517075,Low
btech,276,1.3182404355924917,Low
work from office,276,1.3182404355924917,Low
strong analytical,275,1.3134642021302,Low
journey,275,1.3134642021302,Low
night shift,274,1.3086879686679085,Low
supply,274,1.3086879686679085,Low
evaluate,272,1.2991355017433253,Low
b.tech,272,1.2991355017433253,Low
accountant,271,1.2943592682810336,Low
institute,271,1.2943592682810336,Low
updates,271,1.2943592682810336,Low
analytical skills,270,1.2895830348187418,Low
campaigns,270,1.2895830348187418,Low
transformation,269,1.2848068013564502,Low
configure,269,1.2848068013564502,Low
kubernetes,269,1.2848068013564502,Low
ui,269,1.2848068013564502,Low
weekly,269,1.2848068013564502,Low
information technology,269,1.2848068013564502,Low
hybrid,267,1.275254334431867,Low
online,267,1.275254334431867,Low
budget,267,1.275254334431867,Low
continuous improvement,266,1.2704781009695754,Low
management skills,266,1.2704781009695754,Low
financial services,265,1.2657018675072838,Low
social media,265,1.2657018675072838,Low
store,265,1.2657018675072838,Low
governance,264,1.2609256340449921,Low
solve,264,1.2609256340449921,Low
industrial,262,1.251373167120409,Low
operating,262,1.251373167120409,Low
chat,259,1.2370444667335339,Low
communications,258,1.2322682332712422,Low
source,257,1.2274919998089506,Low
legal,256,1.222715766346659,Low
payments,256,1.222715766346659,Low
provident fund,256,1.222715766346659,Low
scrum,256,1.222715766346659,Low
storage,255,1.2179395328843674,Low
problem solving,254,1.2131632994220758,Low
creative,253,1.2083870659597842,Low
conducting,253,1.2083870659597842,Low
welcome,252,1.2036108324974923,Low
as needed,252,1.2036108324974923,Low
modules,252,1.2036108324974923,Low
docker,252,1.2036108324974923,Low
mortgage,252,1.2036108324974923,Low
contract,251,1.1988345990352007,Low
modeling,250,1.1940583655729091,Low
linux,249,1.1892821321106175,Low
word,248,1.184505898648326,Low
boot,247,1.1797296651860343,Low
bengaluru,245,1.170177198261451,Low
customer experience,245,1.170177198261451,Low
restful,244,1.1654009647991594,Low
vendors,244,1.1654009647991594,Low
assurance,242,1.155848497874576,Low
communication and interpersonal skills,242,1.155848497874576,Low
customer satisfaction,241,1.1510722644122844,Low
business requirements,241,1.1510722644122844,Low
facility,240,1.1462960309499928,Low
passionate,240,1.1462960309499928,Low
credit,240,1.1462960309499928,Low
scope,240,1.1462960309499928,Low
night shifts,238,1.1367435640254095,Low
base,238,1.1367435640254095,Low
cloud platforms,237,1.131967330563118,Low
health insurance,237,1.131967330563118,Low
guide,236,1.1271910971008263,Low
local language,235,1.1224148636385347,Low
decision-making,235,1.1224148636385347,Low
salesforce,234,1.117638630176243,Low
purchase,233,1.1128623967139513,Low
reliability,233,1.1128623967139513,Low
controls,233,1.1128623967139513,Low
hardware,233,1.1128623967139513,Low
intelligence,232,1.1080861632516597,Low
presentations,232,1.1080861632516597,Low
ownership,231,1.103309929789368,Low
remote,231,1.103309929789368,Low
bi,231,1.103309929789368,Low
back,231,1.103309929789368,Low
requests,231,1.103309929789368,Low
resolving,231,1.103309929789368,Low
recommendations,229,1.0937574628647848,Low
field sales,229,1.0937574628647848,Low
orientation,227,1.0842049959402016,Low
assessment,227,1.0842049959402016,Low
plant,227,1.0842049959402016,Low
billing,227,1.0842049959402016,Low
spring boot,226,1.07942876247791,Low
cash,224,1.0698762955533265,Low
regional,223,1.065100062091035,Low
edge,223,1.065100062091035,Low
team player,222,1.0603238286287433,Low
payment,222,1.0603238286287433,Low
qualified,222,1.0603238286287433,Low
ideas,221,1.0555475951664517,Low
supply chain,220,1.05077136170416,Low
coordinating,220,1.05077136170416,Low
home loan,220,1.05077136170416,Low
electronics,219,1.0459951282418685,Low
hindi,219,1.0459951282418685,Low
alignment,218,1.0412188947795769,Low
debugging,218,1.0412188947795769,Low
validation,216,1.0316664278549936,Low
full-time,216,1.0316664278549936,Low
side,215,1.0268901943927018,Low
business development executive,214,1.0221139609304102,Low
laws,214,1.0221139609304102,Low
reconciliation,213,1.0173377274681186,Low
interactions,213,1.0173377274681186,Low
microsoft office,213,1.0173377274681186,Low
development manager,213,1.0173377274681186,Low
deals,212,1.012561494005827,Low
batch,212,1.012561494005827,Low
estate,211,1.0077852605435353,Low
logistics,210,1.0030090270812437,Low
flow,210,1.0030090270812437,Low
sales team,210,1.0030090270812437,Low
onboarding,210,1.0030090270812437,Low
outbound,209,0.9982327936189521,Low
relationship management,209,0.9982327936189521,Low
and problem-solving skills,209,0.9982327936189521,Low
civil,209,0.9982327936189521,Low
channels,209,0.9982327936189521,Low
code reviews,208,0.9934565601566605,Low
advisor,208,0.9934565601566605,Low
clean,206,0.9839040932320772,Low
activity,205,0.9791278597697856,Low
scalability,205,0.9791278597697856,Low
automated,204,0.974351626307494,Low
technical support,204,0.974351626307494,Low
user experience,204,0.974351626307494,Low
direct selling,203,0.9695753928452023,Low
real estate,203,0.9695753928452023,Low
tally,203,0.9695753928452023,Low
software engineering,203,0.9695753928452023,Low
internal teams,202,0.9647991593829106,Low
domestic,202,0.9647991593829106,Low
integrations,202,0.9647991593829106,Low
structures,201,0.960022925920619,Low
data analysis,201,0.960022925920619,Low
school,201,0.960022925920619,Low
most,201,0.960022925920619,Low
supervision,201,0.960022925920619,Low
calling,201,0.960022925920619,Low
availability,200,0.9552466924583274,Low
digital marketing,200,0.9552466924583274,Low
setting,200,0.9552466924583274,Low
etl,199,0.9504704589960358,Low
methods,198,0.9456942255337442,Low
rules,198,0.9456942255337442,Low
next,198,0.9456942255337442,Low
support executive,196,0.9361417586091608,Low
c#,196,0.9361417586091608,Low
saas,196,0.9361417586091608,Low
industry trends,195,0.9313655251468692,Low
coordinator,194,0.9265892916845776,Low
payroll,194,0.9265892916845776,Low
deploy,194,0.9265892916845776,Low
grade,193,0.9218130582222859,Low
collection,193,0.9218130582222859,Low
pipeline,192,0.9170368247599943,Low
subject,192,0.9170368247599943,Low
tuning,191,0.9122605912977026,Low
project manager,190,0.907484357835411,Low
assets,190,0.907484357835411,Low
statutory,189,0.9027081243731194,Low
schedules,189,0.9027081243731194,Low
new business,189,0.9027081243731194,Low
event,189,0.9027081243731194,Low
day shift,189,0.9027081243731194,Low
scheduling,189,0.9027081243731194,Low
css,189,0.9027081243731194,Low
kpis,188,0.8979318909108277,Low
hospital,187,0.8931556574485361,Low
distribution,186,0.8883794239862445,Low
trade,184,0.8788269570616613,Low
inbound,184,0.8788269570616613,Low
distributed,184,0.8788269570616613,Low
verbal communication,184,0.8788269570616613,Low
version control,183,0.8740507235993695,Low
dashboards,183,0.8740507235993695,Low
admin,183,0.8740507235993695,Low
international voice process,182,0.8692744901370779,Low
quality assurance,182,0.8692744901370779,Low
mentoring,181,0.8644982566747863,Low
awareness,181,0.8644982566747863,Low
data science,181,0.8644982566747863,Low
investment,181,0.8644982566747863,Low
balance,181,0.8644982566747863,Low
cutting,181,0.8644982566747863,Low
patient,181,0.8644982566747863,Low
information systems,180,0.8597220232124947,Low
stakeholder management,180,0.8597220232124947,Low
native,180,0.8597220232124947,Low
students,179,0.854945789750203,Low
energy,179,0.854945789750203,Low
team leader,179,0.854945789750203,Low
verification,178,0.8501695562879114,Low
retention,178,0.8501695562879114,Low
html,177,0.8453933228256197,Low
development associate,177,0.8453933228256197,Low
jenkins,177,0.8453933228256197,Low
bfsi,177,0.8453933228256197,Low
place,177,0.8453933228256197,Low
business process,177,0.8453933228256197,Low
business development associate,176,0.8406170893633281,Low
business development manager,175,0.8358408559010365,Low
work from home,175,0.8358408559010365,Low
stock,175,0.8358408559010365,Low
windows,174,0.8310646224387448,Low
case,174,0.8310646224387448,Low
powerpoint,173,0.8262883889764532,Low
soft,173,0.8262883889764532,Low
drawings,171,0.81673592205187,Low
class,171,0.81673592205187,Low
play,171,0.81673592205187,Low
trust,171,0.81673592205187,Low
verbal and written communication,171,0.81673592205187,Low
transactions,170,0.8119596885895782,Low
sql server,169,0.8071834551272866,Low
github,169,0.8071834551272866,Low
talent acquisition,169,0.8071834551272866,Low
frontend,169,0.8071834551272866,Low
jira,169,0.8071834551272866,Low
sdlc,168,0.802407221664995,Low
asset,168,0.802407221664995,Low
capital,168,0.802407221664995,Low
complaints,167,0.7976309882027034,Low
entry,167,0.7976309882027034,Low
interviews,167,0.7976309882027034,Low
installation,165,0.7880785212781201,Low
evaluation,165,0.7880785212781201,Low
reach,165,0.7880785212781201,Low
pharma,165,0.7880785212781201,Low
representative,165,0.7880785212781201,Low
effective communication,164,0.7833022878158284,Low
restful apis,163,0.7785260543535368,Low
quarterly,163,0.7785260543535368,Low
android,163,0.7785260543535368,Low
b.e,162,0.7737498208912451,Low
scripts,162,0.7737498208912451,Low
mysql,162,0.7737498208912451,Low
hospitality,162,0.7737498208912451,Low
power bi,161,0.7689735874289535,Low
autocad,161,0.7689735874289535,Low
follow up,161,0.7689735874289535,Low
physical,161,0.7689735874289535,Low
client relationships,160,0.7641973539666619,Low
agile methodologies,159,0.7594211205043703,Low
clinical,158,0.7546448870420787,Low
safe,158,0.7546448870420787,Low
java developer,158,0.7546448870420787,Low
data engineer,158,0.7546448870420787,Low
internship,157,0.7498686535797869,Low
connect,157,0.7498686535797869,Low
prioritize,156,0.7450924201174953,Low
web services,156,0.7450924201174953,Low
territory,156,0.7450924201174953,Low
check,156,0.7450924201174953,Low
custom,156,0.7450924201174953,Low
quality standards,155,0.7403161866552037,Low
typescript,155,0.7403161866552037,Low
application development,155,0.7403161866552037,Low
pricing,155,0.7403161866552037,Low
release,155,0.7403161866552037,Low
risk management,155,0.7403161866552037,Low
major,155,0.7403161866552037,Low
banca,155,0.7403161866552037,Low
human resource,154,0.7355399531929121,Low
partnerships,154,0.7355399531929121,Low
incident,154,0.7355399531929121,Low
architects,154,0.7355399531929121,Low
web applications,154,0.7355399531929121,Low
migration,153,0.7307637197306204,Low
issue,152,0.7259874862683288,Low
meet deadlines,152,0.7259874862683288,Low
nosql,152,0.7259874862683288,Low
direction,151,0.7212112528060372,Low
ci/cd pipelines,151,0.7212112528060372,Low
interfaces,151,0.7212112528060372,Low
stream,151,0.7212112528060372,Low
coaching,151,0.7212112528060372,Low
compensation,151,0.7212112528060372,Low
team lead,151,0.7212112528060372,Low
data management,150,0.7164350193437455,Low
device,150,0.7164350193437455,Low
life cycle,150,0.7164350193437455,Low
postgresql,150,0.7164350193437455,Low
business analyst,150,0.7164350193437455,Low
programming languages,150,0.7164350193437455,Low
business processes,149,0.7116587858814539,Low
college,149,0.7116587858814539,Low
ux,148,0.7068825524191622,Low
free,148,0.7068825524191622,Low
root cause,148,0.7068825524191622,Low
indian,147,0.7021063189568706,Low
budgets,147,0.7021063189568706,Low
immediate joiner,147,0.7021063189568706,Low
academic,147,0.7021063189568706,Low
sound,147,0.7021063189568706,Low
supervisor,147,0.7021063189568706,Low
staffing,146,0.697330085494579,Low
team management,146,0.697330085494579,Low
website,146,0.697330085494579,Low
regulatory requirements,146,0.697330085494579,Low
video,146,0.697330085494579,Low
timing,146,0.697330085494579,Low
presentation skills,145,0.6925538520322874,Low
shared,144,0.6877776185699956,Low
consumer,144,0.6877776185699956,Low
dedicated,144,0.6877776185699956,Low
collections,143,0.683001385107704,Low
closure,143,0.683001385107704,Low
government,143,0.683001385107704,Low
sharing,143,0.683001385107704,Low
strong leadership,142,0.6782251516454124,Low
full stack developer,142,0.6782251516454124,Low
mentorship,142,0.6782251516454124,Low
sale,142,0.6782251516454124,Low
english communication,142,0.6782251516454124,Low
forecasting,142,0.6782251516454124,Low
c++,141,0.6734489181831208,Low
national,141,0.6734489181831208,Low
detail-oriented,141,0.6734489181831208,Low
negotiation skills,141,0.6734489181831208,Low
c+,141,0.6734489181831208,Low
kafka,140,0.6686726847208292,Low
algorithms,140,0.6686726847208292,Low
selection,140,0.6686726847208292,Low
consistency,139,0.6638964512585375,Low
consultants,139,0.6638964512585375,Low
enhancements,139,0.6638964512585375,Low
codes,139,0.6638964512585375,Low
agency,139,0.6638964512585375,Low
devices,139,0.6638964512585375,Low
workforce,139,0.6638964512585375,Low
statistics,138,0.6591202177962459,Low
analysts,138,0.6591202177962459,Low
linkedin,138,0.6591202177962459,Low
design engineer,138,0.6591202177962459,Low
ahmedabad,137,0.6543439843339542,Low
process improvements,137,0.6543439843339542,Low
receivable,137,0.6543439843339542,Low
structure,137,0.6543439843339542,Low
methodology,136,0.6495677508716626,Low
support engineer,136,0.6495677508716626,Low
snowflake,136,0.6495677508716626,Low
architectural,136,0.6495677508716626,Low
desk,136,0.6495677508716626,Low
banca channel,136,0.6495677508716626,Low
design patterns,135,0.6447915174093709,Low
embedded,135,0.6447915174093709,Low
fluent,135,0.6447915174093709,Low
process improvement,135,0.6447915174093709,Low
response,135,0.6447915174093709,Low
executives,135,0.6447915174093709,Low
house,134,0.6400152839470793,Low
terraform,134,0.6400152839470793,Low
interaction,134,0.6400152839470793,Low
product development,134,0.6400152839470793,Low
willingness to travel,134,0.6400152839470793,Low
facilities,134,0.6400152839470793,Low
market trends,134,0.6400152839470793,Low
tableau,133,0.6352390504847877,Low
teamwork,133,0.6352390504847877,Low
student,133,0.6352390504847877,Low
control systems,133,0.6352390504847877,Low
performance metrics,133,0.6352390504847877,Low
branch banking,132,0.6304628170224961,Low
node.js,132,0.6304628170224961,Low
human resources,132,0.6304628170224961,Low
cold,132,0.6304628170224961,Low
libraries,132,0.6304628170224961,Low
adobe,132,0.6304628170224961,Low
soft skills,132,0.6304628170224961,Low
data engineering,132,0.6304628170224961,Low
workplace,131,0.6256865835602045,Low
visual,131,0.6256865835602045,Low
loans,131,0.6256865835602045,Low
service delivery,131,0.6256865835602045,Low
generate leads,131,0.6256865835602045,Low
automate,131,0.6256865835602045,Low
customer support executive,131,0.6256865835602045,Low
property,130,0.6209103500979127,Low
closing,130,0.6209103500979127,Low
seo,130,0.6209103500979127,Low
nice,130,0.6209103500979127,Low
inside,130,0.6209103500979127,Low
market research,129,0.6161341166356211,Low
contracts,129,0.6161341166356211,Low
assistance,129,0.6161341166356211,Low
m.tech,129,0.6161341166356211,Low
proposals,129,0.6161341166356211,Low
visualization,128,0.6113578831733295,Low
selenium,127,0.6065816497110379,Low
communication skill,127,0.6065816497110379,Low
us shift,127,0.6065816497110379,Low
customer needs,127,0.6065816497110379,Low
organized,126,0.6018054162487462,Low
screening,126,0.6018054162487462,Low
mapping,126,0.6018054162487462,Low
quality control,126,0.6018054162487462,Low
advisory,125,0.5970291827864546,Low
pharmacy,125,0.5970291827864546,Low
leadership skills,125,0.5970291827864546,Low
life sciences,125,0.5970291827864546,Low
ecosystem,125,0.5970291827864546,Low
license,125,0.5970291827864546,Low
capacity,124,0.592252949324163,Low
relationship officer,124,0.592252949324163,Low
query,124,0.592252949324163,Low
quick,124,0.592252949324163,Low
automotive,124,0.592252949324163,Low
initiative,124,0.592252949324163,Low
3d,124,0.592252949324163,Low
foundation,123,0.5874767158618713,Low
manual,123,0.5874767158618713,Low
command,123,0.5874767158618713,Low
technician,123,0.5874767158618713,Low
final,123,0.5874767158618713,Low
new business opportunities,123,0.5874767158618713,Low
volume,123,0.5874767158618713,Low
object,123,0.5874767158618713,Low
pan india,122,0.5827004823995797,Low
hana,122,0.5827004823995797,Low
life insurance,122,0.5827004823995797,Low
warehouse,122,0.5827004823995797,Low
principal,121,0.577924248937288,Low
mongodb,121,0.577924248937288,Low
data analytics,121,0.577924248937288,Low
and testing,121,0.577924248937288,Low
performance tuning,120,0.5731480154749964,Low
interest,120,0.5731480154749964,Low
international bpo,120,0.5731480154749964,Low
customer care,120,0.5731480154749964,Low
operator,119,0.5683717820127048,Low
root cause analysis,119,0.5683717820127048,Low
containerization,119,0.5683717820127048,Low
fullstack,119,0.5683717820127048,Low
follow-up,119,0.5683717820127048,Low
net core,119,0.5683717820127048,Low
teaching,119,0.5683717820127048,Low
servicing,118,0.5635955485504132,Low
workflow,118,0.5635955485504132,Low
recovery,118,0.5635955485504132,Low
export,118,0.5635955485504132,Low
urgent hiring,118,0.5635955485504132,Low
provider,118,0.5635955485504132,Low
scientist,118,0.5635955485504132,Low
sheet,117,0.5588193150881215,Low
campaign,117,0.5588193150881215,Low
hotel,116,0.5540430816258298,Low
test automation,116,0.5540430816258298,Low
customer relationship,116,0.5540430816258298,Low
analytical and problem-solving skills,116,0.5540430816258298,Low
technical lead,116,0.5540430816258298,Low
accounts payable,116,0.5540430816258298,Low
and analytical skills,115,0.5492668481635382,Low
modelling,115,0.5492668481635382,Low
performance management,115,0.5492668481635382,Low
business growth,114,0.5444906147012466,Low
willingness to learn,114,0.5444906147012466,Low
load,114,0.5444906147012466,Low
technical issues,114,0.5444906147012466,Low
deputy,113,0.539714381238955,Low
servicenow,113,0.539714381238955,Low
mathematics,113,0.539714381238955,Low
industry experience,113,0.539714381238955,Low
adaptability,113,0.539714381238955,Low
management systems,112,0.5349381477766633,Low
industry standards,111,0.5301619143143717,Low
https,111,0.5301619143143717,Low
receive,111,0.5301619143143717,Low
forecasts,111,0.5301619143143717,Low
input,110,0.52538568085208,Low
customer queries,110,0.52538568085208,Low
area sales,110,0.52538568085208,Low
technical knowledge,109,0.5206094473897884,Low
fmcg,109,0.5206094473897884,Low
prompt,109,0.5206094473897884,Low
inside sales,108,0.5158332139274968,Low
usage,108,0.5158332139274968,Low
supplier,108,0.5158332139274968,Low
customer relationships,108,0.5158332139274968,Low
portal,108,0.5158332139274968,Low
application lead,108,0.5158332139274968,Low
time management,108,0.5158332139274968,Low
software solutions,108,0.5158332139274968,Low
liaison,107,0.5110569804652051,Low
organizational skills,107,0.5110569804652051,Low
proposal,107,0.5110569804652051,Low
data quality,107,0.5110569804652051,Low
agreements,106,0.5062807470029135,Low
estimation,106,0.5062807470029135,Low
itil,106,0.5062807470029135,Low
subject matter,106,0.5062807470029135,Low
electrical engineering,106,0.5062807470029135,Low
vehicle,106,0.5062807470029135,Low
studio,106,0.5062807470029135,Low
sops,105,0.5015045135406219,Low
e-commerce,105,0.5015045135406219,Low
desktop,105,0.5015045135406219,Low
change management,105,0.5015045135406219,Low
budgeting,105,0.5015045135406219,Low
data pipelines,104,0.49672828007833025,Low
databricks,104,0.49672828007833025,Low
recruiting,104,0.49672828007833025,Low
design and implement,104,0.49672828007833025,Low
collect,104,0.49672828007833025,Low
entries,104,0.49672828007833025,Low
cluster,103,0.4919520466160386,Low
transaction,103,0.4919520466160386,Low
smart,103,0.4919520466160386,Low
technical expertise,103,0.4919520466160386,Low
azure devops,103,0.4919520466160386,Low
factory,103,0.4919520466160386,Low
flows,103,0.4919520466160386,Low
product management,103,0.4919520466160386,Low
area sales manager,103,0.4919520466160386,Low
acting,102,0.487175813153747,Low
b2b sales,102,0.487175813153747,Low
inspection,102,0.487175813153747,Low
marketing executive,102,0.487175813153747,Low
abap,102,0.487175813153747,Low
call center,102,0.487175813153747,Low
generative ai,101,0.4823995796914553,Low
account executive,101,0.4823995796914553,Low
drives,101,0.4823995796914553,Low
close deals,101,0.4823995796914553,Low
residential,100,0.4776233462291637,Low
test cases,100,0.4776233462291637,Low
relational databases,99,0.4728471127668721,Low
unit testing,99,0.4728471127668721,Low
follow-ups,99,0.4728471127668721,Low
shell,99,0.4728471127668721,Low
negotiate,99,0.4728471127668721,Low
soap,99,0.4728471127668721,Low
hibernate,99,0.4728471127668721,Low
orchestration,99,0.4728471127668721,Low
programming language,98,0.4680708793045804,Low
sports,98,0.4680708793045804,Low
senior software engineer,98,0.4680708793045804,Low
version control systems,98,0.4680708793045804,Low
trainer,98,0.4680708793045804,Low
escalations,98,0.4680708793045804,Low
account manager,98,0.4680708793045804,Low
caller,98,0.4680708793045804,Low
advance,97,0.4632946458422888,Low
inter,97,0.4632946458422888,Low
timely delivery,97,0.4632946458422888,Low
drafting,97,0.4632946458422888,Low
forms,97,0.4632946458422888,Low
parts,96,0.45851841237999713,Low
cybersecurity,96,0.45851841237999713,Low
secondary,96,0.45851841237999713,Low
chemical,96,0.45851841237999713,Low
guest,96,0.45851841237999713,Low
banks,96,0.45851841237999713,Low
data modeling,96,0.45851841237999713,Low
cad,96,0.45851841237999713,Low
placement,95,0.4537421789177055,Low
data scientist,95,0.4537421789177055,Low
nursing,95,0.4537421789177055,Low
product managers,95,0.4537421789177055,Low
reconciliations,95,0.4537421789177055,Low
configurations,95,0.4537421789177055,Low
inspections,95,0.4537421789177055,Low
mechanical engineering,95,0.4537421789177055,Low
configuring,95,0.4537421789177055,Low
manpower,95,0.4537421789177055,Low
matrix,95,0.4537421789177055,Low
escalation,95,0.4537421789177055,Low
apache,95,0.4537421789177055,Low
rest apis,95,0.4537421789177055,Low
json,94,0.44896594545541385,Low
approvals,94,0.44896594545541385,Low
big data,94,0.44896594545541385,Low
internet,94,0.44896594545541385,Low
revenue targets,94,0.44896594545541385,Low
emergency,94,0.44896594545541385,Low
transfer,94,0.44896594545541385,Low
teacher,94,0.44896594545541385,Low
microservices architecture,93,0.44418971199312224,Low
devops engineer,93,0.44418971199312224,Low
claims,93,0.44418971199312224,Low
sites,92,0.4394134785308306,Low
asp.net,92,0.4394134785308306,Low
logic,92,0.4394134785308306,Low
treatment,92,0.4394134785308306,Low
datasets,92,0.4394134785308306,Low
performance optimization,92,0.4394134785308306,Low
genai,91,0.43463724506853896,Low
scaling,91,0.43463724506853896,Low
dot net,91,0.43463724506853896,Low
graphic designer,91,0.43463724506853896,Low
fundamentals,91,0.43463724506853896,Low
strong interpersonal,91,0.43463724506853896,Low
software developer,91,0.43463724506853896,Low
listening,91,0.43463724506853896,Low
java full stack,91,0.43463724506853896,Low
upgrades,91,0.43463724506853896,Low
telecom,90,0.42986101160624735,Low
filing,90,0.42986101160624735,Low
outreach,90,0.42986101160624735,Low
deputy manager,90,0.42986101160624735,Low
promotions,90,0.42986101160624735,Low
automation tools,90,0.42986101160624735,Low
project delivery,90,0.42986101160624735,Low
senior management,90,0.42986101160624735,Low
repair,90,0.42986101160624735,Low
doctors,90,0.42986101160624735,Low
amazon,90,0.42986101160624735,Low
expenses,90,0.42986101160624735,Low
submission,89,0.4250847781439557,Low
design and development,89,0.4250847781439557,Low
mitigation,89,0.4250847781439557,Low
collaboration skills,89,0.4250847781439557,Low
institutions,89,0.4250847781439557,Low
color,89,0.4250847781439557,Low
allocation,89,0.4250847781439557,Low
cloud services,89,0.4250847781439557,Low
quantitative,89,0.4250847781439557,Low
omni,89,0.4250847781439557,Low
senior executive,88,0.42030854468166406,Low
senior associate,88,0.42030854468166406,Low
key account,88,0.42030854468166406,Low
cold calling,88,0.42030854468166406,Low
transportation,88,0.42030854468166406,Low
messaging,88,0.42030854468166406,Low
advertising,88,0.42030854468166406,Low
pharmaceutical,88,0.42030854468166406,Low
data processing,88,0.42030854468166406,Low
bcom,88,0.42030854468166406,Low
cloud platform,88,0.42030854468166406,Low
policies and procedures,87,0.4155323112193724,Low
economics,87,0.4155323112193724,Low
emerging technologies,87,0.4155323112193724,Low
accounts receivable,86,0.4107560777570808,Low
ai/ml,86,0.4107560777570808,Low
preventive,86,0.4107560777570808,Low
equity,86,0.4107560777570808,Low
personnel,86,0.4107560777570808,Low
contractors,86,0.4107560777570808,Low
micro,86,0.4107560777570808,Low
agents,86,0.4107560777570808,Low
distributors,86,0.4107560777570808,Low
attendance,86,0.4107560777570808,Low
transport,86,0.4107560777570808,Low
application support,86,0.4107560777570808,Low
excellent english,85,0.4059798442947891,Low
tamil,85,0.4059798442947891,Low
data structures,85,0.4059798442947891,Low
sales and marketing,85,0.4059798442947891,Low
front office,85,0.4059798442947891,Low
accommodation,85,0.4059798442947891,Low
non voice,85,0.4059798442947891,Low
routing,84,0.4012036108324975,Low
account management,84,0.4012036108324975,Low
dealing,84,0.4012036108324975,Low
pyspark,84,0.4012036108324975,Low
monitoring tools,84,0.4012036108324975,Low
laptop,84,0.4012036108324975,Low
profitability,84,0.4012036108324975,Low
leave,84,0.4012036108324975,Low
agent,84,0.4012036108324975,Low
individual contributor,83,0.3964273773702059,Low
outbound calls,83,0.3964273773702059,Low
inventory management,83,0.3964273773702059,Low
branch manager,83,0.3964273773702059,Low
development engineer,83,0.3964273773702059,Low
data entry,83,0.3964273773702059,Low
environmental,83,0.3964273773702059,Low
stack development,82,0.3916511439079142,Low
product manager,82,0.3916511439079142,Low
ai / ml,82,0.3916511439079142,Low
telesales,82,0.3916511439079142,Low
multiple projects,82,0.3916511439079142,Low
regulatory compliance,82,0.3916511439079142,Low
artificial intelligence,82,0.3916511439079142,Low
invoicing,82,0.3916511439079142,Low
acquisition manager,82,0.3916511439079142,Low
structural,82,0.3916511439079142,Low
service executive,82,0.3916511439079142,Low
unix,82,0.3916511439079142,Low
board,81,0.38687491044562256,Low
layout,81,0.38687491044562256,Low
visibility,81,0.38687491044562256,Low
forecast,81,0.38687491044562256,Low
data governance,81,0.38687491044562256,Low
premium,81,0.38687491044562256,Low
accountability,81,0.38687491044562256,Low
medicine,81,0.38687491044562256,Low
protection,81,0.38687491044562256,Low
assembly,81,0.38687491044562256,Low
rapid,81,0.38687491044562256,Low
operational excellence,81,0.38687491044562256,Low
labor,81,0.38687491044562256,Low
team leadership,81,0.38687491044562256,Low
profit,81,0.38687491044562256,Low
claim,80,0.38209867698333094,Low
outstanding,80,0.38209867698333094,Low
sales & marketing,80,0.38209867698333094,Low
engagement activities,80,0.38209867698333094,Low
sebi,80,0.38209867698333094,Low
employee engagement,80,0.38209867698333094,Low
challenge,80,0.38209867698333094,Low
call centre,80,0.38209867698333094,Low
nurse,80,0.38209867698333094,Low
technical specifications,80,0.38209867698333094,Low
tables,80,0.38209867698333094,Low
drivers,79,0.37732244352103933,Low
field sales executive,79,0.37732244352103933,Low
requirement gathering,79,0.37732244352103933,Low
outlook,79,0.37732244352103933,Low
water,79,0.37732244352103933,Low
utility,79,0.37732244352103933,Low
nbfc,79,0.37732244352103933,Low
promotional,79,0.37732244352103933,Low
interior,78,0.37254621005874766,Low
utilization,78,0.37254621005874766,Low
cloud-native,78,0.37254621005874766,Low
positive attitude,78,0.37254621005874766,Low
logging,77,0.36776997659645605,Low
ansible,77,0.36776997659645605,Low
people management,77,0.36776997659645605,Low
sprint,77,0.36776997659645605,Low
checking,77,0.36776997659645605,Low
design principles,77,0.36776997659645605,Low
tensorflow,77,0.36776997659645605,Low
auto,77,0.36776997659645605,Low
bank reconciliation,77,0.36776997659645605,Low
financial reporting,77,0.36776997659645605,Low
diligence,77,0.36776997659645605,Low
financial statements,76,0.3629937431341644,Low
gitlab,76,0.3629937431341644,Low
taxation,76,0.3629937431341644,Low
dealer,76,0.3629937431341644,Low
specification,76,0.3629937431341644,Low
crm system,76,0.3629937431341644,Low
confident,75,0.35821750967187277,Low
regression,75,0.35821750967187277,Low
chat process,75,0.35821750967187277,Low
fintech,75,0.35821750967187277,Low
chartered accountant,75,0.35821750967187277,Low
life science,75,0.35821750967187277,Low
software applications,75,0.35821750967187277,Low
llms,75,0.35821750967187277,Low
coding standards,74,0.3534412762095811,Low
strategic planning,74,0.3534412762095811,Low
options,74,0.3534412762095811,Low
grafana,74,0.3534412762095811,Low
biotechnology,74,0.3534412762095811,Low
basic computer,74,0.3534412762095811,Low
coimbatore,74,0.3534412762095811,Low
privacy,74,0.3534412762095811,Low
4hana,74,0.3534412762095811,Low
steel,74,0.3534412762095811,Low
and negotiation skills,74,0.3534412762095811,Low
roadmap,74,0.3534412762095811,Low
sql queries,74,0.3534412762095811,Low
editing,73,0.3486650427472895,Low
electronic,73,0.3486650427472895,Low
customer service executive,73,0.3486650427472895,Low
workday,73,0.3486650427472895,Low
lean,73,0.3486650427472895,Low
agile development,73,0.3486650427472895,Low
ecommerce,73,0.3486650427472895,Low
project execution,73,0.3486650427472895,Low
aws cloud,73,0.3486650427472895,Low
civil engineering,73,0.3486650427472895,Low
counseling,73,0.3486650427472895,Low
ledger,73,0.3486650427472895,Low
data integration,73,0.3486650427472895,Low
automation testing,73,0.3486650427472895,Low
customer care executive,73,0.3486650427472895,Low
compliances,73,0.3486650427472895,Low
xml,72,0.3438888092849978,Low
negotiations,72,0.3438888092849978,Low
marketing strategies,72,0.3438888092849978,Low
core java,72,0.3438888092849978,Low
new products,72,0.3438888092849978,Low
fraud,72,0.3438888092849978,Low
team collaboration,72,0.3438888092849978,Low
secretary,72,0.3438888092849978,Low
premier,72,0.3438888092849978,Low
entity,72,0.3438888092849978,Low
technical leadership,72,0.3438888092849978,Low
stores,72,0.3438888092849978,Low
packaging,72,0.3438888092849978,Low
r&d,72,0.3438888092849978,Low
aptitude,72,0.3438888092849978,Low
front end,72,0.3438888092849978,Low
github actions,71,0.3391125758227062,Low
rest api,71,0.3391125758227062,Low
us healthcare,71,0.3391125758227062,Low
bash,71,0.3391125758227062,Low
kotak,71,0.3391125758227062,Low
fusion,71,0.3391125758227062,Low
client meetings,71,0.3391125758227062,Low
inform,71,0.3391125758227062,Low
commissioning,71,0.3391125758227062,Low
housekeeping,71,0.3391125758227062,Low
graphics,71,0.3391125758227062,Low
sigma,71,0.3391125758227062,Low
drawing,71,0.3391125758227062,Low
testing frameworks,71,0.3391125758227062,Low
cloud environments,71,0.3391125758227062,Low
data visualization,71,0.3391125758227062,Low
lambda,71,0.3391125758227062,Low
financial planning,71,0.3391125758227062,Low
stakeholder management skills,71,0.3391125758227062,Low
sap abap,70,0.3343363423604146,Low
due diligence,70,0.3343363423604146,Low
senior analyst,70,0.3343363423604146,Low
recruitment process,70,0.3343363423604146,Low
code quality,70,0.3343363423604146,Low
solution architect,70,0.3343363423604146,Low
program management,70,0.3343363423604146,Low
observability,70,0.3343363423604146,Low
influencing,70,0.3343363423604146,Low
fabrication,70,0.3343363423604146,Low
cyber,70,0.3343363423604146,Low
discovery,70,0.3343363423604146,Low
crm software,70,0.3343363423604146,Low
counsellor,69,0.3295601088981229,Low
sales strategies,69,0.3295601088981229,Low
dynamics,69,0.3295601088981229,Low
development life cycle,69,0.3295601088981229,Low
hygiene,69,0.3295601088981229,Low
warehousing,69,0.3295601088981229,Low
pytorch,69,0.3295601088981229,Low
origin,69,0.3295601088981229,Low
it recruiter,69,0.3295601088981229,Low
container,69,0.3295601088981229,Low
intelligent,69,0.3295601088981229,Low
php,69,0.3295601088981229,Low
powershell,69,0.3295601088981229,Low
contractual,69,0.3295601088981229,Low
english language,68,0.3247838754358313,Low
coder,68,0.3247838754358313,Low
safety standards,68,0.3247838754358313,Low
client satisfaction,68,0.3247838754358313,Low
instrumentation,68,0.3247838754358313,Low
erp systems,68,0.3247838754358313,Low
risk assessment,68,0.3247838754358313,Low
engine,68,0.3247838754358313,Low
system performance,68,0.3247838754358313,Low
branding,68,0.3247838754358313,Low
ios,68,0.3247838754358313,Low
firmware,68,0.3247838754358313,Low
backup,67,0.32000764197353965,Low
cloud infrastructure,67,0.32000764197353965,Low
wealth,67,0.32000764197353965,Low
slas,67,0.32000764197353965,Low
marketing campaigns,67,0.32000764197353965,Low
b.com,67,0.32000764197353965,Low
strong analytical and problem-solving skills,67,0.32000764197353965,Low
use cases,67,0.32000764197353965,Low
computer skills,67,0.32000764197353965,Low
marketing manager,67,0.32000764197353965,Low
medical coding,67,0.32000764197353965,Low
bulk,67,0.32000764197353965,Low
gold,66,0.31523140851124803,Low
data platforms,66,0.31523140851124803,Low
distributed systems,66,0.31523140851124803,Low
executive assistant,66,0.31523140851124803,Low
technology solutions,66,0.31523140851124803,Low
boost,66,0.31523140851124803,Low
shipping,66,0.31523140851124803,Low
operating systems,66,0.31523140851124803,Low
cash flow,66,0.31523140851124803,Low
logical,66,0.31523140851124803,Low
express,66,0.31523140851124803,Low
transition,66,0.31523140851124803,Low
indiamart,66,0.31523140851124803,Low
automation engineer,66,0.31523140851124803,Low
digital transformation,66,0.31523140851124803,Low
measurement,66,0.31523140851124803,Low
gratuity,66,0.31523140851124803,Low
rdbms,66,0.31523140851124803,Low
cloud computing,66,0.31523140851124803,Low
hcm,65,0.31045517504895637,Low
training sessions,65,0.31045517504895637,Low
recognition,65,0.31045517504895637,Low
organizing,65,0.31045517504895637,Low
operations manager,65,0.31045517504895637,Low
trading,65,0.31045517504895637,Low
hvac,65,0.31045517504895637,Low
j2ee,65,0.31045517504895637,Low
income tax,65,0.31045517504895637,Low
issuance,65,0.31045517504895637,Low
continuous integration,65,0.31045517504895637,Low
partnership,65,0.31045517504895637,Low
automated testing,65,0.31045517504895637,Low
co-ordination,64,0.30567894158666475,Low
advisors,64,0.30567894158666475,Low
physician,64,0.30567894158666475,Low
back-end,64,0.30567894158666475,Low
good english,64,0.30567894158666475,Low
jquery,64,0.30567894158666475,Low
redux,64,0.30567894158666475,Low
corrective actions,64,0.30567894158666475,Low
data analyst,64,0.30567894158666475,Low
tester,64,0.30567894158666475,Low
calculation,63,0.3009027081243731,Low
pgdm,63,0.3009027081243731,Low
solution design,63,0.3009027081243731,Low
portfolio management,63,0.3009027081243731,Low
biology,63,0.3009027081243731,Low
cd tools,63,0.3009027081243731,Low
agentic,63,0.3009027081243731,Low
azure cloud,63,0.3009027081243731,Low
hiring process,63,0.3009027081243731,Low
page,63,0.3009027081243731,Low
receptionist,63,0.3009027081243731,Low
vertical,63,0.3009027081243731,Low
templates,63,0.3009027081243731,Low
marathi,63,0.3009027081243731,Low
it services,63,0.3009027081243731,Low
pursuing,63,0.3009027081243731,Low
data models,63,0.3009027081243731,Low
highly motivated,63,0.3009027081243731,Low
cards,63,0.3009027081243731,Low
biomedical,63,0.3009027081243731,Low
cleaning,63,0.3009027081243731,Low
issue resolution,63,0.3009027081243731,Low
net developer,63,0.3009027081243731,Low
decision making,62,0.2961264746620815,Low
automobile,62,0.2961264746620815,Low
development methodologies,62,0.2961264746620815,Low
associate director,62,0.2961264746620815,Low
technical documentation,62,0.2961264746620815,Low
sales process,62,0.2961264746620815,Low
prometheus,62,0.2961264746620815,Low
team performance,62,0.2961264746620815,Low
curriculum,62,0.2961264746620815,Low
devops practices,62,0.2961264746620815,Low
communications skills,61,0.29135024119978986,Low
photoshop,61,0.29135024119978986,Low
invoice,61,0.29135024119978986,Low
scripting languages,61,0.29135024119978986,Low
marketing activities,61,0.29135024119978986,Low
launch,61,0.29135024119978986,Low
customer relationship management,61,0.29135024119978986,Low
authentication,61,0.29135024119978986,Low
posting,61,0.29135024119978986,Low
road,61,0.29135024119978986,Low
knowledge sharing,61,0.29135024119978986,Low
information security,61,0.29135024119978986,Low
samsung,61,0.29135024119978986,Low
microsoft office suite,61,0.29135024119978986,Low
supply chain management,61,0.29135024119978986,Low
script,61,0.29135024119978986,Low
pre-sales,61,0.29135024119978986,Low
six sigma,60,0.2865740077374982,Low
technical consultant,60,0.2865740077374982,Low
troubleshooting skills,60,0.2865740077374982,Low
product knowledge,60,0.2865740077374982,Low
lifestyle,60,0.2865740077374982,Low
requirements gathering,60,0.2865740077374982,Low
kitchen,60,0.2865740077374982,Low
nlp,60,0.2865740077374982,Low
azure data,60,0.2865740077374982,Low
and teamwork,60,0.2865740077374982,Low
process executive,60,0.2865740077374982,Low
hr recruiter,60,0.2865740077374982,Low
work under pressure,60,0.2865740077374982,Low
e/m,60,0.2865740077374982,Low
cloud technologies,60,0.2865740077374982,Low
general ledger,60,0.2865740077374982,Low
expansion,60,0.2865740077374982,Low
operational efficiency,59,0.2817977742752066,Low
arrangements,59,0.2817977742752066,Low
key accounts,59,0.2817977742752066,Low
iam,59,0.2817977742752066,Low
resumes,59,0.2817977742752066,Low
automation frameworks,59,0.2817977742752066,Low
client servicing,59,0.2817977742752066,Low
streaming,59,0.2817977742752066,Low
nosql databases,59,0.2817977742752066,Low
connectivity,59,0.2817977742752066,Low
career growth,59,0.2817977742752066,Low
startup,59,0.2817977742752066,Low
business acumen,59,0.2817977742752066,Low
channel partners,59,0.2817977742752066,Low
data warehousing,59,0.2817977742752066,Low
incoming,59,0.2817977742752066,Low
immediate joining,59,0.2817977742752066,Low
pharm,59,0.2817977742752066,Low
business analysis,59,0.2817977742752066,Low
api testing,59,0.2817977742752066,Low
vendor management,59,0.2817977742752066,Low
professional services,59,0.2817977742752066,Low
display,59,0.2817977742752066,Low
functional consultant,59,0.2817977742752066,Low
chat support,59,0.2817977742752066,Low
testing tools,58,0.2770215408129149,Low
edtech,58,0.2770215408129149,Low
system design,58,0.2770215408129149,Low
gen ai,58,0.2770215408129149,Low
business manager,58,0.2770215408129149,Low
techno,58,0.2770215408129149,Low
safety protocols,58,0.2770215408129149,Low
benchmarking,58,0.2770215408129149,Low
mis reports,58,0.2770215408129149,Low
performance testing,58,0.2770215408129149,Low
problem-solving abilities,58,0.2770215408129149,Low
sustainability,58,0.2770215408129149,Low
excellent verbal and written communication skills,58,0.2770215408129149,Low
financial reports,58,0.2770215408129149,Low
doctor,58,0.2770215408129149,Low
creativity,58,0.2770215408129149,Low
labour,58,0.2770215408129149,Low
negotiating,58,0.2770215408129149,Low
hospitals,58,0.2770215408129149,Low
zones,58,0.2770215408129149,Low
database management,58,0.2770215408129149,Low
international sales,58,0.2770215408129149,Low
fire,57,0.2722453073506233,Low
graphql,57,0.2722453073506233,Low
computer engineering,57,0.2722453073506233,Low
navi mumbai,57,0.2722453073506233,Low
ticketing,57,0.2722453073506233,Low
therapy,57,0.2722453073506233,Low
room,57,0.2722453073506233,Low
hr operations,57,0.2722453073506233,Low
mohali,57,0.2722453073506233,Low
program manager,57,0.2722453073506233,Low
financial analysis,57,0.2722453073506233,Low
guidewire,57,0.2722453073506233,Low
memory,57,0.2722453073506233,Low
typing,57,0.2722453073506233,Low
biochemistry,56,0.26746907388833163,Low
referrals,56,0.26746907388833163,Low
software development life cycle,56,0.26746907388833163,Low
pitch,56,0.26746907388833163,Low
software testing,56,0.26746907388833163,Low
pivot,56,0.26746907388833163,Low
auditor,56,0.26746907388833163,Low
mobility,56,0.26746907388833163,Low
jaipur,56,0.26746907388833163,Low
customization,56,0.26746907388833163,Low
project managers,56,0.26746907388833163,Low
high availability,56,0.26746907388833163,Low
middleware,56,0.26746907388833163,Low
contractor,56,0.26746907388833163,Low
kannada,56,0.26746907388833163,Low
business intelligence,56,0.26746907388833163,Low
staff nurse,56,0.26746907388833163,Low
offshore,56,0.26746907388833163,Low
microbiology,55,0.26269284042604,Low
tier 1,55,0.26269284042604,Low
revenue growth,55,0.26269284042604,Low
functionalities,55,0.26269284042604,Low
empower,55,0.26269284042604,Low
data accuracy,55,0.26269284042604,Low
customer success,55,0.26269284042604,Low
professional development,55,0.26269284042604,Low
insurance sales,55,0.26269284042604,Low
international process,55,0.26269284042604,Low
web application,55,0.26269284042604,Low
hadoop,55,0.26269284042604,Low
upgrade,55,0.26269284042604,Low
python developer,55,0.26269284042604,Low
junit,55,0.26269284042604,Low
project management skills,55,0.26269284042604,Low
illustrator,55,0.26269284042604,Low
calendar,55,0.26269284042604,Low
conversions,55,0.26269284042604,Low
sales performance,55,0.26269284042604,Low
quality management,54,0.2579166069637484,Low
customer engagement,54,0.2579166069637484,Low
investigation,54,0.2579166069637484,Low
administrative support,54,0.2579166069637484,Low
it infrastructure,54,0.2579166069637484,Low
accounts executive,54,0.2579166069637484,Low
b.sc,54,0.2579166069637484,Low
2d,54,0.2579166069637484,Low
females,54,0.2579166069637484,Low
patient care,54,0.2579166069637484,Low
react js,54,0.2579166069637484,Low
in process,54,0.2579166069637484,Low
key account manager,54,0.2579166069637484,Low
enterprises,54,0.2579166069637484,Low
intermediate,54,0.2579166069637484,Low
penetration,54,0.2579166069637484,Low
revit,54,0.2579166069637484,Low
fullstack developer,54,0.2579166069637484,Low
sales strategy,54,0.2579166069637484,Low
directory,54,0.2579166069637484,Low
roi,54,0.2579166069637484,Low
quality engineer,54,0.2579166069637484,Low
oral communication,53,0.25314037350145674,Low
end user,53,0.25314037350145674,Low
accounting principles,53,0.25314037350145674,Low
backend development,53,0.25314037350145674,Low
inspire,53,0.25314037350145674,Low
aws services,53,0.25314037350145674,Low
legacy,53,0.25314037350145674,Low
etl processes,53,0.25314037350145674,Low
splunk,53,0.25314037350145674,Low
new product,53,0.25314037350145674,Low
editor,53,0.25314037350145674,Low
infra,53,0.25314037350145674,Low
large datasets,53,0.25314037350145674,Low
infrastructure as code,53,0.25314037350145674,Low
phone calls,53,0.25314037350145674,Low
fico,53,0.25314037350145674,Low
sales activities,53,0.25314037350145674,Low
physics,53,0.25314037350145674,Low
client acquisition,53,0.25314037350145674,Low
redshift,53,0.25314037350145674,Low
accessibility,53,0.25314037350145674,Low
investigations,53,0.25314037350145674,Low
relationship building,52,0.24836414003916513,Low
java full stack developer,52,0.24836414003916513,Low
api development,52,0.24836414003916513,Low
record to report,52,0.24836414003916513,Low
valuation,52,0.24836414003916513,Low
oracle cloud,52,0.24836414003916513,Low
layouts,52,0.24836414003916513,Low
fp&a,52,0.24836414003916513,Low
front desk,52,0.24836414003916513,Low
filed,52,0.24836414003916513,Low
itsm,52,0.24836414003916513,Low
transparency,52,0.24836414003916513,Low
back office,52,0.24836414003916513,Low
auditing,52,0.24836414003916513,Low
data migration,52,0.24836414003916513,Low
accounting software,52,0.24836414003916513,Low
radiology,52,0.24836414003916513,Low
playwright,52,0.24836414003916513,Low
wellness,52,0.24836414003916513,Low
spoken english,52,0.24836414003916513,Low
internal audit,52,0.24836414003916513,Low
diagrams,52,0.24836414003916513,Low
underwriting,52,0.24836414003916513,Low
channel sales,52,0.24836414003916513,Low
chef,52,0.24836414003916513,Low
tcp,52,0.24836414003916513,Low
costing,52,0.24836414003916513,Low
balance sheet,52,0.24836414003916513,Low
controlling,52,0.24836414003916513,Low
degrees,52,0.24836414003916513,Low
problem solving skills,52,0.24836414003916513,Low
client management,51,0.2435879065768735,Low
chandigarh,51,0.2435879065768735,Low
web api,51,0.2435879065768735,Low
prepare reports,51,0.2435879065768735,Low
plc,51,0.2435879065768735,Low
network engineer,51,0.2435879065768735,Low
training programs,51,0.2435879065768735,Low
precision,51,0.2435879065768735,Low
postman,51,0.2435879065768735,Low
technical design,51,0.2435879065768735,Low
empathy,51,0.2435879065768735,Low
articulate,51,0.2435879065768735,Low
trainings,51,0.2435879065768735,Low
closures,51,0.2435879065768735,Low
network security,51,0.2435879065768735,Low
agile environment,51,0.2435879065768735,Low
utilities,51,0.2435879065768735,Low
excellent english communication,51,0.2435879065768735,Low
rewards,51,0.2435879065768735,Low
agile/scrum,51,0.2435879065768735,Low
exchange,51,0.2435879065768735,Low
confluence,51,0.2435879065768735,Low
sprint planning,51,0.2435879065768735,Low
shop,51,0.2435879065768735,Low
shell scripting,51,0.2435879065768735,Low
fashion,51,0.2435879065768735,Low
ec2,50,0.23881167311458185,Low
fitness,50,0.23881167311458185,Low
data sources,50,0.23881167311458185,Low
nutrition,50,0.23881167311458185,Low
indirect,50,0.23881167311458185,Low
feasibility,50,0.23881167311458185,Low
hr executive,50,0.23881167311458185,Low
metal,50,0.23881167311458185,Low
progressive,50,0.23881167311458185,Low
institutional,50,0.23881167311458185,Low
full stack development,50,0.23881167311458185,Low
copy,50,0.23881167311458185,Low
ui/ux,50,0.23881167311458185,Low
notes,50,0.23881167311458185,Low
provisioning,50,0.23881167311458185,Low
crm tools,50,0.23881167311458185,Low
service management,50,0.23881167311458185,Low
presales,50,0.23881167311458185,Low
ai solutions,50,0.23881167311458185,Low
correspondence,50,0.23881167311458185,Low
cleanliness,50,0.23881167311458185,Low
active directory,50,0.23881167311458185,Low
deep learning,50,0.23881167311458185,Low
third party,50,0.23881167311458185,Low
heavy,50,0.23881167311458185,Low
motion,50,0.23881167311458185,Low
purchasing,50,0.23881167311458185,Low
authorization,49,0.2340354396522902,Low
cisco,49,0.2340354396522902,Low
development tools,49,0.2340354396522902,Low
mining,49,0.2340354396522902,Low
sales engineer,49,0.2340354396522902,Low
senior accountant,49,0.2340354396522902,Low
and organizational skills,49,0.2340354396522902,Low
virtualization,49,0.2340354396522902,Low
software development lifecycle,49,0.2340354396522902,Low
firewalls,49,0.2340354396522902,Low
business operations,49,0.2340354396522902,Low
priority,49,0.2340354396522902,Low
django,49,0.2340354396522902,Low
apex,49,0.2340354396522902,Low
restaurant,49,0.2340354396522902,Low
brokers,49,0.2340354396522902,Low
tally erp,49,0.2340354396522902,Low
ar caller,49,0.2340354396522902,Low
dispatch,49,0.2340354396522902,Low
office executive,49,0.2340354396522902,Low
grasp,49,0.2340354396522902,Low
federal,49,0.2340354396522902,Low
busy,49,0.2340354396522902,Low
career development,49,0.2340354396522902,Low
customer complaints,49,0.2340354396522902,Low
visa,49,0.2340354396522902,Low
alerts,49,0.2340354396522902,Low
faculty,48,0.22925920618999857,Low
exceptional customer service,48,0.22925920618999857,Low
excellent written and verbal communication skills,48,0.22925920618999857,Low
manufacturing industry,48,0.22925920618999857,Low
dns,48,0.22925920618999857,Low
software products,48,0.22925920618999857,Low
m.pharm,48,0.22925920618999857,Low
p&l,48,0.22925920618999857,Low
placements,48,0.22925920618999857,Low
exercise,48,0.22925920618999857,Low
site visits,48,0.22925920618999857,Low
it recruitment,48,0.22925920618999857,Low
subject matter expert,48,0.22925920618999857,Low
design concepts,48,0.22925920618999857,Low
production support,48,0.22925920618999857,Low
mlops,48,0.22925920618999857,Low
accenture,48,0.22925920618999857,Low
anatomy,48,0.22925920618999857,Low
maven,47,0.22448297272770693,Low
database design,47,0.22448297272770693,Low
advocate,47,0.22448297272770693,Low
beverage,47,0.22448297272770693,Low
tax returns,47,0.22448297272770693,Low
dgnm,47,0.22448297272770693,Low
sales representative,47,0.22448297272770693,Low
object-oriented programming,47,0.22448297272770693,Low
bpo hiring,47,0.22448297272770693,Low
vmware,47,0.22448297272770693,Low
green,47,0.22448297272770693,Low
bike,47,0.22448297272770693,Low
tender,47,0.22448297272770693,Low
driver,47,0.22448297272770693,Low
abroad,47,0.22448297272770693,Low
ms sql,47,0.22448297272770693,Low
direct sales,47,0.22448297272770693,Low
states,47,0.22448297272770693,Low
gold loan,47,0.22448297272770693,Low
http,47,0.22448297272770693,Low
diagnosis,47,0.22448297272770693,Low
client relationship,47,0.22448297272770693,Low
telecaller,47,0.22448297272770693,Low
receivables,47,0.22448297272770693,Low
client interactions,47,0.22448297272770693,Low
physiotherapy,47,0.22448297272770693,Low
female candidate,46,0.2197067392654153,Low
output,46,0.2197067392654153,Low
company secretary,46,0.2197067392654153,Low
treasury,46,0.2197067392654153,Low
kanban,46,0.2197067392654153,Low
vulnerability,46,0.2197067392654153,Low
customer interactions,46,0.2197067392654153,Low
visualization tools,46,0.2197067392654153,Low
professionalism,46,0.2197067392654153,Low
gujarat,46,0.2197067392654153,Low
dashboard,46,0.2197067392654153,Low
sharepoint,46,0.2197067392654153,Low
web technologies,46,0.2197067392654153,Low
embedded systems,46,0.2197067392654153,Low
prioritization,46,0.2197067392654153,Low
extraction,46,0.2197067392654153,Low
scala,46,0.2197067392654153,Low
return,46,0.2197067392654153,Low
branch operations,46,0.2197067392654153,Low
self-driven,46,0.2197067392654153,Low
medical coder,46,0.2197067392654153,Low
chemicals,45,0.21493050580312367,Low
activation,45,0.21493050580312367,Low
machinery,45,0.21493050580312367,Low
be/b,45,0.21493050580312367,Low
golang,45,0.21493050580312367,Low
talent development,45,0.21493050580312367,Low
software design,45,0.21493050580312367,Low
registration,45,0.21493050580312367,Low
reduction,45,0.21493050580312367,Low
meta,45,0.21493050580312367,Low
graphic design,45,0.21493050580312367,Low
insurance products,45,0.21493050580312367,Low
blended,45,0.21493050580312367,Low
service desk,45,0.21493050580312367,Low
flask,45,0.21493050580312367,Low
uk shift,45,0.21493050580312367,Low
computer knowledge,45,0.21493050580312367,Low
product design,45,0.21493050580312367,Low
incident management,45,0.21493050580312367,Low
stored procedures,45,0.21493050580312367,Low
physiology,45,0.21493050580312367,Low
tele caller,45,0.21493050580312367,Low
data integrity,45,0.21493050580312367,Low
daily operations,45,0.21493050580312367,Low
telugu,45,0.21493050580312367,Low
maintain documentation,45,0.21493050580312367,Low
adequate,44,0.21015427234083203,Low
api gateway,44,0.21015427234083203,Low
president,44,0.21015427234083203,Low
views,44,0.21015427234083203,Low
specialty,44,0.21015427234083203,Low
web development,44,0.21015427234083203,Low
java 8,44,0.21015427234083203,Low
power point,44,0.21015427234083203,Low
bigquery,44,0.21015427234083203,Low
imaging,44,0.21015427234083203,Low
product owners,44,0.21015427234083203,Low
agile methodology,44,0.21015427234083203,Low
wise,44,0.21015427234083203,Low
system integration,44,0.21015427234083203,Low
data platform,44,0.21015427234083203,Low
distributor,44,0.21015427234083203,Low
test scripts,44,0.21015427234083203,Low
business management,44,0.21015427234083203,Low
stakeholder engagement,44,0.21015427234083203,Low
cost control,44,0.21015427234083203,Low
oil & gas,44,0.21015427234083203,Low
switches,44,0.21015427234083203,Low
paramedical,44,0.21015427234083203,Low
broking,44,0.21015427234083203,Low
springboot,44,0.21015427234083203,Low
information science,44,0.21015427234083203,Low
analytical mindset,44,0.21015427234083203,Low
outbound sales,44,0.21015427234083203,Low
liaising,44,0.21015427234083203,Low
disaster recovery,44,0.21015427234083203,Low
quantity,44,0.21015427234083203,Low
install,43,0.2053780388785404,Low
ai tools,43,0.2053780388785404,Low
oracle fusion,43,0.2053780388785404,Low
thought leadership,43,0.2053780388785404,Low
mechanical engineer,43,0.2053780388785404,Low
bancassurance,43,0.2053780388785404,Low
resilient,43,0.2053780388785404,Low
simulation,43,0.2053780388785404,Low
redis,43,0.2053780388785404,Low
library,43,0.2053780388785404,Low
preventive maintenance,43,0.2053780388785404,Low
agility,43,0.2053780388785404,Low
e commerce,43,0.2053780388785404,Low
dentist,43,0.2053780388785404,Low
offline,43,0.2053780388785404,Low
kpi,43,0.2053780388785404,Low
corporates,43,0.2053780388785404,Low
shaping,43,0.2053780388785404,Low
telecalling,43,0.2053780388785404,Low
storytelling,43,0.2053780388785404,Low
operations management,43,0.2053780388785404,Low
learning and development,43,0.2053780388785404,Low
usability,43,0.2053780388785404,Low
standard operating procedures,43,0.2053780388785404,Low
apac,43,0.2053780388785404,Low
touch,43,0.2053780388785404,Low
incharge,43,0.2053780388785404,Low
motor,43,0.2053780388785404,Low
speech,43,0.2053780388785404,Low
bioinformatics,43,0.2053780388785404,Low
accident,43,0.2053780388785404,Low
site engineer,43,0.2053780388785404,Low
time management skills,43,0.2053780388785404,Low
job portals,43,0.2053780388785404,Low
quality analyst,43,0.2053780388785404,Low
hrms,42,0.20060180541624875,Low
merchant,42,0.20060180541624875,Low
reporting tools,42,0.20060180541624875,Low
botany,42,0.20060180541624875,Low
video editing,42,0.20060180541624875,Low
order to cash,42,0.20060180541624875,Low
variance,42,0.20060180541624875,Low
zoology,42,0.20060180541624875,Low
s/4hana,42,0.20060180541624875,Low
lightning,42,0.20060180541624875,Low
openai,42,0.20060180541624875,Low
energetic,42,0.20060180541624875,Low
data services,42,0.20060180541624875,Low
critical thinking,42,0.20060180541624875,Low
predictive,42,0.20060180541624875,Low
generalist,42,0.20060180541624875,Low
chemistry,42,0.20060180541624875,Low
configuration management,42,0.20060180541624875,Low
project timelines,42,0.20060180541624875,Low
service representative,42,0.20060180541624875,Low
es6,42,0.20060180541624875,Low
basic computer skills,42,0.20060180541624875,Low
level design,42,0.20060180541624875,Low
schema,42,0.20060180541624875,Low
store manager,42,0.20060180541624875,Low
service engineer,41,0.1958255719539571,Low
zonal,41,0.1958255719539571,Low
general manager,41,0.1958255719539571,Low
customer feedback,41,0.1958255719539571,Low
renewal,41,0.1958255719539571,Low
and apis,41,0.1958255719539571,Low
m.sc,41,0.1958255719539571,Low
market intelligence,41,0.1958255719539571,Low
electronics engineering,41,0.1958255719539571,Low
working capital,41,0.1958255719539571,Low
builder,41,0.1958255719539571,Low
tax laws,41,0.1958255719539571,Low
reception,41,0.1958255719539571,Low
scikit-learn,41,0.1958255719539571,Low
mobile applications,41,0.1958255719539571,Low
prevention,41,0.1958255719539571,Low
attrition,41,0.1958255719539571,Low
sales support,41,0.1958255719539571,Low
managed services,41,0.1958255719539571,Low
analytical thinking,41,0.1958255719539571,Low
consolidation,41,0.1958255719539571,Low
data architect,41,0.1958255719539571,Low
demo,41,0.1958255719539571,Low
qa automation,41,0.1958255719539571,Low
cloud security,41,0.1958255719539571,Low
trend,41,0.1958255719539571,Low
video editor,41,0.1958255719539571,Low
security policies,41,0.1958255719539571,Low
api integration,41,0.1958255719539571,Low
statutory compliance,41,0.1958255719539571,Low
history,41,0.1958255719539571,Low
data architecture,41,0.1958255719539571,Low
airflow,41,0.1958255719539571,Low
corrective action,41,0.1958255719539571,Low
prescription,41,0.1958255719539571,Low
maharashtra,41,0.1958255719539571,Low
real time,41,0.1958255719539571,Low
cross-functional collaboration,41,0.1958255719539571,Low
instruments,40,0.19104933849166547,Low
import,40,0.19104933849166547,Low
fabric,40,0.19104933849166547,Low
vice president,40,0.19104933849166547,Low
mbbs,40,0.19104933849166547,Low
training needs,40,0.19104933849166547,Low
streams,40,0.19104933849166547,Low
financial processes,40,0.19104933849166547,Low
packing,40,0.19104933849166547,Low
funding,40,0.19104933849166547,Low
pandas,40,0.19104933849166547,Low
strategic thinking,40,0.19104933849166547,Low
data security,40,0.19104933849166547,Low
internal controls,40,0.19104933849166547,Low
bootstrap,40,0.19104933849166547,Low
call support,40,0.19104933849166547,Low
openshift,40,0.19104933849166547,Low
cross sell,40,0.19104933849166547,Low
switching,40,0.19104933849166547,Low
journal,40,0.19104933849166547,Low
project scope,40,0.19104933849166547,Low
tele sales,40,0.19104933849166547,Low
google ads,40,0.19104933849166547,Low
facebook,40,0.19104933849166547,Low
detailing,40,0.19104933849166547,Low
formulas,40,0.19104933849166547,Low
state management,40,0.19104933849166547,Low
embedded software,40,0.19104933849166547,Low
admission,40,0.19104933849166547,Low
data warehouse,40,0.19104933849166547,Low
bpo sales,40,0.19104933849166547,Low
financial records,40,0.19104933849166547,Low
designing and developing,39,0.18627310502937383,Low
agri,39,0.18627310502937383,Low
arts,39,0.18627310502937383,Low
f&b,39,0.18627310502937383,Low
risk assessments,39,0.18627310502937383,Low
instagram,39,0.18627310502937383,Low
strong verbal and written communication,39,0.18627310502937383,Low
panel,39,0.18627310502937383,Low
process associate,39,0.18627310502937383,Low
engineer ii,39,0.18627310502937383,Low
financial modeling,39,0.18627310502937383,Low
lead qualification,39,0.18627310502937383,Low
sap fico,39,0.18627310502937383,Low
remediation,39,0.18627310502937383,Low
sap basis,39,0.18627310502937383,Low
prototypes,39,0.18627310502937383,Low
consultancy,39,0.18627310502937383,Low
learning & development,39,0.18627310502937383,Low
appointment,39,0.18627310502937383,Low
bank branch,39,0.18627310502937383,Low
idea,39,0.18627310502937383,Low
l&d,39,0.18627310502937383,Low
senior sales,39,0.18627310502937383,Low
appium,39,0.18627310502937383,Low
project planning,39,0.18627310502937383,Low
user stories,39,0.18627310502937383,Low
service level,39,0.18627310502937383,Low
travel sales,39,0.18627310502937383,Low
asynchronous,39,0.18627310502937383,Low
written and oral communication,39,0.18627310502937383,Low
system architecture,39,0.18627310502937383,Low
data factory,39,0.18627310502937383,Low
cross-selling,39,0.18627310502937383,Low
fiori,38,0.1814968715670822,Low
waste,38,0.1814968715670822,Low
compute,38,0.1814968715670822,Low
onshore,38,0.1814968715670822,Low
multitasking,38,0.1814968715670822,Low
grads,38,0.1814968715670822,Low
agentic ai,38,0.1814968715670822,Low
connections,38,0.1814968715670822,Low
risk mitigation,38,0.1814968715670822,Low
pivot tables,38,0.1814968715670822,Low
project lead,38,0.1814968715670822,Low
breakdown,38,0.1814968715670822,Low
and excel,38,0.1814968715670822,Low
google analytics,38,0.1814968715670822,Low
banking products,38,0.1814968715670822,Low
big data technologies,38,0.1814968715670822,Low
analysis tools,38,0.1814968715670822,Low
solar,38,0.1814968715670822,Low
bodies,38,0.1814968715670822,Low
retail sales,38,0.1814968715670822,Low
presentable,38,0.1814968715670822,Low
ms office suite,38,0.1814968715670822,Low
listening skills,38,0.1814968715670822,Low
automating,37,0.17672063810479055,Low
ml engineer,37,0.17672063810479055,Low
cypress,37,0.17672063810479055,Low
system administration,37,0.17672063810479055,Low
and english,37,0.17672063810479055,Low
fulfillment,37,0.17672063810479055,Low
devops tools,37,0.17672063810479055,Low
references,37,0.17672063810479055,Low
financial institutions,37,0.17672063810479055,Low
voice process executive,37,0.17672063810479055,Low
taxes,37,0.17672063810479055,Low
automation test,37,0.17672063810479055,Low
digital marketing executive,37,0.17672063810479055,Low
interns,37,0.17672063810479055,Low
gaap,37,0.17672063810479055,Low
sales target,37,0.17672063810479055,Low
achieving sales targets,37,0.17672063810479055,Low
qa engineer,37,0.17672063810479055,Low
lending,37,0.17672063810479055,Low
benchmark,37,0.17672063810479055,Low
administrative tasks,37,0.17672063810479055,Low
survey,37,0.17672063810479055,Low
firewall,37,0.17672063810479055,Low
derivatives,37,0.17672063810479055,Low
copilot,37,0.17672063810479055,Low
bams,37,0.17672063810479055,Low
access control,37,0.17672063810479055,Low
visio,37,0.17672063810479055,Low
respiratory,37,0.17672063810479055,Low
nism,37,0.17672063810479055,Low
jmeter,37,0.17672063810479055,Low
managing a team,37,0.17672063810479055,Low
capital markets,37,0.17672063810479055,Low
channel partner,37,0.17672063810479055,Low
cardiac,37,0.17672063810479055,Low
ci/cd tools,37,0.17672063810479055,Low
containers,37,0.17672063810479055,Low
macros,37,0.17672063810479055,Low
and engagement,37,0.17672063810479055,Low
ml models,37,0.17672063810479055,Low
dot net developer,37,0.17672063810479055,Low
backend developer,37,0.17672063810479055,Low
male staff nurse,37,0.17672063810479055,Low
paper,37,0.17672063810479055,Low
luxury,37,0.17672063810479055,Low
communication and stakeholder management,36,0.1719444046424989,Low
azure data factory,36,0.1719444046424989,Low
responsive design,36,0.1719444046424989,Low
talent management,36,0.1719444046424989,Low
prompt engineering,36,0.1719444046424989,Low
planner,36,0.1719444046424989,Low
event management,36,0.1719444046424989,Low
abap development,36,0.1719444046424989,Low
net framework,36,0.1719444046424989,Low
sdet,36,0.1719444046424989,Low
receiving,36,0.1719444046424989,Low
casa,36,0.1719444046424989,Low
and forecasting,36,0.1719444046424989,Low
record keeping,36,0.1719444046424989,Low
draft,36,0.1719444046424989,Low
architecting,36,0.1719444046424989,Low
user interfaces,36,0.1719444046424989,Low
territory sales,36,0.1719444046424989,Low
bulk hiring,36,0.1719444046424989,Low
sap btp,36,0.1719444046424989,Low
medicines,36,0.1719444046424989,Low
tower,36,0.1719444046424989,Low
tech lead,36,0.1719444046424989,Low
requirement analysis,36,0.1719444046424989,Low
static,36,0.1719444046424989,Low
prospecting,36,0.1719444046424989,Low
asset management,36,0.1719444046424989,Low
performance monitoring,36,0.1719444046424989,Low
data sets,36,0.1719444046424989,Low
positioning,36,0.1719444046424989,Low
marketing initiatives,36,0.1719444046424989,Low
content writer,36,0.1719444046424989,Low
labor laws,36,0.1719444046424989,Low
sales service,36,0.1719444046424989,Low
ethics,36,0.1719444046424989,Low
presentation skill,36,0.1719444046424989,Low
product quality,36,0.1719444046424989,Low
pathology,36,0.1719444046424989,Low
prototyping,36,0.1719444046424989,Low
biomedical engineering,35,0.1671681711802073,Low
strong attention to detail,35,0.1671681711802073,Low
strong attention,35,0.1671681711802073,Low
encryption,35,0.1671681711802073,Low
business partner,35,0.1671681711802073,Low
financial products,35,0.1671681711802073,Low
business systems,35,0.1671681711802073,Low
google sheets,35,0.1671681711802073,Low
successfactors,35,0.1671681711802073,Low
critical care,35,0.1671681711802073,Low
craft,35,0.1671681711802073,Low
modular,35,0.1671681711802073,Low
variance analysis,35,0.1671681711802073,Low
consumables,35,0.1671681711802073,Low
power platform,35,0.1671681711802073,Low
product sales,35,0.1671681711802073,Low
zoho,35,0.1671681711802073,Low
product engineering,35,0.1671681711802073,Low
physician assistant,35,0.1671681711802073,Low
elite,35,0.1671681711802073,Low
mainframe,35,0.1671681711802073,Low
good english communication,35,0.1671681711802073,Low
sheet metal,35,0.1671681711802073,Low
recording,35,0.1671681711802073,Low
settlement,35,0.1671681711802073,Low
anesthesia,35,0.1671681711802073,Low
tally software,35,0.1671681711802073,Low
process documentation,35,0.1671681711802073,Low
accounting standards,35,0.1671681711802073,Low
rating,35,0.1671681711802073,Low
programmer,35,0.1671681711802073,Low
exhibitions,35,0.1671681711802073,Low
visualizations,35,0.1671681711802073,Low
agreement,35,0.1671681711802073,Low
data lake,35,0.1671681711802073,Low
dhcp,35,0.1671681711802073,Low
spring framework,35,0.1671681711802073,Low
crm systems,35,0.1671681711802073,Low
prime,35,0.1671681711802073,Low
management trainee,34,0.16239193771791566,Low
order processing,34,0.16239193771791566,Low
bhms,34,0.16239193771791566,Low
optometry,34,0.16239193771791566,Low
lighting,34,0.16239193771791566,Low
australia,34,0.16239193771791566,Low
market share,34,0.16239193771791566,Low
cloudformation,34,0.16239193771791566,Low
classification,34,0.16239193771791566,Low
integration testing,34,0.16239193771791566,Low
accounts manager,34,0.16239193771791566,Low
middle east,34,0.16239193771791566,Low
overseas,34,0.16239193771791566,Low
counselling,34,0.16239193771791566,Low
mutual funds,34,0.16239193771791566,Low
mba finance,34,0.16239193771791566,Low
handover,34,0.16239193771791566,Low
training and development,34,0.16239193771791566,Low
fluency in english,34,0.16239193771791566,Low
debugging skills,34,0.16239193771791566,Low
be/b.tech,34,0.16239193771791566,Low
theatre,34,0.16239193771791566,Low
ites,34,0.16239193771791566,Low
finalization,34,0.16239193771791566,Low
front-end development,34,0.16239193771791566,Low
dealers,34,0.16239193771791566,Low
product demonstrations,34,0.16239193771791566,Low
merchandising,34,0.16239193771791566,Low
advising,34,0.16239193771791566,Low
saving,34,0.16239193771791566,Low
tolerance,34,0.16239193771791566,Low
blue,34,0.16239193771791566,Low
product owner,34,0.16239193771791566,Low
panels,34,0.16239193771791566,Low
vba,34,0.16239193771791566,Low
customer handling,34,0.16239193771791566,Low
close sales,34,0.16239193771791566,Low
workforce management,34,0.16239193771791566,Low
regional sales,34,0.16239193771791566,Low
mass,34,0.16239193771791566,Low
project engineer,33,0.15761570425562402,Low
piping,33,0.15761570425562402,Low
facilitation,33,0.15761570425562402,Low
scratch,33,0.15761570425562402,Low
calibration,33,0.15761570425562402,Low
cyber security,33,0.15761570425562402,Low
wealth management,33,0.15761570425562402,Low
fine-tuning,33,0.15761570425562402,Low
backend services,33,0.15761570425562402,Low
telephone,33,0.15761570425562402,Low
it operations,33,0.15761570425562402,Low
repairs,33,0.15761570425562402,Low
order management,33,0.15761570425562402,Low
convincing,33,0.15761570425562402,Low
process design,33,0.15761570425562402,Low
cucumber,33,0.15761570425562402,Low
axis,33,0.15761570425562402,Low
cloud data,33,0.15761570425562402,Low
instructor,33,0.15761570425562402,Low
b.pharm,33,0.15761570425562402,Low
support services,33,0.15761570425562402,Low
gitlab ci,33,0.15761570425562402,Low
quick learner,33,0.15761570425562402,Low
keyword research,33,0.15761570425562402,Low
client engagement,33,0.15761570425562402,Low
corporate sales,33,0.15761570425562402,Low
meal,33,0.15761570425562402,Low
dialysis,33,0.15761570425562402,Low
surgery,33,0.15761570425562402,Low
sales reports,33,0.15761570425562402,Low
revenue generation,33,0.15761570425562402,Low
neuro,33,0.15761570425562402,Low
canada,33,0.15761570425562402,Low
upstream,33,0.15761570425562402,Low
downstream,33,0.15761570425562402,Low
blogs,33,0.15761570425562402,Low
internal policies,33,0.15761570425562402,Low
informatica,33,0.15761570425562402,Low
bi tools,33,0.15761570425562402,Low
compliance with safety,33,0.15761570425562402,Low
trouble,33,0.15761570425562402,Low
resource allocation,33,0.15761570425562402,Low
malayalam,33,0.15761570425562402,Low
glue,33,0.15761570425562402,Low
m.e,33,0.15761570425562402,Low
migrations,33,0.15761570425562402,Low
modernization,33,0.15761570425562402,Low
leadership and team management,33,0.15761570425562402,Low
renewals,33,0.15761570425562402,Low
metadata,33,0.15761570425562402,Low
process optimization,33,0.15761570425562402,Low
transformers,33,0.15761570425562402,Low
sales management,33,0.15761570425562402,Low
db2,33,0.15761570425562402,Low
frontend development,32,0.15283947079333238,Low
target-driven,32,0.15283947079333238,Low
hotels,32,0.15283947079333238,Low
vpn,32,0.15283947079333238,Low
oops,32,0.15283947079333238,Low
user interface,32,0.15283947079333238,Low
mobile app,32,0.15283947079333238,Low
resilience,32,0.15283947079333238,Low
imaging technology,32,0.15283947079333238,Low
service officer,32,0.15283947079333238,Low
resource management,32,0.15283947079333238,Low
fastapi,32,0.15283947079333238,Low
aws certified,32,0.15283947079333238,Low
liability,32,0.15283947079333238,Low
high volume,32,0.15283947079333238,Low
inventory levels,32,0.15283947079333238,Low
webpack,32,0.15283947079333238,Low
emea,32,0.15283947079333238,Low
debt,32,0.15283947079333238,Low
mulesoft,32,0.15283947079333238,Low
waterfall,32,0.15283947079333238,Low
field executive,32,0.15283947079333238,Low
transitions,32,0.15283947079333238,Low
safety regulations,32,0.15283947079333238,Low
salem,32,0.15283947079333238,Low
computer systems,32,0.15283947079333238,Low
access management,32,0.15283947079333238,Low
sap abap development,32,0.15283947079333238,Low
manager sales,32,0.15283947079333238,Low
cardio,32,0.15283947079333238,Low
financial management,32,0.15283947079333238,Low
jest,32,0.15283947079333238,Low
proposal making,32,0.15283947079333238,Low
support associate,32,0.15283947079333238,Low
talent acquisition specialist,32,0.15283947079333238,Low
field work,32,0.15283947079333238,Low
it support,32,0.15283947079333238,Low
medical record science,32,0.15283947079333238,Low
marketing operations,32,0.15283947079333238,Low
bitbucket,32,0.15283947079333238,Low
dynatrace,32,0.15283947079333238,Low
triage,32,0.15283947079333238,Low
system administrator,32,0.15283947079333238,Low
upsell,32,0.15283947079333238,Low
time off,32,0.15283947079333238,Low
amfi,32,0.15283947079333238,Low
hr policies,31,0.14806323733104074,Low
feed,31,0.14806323733104074,Low
for java,31,0.14806323733104074,Low
gdpr,31,0.14806323733104074,Low
tech support,31,0.14806323733104074,Low
delivery operations,31,0.14806323733104074,Low
biostatistics,31,0.14806323733104074,Low
kernel,31,0.14806323733104074,Low
technical sales,31,0.14806323733104074,Low
service quality,31,0.14806323733104074,Low
next.js,31,0.14806323733104074,Low
process automation,31,0.14806323733104074,Low
secure coding,31,0.14806323733104074,Low
drug,31,0.14806323733104074,Low
business strategy,31,0.14806323733104074,Low
advance excel,31,0.14806323733104074,Low
hr processes,31,0.14806323733104074,Low
application security,31,0.14806323733104074,Low
genetics,31,0.14806323733104074,Low
petty cash,31,0.14806323733104074,Low
ats,31,0.14806323733104074,Low
documentation skills,31,0.14806323733104074,Low
uipath,31,0.14806323733104074,Low
admissions,31,0.14806323733104074,Low
testng,31,0.14806323733104074,Low
api design,31,0.14806323733104074,Low
anaesthesia,31,0.14806323733104074,Low
database administrator,31,0.14806323733104074,Low
react native,31,0.14806323733104074,Low
mutual fund,31,0.14806323733104074,Low
java development,31,0.14806323733104074,Low
campus,31,0.14806323733104074,Low
raw materials,31,0.14806323733104074,Low
sap hana,31,0.14806323733104074,Low
incident response,31,0.14806323733104074,Low
marketing automation,31,0.14806323733104074,Low
investments,31,0.14806323733104074,Low
spot,31,0.14806323733104074,Low
triggers,31,0.14806323733104074,Low
publishing,31,0.14806323733104074,Low
standardization,31,0.14806323733104074,Low
operation theatre,31,0.14806323733104074,Low
monitor project,31,0.14806323733104074,Low
youtube,31,0.14806323733104074,Low
vue.js,31,0.14806323733104074,Low
data visualization tools,31,0.14806323733104074,Low
plumbing,30,0.1432870038687491,Low
canva,30,0.1432870038687491,Low
lead experience,30,0.1432870038687491,Low
exit,30,0.1432870038687491,Low
data protection,30,0.1432870038687491,Low
profiling,30,0.1432870038687491,Low
minutes,30,0.1432870038687491,Low
cissp,30,0.1432870038687491,Low
entity framework,30,0.1432870038687491,Low
es6+,30,0.1432870038687491,Low
acca,30,0.1432870038687491,Low
absence,30,0.1432870038687491,Low
marketplace,30,0.1432870038687491,Low
engineering manager,30,0.1432870038687491,Low
journal entries,30,0.1432870038687491,Low
health care,30,0.1432870038687491,Low
interviewing,30,0.1432870038687491,Low
sampling,30,0.1432870038687491,Low
international chat,30,0.1432870038687491,Low
tax compliance,30,0.1432870038687491,Low
ml frameworks,30,0.1432870038687491,Low
technical architect,30,0.1432870038687491,Low
networking skills,30,0.1432870038687491,Low
keras,30,0.1432870038687491,Low
langchain,30,0.1432870038687491,Low
sql and nosql,30,0.1432870038687491,Low
front office executive,30,0.1432870038687491,Low
business banking,30,0.1432870038687491,Low
testing methodologies,30,0.1432870038687491,Low
performance reporting,30,0.1432870038687491,Low
principal engineer,30,0.1432870038687491,Low
professor,30,0.1432870038687491,Low
conferences,30,0.1432870038687491,Low
contact center,30,0.1432870038687491,Low
extend,30,0.1432870038687491,Low
instrument,30,0.1432870038687491,Low
effective communication skills,30,0.1432870038687491,Low
loyalty,30,0.1432870038687491,Low
coordinates,30,0.1432870038687491,Low
kotlin,30,0.1432870038687491,Low
pilot,30,0.1432870038687491,Low
c/c++,30,0.1432870038687491,Low
buying,30,0.1432870038687491,Low
articles,30,0.1432870038687491,Low
contract management,30,0.1432870038687491,Low
metro,30,0.1432870038687491,Low
commis,30,0.1432870038687491,Low
cable,30,0.1432870038687491,Low
coordination skills,30,0.1432870038687491,Low
functional testing,30,0.1432870038687491,Low
tomcat,30,0.1432870038687491,Low
client retention,30,0.1432870038687491,Low
medical laboratory,30,0.1432870038687491,Low
geography,30,0.1432870038687491,Low
mechanical design,30,0.1432870038687491,Low
travelling,30,0.1432870038687491,Low
denial,30,0.1432870038687491,Low
design specifications,30,0.1432870038687491,Low
figma,30,0.1432870038687491,Low
sociology,30,0.1432870038687491,Low
injection,30,0.1432870038687491,Low
plants,30,0.1432870038687491,Low
pulmonary,30,0.1432870038687491,Low
ruby,30,0.1432870038687491,Low
solidworks,30,0.1432870038687491,Low
serverless,29,0.13851077040645746,Low
collateral,29,0.13851077040645746,Low
motion graphics,29,0.13851077040645746,Low
plastic,29,0.13851077040645746,Low
target achievement,29,0.13851077040645746,Low
design tools,29,0.13851077040645746,Low
data modelling,29,0.13851077040645746,Low
america,29,0.13851077040645746,Low
business continuity,29,0.13851077040645746,Low
deloitte,29,0.13851077040645746,Low
gradle,29,0.13851077040645746,Low
multi-cloud,29,0.13851077040645746,Low
employee relations,29,0.13851077040645746,Low
surface,29,0.13851077040645746,Low
conflict,29,0.13851077040645746,Low
banking operations,29,0.13851077040645746,Low
sales funnel,29,0.13851077040645746,Low
warm,29,0.13851077040645746,Low
back end,29,0.13851077040645746,Low
sales presentations,29,0.13851077040645746,Low
tcp/ip,29,0.13851077040645746,Low
balance sheets,29,0.13851077040645746,Low
planning and execution,29,0.13851077040645746,Low
sales growth,29,0.13851077040645746,Low
international clients,29,0.13851077040645746,Low
succession,29,0.13851077040645746,Low
ospf,29,0.13851077040645746,Low
robot,29,0.13851077040645746,Low
tier 2,29,0.13851077040645746,Low
raw material,29,0.13851077040645746,Low
trials,29,0.13851077040645746,Low
security protocols,29,0.13851077040645746,Low
compensation & benefits,29,0.13851077040645746,Low
market feedback,29,0.13851077040645746,Low
factors,29,0.13851077040645746,Low
google cloud platform,29,0.13851077040645746,Low
cloud architecture,29,0.13851077040645746,Low
java backend,29,0.13851077040645746,Low
outsourcing,29,0.13851077040645746,Low
project management tools,29,0.13851077040645746,Low
multithreading,29,0.13851077040645746,Low
policy issuance,29,0.13851077040645746,Low
industry knowledge,29,0.13851077040645746,Low
elt,29,0.13851077040645746,Low
building material,28,0.13373453694416582,Low
press,28,0.13373453694416582,Low
content management,28,0.13373453694416582,Low
financial data,28,0.13373453694416582,Low
big 4,28,0.13373453694416582,Low
nuclear medicine,28,0.13373453694416582,Low
operations executive,28,0.13373453694416582,Low
hris,28,0.13373453694416582,Low
service level agreements,28,0.13373453694416582,Low
data extraction,28,0.13373453694416582,Low
appraisal,28,0.13373453694416582,Low
oil and gas,28,0.13373453694416582,Low
indirect tax,28,0.13373453694416582,Low
dental,28,0.13373453694416582,Low
hiring freshers,28,0.13373453694416582,Low
employee lifecycle,28,0.13373453694416582,Low
peer reviews,28,0.13373453694416582,Low
epidemiology,28,0.13373453694416582,Low
molecular,28,0.13373453694416582,Low
welding,28,0.13373453694416582,Low
content creation,28,0.13373453694416582,Low
security and compliance,28,0.13373453694416582,Low
liabilities,28,0.13373453694416582,Low
finance and accounting,28,0.13373453694416582,Low
develop and manage,28,0.13373453694416582,Low
mitigation strategies,28,0.13373453694416582,Low
comm,28,0.13373453694416582,Low
spares,28,0.13373453694416582,Low
medical microbiology,28,0.13373453694416582,Low
clinical nutrition,28,0.13373453694416582,Low
business loans,28,0.13373453694416582,Low
technical project manager,28,0.13373453694416582,Low
agriculture,28,0.13373453694416582,Low
full-stack development,28,0.13373453694416582,Low
education industry,28,0.13373453694416582,Low
chats,28,0.13373453694416582,Low
knowledge transfer,28,0.13373453694416582,Low
fleet,28,0.13373453694416582,Low
docs,28,0.13373453694416582,Low
ai engineer,28,0.13373453694416582,Low
hubspot,28,0.13373453694416582,Low
production planning,28,0.13373453694416582,Low
client service,28,0.13373453694416582,Low
email marketing,28,0.13373453694416582,Low
patching,28,0.13373453694416582,Low
star,28,0.13373453694416582,Low
sales operations,28,0.13373453694416582,Low
courier,28,0.13373453694416582,Low
statistical analysis,28,0.13373453694416582,Low
persuasive,28,0.13373453694416582,Low
credit risk,28,0.13373453694416582,Low
security operations,28,0.13373453694416582,Low
health and safety,27,0.1289583034818742,Low
batch processing,27,0.1289583034818742,Low
azure services,27,0.1289583034818742,Low
ai models,27,0.1289583034818742,Low
siemens,27,0.1289583034818742,Low
wiring,27,0.1289583034818742,Low
rfps,27,0.1289583034818742,Low
generating leads,27,0.1289583034818742,Low
mcom,27,0.1289583034818742,Low
turnaround,27,0.1289583034818742,Low
letters,27,0.1289583034818742,Low
manual testing,27,0.1289583034818742,Low
b2c sales,27,0.1289583034818742,Low
paas,27,0.1289583034818742,Low
process delivery,27,0.1289583034818742,Low
construction management,27,0.1289583034818742,Low
medical lab technology,27,0.1289583034818742,Low
medical claim,27,0.1289583034818742,Low
voice support,27,0.1289583034818742,Low
customer s,27,0.1289583034818742,Low
subscription,27,0.1289583034818742,Low
licensing,27,0.1289583034818742,Low
audiology,27,0.1289583034818742,Low
anaesthesia technology,27,0.1289583034818742,Low
human genetics,27,0.1289583034818742,Low
acceptance testing,27,0.1289583034818742,Low
tutor,27,0.1289583034818742,Low
key account management,27,0.1289583034818742,Low
gnm staff nurse,27,0.1289583034818742,Low
lead software,27,0.1289583034818742,Low
business analytics,27,0.1289583034818742,Low
frontend developer,27,0.1289583034818742,Low
full stack engineer,27,0.1289583034818742,Low
consumers,27,0.1289583034818742,Low
data validation,27,0.1289583034818742,Low
international voice process executive,27,0.1289583034818742,Low
shipment,27,0.1289583034818742,Low
non it,27,0.1289583034818742,Low
spend,27,0.1289583034818742,Low
male nurse,27,0.1289583034818742,Low
grooming,27,0.1289583034818742,Low
design reviews,27,0.1289583034818742,Low
sales pipeline,27,0.1289583034818742,Low
territory manager,27,0.1289583034818742,Low
manpower planning,27,0.1289583034818742,Low
qualitative,27,0.1289583034818742,Low
workforce planning,27,0.1289583034818742,Low
contracting,27,0.1289583034818742,Low
communication and negotiation,27,0.1289583034818742,Low
male candidate,27,0.1289583034818742,Low
wireless,27,0.1289583034818742,Low
delivery manager,27,0.1289583034818742,Low
high level design,27,0.1289583034818742,Low
purchase executive,27,0.1289583034818742,Low
secondary sales,27,0.1289583034818742,Low
dispute,27,0.1289583034818742,Low
rabbitmq,27,0.1289583034818742,Low
customer focus,27,0.1289583034818742,Low
interior design,27,0.1289583034818742,Low
plant biotechnology,27,0.1289583034818742,Low
automation solutions,27,0.1289583034818742,Low
perfusion,27,0.1289583034818742,Low
naturopathy,27,0.1289583034818742,Low
sap modules,27,0.1289583034818742,Low
campaign management,27,0.1289583034818742,Low
azure databricks,27,0.1289583034818742,Low
medical coding freshers jobs in chennai,26,0.12418207001958256,Low
siem,26,0.12418207001958256,Low
transmission,26,0.12418207001958256,Low
medical coding freshers jobs,26,0.12418207001958256,Low
animation,26,0.12418207001958256,Low
disputes,26,0.12418207001958256,Low
food safety,26,0.12418207001958256,Low
customer interaction,26,0.12418207001958256,Low
influencing skills,26,0.12418207001958256,Low
digital tools,26,0.12418207001958256,Low
senior developer,26,0.12418207001958256,Low
after effects,26,0.12418207001958256,Low
office supplies,26,0.12418207001958256,Low
american,26,0.12418207001958256,Low
wordpress,26,0.12418207001958256,Low
controllers,26,0.12418207001958256,Low
e-mail,26,0.12418207001958256,Low
shared services,26,0.12418207001958256,Low
cluster manager,26,0.12418207001958256,Low
displays,26,0.12418207001958256,Low
industrial automation,26,0.12418207001958256,Low
compile,26,0.12418207001958256,Low
regional language,26,0.12418207001958256,Low
apache spark,26,0.12418207001958256,Low
trial,26,0.12418207001958256,Low
api integrations,26,0.12418207001958256,Low
securities,26,0.12418207001958256,Low
net mvc,26,0.12418207001958256,Low
brand awareness,26,0.12418207001958256,Low
builders,26,0.12418207001958256,Low
performance marketing,26,0.12418207001958256,Low
hugging face,26,0.12418207001958256,Low
swift,26,0.12418207001958256,Low
surat,26,0.12418207001958256,Low
flutter,26,0.12418207001958256,Low
vlookup,26,0.12418207001958256,Low
salesforce developer,26,0.12418207001958256,Low
data handling,26,0.12418207001958256,Low
machine learning models,26,0.12418207001958256,Low
export documentation,26,0.12418207001958256,Low
civil engineer,26,0.12418207001958256,Low
numerical,26,0.12418207001958256,Low
pumps,26,0.12418207001958256,Low
inside sales executive,26,0.12418207001958256,Low
software quality,26,0.12418207001958256,Low
agile ceremonies,26,0.12418207001958256,Low
esic,26,0.12418207001958256,Low
hr manager,26,0.12418207001958256,Low
customer acquisition,26,0.12418207001958256,Low
renewable,26,0.12418207001958256,Low
block,26,0.12418207001958256,Low
computer vision,26,0.12418207001958256,Low
succession planning,26,0.12418207001958256,Low
code review,26,0.12418207001958256,Low
day shifts,26,0.12418207001958256,Low
buyer,26,0.12418207001958256,Low
azure functions,26,0.12418207001958256,Low
printing,26,0.12418207001958256,Low
ci / cd tools,26,0.12418207001958256,Low
regulatory guidelines,26,0.12418207001958256,Low
enterprise systems,26,0.12418207001958256,Low
ar calling,26,0.12418207001958256,Low
scada,26,0.12418207001958256,Low
electrical engineer,26,0.12418207001958256,Low
general insurance,26,0.12418207001958256,Low
user acceptance,26,0.12418207001958256,Low
sales cycle,26,0.12418207001958256,Low
mis reporting,26,0.12418207001958256,Low
it systems,26,0.12418207001958256,Low
leadership roles,26,0.12418207001958256,Low
microsoft certified,26,0.12418207001958256,Low
financial analyst,26,0.12418207001958256,Low
istqb,26,0.12418207001958256,Low
reports and dashboards,26,0.12418207001958256,Low
optimization techniques,26,0.12418207001958256,Low
business rules,26,0.12418207001958256,Low
female staff nurse,26,0.12418207001958256,Low
freshers jobs,26,0.12418207001958256,Low
public cloud,26,0.12418207001958256,Low
endpoint,26,0.12418207001958256,Low
client facing,25,0.11940583655729092,Low
internal audits,25,0.11940583655729092,Low
cross functional teams,25,0.11940583655729092,Low
notifications,25,0.11940583655729092,Low
credit card,25,0.11940583655729092,Low
marketing specialist,25,0.11940583655729092,Low
dynamics 365,25,0.11940583655729092,Low
hrbp,25,0.11940583655729092,Low
catia,25,0.11940583655729092,Low
corporate finance,25,0.11940583655729092,Low
maintenance engineer,25,0.11940583655729092,Low
query optimization,25,0.11940583655729092,Low
medical billing,25,0.11940583655729092,Low
b2b saas,25,0.11940583655729092,Low
delivery excellence,25,0.11940583655729092,Low
process management,25,0.11940583655729092,Low
aerospace,25,0.11940583655729092,Low
facility management,25,0.11940583655729092,Low
start-up,25,0.11940583655729092,Low
data transformation,25,0.11940583655729092,Low
patch,25,0.11940583655729092,Low
hyper,25,0.11940583655729092,Low
routers,25,0.11940583655729092,Low
persuasion,25,0.11940583655729092,Low
hooks,25,0.11940583655729092,Low
student progress,25,0.11940583655729092,Low
infrastructure management,25,0.11940583655729092,Low
cost optimization,25,0.11940583655729092,Low
retirement,25,0.11940583655729092,Low
customizations,25,0.11940583655729092,Low
enterprise applications,25,0.11940583655729092,Low
radius,25,0.11940583655729092,Low
test automation frameworks,25,0.11940583655729092,Low
service skills,25,0.11940583655729092,Low
technical background,25,0.11940583655729092,Low
disciplined,25,0.11940583655729092,Low
sap basis administration,25,0.11940583655729092,Low
basis administration,25,0.11940583655729092,Low
windows server,25,0.11940583655729092,Low
senior data scientist,25,0.11940583655729092,Low
premiere pro,25,0.11940583655729092,Low
and css,25,0.11940583655729092,Low
dynamodb,25,0.11940583655729092,Low
surgical,25,0.11940583655729092,Low
draw,25,0.11940583655729092,Low
formulation,25,0.11940583655729092,Low
providing training,25,0.11940583655729092,Low
ca inter,25,0.11940583655729092,Low
bookings,25,0.11940583655729092,Low
design systems,25,0.11940583655729092,Low
capacity planning,25,0.11940583655729092,Low
purchase orders,25,0.11940583655729092,Low
core hr,25,0.11940583655729092,Low
human resource executive,25,0.11940583655729092,Low
jewellery,25,0.11940583655729092,Low
solutioning,25,0.11940583655729092,Low
litigation,25,0.11940583655729092,Low
solution architecture,25,0.11940583655729092,Low
settlements,25,0.11940583655729092,Low
s4 hana,25,0.11940583655729092,Low
machine learning algorithms,25,0.11940583655729092,Low
cash management,25,0.11940583655729092,Low
elite relationship manager,25,0.11940583655729092,Low
reinforcement,25,0.11940583655729092,Low
pcb,25,0.11940583655729092,Low
microservice,25,0.11940583655729092,Low
wireframes,25,0.11940583655729092,Low
power automate,25,0.11940583655729092,Low
qualified company secretary,25,0.11940583655729092,Low
printers,24,0.11462960309499928,Low
debit,24,0.11462960309499928,Low
housing,24,0.11462960309499928,Low
docker and kubernetes,24,0.11462960309499928,Low
sap abap development for hana,24,0.11462960309499928,Low
interiors,24,0.11462960309499928,Low
branch head,24,0.11462960309499928,Low
release management,24,0.11462960309499928,Low
circuit,24,0.11462960309499928,Low
biotech,24,0.11462960309499928,Low
monthly reports,24,0.11462960309499928,Low
m.com,24,0.11462960309499928,Low
finance manager,24,0.11462960309499928,Low
concrete,24,0.11462960309499928,Low
seo executive,24,0.11462960309499928,Low
psychology,24,0.11462960309499928,Low
charts,24,0.11462960309499928,Low
banking domain,24,0.11462960309499928,Low
salesforce crm,24,0.11462960309499928,Low
accruals,24,0.11462960309499928,Low
secure coding practices,24,0.11462960309499928,Low
delta,24,0.11462960309499928,Low
oauth,24,0.11462960309499928,Low
outlets,24,0.11462960309499928,Low
continuous delivery,24,0.11462960309499928,Low
agile framework,24,0.11462960309499928,Low
devsecops,24,0.11462960309499928,Low
perl,24,0.11462960309499928,Low
ssis,24,0.11462960309499928,Low
application design,24,0.11462960309499928,Low
foreign,24,0.11462960309499928,Low
rapidly growing,24,0.11462960309499928,Low
cash handling,24,0.11462960309499928,Low
procure to pay,24,0.11462960309499928,Low
cost reduction,24,0.11462960309499928,Low
cobol,24,0.11462960309499928,Low
sap s/4hana,24,0.11462960309499928,Low
harness,24,0.11462960309499928,Low
java fullstack,24,0.11462960309499928,Low
proactive approach,24,0.11462960309499928,Low
internships,24,0.11462960309499928,Low
financial regulations,24,0.11462960309499928,Low
connectors,24,0.11462960309499928,Low
ux designer,24,0.11462960309499928,Low
orchestration tools,24,0.11462960309499928,Low
sap mm,24,0.11462960309499928,Low
economic,24,0.11462960309499928,Low
reimbursement,24,0.11462960309499928,Low
alternate,24,0.11462960309499928,Low
food and beverage,24,0.11462960309499928,Low
e-invoicing,24,0.11462960309499928,Low
digital banking,24,0.11462960309499928,Low
investment banking,24,0.11462960309499928,Low
internal auditor,24,0.11462960309499928,Low
shooting,24,0.11462960309499928,Low
medical insurance,24,0.11462960309499928,Low
compensation and benefits,24,0.11462960309499928,Low
real estate sales,24,0.11462960309499928,Low
test lead,24,0.11462960309499928,Low
manufacturing processes,24,0.11462960309499928,Low
basic computer knowledge,24,0.11462960309499928,Low
data collection,24,0.11462960309499928,Low
deductions,24,0.11462960309499928,Low
payment collection,24,0.11462960309499928,Low
sr. engineer,24,0.11462960309499928,Low
business relationship,24,0.11462960309499928,Low
graph,24,0.11462960309499928,Low
food & beverage,24,0.11462960309499928,Low
paint,24,0.11462960309499928,Low
provision,24,0.11462960309499928,Low
assistant professor,24,0.11462960309499928,Low
unsecured,24,0.11462960309499928,Low
surgeon,24,0.11462960309499928,Low
sdk,24,0.11462960309499928,Low
sales coordinator,24,0.11462960309499928,Low
daily sales,24,0.11462960309499928,Low
sales head,24,0.11462960309499928,Low
rendering,24,0.11462960309499928,Low
ui design,24,0.11462960309499928,Low
senior data engineer,24,0.11462960309499928,Low
oems,24,0.11462960309499928,Low
us voice,24,0.11462960309499928,Low
plsql,24,0.11462960309499928,Low
interpretation,24,0.11462960309499928,Low
interior designer,24,0.11462960309499928,Low
advisory services,24,0.11462960309499928,Low
international customer support,24,0.11462960309499928,Low
pytest,23,0.10985336963270766,Low
complex sql queries,23,0.10985336963270766,Low
financial accounting,23,0.10985336963270766,Low
development and deployment,23,0.10985336963270766,Low
targeting,23,0.10985336963270766,Low
customer support associate,23,0.10985336963270766,Low
prototype,23,0.10985336963270766,Low
manufacturing process,23,0.10985336963270766,Low
is added advantage,23,0.10985336963270766,Low
data privacy,23,0.10985336963270766,Low
immigration,23,0.10985336963270766,Low
sketchup,23,0.10985336963270766,Low
teachers,23,0.10985336963270766,Low
australian,23,0.10985336963270766,Low
municipal,23,0.10985336963270766,Low
bpo voice,23,0.10985336963270766,Low
tenders,23,0.10985336963270766,Low
employee satisfaction,23,0.10985336963270766,Low
airport,23,0.10985336963270766,Low
oracle ebs,23,0.10985336963270766,Low
philosophy,23,0.10985336963270766,Low
debugging tools,23,0.10985336963270766,Low
sales data,23,0.10985336963270766,Low
sem,23,0.10985336963270766,Low
tele sales executive,23,0.10985336963270766,Low
publications,23,0.10985336963270766,Low
lead conversion,23,0.10985336963270766,Low
ajax,23,0.10985336963270766,Low
on-prem,23,0.10985336963270766,Low
replication,23,0.10985336963270766,Low
ssl,23,0.10985336963270766,Low
sales associate,23,0.10985336963270766,Low
intercompany,23,0.10985336963270766,Low
temperature,23,0.10985336963270766,Low
experimentation,23,0.10985336963270766,Low
d365,23,0.10985336963270766,Low
it sales,23,0.10985336963270766,Low
analytical ability,23,0.10985336963270766,Low
go-to-market,23,0.10985336963270766,Low
client relationship management,23,0.10985336963270766,Low
thinking skills,23,0.10985336963270766,Low
audio,23,0.10985336963270766,Low
inspect,23,0.10985336963270766,Low
design skills,23,0.10985336963270766,Low
store operations,23,0.10985336963270766,Low
diversity and inclusion,23,0.10985336963270766,Low
communication and coordination,23,0.10985336963270766,Low
traceability,23,0.10985336963270766,Low
station,23,0.10985336963270766,Low
artifacts,23,0.10985336963270766,Low
automated test scripts,23,0.10985336963270766,Low
integration patterns,23,0.10985336963270766,Low
erp software,23,0.10985336963270766,Low
cisa,23,0.10985336963270766,Low
rollout,23,0.10985336963270766,Low
export sales,23,0.10985336963270766,Low
bookkeeping,23,0.10985336963270766,Low
production processes,23,0.10985336963270766,Low
inventory control,23,0.10985336963270766,Low
appliances,23,0.10985336963270766,Low
employee state insurance,23,0.10985336963270766,Low
sizing,23,0.10985336963270766,Low
self-motivation,23,0.10985336963270766,Low
vulnerability management,23,0.10985336963270766,Low
dimensions,23,0.10985336963270766,Low
catalog,23,0.10985336963270766,Low
system testing,23,0.10985336963270766,Low
advanced analytics,23,0.10985336963270766,Low
development lead,23,0.10985336963270766,Low
operations analyst,23,0.10985336963270766,Low
mobile application,23,0.10985336963270766,Low
cloud solutions,23,0.10985336963270766,Low
interfacing,23,0.10985336963270766,Low
media marketing,23,0.10985336963270766,Low
microsoft dynamics,23,0.10985336963270766,Low
analyze business,23,0.10985336963270766,Low
guest service,23,0.10985336963270766,Low
hr analytics,23,0.10985336963270766,Low
sales consultant,23,0.10985336963270766,Low
projections,23,0.10985336963270766,Low
pharmacist,23,0.10985336963270766,Low
managing director,23,0.10985336963270766,Low
integration tools,23,0.10985336963270766,Low
odata,23,0.10985336963270766,Low
typing speed,23,0.10985336963270766,Low
sap sd,23,0.10985336963270766,Low
integration suite,23,0.10985336963270766,Low
digital solutions,22,0.10507713617041602,Low
micro services,22,0.10507713617041602,Low
senior full stack,22,0.10507713617041602,Low
accent,22,0.10507713617041602,Low
and repair,22,0.10507713617041602,Low
campaign performance,22,0.10507713617041602,Low
documentation and compliance,22,0.10507713617041602,Low
data warehousing concepts,22,0.10507713617041602,Low
dotnet,22,0.10507713617041602,Low
java spring,22,0.10507713617041602,Low
hospital billing,22,0.10507713617041602,Low
credit cards,22,0.10507713617041602,Low
resource manager,22,0.10507713617041602,Low
job posting,22,0.10507713617041602,Low
handling customer,22,0.10507713617041602,Low
customer facing,22,0.10507713617041602,Low
lucknow,22,0.10507713617041602,Low
cell,22,0.10507713617041602,Low
synapse,22,0.10507713617041602,Low
ms office tools,22,0.10507713617041602,Low
alteryx,22,0.10507713617041602,Low
team management skills,22,0.10507713617041602,Low
personal skills,22,0.10507713617041602,Low
electrical systems,22,0.10507713617041602,Low
relocation,22,0.10507713617041602,Low
data ingestion,22,0.10507713617041602,Low
sales development,22,0.10507713617041602,Low
performance tracking,22,0.10507713617041602,Low
it solutions,22,0.10507713617041602,Low
ethernet,22,0.10507713617041602,Low
webinars,22,0.10507713617041602,Low
machining,22,0.10507713617041602,Low
field service,22,0.10507713617041602,Low
social media marketing,22,0.10507713617041602,Low
insurance industry,22,0.10507713617041602,Low
customer service representative,22,0.10507713617041602,Low
ms project,22,0.10507713617041602,Low
server administration,22,0.10507713617041602,Low
semiconductor,22,0.10507713617041602,Low
research and analysis,22,0.10507713617041602,Low
active listening,22,0.10507713617041602,Low
painting,22,0.10507713617041602,Low
maths,22,0.10507713617041602,Low
sagemaker,22,0.10507713617041602,Low
throughput,22,0.10507713617041602,Low
vendor coordination,22,0.10507713617041602,Low
autonomous,22,0.10507713617041602,Low
client interaction,22,0.10507713617041602,Low
variable,22,0.10507713617041602,Low
mern,22,0.10507713617041602,Low
indexing,22,0.10507713617041602,Low
operational support,22,0.10507713617041602,Low
games,22,0.10507713617041602,Low
javascript frameworks,22,0.10507713617041602,Low
unstructured data,22,0.10507713617041602,Low
modern javascript,22,0.10507713617041602,Low
transaction monitoring,22,0.10507713617041602,Low
sales and distribution,22,0.10507713617041602,Low
capa,22,0.10507713617041602,Low
engineering services,22,0.10507713617041602,Low
on-boarding,22,0.10507713617041602,Low
us process,22,0.10507713617041602,Low
algorithm,22,0.10507713617041602,Low
ariba,22,0.10507713617041602,Low
unity,22,0.10507713617041602,Low
numpy,22,0.10507713617041602,Low
invoice processing,22,0.10507713617041602,Low
functional specifications,22,0.10507713617041602,Low
ai agents,22,0.10507713617041602,Low
inbound calls,22,0.10507713617041602,Low
jboss,22,0.10507713617041602,Low
vector,22,0.10507713617041602,Low
military,22,0.10507713617041602,Low
asp.net core,22,0.10507713617041602,Low
multi-threading,22,0.10507713617041602,Low
open source,22,0.10507713617041602,Low
ms word,22,0.10507713617041602,Low
medical devices,22,0.10507713617041602,Low
branch sales,22,0.10507713617041602,Low
office skills,22,0.10507713617041602,Low
month end,22,0.10507713617041602,Low
experience design,22,0.10507713617041602,Low
animations,22,0.10507713617041602,Low
scrum methodologies,22,0.10507713617041602,Low
domestic bpo,22,0.10507713617041602,Low
techno-functional,22,0.10507713617041602,Low
equity dealer,22,0.10507713617041602,Low
mis executive,21,0.10030090270812438,Low
credit underwriting,21,0.10030090270812438,Low
continuous deployment,21,0.10030090270812438,Low
skill development,21,0.10030090270812438,Low
equities,21,0.10030090270812438,Low
analytical and problem solving,21,0.10030090270812438,Low
singapore,21,0.10030090270812438,Low
office management,21,0.10030090270812438,Low
team building,21,0.10030090270812438,Low
franchise,21,0.10030090270812438,Low
marketing intern,21,0.10030090270812438,Low
diagnostics,21,0.10030090270812438,Low
reporting and analytics,21,0.10030090270812438,Low
teleperformance,21,0.10030090270812438,Low
banking process,21,0.10030090270812438,Low
hotel management,21,0.10030090270812438,Low
styling,21,0.10030090270812438,Low
epic,21,0.10030090270812438,Low
quality engineering,21,0.10030090270812438,Low
us market,21,0.10030090270812438,Low
mongo,21,0.10030090270812438,Low
regional manager,21,0.10030090270812438,Low
node js,21,0.10030090270812438,Low
governance frameworks,21,0.10030090270812438,Low
elasticsearch,21,0.10030090270812438,Low
motors,21,0.10030090270812438,Low
design documents,21,0.10030090270812438,Low
ifrs,21,0.10030090270812438,Low
report writing,21,0.10030090270812438,Low
labs,21,0.10030090270812438,Low
casting,21,0.10030090270812438,Low
rest assured,21,0.10030090270812438,Low
pattern,21,0.10030090270812438,Low
detail oriented,21,0.10030090270812438,Low
data flow,21,0.10030090270812438,Low
tendering,21,0.10030090270812438,Low
analysis skills,21,0.10030090270812438,Low
reinforcement learning,21,0.10030090270812438,Low
hyperion,21,0.10030090270812438,Low
design verification,21,0.10030090270812438,Low
segmentation,21,0.10030090270812438,Low
hr generalist,21,0.10030090270812438,Low
navisworks,21,0.10030090270812438,Low
hybrid cloud,21,0.10030090270812438,Low
front-end frameworks,21,0.10030090270812438,Low
vault,21,0.10030090270812438,Low
instructional design,21,0.10030090270812438,Low
sales person,21,0.10030090270812438,Low
telesales executive,21,0.10030090270812438,Low
strategic partnerships,21,0.10030090270812438,Low
test data,21,0.10030090270812438,Low
product requirements,21,0.10030090270812438,Low
web developer,21,0.10030090270812438,Low
user acceptance testing,21,0.10030090270812438,Low
lift,21,0.10030090270812438,Low
external audits,21,0.10030090270812438,Low
cicd,21,0.10030090270812438,Low
denial management,21,0.10030090270812438,Low
service center,21,0.10030090270812438,Low
statutory compliances,21,0.10030090270812438,Low
influencer,21,0.10030090270812438,Low
flash,21,0.10030090270812438,Low
primavera,21,0.10030090270812438,Low
helpdesk,21,0.10030090270812438,Low
regional sales manager,21,0.10030090270812438,Low
literature,21,0.10030090270812438,Low
and related technologies,21,0.10030090270812438,Low
asp.net mvc,21,0.10030090270812438,Low
identifying trends,21,0.10030090270812438,Low
cloudwatch,21,0.10030090270812438,Low
cassandra,21,0.10030090270812438,Low
product launches,21,0.10030090270812438,Low
clustering,21,0.10030090270812438,Low
employee development,21,0.10030090270812438,Low
prince2,21,0.10030090270812438,Low
market knowledge,21,0.10030090270812438,Low
education counsellor,21,0.10030090270812438,Low
cpu,21,0.10030090270812438,Low
textile,21,0.10030090270812438,Low
spring mvc,21,0.10030090270812438,Low
fluent english,21,0.10030090270812438,Low
us it recruiter,21,0.10030090270812438,Low
application process,21,0.10030090270812438,Low
console,21,0.10030090270812438,Low
financial planning & analysis,21,0.10030090270812438,Low
ms sql server,20,0.09552466924583274,Low
disbursement,20,0.09552466924583274,Low
audit support,20,0.09552466924583274,Low
customs,20,0.09552466924583274,Low
desktop support,20,0.09552466924583274,Low
modeler,20,0.09552466924583274,Low
tally erp 9,20,0.09552466924583274,Low
investment management,20,0.09552466924583274,Low
tapping,20,0.09552466924583274,Low
office operations,20,0.09552466924583274,Low
sales role,20,0.09552466924583274,Low
clinical research,20,0.09552466924583274,Low
punctual,20,0.09552466924583274,Low
case studies,20,0.09552466924583274,Low
renewable energy,20,0.09552466924583274,Low
senior resident,20,0.09552466924583274,Low
icwa,20,0.09552466924583274,Low
international trade,20,0.09552466924583274,Low
quotation,20,0.09552466924583274,Low
data center,20,0.09552466924583274,Low
rtos,20,0.09552466924583274,Low
sass,20,0.09552466924583274,Low
architectural design,20,0.09552466924583274,Low
new projects,20,0.09552466924583274,Low
cost estimation,20,0.09552466924583274,Low
btp integration,20,0.09552466924583274,Low
data mining,20,0.09552466924583274,Low
platform engineer,20,0.09552466924583274,Low
net fullstack,20,0.09552466924583274,Low
servicenow developer,20,0.09552466924583274,Low
captive,20,0.09552466924583274,Low
problem management,20,0.09552466924583274,Low
recruitment strategies,20,0.09552466924583274,Low
schematics,20,0.09552466924583274,Low
technical architecture,20,0.09552466924583274,Low
accessories,20,0.09552466924583274,Low
fuel,20,0.09552466924583274,Low
python development,20,0.09552466924583274,Low
bias,20,0.09552466924583274,Low
palo alto,20,0.09552466924583274,Low
talend,20,0.09552466924583274,Low
insurance domain,20,0.09552466924583274,Low
supply planning,20,0.09552466924583274,Low
issuing,20,0.09552466924583274,Low
cbse,20,0.09552466924583274,Low
agenda,20,0.09552466924583274,Low
net full stack,20,0.09552466924583274,Low
private equity,20,0.09552466924583274,Low
spectrum,20,0.09552466924583274,Low
mac,20,0.09552466924583274,Low
freight,20,0.09552466924583274,Low
commodity,20,0.09552466924583274,Low
test management,20,0.09552466924583274,Low
data workflows,20,0.09552466924583274,Low
omnichannel,20,0.09552466924583274,Low
agile scrum,20,0.09552466924583274,Low
ccna,20,0.09552466924583274,Low
oracle erp,20,0.09552466924583274,Low
azure data lake,20,0.09552466924583274,Low
sap ecc,20,0.09552466924583274,Low
assistant sales manager,20,0.09552466924583274,Low
chemical engineering,20,0.09552466924583274,Low
sap fico consultant,20,0.09552466924583274,Low
conveyance,20,0.09552466924583274,Low
event driven,20,0.09552466924583274,Low
automation framework,20,0.09552466924583274,Low
container orchestration,20,0.09552466924583274,Low
maintenance activities,20,0.09552466924583274,Low
computer operator,20,0.09552466924583274,Low
angular developer,20,0.09552466924583274,Low
and documentation skills,20,0.09552466924583274,Low
red hat,20,0.09552466924583274,Low
cement,20,0.09552466924583274,Low
management professional,20,0.09552466924583274,Low
web application development,20,0.09552466924583274,Low
process delivery specialist,20,0.09552466924583274,Low
office receptionist,20,0.09552466924583274,Low
capex,20,0.09552466924583274,Low
claude,20,0.09552466924583274,Low
defense,20,0.09552466924583274,Low
manage budgets,20,0.09552466924583274,Low
furniture,20,0.09552466924583274,Low
receipt,20,0.09552466924583274,Low
web design,20,0.09552466924583274,Low
background verification,20,0.09552466924583274,Low
assumptions,20,0.09552466924583274,Low
netsuite,20,0.09552466924583274,Low
area manager,20,0.09552466924583274,Low
corporate law,20,0.09552466924583274,Low
cloud native,20,0.09552466924583274,Low
healthcare domain,20,0.09552466924583274,Low
ux design,20,0.09552466924583274,Low
regulators,20,0.09552466924583274,Low
clearing,20,0.09552466924583274,Low
agile environments,20,0.09552466924583274,Low
area business manager,20,0.09552466924583274,Low
manufacturing environment,20,0.09552466924583274,Low
catering,20,0.09552466924583274,Low
mechanism,19,0.0907484357835411,Low
express.js,19,0.0907484357835411,Low
digital media,19,0.0907484357835411,Low
purchase manager,19,0.0907484357835411,Low
virtual relationship manager,19,0.0907484357835411,Low
process improvement initiatives,19,0.0907484357835411,Low
post-sales service,19,0.0907484357835411,Low
browser compatibility,19,0.0907484357835411,Low
technical manager,19,0.0907484357835411,Low
senior architect,19,0.0907484357835411,Low
quality gates,19,0.0907484357835411,Low
induction,19,0.0907484357835411,Low
formatting,19,0.0907484357835411,Low
indesign,19,0.0907484357835411,Low
notices,19,0.0907484357835411,Low
checklist,19,0.0907484357835411,Low
multimedia,19,0.0907484357835411,Low
rent,19,0.0907484357835411,Low
build relationship,19,0.0907484357835411,Low
non voice process,19,0.0907484357835411,Low
security controls,19,0.0907484357835411,Low
test-driven development,19,0.0907484357835411,Low
gulf,19,0.0907484357835411,Low
driver development,19,0.0907484357835411,Low
cluster head,19,0.0907484357835411,Low
microsoft office applications,19,0.0907484357835411,Low
and typescript,19,0.0907484357835411,Low
rejection,19,0.0907484357835411,Low
general trade,19,0.0907484357835411,Low
networking concepts,19,0.0907484357835411,Low
robotics,19,0.0907484357835411,Low
financing,19,0.0907484357835411,Low
azure sql,19,0.0907484357835411,Low
concurrency,19,0.0907484357835411,Low
application architecture,19,0.0907484357835411,Low
elk stack,19,0.0907484357835411,Low
client stakeholders,19,0.0907484357835411,Low
sales staff,19,0.0907484357835411,Low
business applications,19,0.0907484357835411,Low
service manager,19,0.0907484357835411,Low
europe,19,0.0907484357835411,Low
virtual relationship,19,0.0907484357835411,Low
content marketing,19,0.0907484357835411,Low
finance & accounts,19,0.0907484357835411,Low
reimbursements,19,0.0907484357835411,Low
nexus,19,0.0907484357835411,Low
capgemini,19,0.0907484357835411,Low
itom,19,0.0907484357835411,Low
industrial relations,19,0.0907484357835411,Low
bloomberg,19,0.0907484357835411,Low
transformer,19,0.0907484357835411,Low
boiler,19,0.0907484357835411,Low
workshop,19,0.0907484357835411,Low
automation tester,19,0.0907484357835411,Low
enterprise software,19,0.0907484357835411,Low
repository,19,0.0907484357835411,Low
remittance,19,0.0907484357835411,Low
software architecture,19,0.0907484357835411,Low
e-way bill,19,0.0907484357835411,Low
android developer,19,0.0907484357835411,Low
sfdc,19,0.0907484357835411,Low
client experience,19,0.0907484357835411,Low
relationship-building,19,0.0907484357835411,Low
requisition,19,0.0907484357835411,Low
building codes,19,0.0907484357835411,Low
telephonic,19,0.0907484357835411,Low
blended process,19,0.0907484357835411,Low
meta ads,19,0.0907484357835411,Low
ecommerce sales,19,0.0907484357835411,Low
enrollment,19,0.0907484357835411,Low
visualforce,19,0.0907484357835411,Low
data insights,19,0.0907484357835411,Low
microsoft sql server,19,0.0907484357835411,Low
bpharm,19,0.0907484357835411,Low
trouble shooting,19,0.0907484357835411,Low
product delivery,19,0.0907484357835411,Low
good problem-solving,19,0.0907484357835411,Low
java 8+,19,0.0907484357835411,Low
filling,19,0.0907484357835411,Low
refining,19,0.0907484357835411,Low
good presentation,19,0.0907484357835411,Low
support process,19,0.0907484357835411,Low
cost management,19,0.0907484357835411,Low
ssrs,19,0.0907484357835411,Low
3d models,19,0.0907484357835411,Low
laravel,19,0.0907484357835411,Low
media sales,19,0.0907484357835411,Low
elastic,19,0.0907484357835411,Low
pleasing,19,0.0907484357835411,Low
punjab,19,0.0907484357835411,Low
manufacturing operations,19,0.0907484357835411,Low
resource planning,19,0.0907484357835411,Low
lean six sigma,19,0.0907484357835411,Low
production engineer,19,0.0907484357835411,Low
pl/sql,19,0.0907484357835411,Low
company website,19,0.0907484357835411,Low
petrochemical,19,0.0907484357835411,Low
european,19,0.0907484357835411,Low
project coordination,19,0.0907484357835411,Low
3d modeling,19,0.0907484357835411,Low
wire,19,0.0907484357835411,Low
project documentation,19,0.0907484357835411,Low
ccnp,19,0.0907484357835411,Low
finished products,19,0.0907484357835411,Low
qlik,19,0.0907484357835411,Low
prices,19,0.0907484357835411,Low
itil processes,19,0.0907484357835411,Low
patience,19,0.0907484357835411,Low
casualty,19,0.0907484357835411,Low
automations,19,0.0907484357835411,Low
microstation,18,0.08597220232124946,Low
terminal,18,0.08597220232124946,Low
flight,18,0.08597220232124946,Low
strong negotiation,18,0.08597220232124946,Low
composition,18,0.08597220232124946,Low
software development methodologies,18,0.08597220232124946,Low
machine learning engineer,18,0.08597220232124946,Low
hr service delivery,18,0.08597220232124946,Low
routine maintenance,18,0.08597220232124946,Low
irda,18,0.08597220232124946,Low
autodesk,18,0.08597220232124946,Low
merchandiser,18,0.08597220232124946,Low
client requirement,18,0.08597220232124946,Low
hipaa,18,0.08597220232124946,Low
business case,18,0.08597220232124946,Low
water treatment,18,0.08597220232124946,Low
vocational training,18,0.08597220232124946,Low
construction projects,18,0.08597220232124946,Low
publisher,18,0.08597220232124946,Low
restful services,18,0.08597220232124946,Low
clean code,18,0.08597220232124946,Low
language skills,18,0.08597220232124946,Low
providing customer service,18,0.08597220232124946,Low
customer requirement,18,0.08597220232124946,Low
pharma industry,18,0.08597220232124946,Low
user training,18,0.08597220232124946,Low
jdbc,18,0.08597220232124946,Low
regulatory reporting,18,0.08597220232124946,Low
oncology,18,0.08597220232124946,Low
infrastructure services,18,0.08597220232124946,Low
service bus,18,0.08597220232124946,Low
international sales executive,18,0.08597220232124946,Low
object-oriented design,18,0.08597220232124946,Low
cctv,18,0.08597220232124946,Low
urban,18,0.08597220232124946,Low
hydraulic,18,0.08597220232124946,Low
cae,18,0.08597220232124946,Low
spring batch,18,0.08597220232124946,Low
broker,18,0.08597220232124946,Low
athena,18,0.08597220232124946,Low
cmmi,18,0.08597220232124946,Low
content development,18,0.08597220232124946,Low
international trade regulations,18,0.08597220232124946,Low
medical terminology,18,0.08597220232124946,Low
market analysis,18,0.08597220232124946,Low
automotive industry,18,0.08597220232124946,Low
ethnic,18,0.08597220232124946,Low
public relations,18,0.08597220232124946,Low
ui development,18,0.08597220232124946,Low
accounting knowledge,18,0.08597220232124946,Low
technical excellence,18,0.08597220232124946,Low
sponsorship,18,0.08597220232124946,Low
pipeline management,18,0.08597220232124946,Low
production systems,18,0.08597220232124946,Low
product marketing,18,0.08597220232124946,Low
subject matter expertise,18,0.08597220232124946,Low
denials,18,0.08597220232124946,Low
vessels,18,0.08597220232124946,Low
risk analysis,18,0.08597220232124946,Low
softwares,18,0.08597220232124946,Low
it project management,18,0.08597220232124946,Low
gap analysis,18,0.08597220232124946,Low
driving license,18,0.08597220232124946,Low
competitor analysis,18,0.08597220232124946,Low
preparing reports,18,0.08597220232124946,Low
azure cloud services,18,0.08597220232124946,Low
nabh,18,0.08597220232124946,Low
knowledge management,18,0.08597220232124946,Low
counselor,18,0.08597220232124946,Low
asme,18,0.08597220232124946,Low
guest satisfaction,18,0.08597220232124946,Low
investment products,18,0.08597220232124946,Low
adobe creative suite,18,0.08597220232124946,Low
financial transactions,18,0.08597220232124946,Low
csat,18,0.08597220232124946,Low
creative suite,18,0.08597220232124946,Low
sales & business development,18,0.08597220232124946,Low
international business,18,0.08597220232124946,Low
valves,18,0.08597220232124946,Low
hypothesis testing,18,0.08597220232124946,Low
emerging markets,18,0.08597220232124946,Low
fixed assets,18,0.08597220232124946,Low
cmdb,18,0.08597220232124946,Low
engineering lead,18,0.08597220232124946,Low
data entry operator,18,0.08597220232124946,Low
process flow,18,0.08597220232124946,Low
salesforce development,18,0.08597220232124946,Low
lease,18,0.08597220232124946,Low
understanding client needs,18,0.08597220232124946,Low
digital channels,18,0.08597220232124946,Low
scaled agile framework,18,0.08597220232124946,Low
aviation,18,0.08597220232124946,Low
journals,18,0.08597220232124946,Low
bi developer,18,0.08597220232124946,Low
vendor payments,18,0.08597220232124946,Low
agency channel,18,0.08597220232124946,Low
it security,18,0.08597220232124946,Low
control system,18,0.08597220232124946,Low
rest/soap,18,0.08597220232124946,Low
substation,18,0.08597220232124946,Low
us gaap,18,0.08597220232124946,Low
sales promotions,18,0.08597220232124946,Low
user research,18,0.08597220232124946,Low
testing and debugging,18,0.08597220232124946,Low
key accounts manager,18,0.08597220232124946,Low
kaizen,18,0.08597220232124946,Low
result oriented,18,0.08597220232124946,Low
laboratory equipment,18,0.08597220232124946,Low
ms-office,18,0.08597220232124946,Low
human resource manager,18,0.08597220232124946,Low
logic apps,18,0.08597220232124946,Low
regression testing,18,0.08597220232124946,Low
defence,17,0.08119596885895783,Low
japanese,17,0.08119596885895783,Low
restaurants,17,0.08119596885895783,Low
agile delivery,17,0.08119596885895783,Low
greenfield,17,0.08119596885895783,Low
surveyor,17,0.08119596885895783,Low
solid principles,17,0.08119596885895783,Low
receipts,17,0.08119596885895783,Low
support project,17,0.08119596885895783,Low
technical writing,17,0.08119596885895783,Low
facilities management,17,0.08119596885895783,Low
alliances,17,0.08119596885895783,Low
sap successfactors,17,0.08119596885895783,Low
recruitment processes,17,0.08119596885895783,Low
audit & compliance,17,0.08119596885895783,Low
fixtures,17,0.08119596885895783,Low
trust & safety,17,0.08119596885895783,Low
ticketing tools,17,0.08119596885895783,Low
creo,17,0.08119596885895783,Low
repairing,17,0.08119596885895783,Low
internal control,17,0.08119596885895783,Low
wifi,17,0.08119596885895783,Low
systems engineering,17,0.08119596885895783,Low
news,17,0.08119596885895783,Low
smartphone,17,0.08119596885895783,Low
chef de partie,17,0.08119596885895783,Low
weblogic,17,0.08119596885895783,Low
cooling,17,0.08119596885895783,Low
quality manager,17,0.08119596885895783,Low
rural,17,0.08119596885895783,Low
cloud migration,17,0.08119596885895783,Low
camera,17,0.08119596885895783,Low
it service management,17,0.08119596885895783,Low
mathematical,17,0.08119596885895783,Low
culinary,17,0.08119596885895783,Low
sensors,17,0.08119596885895783,Low
personal banker,17,0.08119596885895783,Low
fixed asset,17,0.08119596885895783,Low
licenses,17,0.08119596885895783,Low
project coordinator,17,0.08119596885895783,Low
app development,17,0.08119596885895783,Low
operations head,17,0.08119596885895783,Low
queue,17,0.08119596885895783,Low
selection process,17,0.08119596885895783,Low
s/4 hana,17,0.08119596885895783,Low
cad software,17,0.08119596885895783,Low
wipro,17,0.08119596885895783,Low
field experience,17,0.08119596885895783,Low
target oriented,17,0.08119596885895783,Low
strategic initiatives,17,0.08119596885895783,Low
teaching experience,17,0.08119596885895783,Low
tuition,17,0.08119596885895783,Low
database administration,17,0.08119596885895783,Low
consultative selling,17,0.08119596885895783,Low
customer orientation,17,0.08119596885895783,Low
ai services,17,0.08119596885895783,Low
router,17,0.08119596885895783,Low
leasing,17,0.08119596885895783,Low
tractor,17,0.08119596885895783,Low
tagging,17,0.08119596885895783,Low
design process,17,0.08119596885895783,Low
technical customer support,17,0.08119596885895783,Low
industrial projects,17,0.08119596885895783,Low
hosting,17,0.08119596885895783,Low
client coordination,17,0.08119596885895783,Low
reels,17,0.08119596885895783,Low
channel management,17,0.08119596885895783,Low
apache kafka,17,0.08119596885895783,Low
pleasing personality,17,0.08119596885895783,Low
us staffing,17,0.08119596885895783,Low
physical design,17,0.08119596885895783,Low
model development,17,0.08119596885895783,Low
sap btp integration suite,17,0.08119596885895783,Low
insurance sectors,17,0.08119596885895783,Low
ci/cd pipeline,17,0.08119596885895783,Low
infrastructure engineer,17,0.08119596885895783,Low
hardware engineering,17,0.08119596885895783,Low
customer retention,17,0.08119596885895783,Low
regulatory affairs,17,0.08119596885895783,Low
cafeteria,17,0.08119596885895783,Low
java/j2ee,17,0.08119596885895783,Low
budget management,17,0.08119596885895783,Low
analog,17,0.08119596885895783,Low
loan sales,17,0.08119596885895783,Low
conflict resolution,17,0.08119596885895783,Low
business support,17,0.08119596885895783,Low
agile software,17,0.08119596885895783,Low
agile software development,17,0.08119596885895783,Low
medical college,17,0.08119596885895783,Low
soap apis,17,0.08119596885895783,Low
marketing cloud,17,0.08119596885895783,Low
sql developer,17,0.08119596885895783,Low
safety compliance,17,0.08119596885895783,Low
employee benefits,17,0.08119596885895783,Low
data model,17,0.08119596885895783,Low
management reporting,17,0.08119596885895783,Low
us mortgage,17,0.08119596885895783,Low
service now,17,0.08119596885895783,Low
talent acquisition executive,17,0.08119596885895783,Low
people management skills,17,0.08119596885895783,Low
rf,17,0.08119596885895783,Low
payroll processing,17,0.08119596885895783,Low
c++ programming,17,0.08119596885895783,Low
depot,17,0.08119596885895783,Low
educational institutions,17,0.08119596885895783,Low
support analyst,17,0.08119596885895783,Low
labour laws,17,0.08119596885895783,Low
grid,17,0.08119596885895783,Low
comm skills,17,0.08119596885895783,Low
teller,17,0.08119596885895783,Low
cash voucher,17,0.08119596885895783,Low
ipsec,17,0.08119596885895783,Low
conceptualize,17,0.08119596885895783,Low
ensuring compliance with company policies,17,0.08119596885895783,Low
mvvm,17,0.08119596885895783,Low
money laundering,17,0.08119596885895783,Low
solution sales,17,0.08119596885895783,Low
production manager,17,0.08119596885895783,Low
companies act,17,0.08119596885895783,Low
bank payments,17,0.08119596885895783,Low
eclipse,17,0.08119596885895783,Low
hr fresher,17,0.08119596885895783,Low
gst file,17,0.08119596885895783,Low
status reports,17,0.08119596885895783,Low
showroom,17,0.08119596885895783,Low
financial record keeping,17,0.08119596885895783,Low
gateways,17,0.08119596885895783,Low
driving sales,17,0.08119596885895783,Low
cloud storage,17,0.08119596885895783,Low
forex,17,0.08119596885895783,Low
dubai,17,0.08119596885895783,Low
application engineer,16,0.07641973539666619,Low
domestic voice,16,0.07641973539666619,Low
agile/scrum methodologies,16,0.07641973539666619,Low
social media executive,16,0.07641973539666619,Low
client handling,16,0.07641973539666619,Low
leadership development,16,0.07641973539666619,Low
purchases,16,0.07641973539666619,Low
networking protocols,16,0.07641973539666619,Low
comptia,16,0.07641973539666619,Low
affluent,16,0.07641973539666619,Low
product roadmap,16,0.07641973539666619,Low
draftsman,16,0.07641973539666619,Low
shipments,16,0.07641973539666619,Low
cloud based,16,0.07641973539666619,Low
mocha,16,0.07641973539666619,Low
regulatory frameworks,16,0.07641973539666619,Low
demand planning,16,0.07641973539666619,Low
strong interpersonal and communication skills,16,0.07641973539666619,Low
exceeding sales targets,16,0.07641973539666619,Low
linux kernel,16,0.07641973539666619,Low
foundry,16,0.07641973539666619,Low
business transformation,16,0.07641973539666619,Low
travel arrangements,16,0.07641973539666619,Low
aircraft,16,0.07641973539666619,Low
reuters,16,0.07641973539666619,Low
restaurant management,16,0.07641973539666619,Low
power bi developer,16,0.07641973539666619,Low
shop floor,16,0.07641973539666619,Low
quickbooks,16,0.07641973539666619,Low
surveillance,16,0.07641973539666619,Low
bank reconciliations,16,0.07641973539666619,Low
electrical design,16,0.07641973539666619,Low
thermal,16,0.07641973539666619,Low
service cloud,16,0.07641973539666619,Low
telecalling executive,16,0.07641973539666619,Low
solid works,16,0.07641973539666619,Low
memory management,16,0.07641973539666619,Low
velocity,16,0.07641973539666619,Low
load balancing,16,0.07641973539666619,Low
planning and analysis,16,0.07641973539666619,Low
telecommunication,16,0.07641973539666619,Low
identity and access management,16,0.07641973539666619,Low
sales leadership,16,0.07641973539666619,Low
database concepts,16,0.07641973539666619,Low
jasmine,16,0.07641973539666619,Low
outbound calling,16,0.07641973539666619,Low
user support,16,0.07641973539666619,Low
support sales,16,0.07641973539666619,Low
food preparation,16,0.07641973539666619,Low
process control,16,0.07641973539666619,Low
demand generation,16,0.07641973539666619,Low
vlan,16,0.07641973539666619,Low
process adherence,16,0.07641973539666619,Low
firebase,16,0.07641973539666619,Low
s4hana,16,0.07641973539666619,Low
author,16,0.07641973539666619,Low
financial crime,16,0.07641973539666619,Low
regression analysis,16,0.07641973539666619,Low
compliance frameworks,16,0.07641973539666619,Low
database systems,16,0.07641973539666619,Low
mainframe developer,16,0.07641973539666619,Low
bonds,16,0.07641973539666619,Low
system upgrades,16,0.07641973539666619,Low
ai technologies,16,0.07641973539666619,Low
helm,16,0.07641973539666619,Low
oauth2,16,0.07641973539666619,Low
micro-services,16,0.07641973539666619,Low
redhat,16,0.07641973539666619,Low
business finance,16,0.07641973539666619,Low
epbcs,16,0.07641973539666619,Low
grading,16,0.07641973539666619,Low
advocacy,16,0.07641973539666619,Low
beverages,16,0.07641973539666619,Low
reviewer,16,0.07641973539666619,Low
dispensing,16,0.07641973539666619,Low
safety officer,16,0.07641973539666619,Low
process excellence,16,0.07641973539666619,Low
need analysis,16,0.07641973539666619,Low
performance improvement,16,0.07641973539666619,Low
karma,16,0.07641973539666619,Low
process development,16,0.07641973539666619,Low
technical program manager,16,0.07641973539666619,Low
practical knowledge,16,0.07641973539666619,Low
fpga,16,0.07641973539666619,Low
people skills,16,0.07641973539666619,Low
retailers,16,0.07641973539666619,Low
seminars,16,0.07641973539666619,Low
event-driven architecture,16,0.07641973539666619,Low
overhead,16,0.07641973539666619,Low
mean,16,0.07641973539666619,Low
investment performance,16,0.07641973539666619,Low
credit analyst,16,0.07641973539666619,Low
journalism,16,0.07641973539666619,Low
document review,16,0.07641973539666619,Low
academics,16,0.07641973539666619,Low
hr strategies,16,0.07641973539666619,Low
mechanical design engineer,16,0.07641973539666619,Low
technical support engineer,16,0.07641973539666619,Low
websphere,16,0.07641973539666619,Low
meticulous,16,0.07641973539666619,Low
search engine,16,0.07641973539666619,Low
nist,16,0.07641973539666619,Low
agency development,16,0.07641973539666619,Low
t-sql,16,0.07641973539666619,Low
problem resolution,16,0.07641973539666619,Low
material management,16,0.07641973539666619,Low
intune,16,0.07641973539666619,Low
php developer,16,0.07641973539666619,Low
new product development,16,0.07641973539666619,Low
organizational growth,16,0.07641973539666619,Low
test plan,16,0.07641973539666619,Low
bengali,16,0.07641973539666619,Low
babel,16,0.07641973539666619,Low
service performance,16,0.07641973539666619,Low
oracle hcm,16,0.07641973539666619,Low
hands-on coding,16,0.07641973539666619,Low
advanced sql,16,0.07641973539666619,Low
nosql technologies,16,0.07641973539666619,Low
international non,16,0.07641973539666619,Low
household,16,0.07641973539666619,Low
senior qa,16,0.07641973539666619,Low
peripherals,16,0.07641973539666619,Low
business technology,16,0.07641973539666619,Low
printer,16,0.07641973539666619,Low
elevator,16,0.07641973539666619,Low
product designer,16,0.07641973539666619,Low
developer tools,16,0.07641973539666619,Low
office 365,16,0.07641973539666619,Low
distribution center,16,0.07641973539666619,Low
site execution,16,0.07641973539666619,Low
patient safety,16,0.07641973539666619,Low
baroda,16,0.07641973539666619,Low
high attention to detail,16,0.07641973539666619,Low
menu planning,16,0.07641973539666619,Low
brokerage,16,0.07641973539666619,Low
draughtsman,15,0.07164350193437455,Low
loop,15,0.07164350193437455,Low
credit manager,15,0.07164350193437455,Low
uk shifts,15,0.07164350193437455,Low
site operations,15,0.07164350193437455,Low
f&a,15,0.07164350193437455,Low
tuning and optimization,15,0.07164350193437455,Low
partner management,15,0.07164350193437455,Low
accounting services,15,0.07164350193437455,Low
safety training,15,0.07164350193437455,Low
restful api development,15,0.07164350193437455,Low
medical equipment,15,0.07164350193437455,Low
tech mahindra,15,0.07164350193437455,Low
kinaxis,15,0.07164350193437455,Low
and ownership,15,0.07164350193437455,Low
configuration management tools,15,0.07164350193437455,Low
workplace safety,15,0.07164350193437455,Low
firmware development,15,0.07164350193437455,Low
pmp certification,15,0.07164350193437455,Low
research associate,15,0.07164350193437455,Low
apple,15,0.07164350193437455,Low
appraisals,15,0.07164350193437455,Low
industrial engineering,15,0.07164350193437455,Low
product strategy,15,0.07164350193437455,Low
commercial vehicle,15,0.07164350193437455,Low
plant head,15,0.07164350193437455,Low
escalation management,15,0.07164350193437455,Low
design thinking,15,0.07164350193437455,Low
scrum development,15,0.07164350193437455,Low
walk in interview,15,0.07164350193437455,Low
stlc,15,0.07164350193437455,Low
instructors,15,0.07164350193437455,Low
hcm cloud,15,0.07164350193437455,Low
contract labour,15,0.07164350193437455,Low
data manipulation,15,0.07164350193437455,Low
cloud environment,15,0.07164350193437455,Low
oracle database,15,0.07164350193437455,Low
cloud engineering,15,0.07164350193437455,Low
ensuring accuracy,15,0.07164350193437455,Low
digital marketing strategies,15,0.07164350193437455,Low
coordinate meetings,15,0.07164350193437455,Low
excellent comms,15,0.07164350193437455,Low
amex,15,0.07164350193437455,Low
data structure,15,0.07164350193437455,Low
forwarding,15,0.07164350193437455,Low
finishing,15,0.07164350193437455,Low
embedded software development,15,0.07164350193437455,Low
control management,15,0.07164350193437455,Low
lakehouse,15,0.07164350193437455,Low
stakeholder communication,15,0.07164350193437455,Low
vendor relationships,15,0.07164350193437455,Low
english speaking,15,0.07164350193437455,Low
data wrangling,15,0.07164350193437455,Low
bending,15,0.07164350193437455,Low
boqs,15,0.07164350193437455,Low
global hr,15,0.07164350193437455,Low
project management methodologies,15,0.07164350193437455,Low
software engineer iii,15,0.07164350193437455,Low
service provider,15,0.07164350193437455,Low
chatgpt,15,0.07164350193437455,Low
online chat,15,0.07164350193437455,Low
mechanical maintenance,15,0.07164350193437455,Low
sql database,15,0.07164350193437455,Low
cash operations,15,0.07164350193437455,Low
ai/ml engineer,15,0.07164350193437455,Low
international customer service,15,0.07164350193437455,Low
market insights,15,0.07164350193437455,Low
green belt,15,0.07164350193437455,Low
vm,15,0.07164350193437455,Low
business head,15,0.07164350193437455,Low
security compliance,15,0.07164350193437455,Low
permanent work from home,15,0.07164350193437455,Low
hr compliance,15,0.07164350193437455,Low
cooperation,15,0.07164350193437455,Low
angular framework,15,0.07164350193437455,Low
re-engineering,15,0.07164350193437455,Low
network protocols,15,0.07164350193437455,Low
site inspections,15,0.07164350193437455,Low
vector databases,15,0.07164350193437455,Low
stem,15,0.07164350193437455,Low
account reconciliations,15,0.07164350193437455,Low
project sales,15,0.07164350193437455,Low
network infrastructure,15,0.07164350193437455,Low
microsoft windows,15,0.07164350193437455,Low
vertex,15,0.07164350193437455,Low
chemist,15,0.07164350193437455,Low
notification,15,0.07164350193437455,Low
mockito,15,0.07164350193437455,Low
good manufacturing practices,15,0.07164350193437455,Low
currency,15,0.07164350193437455,Low
consumer banking,15,0.07164350193437455,Low
scripting skills,15,0.07164350193437455,Low
supervised learning,15,0.07164350193437455,Low
local candidates,15,0.07164350193437455,Low
custodian,15,0.07164350193437455,Low
brochures,15,0.07164350193437455,Low
us voice process,15,0.07164350193437455,Low
contract negotiations,15,0.07164350193437455,Low
cloud operations,15,0.07164350193437455,Low
switch,15,0.07164350193437455,Low
engineering drawings,15,0.07164350193437455,Low
electrician,15,0.07164350193437455,Low
customer relationship manager,15,0.07164350193437455,Low
ldap,15,0.07164350193437455,Low
guest relations,15,0.07164350193437455,Low
any cloud,15,0.07164350193437455,Low
gpu,15,0.07164350193437455,Low
net development,15,0.07164350193437455,Low
themes,15,0.07164350193437455,Low
creative problem-solving,15,0.07164350193437455,Low
building materials,15,0.07164350193437455,Low
email campaigns,15,0.07164350193437455,Low
digital marketing manager,15,0.07164350193437455,Low
process efficiency,15,0.07164350193437455,Low
dell,15,0.07164350193437455,Low
inspector,15,0.07164350193437455,Low
male candidates only,15,0.07164350193437455,Low
speaking skills,15,0.07164350193437455,Low
review process,15,0.07164350193437455,Low
machine operator,15,0.07164350193437455,Low
security testing,15,0.07164350193437455,Low
salesforce platform,15,0.07164350193437455,Low
client communication,15,0.07164350193437455,Low
hni clients,15,0.07164350193437455,Low
radiologist,15,0.07164350193437455,Low
health & safety,15,0.07164350193437455,Low
follow ups,15,0.07164350193437455,Low
capital market,15,0.07164350193437455,Low
java spring boot,15,0.07164350193437455,Low
mobile development,15,0.07164350193437455,Low
north america,15,0.07164350193437455,Low
walkthroughs,15,0.07164350193437455,Low
ml engineering,15,0.07164350193437455,Low
neet,15,0.07164350193437455,Low
reverse,15,0.07164350193437455,Low
strategy development,15,0.07164350193437455,Low
high rise,15,0.07164350193437455,Low
cycle time,15,0.07164350193437455,Low
drinks,15,0.07164350193437455,Low
and gst,15,0.07164350193437455,Low
forming,15,0.07164350193437455,Low
plant operations,15,0.07164350193437455,Low
etl testing,15,0.07164350193437455,Low
media management,15,0.07164350193437455,Low
fire safety,15,0.07164350193437455,Low
eagerness to learn,15,0.07164350193437455,Low
strategic sourcing,15,0.07164350193437455,Low
replenishment,15,0.07164350193437455,Low
azure ad,15,0.07164350193437455,Low
home loans,15,0.07164350193437455,Low
recent graduates,15,0.07164350193437455,Low
change control,15,0.07164350193437455,Low
cash application,15,0.07164350193437455,Low
platform development,15,0.07164350193437455,Low
management consulting,15,0.07164350193437455,Low
email support,15,0.07164350193437455,Low
trade shows,15,0.07164350193437455,Low
platinum,15,0.07164350193437455,Low
technical proficiency,15,0.07164350193437455,Low
mediclaim,15,0.07164350193437455,Low
sap fi,15,0.07164350193437455,Low
analytical and problem-solving abilities,14,0.06686726847208291,Low
cost efficiency,14,0.06686726847208291,Low
complex queries,14,0.06686726847208291,Low
relationship executive,14,0.06686726847208291,Low
high quality code,14,0.06686726847208291,Low
scanning,14,0.06686726847208291,Low
service operations,14,0.06686726847208291,Low
legal issues,14,0.06686726847208291,Low
it staffing,14,0.06686726847208291,Low
azure data engineer,14,0.06686726847208291,Low
business relationship manager,14,0.06686726847208291,Low
clinical data,14,0.06686726847208291,Low
matlab,14,0.06686726847208291,Low
statutory audits,14,0.06686726847208291,Low
monitor system performance,14,0.06686726847208291,Low
tax planning,14,0.06686726847208291,Low
technical training,14,0.06686726847208291,Low
management services,14,0.06686726847208291,Low
rolling,14,0.06686726847208291,Low
search engines,14,0.06686726847208291,Low
field marketing,14,0.06686726847208291,Low
extension,14,0.06686726847208291,Low
female only,14,0.06686726847208291,Low
cardiology,14,0.06686726847208291,Low
senior full stack developer,14,0.06686726847208291,Low
collaboration and communication,14,0.06686726847208291,Low
entrepreneurship,14,0.06686726847208291,Low
supply chain operations,14,0.06686726847208291,Low
convince,14,0.06686726847208291,Low
data pipeline,14,0.06686726847208291,Low
mesh,14,0.06686726847208291,Low
accreditation,14,0.06686726847208291,Low
investment performance reporting,14,0.06686726847208291,Low
authoring,14,0.06686726847208291,Low
pitching,14,0.06686726847208291,Low
time-management,14,0.06686726847208291,Low
backend engineer,14,0.06686726847208291,Low
switchgear,14,0.06686726847208291,Low
material planning,14,0.06686726847208291,Low
boomi,14,0.06686726847208291,Low
exploration,14,0.06686726847208291,Low
system requirements,14,0.06686726847208291,Low
proxy,14,0.06686726847208291,Low
ubuntu,14,0.06686726847208291,Low
design manager,14,0.06686726847208291,Low
m365,14,0.06686726847208291,Low
idoc,14,0.06686726847208291,Low
model deployment,14,0.06686726847208291,Low
mern stack,14,0.06686726847208291,Low
sdks,14,0.06686726847208291,Low
risk mitigation strategies,14,0.06686726847208291,Low
revenue cycle management,14,0.06686726847208291,Low
membership,14,0.06686726847208291,Low
reporting analyst,14,0.06686726847208291,Low
3d modelling,14,0.06686726847208291,Low
procurement operations,14,0.06686726847208291,Low
sr analyst,14,0.06686726847208291,Low
bench sales,14,0.06686726847208291,Low
delivery management,14,0.06686726847208291,Low
process trainer,14,0.06686726847208291,Low
fmea,14,0.06686726847208291,Low
campaign execution,14,0.06686726847208291,Low
embedded c,14,0.06686726847208291,Low
skill training,14,0.06686726847208291,Low
sales force,14,0.06686726847208291,Low
device drivers,14,0.06686726847208291,Low
etl pipelines,14,0.06686726847208291,Low
feature engineering,14,0.06686726847208291,Low
excellent verbal communication,14,0.06686726847208291,Low
senior business analyst,14,0.06686726847208291,Low
bill of materials,14,0.06686726847208291,Low
hardening,14,0.06686726847208291,Low
concurrent,14,0.06686726847208291,Low
documentation and reporting,14,0.06686726847208291,Low
wi-fi,14,0.06686726847208291,Low
labour management,14,0.06686726847208291,Low
accountancy,14,0.06686726847208291,Low
c programming,14,0.06686726847208291,Low
cook,14,0.06686726847208291,Low
closing deals,14,0.06686726847208291,Low
accelerator,14,0.06686726847208291,Low
negotiate contracts,14,0.06686726847208291,Low
messaging systems,14,0.06686726847208291,Low
penetration testing,14,0.06686726847208291,Low
tamil nadu,14,0.06686726847208291,Low
digitization,14,0.06686726847208291,Low
communication & negotiation,14,0.06686726847208291,Low
subcontractors,14,0.06686726847208291,Low
demonstration,14,0.06686726847208291,Low
microsoft 365,14,0.06686726847208291,Low
tutoring,14,0.06686726847208291,Low
business solutions,14,0.06686726847208291,Low
manufacturing plant,14,0.06686726847208291,Low
qualified leads,14,0.06686726847208291,Low
enterprise sales,14,0.06686726847208291,Low
and referrals,14,0.06686726847208291,Low
us travel,14,0.06686726847208291,Low
zonal sales,14,0.06686726847208291,Low
payables,14,0.06686726847208291,Low
o365,14,0.06686726847208291,Low
social media management,14,0.06686726847208291,Low
synthesis,14,0.06686726847208291,Low
tax audits,14,0.06686726847208291,Low
operations research,14,0.06686726847208291,Low
cism,14,0.06686726847208291,Low
greeting,14,0.06686726847208291,Low
sql/nosql,14,0.06686726847208291,Low
financial modelling,14,0.06686726847208291,Low
work order,14,0.06686726847208291,Low
international exposure,14,0.06686726847208291,Low
business logic,14,0.06686726847208291,Low
visual studio,14,0.06686726847208291,Low
accounting entries,14,0.06686726847208291,Low
market research and analysis,14,0.06686726847208291,Low
cs fundamentals,14,0.06686726847208291,Low
document management,14,0.06686726847208291,Low
uart,14,0.06686726847208291,Low
installation and configuration,14,0.06686726847208291,Low
factset,14,0.06686726847208291,Low
electrical equipment,14,0.06686726847208291,Low
fundraising,14,0.06686726847208291,Low
robot framework,14,0.06686726847208291,Low
playing,14,0.06686726847208291,Low
milestone,14,0.06686726847208291,Low
sales initiatives,14,0.06686726847208291,Low
security tools,14,0.06686726847208291,Low
iterative,14,0.06686726847208291,Low
datadog,14,0.06686726847208291,Low
personal loans,14,0.06686726847208291,Low
heritage,14,0.06686726847208291,Low
strong technical expertise,14,0.06686726847208291,Low
social media manager,14,0.06686726847208291,Low
human resource management,14,0.06686726847208291,Low
app store,14,0.06686726847208291,Low
log analysis,14,0.06686726847208291,Low
genai tools,14,0.06686726847208291,Low
hr technology,14,0.06686726847208291,Low
manager ii,14,0.06686726847208291,Low
generative ai models,14,0.06686726847208291,Low
medications,14,0.06686726847208291,Low
performance measurement,14,0.06686726847208291,Low
cognitive,14,0.06686726847208291,Low
loadrunner,14,0.06686726847208291,Low
design review,14,0.06686726847208291,Low
client support,14,0.06686726847208291,Low
l3 support,14,0.06686726847208291,Low
routing protocols,14,0.06686726847208291,Low
security management,14,0.06686726847208291,Low
analytical tools,14,0.06686726847208291,Low
software configuration,14,0.06686726847208291,Low
liquid,14,0.06686726847208291,Low
finance executive,14,0.06686726847208291,Low
asset accounting,14,0.06686726847208291,Low
problem-solving mindset,14,0.06686726847208291,Low
tally prime,14,0.06686726847208291,Low
l2 support,14,0.06686726847208291,Low
troubleshooting issues,14,0.06686726847208291,Low
corporate governance,14,0.06686726847208291,Low
react js developer,14,0.06686726847208291,Low
soql,14,0.06686726847208291,Low
electrical maintenance,14,0.06686726847208291,Low
tech stack,14,0.06686726847208291,Low
performance management system,14,0.06686726847208291,Low
back office executive,14,0.06686726847208291,Low
lean manufacturing,14,0.06686726847208291,Low
cam,14,0.06686726847208291,Low
social media platforms,14,0.06686726847208291,Low
convincing skills,14,0.06686726847208291,Low
commercial projects,14,0.06686726847208291,Low
gcp cloud,14,0.06686726847208291,Low
rejections,14,0.06686726847208291,Low
creative thinking,14,0.06686726847208291,Low
project specifications,14,0.06686726847208291,Low
pressure vessels,14,0.06686726847208291,Low
hazop,14,0.06686726847208291,Low
level 2,14,0.06686726847208291,Low
senior lead,14,0.06686726847208291,Low
software engineer ii,14,0.06686726847208291,Low
product support,13,0.06209103500979128,Low
digital sales,13,0.06209103500979128,Low
teamcenter,13,0.06209103500979128,Low
analytics cloud,13,0.06209103500979128,Low
digital hr,13,0.06209103500979128,Low
c++ developer,13,0.06209103500979128,Low
after sales,13,0.06209103500979128,Low
bi publisher,13,0.06209103500979128,Low
generator,13,0.06209103500979128,Low
gynecology,13,0.06209103500979128,Low
good negotiation,13,0.06209103500979128,Low
bpo voice process,13,0.06209103500979128,Low
system engineer,13,0.06209103500979128,Low
business executive,13,0.06209103500979128,Low
process mapping,13,0.06209103500979128,Low
confirmation,13,0.06209103500979128,Low
blue yonder,13,0.06209103500979128,Low
international travel,13,0.06209103500979128,Low
prism,13,0.06209103500979128,Low
hr business partner,13,0.06209103500979128,Low
territory sales manager,13,0.06209103500979128,Low
general accounting,13,0.06209103500979128,Low
webdriver,13,0.06209103500979128,Low
battery,13,0.06209103500979128,Low
sensor,13,0.06209103500979128,Low
workflow automation,13,0.06209103500979128,Low
etl/elt,13,0.06209103500979128,Low
citrix,13,0.06209103500979128,Low
sap cloud,13,0.06209103500979128,Low
contract staffing,13,0.06209103500979128,Low
admission counsellor,13,0.06209103500979128,Low
hydraulics,13,0.06209103500979128,Low
github copilot,13,0.06209103500979128,Low
payment processing,13,0.06209103500979128,Low
oracle integration,13,0.06209103500979128,Low
transaction processing,13,0.06209103500979128,Low
financial documents,13,0.06209103500979128,Low
marketing and sales,13,0.06209103500979128,Low
budgetary,13,0.06209103500979128,Low
quality management systems,13,0.06209103500979128,Low
datacenter,13,0.06209103500979128,Low
breakdown maintenance,13,0.06209103500979128,Low
product mix,13,0.06209103500979128,Low
servicenow platform,13,0.06209103500979128,Low
azure kubernetes,13,0.06209103500979128,Low
frame,13,0.06209103500979128,Low
health checks,13,0.06209103500979128,Low
payer,13,0.06209103500979128,Low
business partnering,13,0.06209103500979128,Low
south india,13,0.06209103500979128,Low
5g,13,0.06209103500979128,Low
financial planning and analysis,13,0.06209103500979128,Low
ansys,13,0.06209103500979128,Low
config,13,0.06209103500979128,Low
wireshark,13,0.06209103500979128,Low
sccm,13,0.06209103500979128,Low
data operations,13,0.06209103500979128,Low
ernakulam,13,0.06209103500979128,Low
operations team lead,13,0.06209103500979128,Low
beauty,13,0.06209103500979128,Low
logistic,13,0.06209103500979128,Low
visas,13,0.06209103500979128,Low
curriculum development,13,0.06209103500979128,Low
automation systems,13,0.06209103500979128,Low
medical representative,13,0.06209103500979128,Low
customer handling skills,13,0.06209103500979128,Low
genpact,13,0.06209103500979128,Low
apparel,13,0.06209103500979128,Low
testing and validation,13,0.06209103500979128,Low
observability tools,13,0.06209103500979128,Low
cloud integration,13,0.06209103500979128,Low
brand visibility,13,0.06209103500979128,Low
contract labour management,13,0.06209103500979128,Low
bidding,13,0.06209103500979128,Low
gemini,13,0.06209103500979128,Low
application architect,13,0.06209103500979128,Low
api management,13,0.06209103500979128,Low
conceptualization,13,0.06209103500979128,Low
help desk,13,0.06209103500979128,Low
coating,13,0.06209103500979128,Low
gd&t,13,0.06209103500979128,Low
bedrock,13,0.06209103500979128,Low
typing skills,13,0.06209103500979128,Low
apprentice,13,0.06209103500979128,Low
sap sales,13,0.06209103500979128,Low
host,13,0.06209103500979128,Low
appdynamics,13,0.06209103500979128,Low
mvc architecture,13,0.06209103500979128,Low
tekla,13,0.06209103500979128,Low
a+,13,0.06209103500979128,Low
sanction,13,0.06209103500979128,Low
earnings,13,0.06209103500979128,Low
selling skills,13,0.06209103500979128,Low
cognizant,13,0.06209103500979128,Low
cost-effectiveness,13,0.06209103500979128,Low
mechatronics,13,0.06209103500979128,Low
quality process,13,0.06209103500979128,Low
female candidates only,13,0.06209103500979128,Low
hunting,13,0.06209103500979128,Low
resource utilization,13,0.06209103500979128,Low
business planning,13,0.06209103500979128,Low
cloud applications,13,0.06209103500979128,Low
selling techniques,13,0.06209103500979128,Low
total rewards,13,0.06209103500979128,Low
marketing strategy,13,0.06209103500979128,Low
dairy,13,0.06209103500979128,Low
building projects,13,0.06209103500979128,Low
aws glue,13,0.06209103500979128,Low
multispecialty,13,0.06209103500979128,Low
chatbot,13,0.06209103500979128,Low
functional experience,13,0.06209103500979128,Low
moulding,13,0.06209103500979128,Low
linq,13,0.06209103500979128,Low
accounting operations,13,0.06209103500979128,Low
frontend technologies,13,0.06209103500979128,Low
cloud architect,13,0.06209103500979128,Low
senior test engineer,13,0.06209103500979128,Low
pixel,13,0.06209103500979128,Low
zonal sales manager,13,0.06209103500979128,Low
data structures and algorithms,13,0.06209103500979128,Low
business leadership,13,0.06209103500979128,Low
navigation,13,0.06209103500979128,Low
administrative functions,13,0.06209103500979128,Low
welfare,13,0.06209103500979128,Low
warehouse operations,13,0.06209103500979128,Low
personal assistant,13,0.06209103500979128,Low
action plan,13,0.06209103500979128,Low
associate professor,13,0.06209103500979128,Low
organizational development,13,0.06209103500979128,Low
pcie,13,0.06209103500979128,Low
flux,13,0.06209103500979128,Low
sap functional,13,0.06209103500979128,Low
ui developer,13,0.06209103500979128,Low
black belt,13,0.06209103500979128,Low
physiotherapist,13,0.06209103500979128,Low
spreadsheets,13,0.06209103500979128,Low
analytical skill,13,0.06209103500979128,Low
app services,13,0.06209103500979128,Low
oracle hcm cloud,13,0.06209103500979128,Low
techno functional,13,0.06209103500979128,Low
power plant,13,0.06209103500979128,Low
aws cloud services,13,0.06209103500979128,Low
adobe photoshop,13,0.06209103500979128,Low
quick commerce,13,0.06209103500979128,Low
assemblies,13,0.06209103500979128,Low
onboarding process,13,0.06209103500979128,Low
power distribution,13,0.06209103500979128,Low
drive process improvements,13,0.06209103500979128,Low
technical reports,13,0.06209103500979128,Low
web apis,13,0.06209103500979128,Low
device management,13,0.06209103500979128,Low
microsoft dynamics 365,13,0.06209103500979128,Low
linkedin recruiter,13,0.06209103500979128,Low
spare parts,13,0.06209103500979128,Low
template,13,0.06209103500979128,Low
is critical,13,0.06209103500979128,Low
wcag,13,0.06209103500979128,Low
operational activities,13,0.06209103500979128,Low
stock market,13,0.06209103500979128,Low
security solutions,13,0.06209103500979128,Low
data base,13,0.06209103500979128,Low
supplier management,13,0.06209103500979128,Low
maintaining records,13,0.06209103500979128,Low
food industry,13,0.06209103500979128,Low
processor,13,0.06209103500979128,Low
creative solutions,13,0.06209103500979128,Low
public sector,13,0.06209103500979128,Low
it skills,13,0.06209103500979128,Low
test execution,13,0.06209103500979128,Low
workday hcm,13,0.06209103500979128,Low
reliability engineering,13,0.06209103500979128,Low
training & development,13,0.06209103500979128,Low
scan,13,0.06209103500979128,Low
elevators,13,0.06209103500979128,Low
client onboarding,13,0.06209103500979128,Low
procurement processes,13,0.06209103500979128,Low
written and spoken english,13,0.06209103500979128,Low
listing,13,0.06209103500979128,Low
proposal writing,13,0.06209103500979128,Low
senior software developer,13,0.06209103500979128,Low
service associate,13,0.06209103500979128,Low
strong oral,13,0.06209103500979128,Low
quality tools,13,0.06209103500979128,Low
safety practices,13,0.06209103500979128,Low
content strategy,13,0.06209103500979128,Low
financial service,13,0.06209103500979128,Low
wastewater,13,0.06209103500979128,Low
pega,13,0.06209103500979128,Low
service orientation,13,0.06209103500979128,Low
continuous process,13,0.06209103500979128,Low
oracle integration cloud,13,0.06209103500979128,Low
stock records,13,0.06209103500979128,Low
strategic hr,13,0.06209103500979128,Low
microsoft technologies,12,0.05731480154749964,Low
adobe experience manager,12,0.05731480154749964,Low
otbi,12,0.05731480154749964,Low
strategic support,12,0.05731480154749964,Low
delegation,12,0.05731480154749964,Low
assemble,12,0.05731480154749964,Low
incident resolution,12,0.05731480154749964,Low
exports,12,0.05731480154749964,Low
data lakes,12,0.05731480154749964,Low
mergers,12,0.05731480154749964,Low
visual design,12,0.05731480154749964,Low
financial operations,12,0.05731480154749964,Low
rpa platforms,12,0.05731480154749964,Low
experience testing,12,0.05731480154749964,Low
mlflow,12,0.05731480154749964,Low
ml algorithms,12,0.05731480154749964,Low
test planning,12,0.05731480154749964,Low
social work,12,0.05731480154749964,Low
shift engineer,12,0.05731480154749964,Low
hr executive and recruiter,12,0.05731480154749964,Low
support functions,12,0.05731480154749964,Low
azure service,12,0.05731480154749964,Low
sales and negotiation,12,0.05731480154749964,Low
performance engineering,12,0.05731480154749964,Low
kibana,12,0.05731480154749964,Low
charles,12,0.05731480154749964,Low
corporate clients,12,0.05731480154749964,Low
social platforms,12,0.05731480154749964,Low
applicant tracking systems,12,0.05731480154749964,Low
ieee,12,0.05731480154749964,Low
it recruiters,12,0.05731480154749964,Low
rental,12,0.05731480154749964,Low
remote support,12,0.05731480154749964,Low
customer insights,12,0.05731480154749964,Low
deviation,12,0.05731480154749964,Low
value engineering,12,0.05731480154749964,Low
sales cloud,12,0.05731480154749964,Low
hygiene standards,12,0.05731480154749964,Low
project leadership,12,0.05731480154749964,Low
quantity surveyor,12,0.05731480154749964,Low
email and chat,12,0.05731480154749964,Low
generators,12,0.05731480154749964,Low
academic counsellor,12,0.05731480154749964,Low
social media strategies,12,0.05731480154749964,Low
qualified ca,12,0.05731480154749964,Low
enterprise architecture,12,0.05731480154749964,Low
verification engineer,12,0.05731480154749964,Low
mental health,12,0.05731480154749964,Low
us sales,12,0.05731480154749964,Low
tracing,12,0.05731480154749964,Low
tele calling,12,0.05731480154749964,Low
cloud engineer,12,0.05731480154749964,Low
schematic,12,0.05731480154749964,Low
commercials,12,0.05731480154749964,Low
software delivery,12,0.05731480154749964,Low
public speaking,12,0.05731480154749964,Low
technical services,12,0.05731480154749964,Low
forging,12,0.05731480154749964,Low
daily production,12,0.05731480154749964,Low
refrigeration,12,0.05731480154749964,Low
restore,12,0.05731480154749964,Low
windows os,12,0.05731480154749964,Low
transformation projects,12,0.05731480154749964,Low
online payment,12,0.05731480154749964,Low
bucket,12,0.05731480154749964,Low
africa,12,0.05731480154749964,Low
blocks,12,0.05731480154749964,Low
planning engineer,12,0.05731480154749964,Low
logistics domain,12,0.05731480154749964,Low
risk analytics,12,0.05731480154749964,Low
silicon,12,0.05731480154749964,Low
network engineering,12,0.05731480154749964,Low
liability sales,12,0.05731480154749964,Low
responsible ai,12,0.05731480154749964,Low
java backend developer,12,0.05731480154749964,Low
administration executive,12,0.05731480154749964,Low
admin executive,12,0.05731480154749964,Low
hr internship,12,0.05731480154749964,Low
plant maintenance,12,0.05731480154749964,Low
data & analytics,12,0.05731480154749964,Low
azure synapse,12,0.05731480154749964,Low
angular js,12,0.05731480154749964,Low
impact analysis,12,0.05731480154749964,Low
saml,12,0.05731480154749964,Low
financial controls,12,0.05731480154749964,Low
defect management,12,0.05731480154749964,Low
and data analytics,12,0.05731480154749964,Low
project management certification,12,0.05731480154749964,Low
valid driving license,12,0.05731480154749964,Low
hcc coder,12,0.05731480154749964,Low
aws certified solutions architect,12,0.05731480154749964,Low
hr leadership,12,0.05731480154749964,Low
dot net full stack,12,0.05731480154749964,Low
input data,12,0.05731480154749964,Low
cadence,12,0.05731480154749964,Low
corporate salary,12,0.05731480154749964,Low
record-keeping,12,0.05731480154749964,Low
residential projects,12,0.05731480154749964,Low
gynecologist,12,0.05731480154749964,Low
cold calls,12,0.05731480154749964,Low
integrator,12,0.05731480154749964,Low
generate business,12,0.05731480154749964,Low
react native developer,12,0.05731480154749964,Low
product portfolio,12,0.05731480154749964,Low
store keeper,12,0.05731480154749964,Low
magento,12,0.05731480154749964,Low
on-the-job training,12,0.05731480154749964,Low
digital content,12,0.05731480154749964,Low
sourcing strategies,12,0.05731480154749964,Low
engineering projects,12,0.05731480154749964,Low
case management,12,0.05731480154749964,Low
technical recruiter,12,0.05731480154749964,Low
payment systems,12,0.05731480154749964,Low
core banking,12,0.05731480154749964,Low
user experience design,12,0.05731480154749964,Low
senior sales executive,12,0.05731480154749964,Low
data mapping,12,0.05731480154749964,Low
goal setting,12,0.05731480154749964,Low
global mobility,12,0.05731480154749964,Low
business communication,12,0.05731480154749964,Low
e-business,12,0.05731480154749964,Low
front end developer,12,0.05731480154749964,Low
facility executive,12,0.05731480154749964,Low
process expert,12,0.05731480154749964,Low
project support,12,0.05731480154749964,Low
adobe premiere,12,0.05731480154749964,Low
travel sales consultant,12,0.05731480154749964,Low
influencer marketing,12,0.05731480154749964,Low
pbcs,12,0.05731480154749964,Low
clinics,12,0.05731480154749964,Low
tailwind,12,0.05731480154749964,Low
sdwan,12,0.05731480154749964,Low
branch sales manager,12,0.05731480154749964,Low
key result areas,12,0.05731480154749964,Low
rbac,12,0.05731480154749964,Low
corporate actions,12,0.05731480154749964,Low
information management,12,0.05731480154749964,Low
groovy,12,0.05731480154749964,Low
jewelry,12,0.05731480154749964,Low
legacy systems,12,0.05731480154749964,Low
search console,12,0.05731480154749964,Low
manufacturing sector,12,0.05731480154749964,Low
social media content,12,0.05731480154749964,Low
adwords,12,0.05731480154749964,Low
iatf,12,0.05731480154749964,Low
cookies,12,0.05731480154749964,Low
general medicine,12,0.05731480154749964,Low
itil certification,12,0.05731480154749964,Low
shrinkage,12,0.05731480154749964,Low
sales plans,12,0.05731480154749964,Low
looker,12,0.05731480154749964,Low
training coordinator,12,0.05731480154749964,Low
comp,12,0.05731480154749964,Low
azure data services,12,0.05731480154749964,Low
reporting & analysis,12,0.05731480154749964,Low
credit management,12,0.05731480154749964,Low
international chat process,12,0.05731480154749964,Low
value stream mapping,12,0.05731480154749964,Low
cics,12,0.05731480154749964,Low
erection,12,0.05731480154749964,Low
office assistant,12,0.05731480154749964,Low
financial controller,12,0.05731480154749964,Low
regional head,12,0.05731480154749964,Low
network management,12,0.05731480154749964,Low
computer applications,12,0.05731480154749964,Low
boilers,12,0.05731480154749964,Low
brand strategy,12,0.05731480154749964,Low
procurement strategy,12,0.05731480154749964,Low
deposits,12,0.05731480154749964,Low
synthetic,12,0.05731480154749964,Low
outbound process,12,0.05731480154749964,Low
patient records,12,0.05731480154749964,Low
analysis & reporting,12,0.05731480154749964,Low
quality improvement,12,0.05731480154749964,Low
feasibility studies,12,0.05731480154749964,Low
top management,12,0.05731480154749964,Low
it projects,12,0.05731480154749964,Low
commodities,12,0.05731480154749964,Low
twitter,12,0.05731480154749964,Low
software sales,12,0.05731480154749964,Low
guest experience,12,0.05731480154749964,Low
job postings,12,0.05731480154749964,Low
gst compliance,12,0.05731480154749964,Low
project development,12,0.05731480154749964,Low
pharmacology,12,0.05731480154749964,Low
liquidity,12,0.05731480154749964,Low
spanish,12,0.05731480154749964,Low
strategic leadership,12,0.05731480154749964,Low
freelancer,12,0.05731480154749964,Low
enterprise solutions,12,0.05731480154749964,Low
performance analysis,12,0.05731480154749964,Low
power apps,12,0.05731480154749964,Low
office work,12,0.05731480154749964,Low
consultative sales,12,0.05731480154749964,Low
logistics operations,12,0.05731480154749964,Low
architecture design,12,0.05731480154749964,Low
allied,12,0.05731480154749964,Low
tours,12,0.05731480154749964,Low
clerical,12,0.05731480154749964,Low
fleet operations,12,0.05731480154749964,Low
steward,12,0.05731480154749964,Low
automobile industry,12,0.05731480154749964,Low
attention to detail and accuracy,12,0.05731480154749964,Low
azure openai,12,0.05731480154749964,Low
facility manager,12,0.05731480154749964,Low
subsystems,12,0.05731480154749964,Low
microcontrollers,12,0.05731480154749964,Low
device driver,12,0.05731480154749964,Low
load balancers,12,0.05731480154749964,Low
doors,12,0.05731480154749964,Low
sap sales and distribution,12,0.05731480154749964,Low
restaurant manager,12,0.05731480154749964,Low
rest api development,12,0.05731480154749964,Low
quality inspection,12,0.05731480154749964,Low
shopify,12,0.05731480154749964,Low
scheme,11,0.05253856808520801,Low
langgraph,11,0.05253856808520801,Low
marketing automation tools,11,0.05253856808520801,Low
maritime,11,0.05253856808520801,Low
flutter developer,11,0.05253856808520801,Low
desktop support engineer,11,0.05253856808520801,Low
pediatrics,11,0.05253856808520801,Low
site supervision,11,0.05253856808520801,Low
exchangers,11,0.05253856808520801,Low
heat exchangers,11,0.05253856808520801,Low
international chat support,11,0.05253856808520801,Low
off-page seo,11,0.05253856808520801,Low
page seo,11,0.05253856808520801,Low
wlan,11,0.05253856808520801,Low
export finance,11,0.05253856808520801,Low
fbdi,11,0.05253856808520801,Low
javascript/typescript,11,0.05253856808520801,Low
safety management,11,0.05253856808520801,Low
technical drawings,11,0.05253856808520801,Low
hiring fresher,11,0.05253856808520801,Low
loan processing,11,0.05253856808520801,Low
lead analyst,11,0.05253856808520801,Low
policycenter,11,0.05253856808520801,Low
revenue recognition,11,0.05253856808520801,Low
hr systems,11,0.05253856808520801,Low
senior hr,11,0.05253856808520801,Low
engineering design,11,0.05253856808520801,Low
system configuration,11,0.05253856808520801,Low
project quality,11,0.05253856808520801,Low
detailed drawings,11,0.05253856808520801,Low
mockups,11,0.05253856808520801,Low
retail banking,11,0.05253856808520801,Low
scheduling tools,11,0.05253856808520801,Low
mechanical equipment,11,0.05253856808520801,Low
lubricants,11,0.05253856808520801,Low
employee records,11,0.05253856808520801,Low
sap business one,11,0.05253856808520801,Low
anaplan,11,0.05253856808520801,Low
sanitation,11,0.05253856808520801,Low
database knowledge,11,0.05253856808520801,Low
coupa,11,0.05253856808520801,Low
us tax,11,0.05253856808520801,Low
mass communication,11,0.05253856808520801,Low
intellij,11,0.05253856808520801,Low
sales and business development,11,0.05253856808520801,Low
turning,11,0.05253856808520801,Low
affiliate,11,0.05253856808520801,Low
amadeus,11,0.05253856808520801,Low
dispute management,11,0.05253856808520801,Low
nosql database,11,0.05253856808520801,Low
electric vehicle,11,0.05253856808520801,Low
ibm cloud,11,0.05253856808520801,Low
learning experience,11,0.05253856808520801,Low
investment operations,11,0.05253856808520801,Low
luxury retail,11,0.05253856808520801,Low
new business development,11,0.05253856808520801,Low
lead generation executive,11,0.05253856808520801,Low
cashier,11,0.05253856808520801,Low
hplc,11,0.05253856808520801,Low
exceptional communication skills,11,0.05253856808520801,Low
ai frameworks,11,0.05253856808520801,Low
ophthalmology,11,0.05253856808520801,Low
conduct site visits,11,0.05253856808520801,Low
deploying applications,11,0.05253856808520801,Low
rotating,11,0.05253856808520801,Low
customer communication,11,0.05253856808520801,Low
assistant vice president,11,0.05253856808520801,Low
process analysis,11,0.05253856808520801,Low
controllership,11,0.05253856808520801,Low
work orders,11,0.05253856808520801,Low
conversational ai,11,0.05253856808520801,Low
systems engineer,11,0.05253856808520801,Low
crisc,11,0.05253856808520801,Low
us travel sales,11,0.05253856808520801,Low
infrastructure projects,11,0.05253856808520801,Low
sales lead,11,0.05253856808520801,Low
technical content,11,0.05253856808520801,Low
wages,11,0.05253856808520801,Low
requirements analysis,11,0.05253856808520801,Low
electron,11,0.05253856808520801,Low
madurai,11,0.05253856808520801,Low
financial systems,11,0.05253856808520801,Low
delta lake,11,0.05253856808520801,Low
aapc,11,0.05253856808520801,Low
abap cloud,11,0.05253856808520801,Low
sap abap cloud,11,0.05253856808520801,Low
static analysis,11,0.05253856808520801,Low
electro,11,0.05253856808520801,Low
server management,11,0.05253856808520801,Low
azure kubernetes service,11,0.05253856808520801,Low
financial control,11,0.05253856808520801,Low
fine arts,11,0.05253856808520801,Low
fabrics,11,0.05253856808520801,Low
functional support,11,0.05253856808520801,Low
senior sales manager,11,0.05253856808520801,Low
service excellence,11,0.05253856808520801,Low
facilitator,11,0.05253856808520801,Low
blog,11,0.05253856808520801,Low
tosca,11,0.05253856808520801,Low
delivery quality,11,0.05253856808520801,Low
facebook ads,11,0.05253856808520801,Low
google adwords,11,0.05253856808520801,Low
executive hiring,11,0.05253856808520801,Low
customer support representative,11,0.05253856808520801,Low
adobe suite,11,0.05253856808520801,Low
nginx,11,0.05253856808520801,Low
qa/qc,11,0.05253856808520801,Low
posters,11,0.05253856808520801,Low
b pharm,11,0.05253856808520801,Low
site reliability engineering,11,0.05253856808520801,Low
inbound voice,11,0.05253856808520801,Low
linux os,11,0.05253856808520801,Low
support manager,11,0.05253856808520801,Low
international business development,11,0.05253856808520801,Low
embedded firmware,11,0.05253856808520801,Low
ophthalmologist,11,0.05253856808520801,Low
retailer,11,0.05253856808520801,Low
drainage,11,0.05253856808520801,Low
veeva,11,0.05253856808520801,Low
semantic,11,0.05253856808520801,Low
cooking,11,0.05253856808520801,Low
small business,11,0.05253856808520801,Low
budget planning,11,0.05253856808520801,Low
software packages,11,0.05253856808520801,Low
team operations,11,0.05253856808520801,Low
elastic search,11,0.05253856808520801,Low
technical delivery,11,0.05253856808520801,Low
azure solutions,11,0.05253856808520801,Low
azure solutions architect,11,0.05253856808520801,Low
puppet,11,0.05253856808520801,Low
product costing,11,0.05253856808520801,Low
azure service bus,11,0.05253856808520801,Low
finalisation,11,0.05253856808520801,Low
marking,11,0.05253856808520801,Low
nashik,11,0.05253856808520801,Low
hr and administration,11,0.05253856808520801,Low
farm,11,0.05253856808520801,Low
antivirus,11,0.05253856808520801,Low
it service desk,11,0.05253856808520801,Low
commercial real estate,11,0.05253856808520801,Low
meet clients,11,0.05253856808520801,Low
performance evaluation,11,0.05253856808520801,Low
interventional,11,0.05253856808520801,Low
vpns,11,0.05253856808520801,Low
business consulting,11,0.05253856808520801,Low
wind,11,0.05253856808520801,Low
customer services,11,0.05253856808520801,Low
power query,11,0.05253856808520801,Low
rubber,11,0.05253856808520801,Low
senior business development,11,0.05253856808520801,Low
territory sales executive,11,0.05253856808520801,Low
deal structuring,11,0.05253856808520801,Low
saas sales,11,0.05253856808520801,Low
concept development,11,0.05253856808520801,Low
odoo,11,0.05253856808520801,Low
cross-functional coordination,11,0.05253856808520801,Low
oscilloscopes,11,0.05253856808520801,Low
cad tools,11,0.05253856808520801,Low
hr management,11,0.05253856808520801,Low
marketing tools,11,0.05253856808520801,Low
tool design,11,0.05253856808520801,Low
branch operations head,11,0.05253856808520801,Low
non-voice process,11,0.05253856808520801,Low
international banking,11,0.05253856808520801,Low
hiring manager,11,0.05253856808520801,Low
marketing lead,11,0.05253856808520801,Low
site supervisor,11,0.05253856808520801,Low
volunteer,11,0.05253856808520801,Low
team leading,11,0.05253856808520801,Low
team manager,11,0.05253856808520801,Low
client relations,11,0.05253856808520801,Low
inventor,11,0.05253856808520801,Low
turnkey,11,0.05253856808520801,Low
claims management,11,0.05253856808520801,Low
cabling,11,0.05253856808520801,Low
service industry,11,0.05253856808520801,Low
monster,11,0.05253856808520801,Low
structural design,11,0.05253856808520801,Low
target-oriented,11,0.05253856808520801,Low
first aid,11,0.05253856808520801,Low
deployment automation,11,0.05253856808520801,Low
code development,11,0.05253856808520801,Low
front desk operations,11,0.05253856808520801,Low
translation,11,0.05253856808520801,Low
automotive domain,11,0.05253856808520801,Low
autosar,11,0.05253856808520801,Low
electronics and communication,11,0.05253856808520801,Low
vb.net,11,0.05253856808520801,Low
telecom domain,11,0.05253856808520801,Low
techno-commercial,11,0.05253856808520801,Low
process engineer,11,0.05253856808520801,Low
labeling,11,0.05253856808520801,Low
rework,11,0.05253856808520801,Low
data preprocessing,11,0.05253856808520801,Low
team development,11,0.05253856808520801,Low
test scenarios,11,0.05253856808520801,Low
fortinet,11,0.05253856808520801,Low
compressors,11,0.05253856808520801,Low
purchase order,11,0.05253856808520801,Low
apqp,11,0.05253856808520801,Low
pricing analysis,11,0.05253856808520801,Low
bsc nursing,11,0.05253856808520801,Low
consumer goods,11,0.05253856808520801,Low
solution delivery,11,0.05253856808520801,Low
chrome,11,0.05253856808520801,Low
distribution network,11,0.05253856808520801,Low
field manager,11,0.05253856808520801,Low
hyper-v,11,0.05253856808520801,Low
patch management,11,0.05253856808520801,Low
track progress,11,0.05253856808520801,Low
primavera p6,11,0.05253856808520801,Low
ux/ui,11,0.05253856808520801,Low
event planning,11,0.05253856808520801,Low
software support,11,0.05253856808520801,Low
dealer network,11,0.05253856808520801,Low
pharmacy operations,11,0.05253856808520801,Low
daily reports,11,0.05253856808520801,Low
dialer,11,0.05253856808520801,Low
office administration,11,0.05253856808520801,Low
scheduler,10,0.04776233462291637,Low
support lead,10,0.04776233462291637,Low
client success,10,0.04776233462291637,Low
international non voice,10,0.04776233462291637,Low
and talent management,10,0.04776233462291637,Low
performance appraisal,10,0.04776233462291637,Low
sap ariba,10,0.04776233462291637,Low
flex,10,0.04776233462291637,Low
security & compliance,10,0.04776233462291637,Low
telemetry,10,0.04776233462291637,Low
industrial sales,10,0.04776233462291637,Low
collaterals,10,0.04776233462291637,Low
purchase engineer,10,0.04776233462291637,Low
data analysis and reporting,10,0.04776233462291637,Low
rxjs,10,0.04776233462291637,Low
verilog,10,0.04776233462291637,Low
amfi certification,10,0.04776233462291637,Low
aws/azure/gcp,10,0.04776233462291637,Low
aml compliance,10,0.04776233462291637,Low
chemical industry,10,0.04776233462291637,Low
pneumatic,10,0.04776233462291637,Low
service sales,10,0.04776233462291637,Low
american express,10,0.04776233462291637,Low
normalization,10,0.04776233462291637,Low
workbench,10,0.04776233462291637,Low
application monitoring,10,0.04776233462291637,Low
general surgery,10,0.04776233462291637,Low
intellectual property,10,0.04776233462291637,Low
chiller,10,0.04776233462291637,Low
and compliance frameworks,10,0.04776233462291637,Low
regulatory submissions,10,0.04776233462291637,Low
hr software,10,0.04776233462291637,Low
security services,10,0.04776233462291637,Low
engineering tools,10,0.04776233462291637,Low
java architect,10,0.04776233462291637,Low
stakeholder collaboration,10,0.04776233462291637,Low
business associate,10,0.04776233462291637,Low
ios and android,10,0.04776233462291637,Low
grammar,10,0.04776233462291637,Low
chartered accountants,10,0.04776233462291637,Low
aws sagemaker,10,0.04776233462291637,Low
vertex ai,10,0.04776233462291637,Low
elearning,10,0.04776233462291637,Low
tourism,10,0.04776233462291637,Low
risk and compliance,10,0.04776233462291637,Low
compilation,10,0.04776233462291637,Low
building construction,10,0.04776233462291637,Low
procurement manager,10,0.04776233462291637,Low
employer branding,10,0.04776233462291637,Low
sales forecasting,10,0.04776233462291637,Low
global delivery,10,0.04776233462291637,Low
bancassurance sales,10,0.04776233462291637,Low
operational risk,10,0.04776233462291637,Low
application deployment,10,0.04776233462291637,Low
breakers,10,0.04776233462291637,Low
procurement process,10,0.04776233462291637,Low
direct tax,10,0.04776233462291637,Low
testing and deployment,10,0.04776233462291637,Low
pcb design,10,0.04776233462291637,Low
international market,10,0.04776233462291637,Low
vlsi,10,0.04776233462291637,Low
trade processing,10,0.04776233462291637,Low
system monitoring,10,0.04776233462291637,Low
qc tools,10,0.04776233462291637,Low
sap integration,10,0.04776233462291637,Low
emergency response,10,0.04776233462291637,Low
nutritionist,10,0.04776233462291637,Low
senior ar caller,10,0.04776233462291637,Low
patent,10,0.04776233462291637,Low
finance operations,10,0.04776233462291637,Low
sorting,10,0.04776233462291637,Low
ui/ux designer,10,0.04776233462291637,Low
equipment maintenance,10,0.04776233462291637,Low
soc analyst,10,0.04776233462291637,Low
last mile,10,0.04776233462291637,Low
xero,10,0.04776233462291637,Low
bash scripting,10,0.04776233462291637,Low
cursor,10,0.04776233462291637,Low
manesar,10,0.04776233462291637,Low
b service,10,0.04776233462291637,Low
obstetrics,10,0.04776233462291637,Low
ms dynamics,10,0.04776233462291637,Low
schedule meetings,10,0.04776233462291637,Low
ml pipelines,10,0.04776233462291637,Low
hr functions,10,0.04776233462291637,Low
hr intern,10,0.04776233462291637,Low
circleci,10,0.04776233462291637,Low
attrition management,10,0.04776233462291637,Low
corporate administration,10,0.04776233462291637,Low
global hr standards,10,0.04776233462291637,Low
head human resource,10,0.04776233462291637,Low
strategic hr leadership,10,0.04776233462291637,Low
net full stack developer,10,0.04776233462291637,Low
salesforce lightning,10,0.04776233462291637,Low
analytical abilities,10,0.04776233462291637,Low
user management,10,0.04776233462291637,Low
clinical trials,10,0.04776233462291637,Low
field job,10,0.04776233462291637,Low
process re-engineering,10,0.04776233462291637,Low
testing process,10,0.04776233462291637,Low
snowflake data warehouse,10,0.04776233462291637,Low
training program,10,0.04776233462291637,Low
facility operations,10,0.04776233462291637,Low
it hardware,10,0.04776233462291637,Low
network devices,10,0.04776233462291637,Low
schedule appointments,10,0.04776233462291637,Low
researcher,10,0.04776233462291637,Low
customer specifications,10,0.04776233462291637,Low
searching,10,0.04776233462291637,Low
java technologies,10,0.04776233462291637,Low
inter ca,10,0.04776233462291637,Low
airline,10,0.04776233462291637,Low
gst returns,10,0.04776233462291637,Low
prepare financial statements,10,0.04776233462291637,Low
rails,10,0.04776233462291637,Low
hdfs,10,0.04776233462291637,Low
production process,10,0.04776233462291637,Low
aws lambda,10,0.04776233462291637,Low
semrush,10,0.04776233462291637,Low
contingency,10,0.04776233462291637,Low
security assessments,10,0.04776233462291637,Low
object oriented programming,10,0.04776233462291637,Low
cables,10,0.04776233462291637,Low
drilling,10,0.04776233462291637,Low
sales planning,10,0.04776233462291637,Low
product vision,10,0.04776233462291637,Low
wholesale,10,0.04776233462291637,Low
digital operations,10,0.04776233462291637,Low
graphql apis,10,0.04776233462291637,Low
service request,10,0.04776233462291637,Low
ui frameworks,10,0.04776233462291637,Low
unit manager,10,0.04776233462291637,Low
digital campaigns,10,0.04776233462291637,Low
celery,10,0.04776233462291637,Low
refactoring,10,0.04776233462291637,Low
warehouse management,10,0.04776233462291637,Low
trade finance,10,0.04776233462291637,Low
home tuition,10,0.04776233462291637,Low
gitops,10,0.04776233462291637,Low
store executive,10,0.04776233462291637,Low
benefits administration,10,0.04776233462291637,Low
query tuning,10,0.04776233462291637,Low
operational oversight,10,0.04776233462291637,Low
adobe premiere pro,10,0.04776233462291637,Low
765kv,10,0.04776233462291637,Low
paid social,10,0.04776233462291637,Low
qlikview,10,0.04776233462291637,Low
commercial strategy,10,0.04776233462291637,Low
web frameworks,10,0.04776233462291637,Low
rag pipelines,10,0.04776233462291637,Low
materials management,10,0.04776233462291637,Low
asic,10,0.04776233462291637,Low
agency manager,10,0.04776233462291637,Low
aseptic,10,0.04776233462291637,Low
llamaindex,10,0.04776233462291637,Low
retrieval-augmented generation,10,0.04776233462291637,Low
crystal,10,0.04776233462291637,Low
user flows,10,0.04776233462291637,Low
online content,10,0.04776233462291637,Low
vendor development,10,0.04776233462291637,Low
new client acquisition,10,0.04776233462291637,Low
proposal development,10,0.04776233462291637,Low
release planning,10,0.04776233462291637,Low
interoperability,10,0.04776233462291637,Low
tax regulations,10,0.04776233462291637,Low
manpower handling,10,0.04776233462291637,Low
java development experience,10,0.04776233462291637,Low
client visits,10,0.04776233462291637,Low
wealth manager,10,0.04776233462291637,Low
portfolio accounting,10,0.04776233462291637,Low
typography,10,0.04776233462291637,Low
charles river,10,0.04776233462291637,Low
coffee,10,0.04776233462291637,Low
azure ai,10,0.04776233462291637,Low
yoga,10,0.04776233462291637,Low
fmcg sales,10,0.04776233462291637,Low
risk identification,10,0.04776233462291637,Low
load balancer,10,0.04776233462291637,Low
operational processes,10,0.04776233462291637,Low
team coordination,10,0.04776233462291637,Low
advocates,10,0.04776233462291637,Low
ticketing system,10,0.04776233462291637,Low
technology consulting,10,0.04776233462291637,Low
aws developer,10,0.04776233462291637,Low
seo tools,10,0.04776233462291637,Low
trend analysis,10,0.04776233462291637,Low
enterprise integration,10,0.04776233462291637,Low
drupal,10,0.04776233462291637,Low
esxi,10,0.04776233462291637,Low
brand management,10,0.04776233462291637,Low
backup and recovery,10,0.04776233462291637,Low
system development,10,0.04776233462291637,Low
yield improvement,10,0.04776233462291637,Low
webservices,10,0.04776233462291637,Low
zoho books,10,0.04776233462291637,Low
ai platform,10,0.04776233462291637,Low
qa lead,10,0.04776233462291637,Low
valuation models,10,0.04776233462291637,Low
account reconciliation,10,0.04776233462291637,Low
dart,10,0.04776233462291637,Low
institutional banking,10,0.04776233462291637,Low
documentation & reporting,10,0.04776233462291637,Low
slides,10,0.04776233462291637,Low
partner onboarding,10,0.04776233462291637,Low
roads,10,0.04776233462291637,Low
garment,10,0.04776233462291637,Low
reporting and analysis,10,0.04776233462291637,Low
corporate security,10,0.04776233462291637,Low
publication,10,0.04776233462291637,Low
mechanic,10,0.04776233462291637,Low
data centre,10,0.04776233462291637,Low
promotional events,10,0.04776233462291637,Low
healthcare process,10,0.04776233462291637,Low
annotation,10,0.04776233462291637,Low
direct client,10,0.04776233462291637,Low
extreme,10,0.04776233462291637,Low
board meetings,10,0.04776233462291637,Low
restful web,10,0.04776233462291637,Low
business loan,10,0.04776233462291637,Low
storing,10,0.04776233462291637,Low
it executive,10,0.04776233462291637,Low
process compliance,10,0.04776233462291637,Low
surveying,10,0.04776233462291637,Low
columns,10,0.04776233462291637,Low
build automation,10,0.04776233462291637,Low
elicitation,10,0.04776233462291637,Low
telephony,10,0.04776233462291637,Low
lead data scientist,10,0.04776233462291637,Low
mba marketing,10,0.04776233462291637,Low
english teacher,10,0.04776233462291637,Low
pump,10,0.04776233462291637,Low
valve,10,0.04776233462291637,Low
ready to travel,10,0.04776233462291637,Low
capability building,10,0.04776233462291637,Low
ideation,10,0.04776233462291637,Low
source control management,10,0.04776233462291637,Low
network and security,10,0.04776233462291637,Low
technology transfer,10,0.04776233462291637,Low
aesthetics,10,0.04776233462291637,Low
qlik sense,10,0.04776233462291637,Low
channel development,10,0.04776233462291637,Low
contract to hire,10,0.04776233462291637,Low
sketch,10,0.04776233462291637,Low
sap certification,10,0.04776233462291637,Low
sales plan,10,0.04776233462291637,Low
hr initiatives,10,0.04776233462291637,Low
post sales,10,0.04776233462291637,Low
inward,10,0.04776233462291637,Low
desktop application,10,0.04776233462291637,Low
management associate,10,0.04776233462291637,Low
phone banking,10,0.04776233462291637,Low
azure administrator,10,0.04776233462291637,Low
china,10,0.04776233462291637,Low
api security,10,0.04776233462291637,Low
market penetration,10,0.04776233462291637,Low
network operations,10,0.04776233462291637,Low
blockchain,10,0.04776233462291637,Low
bank accounts,10,0.04776233462291637,Low
adult learning,10,0.04776233462291637,Low
electric vehicles,10,0.04776233462291637,Low
periodic reviews,10,0.04776233462291637,Low
finance domain,10,0.04776233462291637,Low
mortgages,10,0.04776233462291637,Low
aspect,10,0.04776233462291637,Low
construction equipment,10,0.04776233462291637,Low
infection control,10,0.04776233462291637,Low
sonarqube,10,0.04776233462291637,Low
sap system,10,0.04776233462291637,Low
staff management,10,0.04776233462291637,Low
zscaler,10,0.04776233462291637,Low
forensic,10,0.04776233462291637,Low
data modeler,10,0.04776233462291637,Low
interview scheduling,10,0.04776233462291637,Low
workflow management,10,0.04776233462291637,Low
api automation,10,0.04776233462291637,Low
swagger,10,0.04776233462291637,Low
insurance claims,10,0.04776233462291637,Low
warranty,10,0.04776233462291637,Low
current account,10,0.04776233462291637,Low
lead management,10,0.04776233462291637,Low
it asset,10,0.04776233462291637,Low
travel management,10,0.04776233462291637,Low
test driven development,10,0.04776233462291637,Low
reservations,10,0.04776233462291637,Low
gold loans,10,0.04776233462291637,Low
ai ml,10,0.04776233462291637,Low
sap certified,10,0.04776233462291637,Low
modbus,10,0.04776233462291637,Low
fraud investigation,10,0.04776233462291637,Low
delivery lead,10,0.04776233462291637,Low
market development,10,0.04776233462291637,Low
direct taxation,10,0.04776233462291637,Low
public health,9,0.04298610116062473,Low
dice,9,0.04298610116062473,Low
solution development,9,0.04298610116062473,Low
creative design,9,0.04298610116062473,Low
sourcing manager,9,0.04298610116062473,Low
web content,9,0.04298610116062473,Low
core data,9,0.04298610116062473,Low
mnc company,9,0.04298610116062473,Low
motor insurance,9,0.04298610116062473,Low
quality control procedures,9,0.04298610116062473,Low
sfmc,9,0.04298610116062473,Low
pathway,9,0.04298610116062473,Low
abap programming,9,0.04298610116062473,Low
origination,9,0.04298610116062473,Low
pulumi,9,0.04298610116062473,Low
restful web services,9,0.04298610116062473,Low
code versioning tools,9,0.04298610116062473,Low
bridges,9,0.04298610116062473,Low
salt,9,0.04298610116062473,Low
senior technical lead,9,0.04298610116062473,Low
azure/aws,9,0.04298610116062473,Low
remedy,9,0.04298610116062473,Low
domestic it recruiter,9,0.04298610116062473,Low
car rental,9,0.04298610116062473,Low
corporate sales manager,9,0.04298610116062473,Low
restful api design,9,0.04298610116062473,Low
front desk executive,9,0.04298610116062473,Low
nestjs,9,0.04298610116062473,Low
artifactory,9,0.04298610116062473,Low
management accounting,9,0.04298610116062473,Low
personal care,9,0.04298610116062473,Low
dispute resolution,9,0.04298610116062473,Low
co-pilot,9,0.04298610116062473,Low
ahima,9,0.04298610116062473,Low
track kpis,9,0.04298610116062473,Low
freight forwarding,9,0.04298610116062473,Low
loan documentation,9,0.04298610116062473,Low
cosmos db,9,0.04298610116062473,Low
cosmos,9,0.04298610116062473,Low
inbound sales,9,0.04298610116062473,Low
server side,9,0.04298610116062473,Low
field service engineer,9,0.04298610116062473,Low
c-level executives,9,0.04298610116062473,Low
financial markets,9,0.04298610116062473,Low
salesforce marketing cloud,9,0.04298610116062473,Low
salesforce marketing,9,0.04298610116062473,Low
spoc,9,0.04298610116062473,Low
finished goods,9,0.04298610116062473,Low
german,9,0.04298610116062473,Low
process analyst,9,0.04298610116062473,Low
system engineering,9,0.04298610116062473,Low
cds views,9,0.04298610116062473,Low
amdp,9,0.04298610116062473,Low
technical solution,9,0.04298610116062473,Low
snowflake developer,9,0.04298610116062473,Low
computer hardware,9,0.04298610116062473,Low
cosmetics,9,0.04298610116062473,Low
good computer knowledge,9,0.04298610116062473,Low
back-end technologies,9,0.04298610116062473,Low
responsive web design,9,0.04298610116062473,Low
qc engineer,9,0.04298610116062473,Low
database development,9,0.04298610116062473,Low
financial statement,9,0.04298610116062473,Low
aura,9,0.04298610116062473,Low
sales development representative,9,0.04298610116062473,Low
erp system,9,0.04298610116062473,Low
user personas,9,0.04298610116062473,Low
backlinks,9,0.04298610116062473,Low
proactive monitoring,9,0.04298610116062473,Low
brownfield,9,0.04298610116062473,Low
finance analyst,9,0.04298610116062473,Low
amendments,9,0.04298610116062473,Low
appian,9,0.04298610116062473,Low
laundry,9,0.04298610116062473,Low
investigator,9,0.04298610116062473,Low
claims processing,9,0.04298610116062473,Low
kids,9,0.04298610116062473,Low
male only,9,0.04298610116062473,Low
english fluency,9,0.04298610116062473,Low
injectable,9,0.04298610116062473,Low
good network,9,0.04298610116062473,Low
bpo jobs,9,0.04298610116062473,Low
technical understanding,9,0.04298610116062473,Low
durability,9,0.04298610116062473,Low
fixed income,9,0.04298610116062473,Low
data exchange,9,0.04298610116062473,Low
video content,9,0.04298610116062473,Low
ngrx,9,0.04298610116062473,Low
metals,9,0.04298610116062473,Low
sailpoint,9,0.04298610116062473,Low
go getter,9,0.04298610116062473,Low
and relationship-building skills,9,0.04298610116062473,Low
vendor selection,9,0.04298610116062473,Low
site visit,9,0.04298610116062473,Low
material handling,9,0.04298610116062473,Low
territory business executive,9,0.04298610116062473,Low
engineer trainee,9,0.04298610116062473,Low
print media,9,0.04298610116062473,Low
flyers,9,0.04298610116062473,Low
shares,9,0.04298610116062473,Low
senior accounts executive,9,0.04298610116062473,Low
marketing platforms,9,0.04298610116062473,Low
sales quality,9,0.04298610116062473,Low
iaas,9,0.04298610116062473,Low
angular/react,9,0.04298610116062473,Low
profit and loss,9,0.04298610116062473,Low
rail,9,0.04298610116062473,Low
essbase,9,0.04298610116062473,Low
fix bugs,9,0.04298610116062473,Low
gujarati,9,0.04298610116062473,Low
mm module,9,0.04298610116062473,Low
maintain equipment,9,0.04298610116062473,Low
ricef,9,0.04298610116062473,Low
bigdata,9,0.04298610116062473,Low
rhel,9,0.04298610116062473,Low
senior program manager,9,0.04298610116062473,Low
people leadership,9,0.04298610116062473,Low
supplier performance,9,0.04298610116062473,Low
risk consulting,9,0.04298610116062473,Low
marketing head,9,0.04298610116062473,Low
iso standards,9,0.04298610116062473,Low
sage,9,0.04298610116062473,Low
ultra,9,0.04298610116062473,Low
production operations,9,0.04298610116062473,Low
edtech sales,9,0.04298610116062473,Low
database queries,9,0.04298610116062473,Low
azure ml,9,0.04298610116062473,Low
bi platforms,9,0.04298610116062473,Low
personal secretary,9,0.04298610116062473,Low
sitting profile,9,0.04298610116062473,Low
metallurgy,9,0.04298610116062473,Low
sales invoices,9,0.04298610116062473,Low
residential sales,9,0.04298610116062473,Low
mobx,9,0.04298610116062473,Low
soft services,9,0.04298610116062473,Low
margins,9,0.04298610116062473,Low
staffing industry,9,0.04298610116062473,Low
internal coordination,9,0.04298610116062473,Low
android studio,9,0.04298610116062473,Low
business insights,9,0.04298610116062473,Low
labor law,9,0.04298610116062473,Low
mails,9,0.04298610116062473,Low
i/o,9,0.04298610116062473,Low
fixture,9,0.04298610116062473,Low
life insurance sales,9,0.04298610116062473,Low
brand ambassador,9,0.04298610116062473,Low
unit test cases,9,0.04298610116062473,Low
research projects,9,0.04298610116062473,Low
carbon,9,0.04298610116062473,Low
oil and gas industry,9,0.04298610116062473,Low
codeigniter,9,0.04298610116062473,Low
heading,9,0.04298610116062473,Low
demat,9,0.04298610116062473,Low
leadership and communication,9,0.04298610116062473,Low
finops,9,0.04298610116062473,Low
google search console,9,0.04298610116062473,Low
technical analysis,9,0.04298610116062473,Low
google search,9,0.04298610116062473,Low
tailwind css,9,0.04298610116062473,Low
google workspace,9,0.04298610116062473,Low
aruba,9,0.04298610116062473,Low
finance and accounts,9,0.04298610116062473,Low
itil foundation certification,9,0.04298610116062473,Low
us accounting,9,0.04298610116062473,Low
dietitian,9,0.04298610116062473,Low
estimation engineer,9,0.04298610116062473,Low
zoom,9,0.04298610116062473,Low
virtual machines,9,0.04298610116062473,Low
monthly mis,9,0.04298610116062473,Low
sales and service,9,0.04298610116062473,Low
defect tracking,9,0.04298610116062473,Low
channel network,9,0.04298610116062473,Low
itil framework,9,0.04298610116062473,Low
hardware design,9,0.04298610116062473,Low
sales enablement,9,0.04298610116062473,Low
railway,9,0.04298610116062473,Low
software quality assurance,9,0.04298610116062473,Low
software integration,9,0.04298610116062473,Low
research and development,9,0.04298610116062473,Low
new leads,9,0.04298610116062473,Low
memos,9,0.04298610116062473,Low
consumer internet,9,0.04298610116062473,Low
property management,9,0.04298610116062473,Low
rack,9,0.04298610116062473,Low
f&o,9,0.04298610116062473,Low
machine maintenance,9,0.04298610116062473,Low
auto components,9,0.04298610116062473,Low
automation products,9,0.04298610116062473,Low
auto cad,9,0.04298610116062473,Low
annual reports,9,0.04298610116062473,Low
canteen,9,0.04298610116062473,Low
solarwinds,9,0.04298610116062473,Low
x-ray,9,0.04298610116062473,Low
market dynamics,9,0.04298610116062473,Low
pension,9,0.04298610116062473,Low
agro,9,0.04298610116062473,Low
tekla structures,9,0.04298610116062473,Low
seating,9,0.04298610116062473,Low
sap cloud platform,9,0.04298610116062473,Low
travel process,9,0.04298610116062473,Low
hunter,9,0.04298610116062473,Low
annual sales,9,0.04298610116062473,Low
trade settlements,9,0.04298610116062473,Low
spring security,9,0.04298610116062473,Low
it park,9,0.04298610116062473,Low
sftp,9,0.04298610116062473,Low
oem sales,9,0.04298610116062473,Low
call quality,9,0.04298610116062473,Low
leadership & team management,9,0.04298610116062473,Low
client presentations,9,0.04298610116062473,Low
sap ewm,9,0.04298610116062473,Low
medicare,9,0.04298610116062473,Low
git version control,9,0.04298610116062473,Low
new relic,9,0.04298610116062473,Low
technical troubleshooting,9,0.04298610116062473,Low
public accounting,9,0.04298610116062473,Low
fee income,9,0.04298610116062473,Low
civil works,9,0.04298610116062473,Low
service delivery manager,9,0.04298610116062473,Low
employee central,9,0.04298610116062473,Low
visual merchandising,9,0.04298610116062473,Low
strong technical background,9,0.04298610116062473,Low
energy efficiency,9,0.04298610116062473,Low
it products,9,0.04298610116062473,Low
design development,9,0.04298610116062473,Low
music,9,0.04298610116062473,Low
tanks,9,0.04298610116062473,Low
software skills,9,0.04298610116062473,Low
management executive,9,0.04298610116062473,Low
dbms,9,0.04298610116062473,Low
gaming,9,0.04298610116062473,Low
research analyst,9,0.04298610116062473,Low
workflow orchestration,9,0.04298610116062473,Low
cloud-based infrastructure,9,0.04298610116062473,Low
digital marketing campaigns,9,0.04298610116062473,Low
consumer electronics,9,0.04298610116062473,Low
test equipment,9,0.04298610116062473,Low
cortex,9,0.04298610116062473,Low
report generation,9,0.04298610116062473,Low
epm automate,9,0.04298610116062473,Low
yaml,9,0.04298610116062473,Low
xcode,9,0.04298610116062473,Low
ward,9,0.04298610116062473,Low
real time analyst,9,0.04298610116062473,Low
technical feasibility,9,0.04298610116062473,Low
parquet,9,0.04298610116062473,Low
medical officer,9,0.04298610116062473,Low
architecture patterns,9,0.04298610116062473,Low
branch banking operations,9,0.04298610116062473,Low
owasp,9,0.04298610116062473,Low
process engineering,9,0.04298610116062473,Low
legal compliance,9,0.04298610116062473,Low
ap/ar,9,0.04298610116062473,Low
big data platforms,9,0.04298610116062473,Low
career opportunity,9,0.04298610116062473,Low
mba freshers,9,0.04298610116062473,Low
oracle scm,9,0.04298610116062473,Low
cardiovascular,9,0.04298610116062473,Low
basic sql,9,0.04298610116062473,Low
automation scripting,9,0.04298610116062473,Low
400kv,9,0.04298610116062473,Low
aws cdk,9,0.04298610116062473,Low
life science graduates,9,0.04298610116062473,Low
quality analysis,9,0.04298610116062473,Low
customer service orientation,9,0.04298610116062473,Low
atlassian,9,0.04298610116062473,Low
grad fresher,9,0.04298610116062473,Low
semi voice,9,0.04298610116062473,Low
predictive analytics,9,0.04298610116062473,Low
sql programming,9,0.04298610116062473,Low
sourcing tools,9,0.04298610116062473,Low
windows 10,9,0.04298610116062473,Low
rfqs,9,0.04298610116062473,Low
yarn,9,0.04298610116062473,Low
sap pp,9,0.04298610116062473,Low
banking product,9,0.04298610116062473,Low
primary sales,9,0.04298610116062473,Low
compliance checks,9,0.04298610116062473,Low
localization,9,0.04298610116062473,Low
safety systems,9,0.04298610116062473,Low
coordinate interviews,9,0.04298610116062473,Low
rera,9,0.04298610116062473,Low
dynamics crm,9,0.04298610116062473,Low
privilege,9,0.04298610116062473,Low
flipkart,9,0.04298610116062473,Low
juniper,9,0.04298610116062473,Low
cloud management,9,0.04298610116062473,Low
mysql database,9,0.04298610116062473,Low
boolean search,9,0.04298610116062473,Low
agile certification,9,0.04298610116062473,Low
expense management,9,0.04298610116062473,Low
lead gen,9,0.04298610116062473,Low
compliance teams,9,0.04298610116062473,Low
customer experience management,9,0.04298610116062473,Low
housing finance,9,0.04298610116062473,Low
restructuring,9,0.04298610116062473,Low
it hiring,9,0.04298610116062473,Low
domestic process,9,0.04298610116062473,Low
software test engineer,9,0.04298610116062473,Low
sap data,9,0.04298610116062473,Low
cockpit,9,0.04298610116062473,Low
prep,9,0.04298610116062473,Low
strategic planning & execution,9,0.04298610116062473,Low
sequencing,9,0.04298610116062473,Low
strategic sales,9,0.04298610116062473,Low
technical assistance,9,0.04298610116062473,Low
personal development,9,0.04298610116062473,Low
website content,9,0.04298610116062473,Low
adobe illustrator,9,0.04298610116062473,Low
liaisoning,9,0.04298610116062473,Low
objective-c,9,0.04298610116062473,Low
argocd,9,0.04298610116062473,Low
low code,9,0.04298610116062473,Low
salesforce lightning web components,9,0.04298610116062473,Low
dispatches,9,0.04298610116062473,Low
microsoft word,9,0.04298610116062473,Low
b2b marketing,9,0.04298610116062473,Low
high speed,9,0.04298610116062473,Low
mssql,9,0.04298610116062473,Low
e-learning,9,0.04298610116062473,Low
customer journey,9,0.04298610116062473,Low
estimator,9,0.04298610116062473,Low
structural engineer,9,0.04298610116062473,Low
french,9,0.04298610116062473,Low
associate agency development manager,9,0.04298610116062473,Low
bfsi domain,9,0.04298610116062473,Low
epic systems,9,0.04298610116062473,Low
terminals,9,0.04298610116062473,Low
spring data,9,0.04298610116062473,Low
architectural patterns,9,0.04298610116062473,Low
m&a,9,0.04298610116062473,Low
compensation administration,8,0.038209867698333094,Low
transfer pricing,8,0.038209867698333094,Low
retail industry,8,0.038209867698333094,Low
sales reporting,8,0.038209867698333094,Low
fscm,8,0.038209867698333094,Low
pharmacovigilance,8,0.038209867698333094,Low
filtration,8,0.038209867698333094,Low
mep engineer,8,0.038209867698333094,Low
hcc coding,8,0.038209867698333094,Low
certified hcc coder,8,0.038209867698333094,Low
modern trade,8,0.038209867698333094,Low
agile principles,8,0.038209867698333094,Low
b pharma,8,0.038209867698333094,Low
power pivot,8,0.038209867698333094,Low
sap fiori,8,0.038209867698333094,Low
sap bw,8,0.038209867698333094,Low
file system,8,0.038209867698333094,Low
software development practices,8,0.038209867698333094,Low
assembling,8,0.038209867698333094,Low
intercompany transactions,8,0.038209867698333094,Low
material requirement,8,0.038209867698333094,Low
f&b service,8,0.038209867698333094,Low
white box,8,0.038209867698333094,Low
international voice support,8,0.038209867698333094,Low
quality management system,8,0.038209867698333094,Low
waste water,8,0.038209867698333094,Low
communication with clients,8,0.038209867698333094,Low
account opening,8,0.038209867698333094,Low
finance controller,8,0.038209867698333094,Low
transit,8,0.038209867698333094,Low
seasonal,8,0.038209867698333094,Low
btl marketing,8,0.038209867698333094,Low
data products,8,0.038209867698333094,Low
dashboard creation,8,0.038209867698333094,Low
unsecured loans,8,0.038209867698333094,Low
structural engineering,8,0.038209867698333094,Low
java back end,8,0.038209867698333094,Low
technical advice,8,0.038209867698333094,Low
management reports,8,0.038209867698333094,Low
project accounting,8,0.038209867698333094,Low
paints,8,0.038209867698333094,Low
native apps,8,0.038209867698333094,Low
rehabilitation,8,0.038209867698333094,Low
apache airflow,8,0.038209867698333094,Low
sanction screening,8,0.038209867698333094,Low
racks,8,0.038209867698333094,Low
data strategy,8,0.038209867698333094,Low
plsql developer,8,0.038209867698333094,Low
net frameworks,8,0.038209867698333094,Low
cars,8,0.038209867698333094,Low
firefighting,8,0.038209867698333094,Low
operations engineer,8,0.038209867698333094,Low
systems architecture,8,0.038209867698333094,Low
experience cloud,8,0.038209867698333094,Low
snacks,8,0.038209867698333094,Low
linux administration,8,0.038209867698333094,Low
cross sales,8,0.038209867698333094,Low
power electronics,8,0.038209867698333094,Low
content management systems,8,0.038209867698333094,Low
determination,8,0.038209867698333094,Low
us healthcare process,8,0.038209867698333094,Low
business insight,8,0.038209867698333094,Low
alerting systems,8,0.038209867698333094,Low
api calls,8,0.038209867698333094,Low
context api,8,0.038209867698333094,Low
tamil speaking,8,0.038209867698333094,Low
linux system,8,0.038209867698333094,Low
hotel sales,8,0.038209867698333094,Low
usability testing,8,0.038209867698333094,Low
open market,8,0.038209867698333094,Low
cost accounting,8,0.038209867698333094,Low
full-cycle recruitment,8,0.038209867698333094,Low
income tax returns,8,0.038209867698333094,Low
apollo,8,0.038209867698333094,Low
vsphere,8,0.038209867698333094,Low
batch manufacturing,8,0.038209867698333094,Low
fixed asset accounting,8,0.038209867698333094,Low
aiml,8,0.038209867698333094,Low
aws devops,8,0.038209867698333094,Low
technical advisor,8,0.038209867698333094,Low
food & beverage service,8,0.038209867698333094,Low
senior qa engineer,8,0.038209867698333094,Low
react or angular,8,0.038209867698333094,Low
java 17,8,0.038209867698333094,Low
o2c collections,8,0.038209867698333094,Low
axis bank,8,0.038209867698333094,Low
oracle sql,8,0.038209867698333094,Low
certificate management,8,0.038209867698333094,Low
mortgage loan,8,0.038209867698333094,Low
foreclosure,8,0.038209867698333094,Low
copywriting,8,0.038209867698333094,Low
testability,8,0.038209867698333094,Low
delivery methodologies,8,0.038209867698333094,Low
cloud functions,8,0.038209867698333094,Low
annual maintenance,8,0.038209867698333094,Low
flowcharts,8,0.038209867698333094,Low
transaction banking,8,0.038209867698333094,Low
programmatic,8,0.038209867698333094,Low
coaching and mentoring,8,0.038209867698333094,Low
query resolution,8,0.038209867698333094,Low
radio,8,0.038209867698333094,Low
computer science engineering,8,0.038209867698333094,Low
handling team,8,0.038209867698333094,Low
nand,8,0.038209867698333094,Low
bamboo,8,0.038209867698333094,Low
digital payment,8,0.038209867698333094,Low
oracle cloud infrastructure,8,0.038209867698333094,Low
linux server,8,0.038209867698333094,Low
marketing associate,8,0.038209867698333094,Low
opentelemetry,8,0.038209867698333094,Low
secops,8,0.038209867698333094,Low
loan against property,8,0.038209867698333094,Low
account assistant,8,0.038209867698333094,Low
construction drawings,8,0.038209867698333094,Low
us payroll,8,0.038209867698333094,Low
rfis,8,0.038209867698333094,Low
python automation,8,0.038209867698333094,Low
exec,8,0.038209867698333094,Low
web apps,8,0.038209867698333094,Low
technical queries,8,0.038209867698333094,Low
superintendent,8,0.038209867698333094,Low
job scheduling,8,0.038209867698333094,Low
olap,8,0.038209867698333094,Low
request management,8,0.038209867698333094,Low
fabrication drawings,8,0.038209867698333094,Low
3d model,8,0.038209867698333094,Low
python scripting,8,0.038209867698333094,Low
sox compliance,8,0.038209867698333094,Low
blending,8,0.038209867698333094,Low
retrofit,8,0.038209867698333094,Low
jetpack,8,0.038209867698333094,Low
compose,8,0.038209867698333094,Low
netting,8,0.038209867698333094,Low
nvme,8,0.038209867698333094,Low
operations support,8,0.038209867698333094,Low
site management,8,0.038209867698333094,Low
tracking and reporting,8,0.038209867698333094,Low
qualcomm,8,0.038209867698333094,Low
army,8,0.038209867698333094,Low
trims,8,0.038209867698333094,Low
finalization of accounts,8,0.038209867698333094,Low
and income tax,8,0.038209867698333094,Low
wallets,8,0.038209867698333094,Low
embedded linux,8,0.038209867698333094,Low
business services,8,0.038209867698333094,Low
analytics & reporting,8,0.038209867698333094,Low
distributed computing,8,0.038209867698333094,Low
direct channel,8,0.038209867698333094,Low
billing executive,8,0.038209867698333094,Low
mergers & acquisitions,8,0.038209867698333094,Low
commerce cloud,8,0.038209867698333094,Low
design & development,8,0.038209867698333094,Low
international projects,8,0.038209867698333094,Low
home care,8,0.038209867698333094,Low
primary teacher,8,0.038209867698333094,Low
customer loyalty,8,0.038209867698333094,Low
sous chef,8,0.038209867698333094,Low
o&m,8,0.038209867698333094,Low
effective communication and negotiation,8,0.038209867698333094,Low
devops methodologies,8,0.038209867698333094,Low
metadata management,8,0.038209867698333094,Low
accounts assistant,8,0.038209867698333094,Low
unix shell,8,0.038209867698333094,Low
stationery,8,0.038209867698333094,Low
prepaid,8,0.038209867698333094,Low
trend identification,8,0.038209867698333094,Low
new initiatives,8,0.038209867698333094,Low
sox controls,8,0.038209867698333094,Low
port,8,0.038209867698333094,Low
hrsd,8,0.038209867698333094,Low
zustand,8,0.038209867698333094,Low
compressor,8,0.038209867698333094,Low
leadership hiring,8,0.038209867698333094,Low
quality documentation,8,0.038209867698333094,Low
problem-solving attitude,8,0.038209867698333094,Low
enterprise security,8,0.038209867698333094,Low
banking sector,8,0.038209867698333094,Low
new process,8,0.038209867698333094,Low
upwork,8,0.038209867698333094,Low
bakery,8,0.038209867698333094,Low
global operations,8,0.038209867698333094,Low
eigrp,8,0.038209867698333094,Low
cloud platform integration,8,0.038209867698333094,Low
self motivated,8,0.038209867698333094,Low
reuse,8,0.038209867698333094,Low
physician billing,8,0.038209867698333094,Low
test reports,8,0.038209867698333094,Low
project head,8,0.038209867698333094,Low
fusion finance,8,0.038209867698333094,Low
enrolment,8,0.038209867698333094,Low
b.ed,8,0.038209867698333094,Low
key vault,8,0.038209867698333094,Low
computer proficiency,8,0.038209867698333094,Low
security guard,8,0.038209867698333094,Low
occupational health,8,0.038209867698333094,Low
copilot studio,8,0.038209867698333094,Low
inbound process,8,0.038209867698333094,Low
financial planning & forecasting,8,0.038209867698333094,Low
ios development,8,0.038209867698333094,Low
and mysql,8,0.038209867698333094,Low
analog design,8,0.038209867698333094,Low
set goals,8,0.038209867698333094,Low
ui engineering,8,0.038209867698333094,Low
contract terms,8,0.038209867698333094,Low
accounts payable & receivable,8,0.038209867698333094,Low
redux toolkit,8,0.038209867698333094,Low
hr services,8,0.038209867698333094,Low
keyboard,8,0.038209867698333094,Low
competitive analysis,8,0.038209867698333094,Low
batteries,8,0.038209867698333094,Low
small business enterprise,8,0.038209867698333094,Low
research scientist,8,0.038209867698333094,Low
room service,8,0.038209867698333094,Low
captain,8,0.038209867698333094,Low
air conditioning,8,0.038209867698333094,Low
scrum methodology,8,0.038209867698333094,Low
good verbal & written communication,8,0.038209867698333094,Low
gfc drawings,8,0.038209867698333094,Low
cgmp,8,0.038209867698333094,Low
labels,8,0.038209867698333094,Low
dataflow,8,0.038209867698333094,Low
economy,8,0.038209867698333094,Low
stock audit,8,0.038209867698333094,Low
event driven architecture,8,0.038209867698333094,Low
load testing,8,0.038209867698333094,Low
stock broking,8,0.038209867698333094,Low
termination,8,0.038209867698333094,Low
resolve customer issues,8,0.038209867698333094,Low
occupancy,8,0.038209867698333094,Low
it infra,8,0.038209867698333094,Low
curing,8,0.038209867698333094,Low
relay,8,0.038209867698333094,Low
and willingness to travel,8,0.038209867698333094,Low
senior network engineer,8,0.038209867698333094,Low
istio,8,0.038209867698333094,Low
jodhpur,8,0.038209867698333094,Low
functional design,8,0.038209867698333094,Low
legal manager,8,0.038209867698333094,Low
marine,8,0.038209867698333094,Low
medical device,8,0.038209867698333094,Low
stat,8,0.038209867698333094,Low
continuous monitoring,8,0.038209867698333094,Low
plugins,8,0.038209867698333094,Low
industrial products,8,0.038209867698333094,Low
raid,8,0.038209867698333094,Low
c# .net,8,0.038209867698333094,Low
icd-10,8,0.038209867698333094,Low
rewards and recognition,8,0.038209867698333094,Low
restoration,8,0.038209867698333094,Low
marketing analytics,8,0.038209867698333094,Low
adobe analytics,8,0.038209867698333094,Low
a/b testing,8,0.038209867698333094,Low
waste management,8,0.038209867698333094,Low
guidewire integration,8,0.038209867698333094,Low
data testing,8,0.038209867698333094,Low
security analyst,8,0.038209867698333094,Low
working drawings,8,0.038209867698333094,Low
plc programming,8,0.038209867698333094,Low
hindi voice,8,0.038209867698333094,Low
and safety regulations,8,0.038209867698333094,Low
sutherland,8,0.038209867698333094,Low
traces,8,0.038209867698333094,Low
hr consulting,8,0.038209867698333094,Low
bfsi sales,8,0.038209867698333094,Low
ml development,8,0.038209867698333094,Low
data preparation,8,0.038209867698333094,Low
handling customer queries,8,0.038209867698333094,Low
travel industry,8,0.038209867698333094,Low
us it recruitment,8,0.038209867698333094,Low
search engine optimization,8,0.038209867698333094,Low
proof of concept,8,0.038209867698333094,Low
performance tests,8,0.038209867698333094,Low
be mechanical,8,0.038209867698333094,Low
glass,8,0.038209867698333094,Low
service portal,8,0.038209867698333094,Low
scss,8,0.038209867698333094,Low
day to day operations,8,0.038209867698333094,Low
broadband,8,0.038209867698333094,Low
grpc,8,0.038209867698333094,Low
brds,8,0.038209867698333094,Low
procurement planning,8,0.038209867698333094,Low
rest/soap apis,8,0.038209867698333094,Low
azure machine learning,8,0.038209867698333094,Low
voice sales,8,0.038209867698333094,Low
content writing,8,0.038209867698333094,Low
inspection reports,8,0.038209867698333094,Low
exit interviews,8,0.038209867698333094,Low
technology architecture,8,0.038209867698333094,Low
customer management,8,0.038209867698333094,Low
event coordination,8,0.038209867698333094,Low
application server,8,0.038209867698333094,Low
layer 2,8,0.038209867698333094,Low
steering,8,0.038209867698333094,Low
shell scripts,8,0.038209867698333094,Low
visual storytelling,8,0.038209867698333094,Low
pricing strategies,8,0.038209867698333094,Low
financial concepts,8,0.038209867698333094,Low
card payments,8,0.038209867698333094,Low
scrum ceremonies,8,0.038209867698333094,Low
mobile app development,8,0.038209867698333094,Low
android sdk,8,0.038209867698333094,Low
mvc framework,8,0.038209867698333094,Low
network performance,8,0.038209867698333094,Low
import documentation,8,0.038209867698333094,Low
material selection,8,0.038209867698333094,Low
sdlc life cycle,8,0.038209867698333094,Low
information architecture,8,0.038209867698333094,Low
linux commands,8,0.038209867698333094,Low
banners,8,0.038209867698333094,Low
application development methodologies,8,0.038209867698333094,Low
aggregates,8,0.038209867698333094,Low
mba hr,8,0.038209867698333094,Low
security architect,8,0.038209867698333094,Low
desktop applications,8,0.038209867698333094,Low
human resource business partner,8,0.038209867698333094,Low
variation,8,0.038209867698333094,Low
supplier relationship management,8,0.038209867698333094,Low
hr transformation,8,0.038209867698333094,Low
selenium webdriver,8,0.038209867698333094,Low
persuasion skills,8,0.038209867698333094,Low
nextjs,8,0.038209867698333094,Low
batch jobs,8,0.038209867698333094,Low
p&c,8,0.038209867698333094,Low
management information systems,8,0.038209867698333094,Low
system software,8,0.038209867698333094,Low
mpls,8,0.038209867698333094,Low
testrail,8,0.038209867698333094,Low
english language skills,8,0.038209867698333094,Low
software services,8,0.038209867698333094,Low
phlebotomist,8,0.038209867698333094,Low
ofac,8,0.038209867698333094,Low
financial crime compliance,8,0.038209867698333094,Low
voice executive,8,0.038209867698333094,Low
test management tools,8,0.038209867698333094,Low
editorial,8,0.038209867698333094,Low
azure or aws,8,0.038209867698333094,Low
cardiologist,8,0.038209867698333094,Low
supply chain planning,8,0.038209867698333094,Low
xslt,8,0.038209867698333094,Low
deeds,8,0.038209867698333094,Low
actuarial,8,0.038209867698333094,Low
export house,8,0.038209867698333094,Low
statutory audit,8,0.038209867698333094,Low
pre-sales activities,8,0.038209867698333094,Low
offboarding,8,0.038209867698333094,Low
pick-up,8,0.038209867698333094,Low
quality system,8,0.038209867698333094,Low
outward,8,0.038209867698333094,Low
3d cad,8,0.038209867698333094,Low
social media campaigns,8,0.038209867698333094,Low
compliance & risk management,8,0.038209867698333094,Low
moderation,8,0.038209867698333094,Low
professional skills,8,0.038209867698333094,Low
dell boomi,8,0.038209867698333094,Low
data visualizations,8,0.038209867698333094,Low
finance & accounting,8,0.038209867698333094,Low
sap knowledge,8,0.038209867698333094,Low
technical voice,8,0.038209867698333094,Low
trigger,8,0.038209867698333094,Low
pci dss,8,0.038209867698333094,Low
architectural solutions,8,0.038209867698333094,Low
market expansion,8,0.038209867698333094,Low
automation anywhere,8,0.038209867698333094,Low
loss prevention,8,0.038209867698333094,Low
fire & safety,8,0.038209867698333094,Low
statistical modeling,8,0.038209867698333094,Low
anomaly detection,8,0.038209867698333094,Low
rotary,8,0.038209867698333094,Low
reporting & analytics,8,0.038209867698333094,Low
golang developer,8,0.038209867698333094,Low
forensics,8,0.038209867698333094,Low
coal,8,0.038209867698333094,Low
punctuality,8,0.038209867698333094,Low
functional analyst,8,0.038209867698333094,Low
market data,8,0.038209867698333094,Low
product promotion,8,0.038209867698333094,Low
financial acumen,8,0.038209867698333094,Low
powerapps,8,0.038209867698333094,Low
sap mm consultant,8,0.038209867698333094,Low
premier acquisition manager-sales-sales,8,0.038209867698333094,Low
clean architecture,8,0.038209867698333094,Low
azure storage,8,0.038209867698333094,Low
fema,8,0.038209867698333094,Low
windows server administration,8,0.038209867698333094,Low
seo strategies,8,0.038209867698333094,Low
institutional sales,8,0.038209867698333094,Low
cert,8,0.038209867698333094,Low
books of accounts,8,0.038209867698333094,Low
technical expert,8,0.038209867698333094,Low
increase productivity,8,0.038209867698333094,Low
system support,8,0.038209867698333094,Low
finance transformation,8,0.038209867698333094,Low
project design,8,0.038209867698333094,Low
tool room,8,0.038209867698333094,Low
ping,8,0.038209867698333094,Low
parking,8,0.038209867698333094,Low
technical evaluation,8,0.038209867698333094,Low
microsoft azure data services,8,0.038209867698333094,Low
stress analysis,8,0.038209867698333094,Low
sql development,8,0.038209867698333094,Low
retail liabilities,8,0.038209867698333094,Low
software product development,8,0.038209867698333094,Low
ruby on rails,8,0.038209867698333094,Low
strong english communication,8,0.038209867698333094,Low
data integration tools,8,0.038209867698333094,Low
nism 8,8,0.038209867698333094,Low
center of excellence,8,0.038209867698333094,Low
mechanics,8,0.038209867698333094,Low
hvac systems,8,0.038209867698333094,Low
sap finance,8,0.038209867698333094,Low
corel draw,8,0.038209867698333094,Low
customer centric,8,0.038209867698333094,Low
saas products,8,0.038209867698333094,Low
corel,8,0.038209867698333094,Low
fighting,8,0.038209867698333094,Low
itam,8,0.038209867698333094,Low
xgboost,8,0.038209867698333094,Low
rockwell,8,0.038209867698333094,Low
medical coding jobs,8,0.038209867698333094,Low
planning & scheduling,8,0.038209867698333094,Low
written communications skills,7,0.033433634236041454,Low
senior data analyst,7,0.033433634236041454,Low
finance function,7,0.033433634236041454,Low
client billing,7,0.033433634236041454,Low
aem developer,7,0.033433634236041454,Low
derivatives trading,7,0.033433634236041454,Low
equity derivatives,7,0.033433634236041454,Low
industrial safety,7,0.033433634236041454,Low
apache nifi,7,0.033433634236041454,Low
calling executive,7,0.033433634236041454,Low
training manager,7,0.033433634236041454,Low
export executive,7,0.033433634236041454,Low
training content,7,0.033433634236041454,Low
budgeting and forecasting,7,0.033433634236041454,Low
microsoft windows server administration,7,0.033433634236041454,Low
databricks unified data analytics platform,7,0.033433634236041454,Low
marketo,7,0.033433634236041454,Low
technical bid,7,0.033433634236041454,Low
macro,7,0.033433634236041454,Low
document control,7,0.033433634236041454,Low
data modeller,7,0.033433634236041454,Low
tax advisory,7,0.033433634236041454,Low
jenkin,7,0.033433634236041454,Low
bond,7,0.033433634236041454,Low
udp,7,0.033433634236041454,Low
deep learning frameworks,7,0.033433634236041454,Low
b2b and b2c,7,0.033433634236041454,Low
administrative assistant,7,0.033433634236041454,Low
hdfc bank,7,0.033433634236041454,Low
software proficiency,7,0.033433634236041454,Low
customer relations,7,0.033433634236041454,Low
system admin,7,0.033433634236041454,Low
handling queries,7,0.033433634236041454,Low
lims,7,0.033433634236041454,Low
servicenow development,7,0.033433634236041454,Low
guideline,7,0.033433634236041454,Low
film,7,0.033433634236041454,Low
international call center,7,0.033433634236041454,Low
sap co,7,0.033433634236041454,Low
qa / qc,7,0.033433634236041454,Low
strong written and oral communication,7,0.033433634236041454,Low
fssai,7,0.033433634236041454,Low
nagios,7,0.033433634236041454,Low
composer,7,0.033433634236041454,Low
in patient,7,0.033433634236041454,Low
accounts & finance,7,0.033433634236041454,Low
maintenance management,7,0.033433634236041454,Low
cmms,7,0.033433634236041454,Low
test strategy,7,0.033433634236041454,Low
error handling,7,0.033433634236041454,Low
soap web services,7,0.033433634236041454,Low
sales strategy & execution,7,0.033433634236041454,Low
sales hiring,7,0.033433634236041454,Low
sap is,7,0.033433634236041454,Low
sales & distribution,7,0.033433634236041454,Low
filters,7,0.033433634236041454,Low
openai apis,7,0.033433634236041454,Low
steel detailing,7,0.033433634236041454,Low
sat & sun off,7,0.033433634236041454,Low
ui/ux design,7,0.033433634236041454,Low
basel,7,0.033433634236041454,Low
cloud support,7,0.033433634236041454,Low
donor,7,0.033433634236041454,Low
low level design,7,0.033433634236041454,Low
domestic market,7,0.033433634236041454,Low
ccsp,7,0.033433634236041454,Low
deal closure,7,0.033433634236041454,Low
ofsaa,7,0.033433634236041454,Low
internal communication,7,0.033433634236041454,Low
live chat,7,0.033433634236041454,Low
volume hiring,7,0.033433634236041454,Low
senior business development executive,7,0.033433634236041454,Low
presales executive,7,0.033433634236041454,Low
chief financial officer,7,0.033433634236041454,Low
sosl,7,0.033433634236041454,Low
cloud erp,7,0.033433634236041454,Low
presses,7,0.033433634236041454,Low
instrumentation engineer,7,0.033433634236041454,Low
medicaid,7,0.033433634236041454,Low
watson,7,0.033433634236041454,Low
data quality assurance,7,0.033433634236041454,Low
fraud risk management,7,0.033433634236041454,Low
microfinance,7,0.033433634236041454,Low
oncologists,7,0.033433634236041454,Low
network security engineer,7,0.033433634236041454,Low
process innovation,7,0.033433634236041454,Low
html/css,7,0.033433634236041454,Low
oracle e-business suite,7,0.033433634236041454,Low
threat modeling,7,0.033433634236041454,Low
underground,7,0.033433634236041454,Low
hydrogen,7,0.033433634236041454,Low
phlebotomy,7,0.033433634236041454,Low
lab technician,7,0.033433634236041454,Low
student recruitment,7,0.033433634236041454,Low
bpmn,7,0.033433634236041454,Low
finance process,7,0.033433634236041454,Low
application programming,7,0.033433634236041454,Low
leather,7,0.033433634236041454,Low
corporate legal,7,0.033433634236041454,Low
msme,7,0.033433634236041454,Low
international voice sales,7,0.033433634236041454,Low
threat intelligence,7,0.033433634236041454,Low
stamping,7,0.033433634236041454,Low
workday studio,7,0.033433634236041454,Low
control plan,7,0.033433634236041454,Low
check list,7,0.033433634236041454,Low
trello,7,0.033433634236041454,Low
microprocessor,7,0.033433634236041454,Low
change request,7,0.033433634236041454,Low
aws rds,7,0.033433634236041454,Low
seo specialist,7,0.033433634236041454,Low
matplotlib,7,0.033433634236041454,Low
internal medicine,7,0.033433634236041454,Low
security+,7,0.033433634236041454,Low
workday integration,7,0.033433634236041454,Low
product performance,7,0.033433634236041454,Low
blackline,7,0.033433634236041454,Low
healthcare management,7,0.033433634236041454,Low
computation,7,0.033433634236041454,Low
office administrator,7,0.033433634236041454,Low
database testing,7,0.033433634236041454,Low
crop,7,0.033433634236041454,Low
wards,7,0.033433634236041454,Low
genesys,7,0.033433634236041454,Low
equity advisor,7,0.033433634236041454,Low
snmp,7,0.033433634236041454,Low
cleaner,7,0.033433634236041454,Low
additives,7,0.033433634236041454,Low
microsoft project,7,0.033433634236041454,Low
ram,7,0.033433634236041454,Low
ops manager,7,0.033433634236041454,Low
orthopedic,7,0.033433634236041454,Low
tailoring,7,0.033433634236041454,Low
b2b lead generation,7,0.033433634236041454,Low
project life cycle,7,0.033433634236041454,Low
pinecone,7,0.033433634236041454,Low
office software,7,0.033433634236041454,Low
durables,7,0.033433634236041454,Low
consumer durables,7,0.033433634236041454,Low
customer support voice,7,0.033433634236041454,Low
systems software,7,0.033433634236041454,Low
catalyst,7,0.033433634236041454,Low
probability,7,0.033433634236041454,Low
purview,7,0.033433634236041454,Low
diamond,7,0.033433634236041454,Low
azure sql database,7,0.033433634236041454,Low
solution selling,7,0.033433634236041454,Low
opportunity management,7,0.033433634236041454,Low
articleship,7,0.033433634236041454,Low
sybase,7,0.033433634236041454,Low
digital innovation,7,0.033433634236041454,Low
azure monitor,7,0.033433634236041454,Low
revenue management,7,0.033433634236041454,Low
platform architecture,7,0.033433634236041454,Low
hr administration,7,0.033433634236041454,Low
bring up,7,0.033433634236041454,Low
4g,7,0.033433634236041454,Low
corporate affairs,7,0.033433634236041454,Low
videographer,7,0.033433634236041454,Low
branch administration,7,0.033433634236041454,Low
tcpdump,7,0.033433634236041454,Low
etherchannel,7,0.033433634236041454,Low
azure active directory,7,0.033433634236041454,Low
connector,7,0.033433634236041454,Low
automation engineering,7,0.033433634236041454,Low
communication protocols,7,0.033433634236041454,Low
applicant tracking system,7,0.033433634236041454,Low
risk & compliance,7,0.033433634236041454,Low
algebra,7,0.033433634236041454,Low
financial audit,7,0.033433634236041454,Low
cspo,7,0.033433634236041454,Low
utility maintenance,7,0.033433634236041454,Low
showroom sales,7,0.033433634236041454,Low
payroll management,7,0.033433634236041454,Low
lightning components,7,0.033433634236041454,Low
product demo,7,0.033433634236041454,Low
networking products,7,0.033433634236041454,Low
security systems,7,0.033433634236041454,Low
construction site,7,0.033433634236041454,Low
snow,7,0.033433634236041454,Low
churn,7,0.033433634236041454,Low
service contracts,7,0.033433634236041454,Low
engineering standards,7,0.033433634236041454,Low
tax analyst,7,0.033433634236041454,Low
corporate tax,7,0.033433634236041454,Low
network architecture,7,0.033433634236041454,Low
lan/wan,7,0.033433634236041454,Low
microcontroller,7,0.033433634236041454,Low
joining formalities,7,0.033433634236041454,Low
entra id,7,0.033433634236041454,Low
itbm,7,0.033433634236041454,Low
merchant onboarding,7,0.033433634236041454,Low
cash flow management,7,0.033433634236041454,Low
managing budgets,7,0.033433634236041454,Low
customer segmentation,7,0.033433634236041454,Low
servicenow modules,7,0.033433634236041454,Low
commercial vehicles,7,0.033433634236041454,Low
powershell scripting,7,0.033433634236041454,Low
organization skills,7,0.033433634236041454,Low
intake,7,0.033433634236041454,Low
sales navigator,7,0.033433634236041454,Low
cross-team collaboration,7,0.033433634236041454,Low
operational management,7,0.033433634236041454,Low
clinical trial,7,0.033433634236041454,Low
interaction design,7,0.033433634236041454,Low
transport management,7,0.033433634236041454,Low
crm management,7,0.033433634236041454,Low
front end development,7,0.033433634236041454,Low
design engineering,7,0.033433634236041454,Low
ppap,7,0.033433634236041454,Low
root-cause analysis,7,0.033433634236041454,Low
iris,7,0.033433634236041454,Low
qaqc,7,0.033433634236041454,Low
macos,7,0.033433634236041454,Low
chargeback,7,0.033433634236041454,Low
extensive travel,7,0.033433634236041454,Low
appeals,7,0.033433634236041454,Low
bajaj,7,0.033433634236041454,Low
new to bank,7,0.033433634236041454,Low
associate ii,7,0.033433634236041454,Low
international tax,7,0.033433634236041454,Low
compliance documentation,7,0.033433634236041454,Low
industrial equipment,7,0.033433634236041454,Low
threat detection,7,0.033433634236041454,Low
business central,7,0.033433634236041454,Low
communication & interpersonal skills,7,0.033433634236041454,Low
planning skills,7,0.033433634236041454,Low
hypermesh,7,0.033433634236041454,Low
sql server database,7,0.033433634236041454,Low
crm executive,7,0.033433634236041454,Low
enterprise risk,7,0.033433634236041454,Low
outpatient,7,0.033433634236041454,Low
conduit,7,0.033433634236041454,Low
product life cycle,7,0.033433634236041454,Low
airbnb,7,0.033433634236041454,Low
basic accounting,7,0.033433634236041454,Low
workfront,7,0.033433634236041454,Low
adobe xd,7,0.033433634236041454,Low
merchandise,7,0.033433634236041454,Low
radar,7,0.033433634236041454,Low
system verilog,7,0.033433634236041454,Low
educators,7,0.033433634236041454,Low
billing operations,7,0.033433634236041454,Low
apache tomcat,7,0.033433634236041454,Low
sales team leader,7,0.033433634236041454,Low
software configuration management,7,0.033433634236041454,Low
reference data,7,0.033433634236041454,Low
sales objectives,7,0.033433634236041454,Low
lending operations,7,0.033433634236041454,Low
brand campaigns,7,0.033433634236041454,Low
sap mdg,7,0.033433634236041454,Low
health agency,7,0.033433634236041454,Low
onnx,7,0.033433634236041454,Low
synopsys,7,0.033433634236041454,Low
including recruitment,7,0.033433634236041454,Low
blueprint,7,0.033433634236041454,Low
partitioning,7,0.033433634236041454,Low
enovia,7,0.033433634236041454,Low
adverse media,7,0.033433634236041454,Low
commi,7,0.033433634236041454,Low
failure analysis,7,0.033433634236041454,Low
scheduling meetings,7,0.033433634236041454,Low
google ai,7,0.033433634236041454,Low
conservation,7,0.033433634236041454,Low
data cloud,7,0.033433634236041454,Low
runbooks,7,0.033433634236041454,Low
clickhouse,7,0.033433634236041454,Low
inbound voice process,7,0.033433634236041454,Low
product innovation,7,0.033433634236041454,Low
law firm,7,0.033433634236041454,Low
employment laws,7,0.033433634236041454,Low
procure-to-pay,7,0.033433634236041454,Low
mobile application development,7,0.033433634236041454,Low
salesforce administrator,7,0.033433634236041454,Low
tax audit,7,0.033433634236041454,Low
stored procedure,7,0.033433634236041454,Low
myntra,7,0.033433634236041454,Low
icici,7,0.033433634236041454,Low
marketing professional,7,0.033433634236041454,Low
team coach,7,0.033433634236041454,Low
risk analyst,7,0.033433634236041454,Low
specialty chemicals,7,0.033433634236041454,Low
refunds,7,0.033433634236041454,Low
lifescience,7,0.033433634236041454,Low
navision,7,0.033433634236041454,Low
food processing,7,0.033433634236041454,Low
structural analysis,7,0.033433634236041454,Low
cons,7,0.033433634236041454,Low
plugin,7,0.033433634236041454,Low
lead developer,7,0.033433634236041454,Low
employee retention,7,0.033433634236041454,Low
optimize cloud,7,0.033433634236041454,Low
hvac design,7,0.033433634236041454,Low
openstack,7,0.033433634236041454,Low
hazardous,7,0.033433634236041454,Low
technology lead,7,0.033433634236041454,Low
tax return,7,0.033433634236041454,Low
counter sales,7,0.033433634236041454,Low
instrumentation engineering,7,0.033433634236041454,Low
module development,7,0.033433634236041454,Low
detailed engineering,7,0.033433634236041454,Low
utility systems,7,0.033433634236041454,Low
angular 8,7,0.033433634236041454,Low
technical writer,7,0.033433634236041454,Low
demi chef de partie,7,0.033433634236041454,Low
transporters,7,0.033433634236041454,Low
good in excel,7,0.033433634236041454,Low
junior staff,7,0.033433634236041454,Low
entertainment,7,0.033433634236041454,Low
detailer,7,0.033433634236041454,Low
bim software,7,0.033433634236041454,Low
shortlisting,7,0.033433634236041454,Low
captions,7,0.033433634236041454,Low
manhattan,7,0.033433634236041454,Low
cash flow statements,7,0.033433634236041454,Low
hostel,7,0.033433634236041454,Low
dietetics,7,0.033433634236041454,Low
income statements,7,0.033433634236041454,Low
packing material,7,0.033433634236041454,Low
endpoint protection,7,0.033433634236041454,Low
restaurant operations,7,0.033433634236041454,Low
food service,7,0.033433634236041454,Low
assistant restaurant manager,7,0.033433634236041454,Low
permit,7,0.033433634236041454,Low
injection moulding,7,0.033433634236041454,Low
law enforcement,7,0.033433634236041454,Low
pharm d,7,0.033433634236041454,Low
dynamo,7,0.033433634236041454,Low
steam,7,0.033433634236041454,Low
jigs,7,0.033433634236041454,Low
social media posts,7,0.033433634236041454,Low
integration developer,7,0.033433634236041454,Low
meraki,7,0.033433634236041454,Low
ansi,7,0.033433634236041454,Low
quality systems,7,0.033433634236041454,Low
consumable,7,0.033433634236041454,Low
opex,7,0.033433634236041454,Low
team support,7,0.033433634236041454,Low
brand marketing,7,0.033433634236041454,Low
retail sales executive,7,0.033433634236041454,Low
quantity surveying,7,0.033433634236041454,Low
module lead,7,0.033433634236041454,Low
banquets,7,0.033433634236041454,Low
research team,7,0.033433634236041454,Low
emotional intelligence,7,0.033433634236041454,Low
hr solutions,7,0.033433634236041454,Low
garments,7,0.033433634236041454,Low
brand manager,7,0.033433634236041454,Low
mobile automation,7,0.033433634236041454,Low
basic troubleshooting,7,0.033433634236041454,Low
algorithm design,7,0.033433634236041454,Low
windows application,7,0.033433634236041454,Low
market survey,7,0.033433634236041454,Low
sales tools,7,0.033433634236041454,Low
prototyping tools,7,0.033433634236041454,Low
adobe after effects,7,0.033433634236041454,Low
entry level,7,0.033433634236041454,Low
microservice architecture,7,0.033433634236041454,Low
vite,7,0.033433634236041454,Low
marketing support,7,0.033433634236041454,Low
bihar,7,0.033433634236041454,Low
adjudication,7,0.033433634236041454,Low
autosys,7,0.033433634236041454,Low
infographics,7,0.033433634236041454,Low
credit policy,7,0.033433634236041454,Low
technical staff,7,0.033433634236041454,Low
qa analyst,7,0.033433634236041454,Low
xunit,7,0.033433634236041454,Low
merchant acquiring,7,0.033433634236041454,Low
data dictionary,7,0.033433634236041454,Low
infrastructure automation,7,0.033433634236041454,Low
microsoft intune,7,0.033433634236041454,Low
local travel,7,0.033433634236041454,Low
bundling,7,0.033433634236041454,Low
system analysis,7,0.033433634236041454,Low
housekeeping executive,7,0.033433634236041454,Low
social listening,7,0.033433634236041454,Low
sales target achievement,7,0.033433634236041454,Low
sales cycles,7,0.033433634236041454,Low
basic technical knowledge,7,0.033433634236041454,Low
computer savvy,7,0.033433634236041454,Low
calendar management,7,0.033433634236041454,Low
quality & compliance,7,0.033433634236041454,Low
international calling,7,0.033433634236041454,Low
state head,7,0.033433634236041454,Low
after-sales service,7,0.033433634236041454,Low
customer onboarding,7,0.033433634236041454,Low
sap cpi,7,0.033433634236041454,Low
training delivery,7,0.033433634236041454,Low
sap abap developer,7,0.033433634236041454,Low
synapse analytics,7,0.033433634236041454,Low
scalable and high-performance,7,0.033433634236041454,Low
database performance tuning,7,0.033433634236041454,Low
azure logic apps,7,0.033433634236041454,Low
hlookup,7,0.033433634236041454,Low
prod,7,0.033433634236041454,Low
itsm tools,7,0.033433634236041454,Low
inventory optimization,7,0.033433634236041454,Low
policy center,7,0.033433634236041454,Low
guidewire policy center,7,0.033433634236041454,Low
mean stack,7,0.033433634236041454,Low
ui testing,7,0.033433634236041454,Low
collection targets,7,0.033433634236041454,Low
linkedin ads,7,0.033433634236041454,Low
application management,7,0.033433634236041454,Low
department manager,7,0.033433634236041454,Low
neurosurgeon,7,0.033433634236041454,Low
rtgs,7,0.033433634236041454,Low
tender executive,7,0.033433634236041454,Low
salesforce cpq,7,0.033433634236041454,Low
ab initio,7,0.033433634236041454,Low
centre manager,7,0.033433634236041454,Low
content moderation,7,0.033433634236041454,Low
government agencies,7,0.033433634236041454,Low
dashboarding,7,0.033433634236041454,Low
data bricks,7,0.033433634236041454,Low
etl development,7,0.033433634236041454,Low
component lifecycle,7,0.033433634236041454,Low
sap ui5,7,0.033433634236041454,Low
trade sales,7,0.033433634236041454,Low
mold,7,0.033433634236041454,Low
design calculations,7,0.033433634236041454,Low
scheduling appointments,7,0.033433634236041454,Low
dependency injection,7,0.033433634236041454,Low
retail outlets,7,0.033433634236041454,Low
leave management,7,0.033433634236041454,Low
gynaecology,7,0.033433634236041454,Low
initio,7,0.033433634236041454,Low
servo,7,0.033433634236041454,Low
direct marketing,7,0.033433634236041454,Low
data reporting,7,0.033433634236041454,Low
bricks,7,0.033433634236041454,Low
charging,7,0.033433634236041454,Low
embedded system,7,0.033433634236041454,Low
dot net core,7,0.033433634236041454,Low
retail projects,7,0.033433634236041454,Low
health and safety compliance,7,0.033433634236041454,Low
sap business technology platform,7,0.033433634236041454,Low
capm,7,0.033433634236041454,Low
civil construction,7,0.033433634236041454,Low
logical reasoning,7,0.033433634236041454,Low
field support,7,0.033433634236041454,Low
engineering drawing,7,0.033433634236041454,Low
category manager,7,0.033433634236041454,Low
tablets,7,0.033433634236041454,Low
drills,7,0.033433634236041454,Low
scorecard,7,0.033433634236041454,Low
logistics management,7,0.033433634236041454,Low
mixing,7,0.033433634236041454,Low
continuous process improvement,7,0.033433634236041454,Low
staad,7,0.033433634236041454,Low
software design patterns,7,0.033433634236041454,Low
vendor invoices,7,0.033433634236041454,Low
techno-functional consultant,7,0.033433634236041454,Low
sap hcm,7,0.033433634236041454,Low
problem analysis,7,0.033433634236041454,Low
orm frameworks,7,0.033433634236041454,Low
report development,7,0.033433634236041454,Low
7 qc tools,7,0.033433634236041454,Low
refund,7,0.033433634236041454,Low
netweaver,7,0.033433634236041454,Low
ricefw,7,0.033433634236041454,Low
manufacturing engineering,7,0.033433634236041454,Low
cloud deployment,7,0.033433634236041454,Low
conditional access,7,0.033433634236041454,Low
bilingual,7,0.033433634236041454,Low
junior accountant,7,0.033433634236041454,Low
integration services,7,0.033433634236041454,Low
ind as,7,0.033433634236041454,Low
informatica mdm,7,0.033433634236041454,Low
sales agent,7,0.033433634236041454,Low
qliksense,7,0.033433634236041454,Low
insurance sector,7,0.033433634236041454,Low
fluent communication,6,0.02865740077374982,Low
us client,6,0.02865740077374982,Low
field sales officer,6,0.02865740077374982,Low
database engineer,6,0.02865740077374982,Low
brokerage generation,6,0.02865740077374982,Low
mulesoft developer,6,0.02865740077374982,Low
windows and linux,6,0.02865740077374982,Low
remote desktop,6,0.02865740077374982,Low
chillers,6,0.02865740077374982,Low
net web api,6,0.02865740077374982,Low
schneider,6,0.02865740077374982,Low
docker containers,6,0.02865740077374982,Low
furnace,6,0.02865740077374982,Low
open shift,6,0.02865740077374982,Low
mounting,6,0.02865740077374982,Low
algorithm development,6,0.02865740077374982,Low
keen attention to detail,6,0.02865740077374982,Low
business architect,6,0.02865740077374982,Low
data sheets,6,0.02865740077374982,Low
payment gateways,6,0.02865740077374982,Low
closing sales,6,0.02865740077374982,Low
piping design,6,0.02865740077374982,Low
paid media,6,0.02865740077374982,Low
personal protective equipment,6,0.02865740077374982,Low
vetting,6,0.02865740077374982,Low
construction chemicals,6,0.02865740077374982,Low
client operations,6,0.02865740077374982,Low
design quality,6,0.02865740077374982,Low
fuse,6,0.02865740077374982,Low
p&ids,6,0.02865740077374982,Low
kinesis,6,0.02865740077374982,Low
rpa developer,6,0.02865740077374982,Low
soldering,6,0.02865740077374982,Low
javascript and jquery,6,0.02865740077374982,Low
middle mile,6,0.02865740077374982,Low
fashion consultant,6,0.02865740077374982,Low
federation,6,0.02865740077374982,Low
nist csf,6,0.02865740077374982,Low
decision making skills,6,0.02865740077374982,Low
cloud sales,6,0.02865740077374982,Low
general ledger accounting,6,0.02865740077374982,Low
ledger accounting,6,0.02865740077374982,Low
pedagogy,6,0.02865740077374982,Low
engineering calculations,6,0.02865740077374982,Low
salesforce integration,6,0.02865740077374982,Low
presentation and communication skills,6,0.02865740077374982,Low
primary and secondary sales,6,0.02865740077374982,Low
sales order,6,0.02865740077374982,Low
territory business manager,6,0.02865740077374982,Low
analyst 2,6,0.02865740077374982,Low
centos,6,0.02865740077374982,Low
bluetooth,6,0.02865740077374982,Low
jtag,6,0.02865740077374982,Low
ga4,6,0.02865740077374982,Low
finance modules,6,0.02865740077374982,Low
platform expertise,6,0.02865740077374982,Low
inbound/outbound calls,6,0.02865740077374982,Low
web analytics,6,0.02865740077374982,Low
kpi tracking,6,0.02865740077374982,Low
integration consultant,6,0.02865740077374982,Low
customer success manager,6,0.02865740077374982,Low
m pharm,6,0.02865740077374982,Low
mysql or postgresql,6,0.02865740077374982,Low
process modelling,6,0.02865740077374982,Low
quality assurance and quality control,6,0.02865740077374982,Low
handling escalations,6,0.02865740077374982,Low
product launch,6,0.02865740077374982,Low
backoffice,6,0.02865740077374982,Low
c#.net,6,0.02865740077374982,Low
react/angular,6,0.02865740077374982,Low
data replication,6,0.02865740077374982,Low
heap,6,0.02865740077374982,Low
educator,6,0.02865740077374982,Low
subsea,6,0.02865740077374982,Low
documentation tools,6,0.02865740077374982,Low
test design,6,0.02865740077374982,Low
commercial banking,6,0.02865740077374982,Low
credit approvals,6,0.02865740077374982,Low
cafe,6,0.02865740077374982,Low
salesforce solutions,6,0.02865740077374982,Low
actimize,6,0.02865740077374982,Low
teradata,6,0.02865740077374982,Low
chief manager,6,0.02865740077374982,Low
crewai,6,0.02865740077374982,Low
probe,6,0.02865740077374982,Low
ccpa,6,0.02865740077374982,Low
security manager,6,0.02865740077374982,Low
return filing,6,0.02865740077374982,Low
injectables,6,0.02865740077374982,Low
group policy,6,0.02865740077374982,Low
amplitude,6,0.02865740077374982,Low
greet and assist visitors,6,0.02865740077374982,Low
organizational abilities,6,0.02865740077374982,Low
paid search,6,0.02865740077374982,Low
community management,6,0.02865740077374982,Low
housekeeping staff,6,0.02865740077374982,Low
mobile ui,6,0.02865740077374982,Low
technical program management,6,0.02865740077374982,Low
monitor sales,6,0.02865740077374982,Low
tactical planning,6,0.02865740077374982,Low
sanctions,6,0.02865740077374982,Low
go lang,6,0.02865740077374982,Low
global sourcing,6,0.02865740077374982,Low
event executive,6,0.02865740077374982,Low
vendor evaluation,6,0.02865740077374982,Low
ms project / primavera,6,0.02865740077374982,Low
vba macros,6,0.02865740077374982,Low
css frameworks,6,0.02865740077374982,Low
parcel,6,0.02865740077374982,Low
react query,6,0.02865740077374982,Low
react router,6,0.02865740077374982,Low
visual effects,6,0.02865740077374982,Low
reporting services,6,0.02865740077374982,Low
legal counsel,6,0.02865740077374982,Low
engagement management,6,0.02865740077374982,Low
trader,6,0.02865740077374982,Low
and efficient manner,6,0.02865740077374982,Low
system security,6,0.02865740077374982,Low
advertisement,6,0.02865740077374982,Low
recall,6,0.02865740077374982,Low
senior principal,6,0.02865740077374982,Low
fccs,6,0.02865740077374982,Low
sales engineering,6,0.02865740077374982,Low
backlog refinement,6,0.02865740077374982,Low
junior executive,6,0.02865740077374982,Low
operation team,6,0.02865740077374982,Low
banking sales,6,0.02865740077374982,Low
scale up,6,0.02865740077374982,Low
interpersonal communication,6,0.02865740077374982,Low
diet,6,0.02865740077374982,Low
dietician,6,0.02865740077374982,Low
business systems analyst,6,0.02865740077374982,Low
data cleansing,6,0.02865740077374982,Low
monitoring solutions,6,0.02865740077374982,Low
unified communication,6,0.02865740077374982,Low
rate analysis,6,0.02865740077374982,Low
mechanical components,6,0.02865740077374982,Low
milling,6,0.02865740077374982,Low
commercial sales,6,0.02865740077374982,Low
tendering process,6,0.02865740077374982,Low
industrial automation products,6,0.02865740077374982,Low
shift planning,6,0.02865740077374982,Low
write off,6,0.02865740077374982,Low
application processing,6,0.02865740077374982,Low
environmental regulations,6,0.02865740077374982,Low
ventilation,6,0.02865740077374982,Low
epc projects,6,0.02865740077374982,Low
international codes,6,0.02865740077374982,Low
refinery,6,0.02865740077374982,Low
subject knowledge,6,0.02865740077374982,Low
widgets,6,0.02865740077374982,Low
digital design,6,0.02865740077374982,Low
close out,6,0.02865740077374982,Low
customs clearance,6,0.02865740077374982,Low
grinding,6,0.02865740077374982,Low
commvault,6,0.02865740077374982,Low
corrosion,6,0.02865740077374982,Low
approval process,6,0.02865740077374982,Low
regulatory filings,6,0.02865740077374982,Low
structural steel,6,0.02865740077374982,Low
visualizing,6,0.02865740077374982,Low
scrum framework,6,0.02865740077374982,Low
factory manager,6,0.02865740077374982,Low
ui automation,6,0.02865740077374982,Low
autocad 2d,6,0.02865740077374982,Low
fusion financials,6,0.02865740077374982,Low
private cloud,6,0.02865740077374982,Low
mttr,6,0.02865740077374982,Low
structural designer,6,0.02865740077374982,Low
autodesk revit,6,0.02865740077374982,Low
hazards,6,0.02865740077374982,Low
p&id,6,0.02865740077374982,Low
offer negotiation,6,0.02865740077374982,Low
performance review,6,0.02865740077374982,Low
message brokers,6,0.02865740077374982,Low
bpo recruitment,6,0.02865740077374982,Low
compliance management,6,0.02865740077374982,Low
dg sets,6,0.02865740077374982,Low
sales call,6,0.02865740077374982,Low
bid management,6,0.02865740077374982,Low
japan,6,0.02865740077374982,Low
iphone,6,0.02865740077374982,Low
accounting process,6,0.02865740077374982,Low
aveva,6,0.02865740077374982,Low
facility maintenance,6,0.02865740077374982,Low
repair and maintenance,6,0.02865740077374982,Low
civil 3d,6,0.02865740077374982,Low
sanitary,6,0.02865740077374982,Low
procurement strategies,6,0.02865740077374982,Low
sap sd consultant,6,0.02865740077374982,Low
order-to-cash,6,0.02865740077374982,Low
patents,6,0.02865740077374982,Low
zero trust,6,0.02865740077374982,Low
soap api,6,0.02865740077374982,Low
outside sales,6,0.02865740077374982,Low
idocs,6,0.02865740077374982,Low
physical education,6,0.02865740077374982,Low
field operations,6,0.02865740077374982,Low
deduction,6,0.02865740077374982,Low
consultant gynecologist,6,0.02865740077374982,Low
service advisor,6,0.02865740077374982,Low
sql dba,6,0.02865740077374982,Low
mba fresher,6,0.02865740077374982,Low
lecturer,6,0.02865740077374982,Low
software development manager,6,0.02865740077374982,Low
communication engineering,6,0.02865740077374982,Low
track key performance indicators,6,0.02865740077374982,Low
collection manager,6,0.02865740077374982,Low
icsi,6,0.02865740077374982,Low
cloud cost,6,0.02865740077374982,Low
sap solution,6,0.02865740077374982,Low
project controller,6,0.02865740077374982,Low
pantry,6,0.02865740077374982,Low
payroll software,6,0.02865740077374982,Low
fusion scm,6,0.02865740077374982,Low
investment strategies,6,0.02865740077374982,Low
work management,6,0.02865740077374982,Low
feeding,6,0.02865740077374982,Low
reverse engineering,6,0.02865740077374982,Low
documentation & compliance,6,0.02865740077374982,Low
center manager,6,0.02865740077374982,Low
network monitoring,6,0.02865740077374982,Low
quality compliance,6,0.02865740077374982,Low
turbine,6,0.02865740077374982,Low
ppc campaigns,6,0.02865740077374982,Low
gynaecologist,6,0.02865740077374982,Low
angular 12,6,0.02865740077374982,Low
travel consultant,6,0.02865740077374982,Low
association,6,0.02865740077374982,Low
azure security,6,0.02865740077374982,Low
database developer,6,0.02865740077374982,Low
industry research,6,0.02865740077374982,Low
alorica,6,0.02865740077374982,Low
sagility,6,0.02865740077374982,Low
mep design,6,0.02865740077374982,Low
pediatrician,6,0.02865740077374982,Low
landscaping,6,0.02865740077374982,Low
sales team lead,6,0.02865740077374982,Low
spss,6,0.02865740077374982,Low
customer lifecycle,6,0.02865740077374982,Low
custody,6,0.02865740077374982,Low
core sales,6,0.02865740077374982,Low
tesseract,6,0.02865740077374982,Low
exception handling,6,0.02865740077374982,Low
planning analyst,6,0.02865740077374982,Low
assembly processes,6,0.02865740077374982,Low
component selection,6,0.02865740077374982,Low
always on,6,0.02865740077374982,Low
senior financial analyst,6,0.02865740077374982,Low
adobe forms,6,0.02865740077374982,Low
badi,6,0.02865740077374982,Low
current accounts,6,0.02865740077374982,Low
desktop management,6,0.02865740077374982,Low
loan applications,6,0.02865740077374982,Low
volunteering,6,0.02865740077374982,Low
collibra,6,0.02865740077374982,Low
data lineage,6,0.02865740077374982,Low
crowdstrike,6,0.02865740077374982,Low
audit compliance,6,0.02865740077374982,Low
21 cfr,6,0.02865740077374982,Low
hirings,6,0.02865740077374982,Low
no sql,6,0.02865740077374982,Low
electrical system,6,0.02865740077374982,Low
recruitment and development,6,0.02865740077374982,Low
mdm solutions,6,0.02865740077374982,Low
client delivery,6,0.02865740077374982,Low
serving customers,6,0.02865740077374982,Low
facility management services,6,0.02865740077374982,Low
visual arts,6,0.02865740077374982,Low
method development,6,0.02865740077374982,Low
banglore,6,0.02865740077374982,Low
product architecture,6,0.02865740077374982,Low
hr support,6,0.02865740077374982,Low
transportation management,6,0.02865740077374982,Low
horeca,6,0.02865740077374982,Low
logistics manager,6,0.02865740077374982,Low
hospitality management,6,0.02865740077374982,Low
ahrefs,6,0.02865740077374982,Low
up-selling,6,0.02865740077374982,Low
quality monitoring,6,0.02865740077374982,Low
vbcs,6,0.02865740077374982,Low
mobile application developer,6,0.02865740077374982,Low
underwriter,6,0.02865740077374982,Low
cbap,6,0.02865740077374982,Low
with compliance,6,0.02865740077374982,Low
rhce,6,0.02865740077374982,Low
rhcsa,6,0.02865740077374982,Low
strong leadership and communication,6,0.02865740077374982,Low
incident tickets,6,0.02865740077374982,Low
vsam,6,0.02865740077374982,Low
sales promotion,6,0.02865740077374982,Low
quality audit,6,0.02865740077374982,Low
desktop engineer,6,0.02865740077374982,Low
assistant general manager,6,0.02865740077374982,Low
medical records,6,0.02865740077374982,Low
epic software,6,0.02865740077374982,Low
global projects,6,0.02865740077374982,Low
chemical process,6,0.02865740077374982,Low
bpo customer service,6,0.02865740077374982,Low
jetpack compose,6,0.02865740077374982,Low
linkedin sales,6,0.02865740077374982,Low
linkedin sales navigator,6,0.02865740077374982,Low
medical sales,6,0.02865740077374982,Low
sap b1,6,0.02865740077374982,Low
osha,6,0.02865740077374982,Low
bpo operations,6,0.02865740077374982,Low
document preparation,6,0.02865740077374982,Low
itil process,6,0.02865740077374982,Low
fashion designer,6,0.02865740077374982,Low
fiori apps,6,0.02865740077374982,Low
environmental science,6,0.02865740077374982,Low
liasioning,6,0.02865740077374982,Low
maintenance manager,6,0.02865740077374982,Low
scrum product owner,6,0.02865740077374982,Low
registrar,6,0.02865740077374982,Low
sebi regulations,6,0.02865740077374982,Low
project completion,6,0.02865740077374982,Low
employee onboarding,6,0.02865740077374982,Low
aws s3,6,0.02865740077374982,Low
claimcenter,6,0.02865740077374982,Low
linear algebra,6,0.02865740077374982,Low
operation manager,6,0.02865740077374982,Low
accounting support,6,0.02865740077374982,Low
security policy,6,0.02865740077374982,Low
native android,6,0.02865740077374982,Low
github/gitlab,6,0.02865740077374982,Low
signal processing,6,0.02865740077374982,Low
equity dealing,6,0.02865740077374982,Low
foundever,6,0.02865740077374982,Low
creative designer,6,0.02865740077374982,Low
cloud hcm,6,0.02865740077374982,Low
oracle cloud hcm,6,0.02865740077374982,Low
depreciation,6,0.02865740077374982,Low
adls,6,0.02865740077374982,Low
serverless architecture,6,0.02865740077374982,Low
nursing staff,6,0.02865740077374982,Low
apigee,6,0.02865740077374982,Low
b.pharma,6,0.02865740077374982,Low
application engineering,6,0.02865740077374982,Low
heavy machinery,6,0.02865740077374982,Low
walmart,6,0.02865740077374982,Low
qa methodologies,6,0.02865740077374982,Low
retrieval augmented generation,6,0.02865740077374982,Low
semi voice process,6,0.02865740077374982,Low
preschool,6,0.02865740077374982,Low
market strategy,6,0.02865740077374982,Low
reactors,6,0.02865740077374982,Low
sales and collection,6,0.02865740077374982,Low
l2/l3 support,6,0.02865740077374982,Low
quality testing,6,0.02865740077374982,Low
nunit,6,0.02865740077374982,Low
d365 f&o,6,0.02865740077374982,Low
guest relation,6,0.02865740077374982,Low
network support,6,0.02865740077374982,Low
assembly line,6,0.02865740077374982,Low
spice,6,0.02865740077374982,Low
tandoor,6,0.02865740077374982,Low
simulink,6,0.02865740077374982,Low
l1 support,6,0.02865740077374982,Low
reltio,6,0.02865740077374982,Low
production engineering,6,0.02865740077374982,Low
villas,6,0.02865740077374982,Low
nessus,6,0.02865740077374982,Low
reactive programming,6,0.02865740077374982,Low
spring boot framework,6,0.02865740077374982,Low
data analytical,6,0.02865740077374982,Low
flink,6,0.02865740077374982,Low
academic operations,6,0.02865740077374982,Low
uhni,6,0.02865740077374982,Low
network development,6,0.02865740077374982,Low
credit analysis,6,0.02865740077374982,Low
credit control,6,0.02865740077374982,Low
etl developer,6,0.02865740077374982,Low
infrastructure management services,6,0.02865740077374982,Low
it consulting,6,0.02865740077374982,Low
herbal,6,0.02865740077374982,Low
network administrator,6,0.02865740077374982,Low
salesforce platform developer,6,0.02865740077374982,Low
mariadb,6,0.02865740077374982,Low
circuit breakers,6,0.02865740077374982,Low
mena,6,0.02865740077374982,Low
lt panels,6,0.02865740077374982,Low
fixed night shift,6,0.02865740077374982,Low
ticket size,6,0.02865740077374982,Low
blazor,6,0.02865740077374982,Low
cooling towers,6,0.02865740077374982,Low
digital business,6,0.02865740077374982,Low
appoint,6,0.02865740077374982,Low
toolkits,6,0.02865740077374982,Low
bnpl,6,0.02865740077374982,Low
hardware installation,6,0.02865740077374982,Low
orchestrator,6,0.02865740077374982,Low
soap/rest,6,0.02865740077374982,Low
camunda,6,0.02865740077374982,Low
bug tracking,6,0.02865740077374982,Low
mlops engineer,6,0.02865740077374982,Low
maintain crm,6,0.02865740077374982,Low
oracle fusion hcm,6,0.02865740077374982,Low
online platforms,6,0.02865740077374982,Low
ayurveda,6,0.02865740077374982,Low
fusion erp,6,0.02865740077374982,Low
fusion hcm,6,0.02865740077374982,Low
personal loan,6,0.02865740077374982,Low
tax manager,6,0.02865740077374982,Low
ecom,6,0.02865740077374982,Low
food products,6,0.02865740077374982,Low
web security,6,0.02865740077374982,Low
stake holder management,6,0.02865740077374982,Low
call volume,6,0.02865740077374982,Low
heat exchanger,6,0.02865740077374982,Low
infotainment,6,0.02865740077374982,Low
yocto,6,0.02865740077374982,Low
customer relationship executive,6,0.02865740077374982,Low
sap erp,6,0.02865740077374982,Low
technical support executive,6,0.02865740077374982,Low
us clients,6,0.02865740077374982,Low
non it recruiter,6,0.02865740077374982,Low
fresher or experience,6,0.02865740077374982,Low
dmrd,6,0.02865740077374982,Low
cost savings,6,0.02865740077374982,Low
it asset management,6,0.02865740077374982,Low
sr. consultant,6,0.02865740077374982,Low
oltp,6,0.02865740077374982,Low
tax preparation,6,0.02865740077374982,Low
design lead,6,0.02865740077374982,Low
ebs technical,6,0.02865740077374982,Low
otbi reports,6,0.02865740077374982,Low
ub04,6,0.02865740077374982,Low
stainless steel,6,0.02865740077374982,Low
content creator,6,0.02865740077374982,Low
private banking,6,0.02865740077374982,Low
html and css,6,0.02865740077374982,Low
order fulfillment,6,0.02865740077374982,Low
md/ms,6,0.02865740077374982,Low
fhir,6,0.02865740077374982,Low
protractor,6,0.02865740077374982,Low
enterprise architect,6,0.02865740077374982,Low
low latency,6,0.02865740077374982,Low
service improvement,6,0.02865740077374982,Low
active directory administration,6,0.02865740077374982,Low
starters,6,0.02865740077374982,Low
guest services,6,0.02865740077374982,Low
visual communication,6,0.02865740077374982,Low
sap security,6,0.02865740077374982,Low
ixia,6,0.02865740077374982,Low
spirent,6,0.02865740077374982,Low
platform services,6,0.02865740077374982,Low
dermatology,6,0.02865740077374982,Low
e-commerce platforms,6,0.02865740077374982,Low
manager operations,6,0.02865740077374982,Low
store supervisor,6,0.02865740077374982,Low
new zealand,6,0.02865740077374982,Low
endpoint security,6,0.02865740077374982,Low
react developer,6,0.02865740077374982,Low
sugar,6,0.02865740077374982,Low
daily accounting,6,0.02865740077374982,Low
english writing,6,0.02865740077374982,Low
salesforce commerce,6,0.02865740077374982,Low
salesforce commerce cloud,6,0.02865740077374982,Low
lead auditor,6,0.02865740077374982,Low
plcs,6,0.02865740077374982,Low
sourcing & procurement,6,0.02865740077374982,Low
cognitive services,6,0.02865740077374982,Low
smart forms,6,0.02865740077374982,Low
automation using python,6,0.02865740077374982,Low
capital management,6,0.02865740077374982,Low
human capital,6,0.02865740077374982,Low
airbus,6,0.02865740077374982,Low
technical documents,6,0.02865740077374982,Low
linux device drivers,6,0.02865740077374982,Low
salesforce certification,6,0.02865740077374982,Low
cloud data platform,6,0.02865740077374982,Low
cloudfront,6,0.02865740077374982,Low
roas,6,0.02865740077374982,Low
test case design,6,0.02865740077374982,Low
fast learner,6,0.02865740077374982,Low
billing processes,6,0.02865740077374982,Low
stakeholder coordination,6,0.02865740077374982,Low
flight sales,6,0.02865740077374982,Low
pathways,6,0.02865740077374982,Low
it manager,6,0.02865740077374982,Low
central finance,6,0.02865740077374982,Low
cards domain,6,0.02865740077374982,Low
dimension,6,0.02865740077374982,Low
multilingual,6,0.02865740077374982,Low
photography,6,0.02865740077374982,Low
smartsheet,6,0.02865740077374982,Low
audit executive,6,0.02865740077374982,Low
batch manufacturing record,6,0.02865740077374982,Low
final cut pro,6,0.02865740077374982,Low
network design,6,0.02865740077374982,Low
honeywell,6,0.02865740077374982,Low
washing,6,0.02865740077374982,Low
continuous integration and continuous delivery,6,0.02865740077374982,Low
sap s/4 hana,6,0.02865740077374982,Low
disciplining,6,0.02865740077374982,Low
sla management,6,0.02865740077374982,Low
b2b / b2c,6,0.02865740077374982,Low
technical analyst,6,0.02865740077374982,Low
log analytics,6,0.02865740077374982,Low
wordpress developer,6,0.02865740077374982,Low
guest service associate,6,0.02865740077374982,Low
sap qm,6,0.02865740077374982,Low
production supervisor,6,0.02865740077374982,Low
sap s4,6,0.02865740077374982,Low
delmia,6,0.02865740077374982,Low
wastewater treatment,6,0.02865740077374982,Low
us it staffing,6,0.02865740077374982,Low
setter,6,0.02865740077374982,Low
fund accounting,6,0.02865740077374982,Low
pmcs,6,0.02865740077374982,Low
java multithreading,6,0.02865740077374982,Low
technical voice process,6,0.02865740077374982,Low
code coverage,6,0.02865740077374982,Low
product reliability,6,0.02865740077374982,Low
sap businessobjects,6,0.02865740077374982,Low
web accessibility,6,0.02865740077374982,Low
vacuum,6,0.02865740077374982,Low
device driver development,6,0.02865740077374982,Low
troubleshooting technical issues,6,0.02865740077374982,Low
infrastructure monitoring,6,0.02865740077374982,Low
dast,6,0.02865740077374982,Low
sast,6,0.02865740077374982,Low
application modernization,6,0.02865740077374982,Low
red flags,6,0.02865740077374982,Low
life cycle management,6,0.02865740077374982,Low
firstsource,6,0.02865740077374982,Low
product adoption,6,0.02865740077374982,Low
hr recruitment,6,0.02865740077374982,Low
b.a,6,0.02865740077374982,Low
public policy,6,0.02865740077374982,Low
inbound customer service,6,0.02865740077374982,Low
quality head,6,0.02865740077374982,Low
solar power,6,0.02865740077374982,Low
oracle plsql,6,0.02865740077374982,Low
teaming,6,0.02865740077374982,Low
recruitment development manager,6,0.02865740077374982,Low
growth strategy,6,0.02865740077374982,Low
salesforce.com,6,0.02865740077374982,Low
g suite,6,0.02865740077374982,Low
gd & t,6,0.02865740077374982,Low
call center executive,6,0.02865740077374982,Low
classical,6,0.02865740077374982,Low
wires,6,0.02865740077374982,Low
ml ops,6,0.02865740077374982,Low
supplier selection,6,0.02865740077374982,Low
injection molding,6,0.02865740077374982,Low
site coordination,6,0.02865740077374982,Low
telemarketing,6,0.02865740077374982,Low
tamil voice process,6,0.02865740077374982,Low
power design,6,0.02865740077374982,Low
technical specification,6,0.02865740077374982,Low
bscit,6,0.02865740077374982,Low
veterinary,6,0.02865740077374982,Low
managing partner,6,0.02865740077374982,Low
risk strategy,6,0.02865740077374982,Low
property manager,6,0.02865740077374982,Low
identity management,6,0.02865740077374982,Low
international sales process,6,0.02865740077374982,Low
process validation,6,0.02865740077374982,Low
system knowledge,6,0.02865740077374982,Low
puppeteer,6,0.02865740077374982,Low
system analyst,6,0.02865740077374982,Low
impala,6,0.02865740077374982,Low
process transformation,6,0.02865740077374982,Low
sap mm module,6,0.02865740077374982,Low
oracle database administration,6,0.02865740077374982,Low
kernel development,6,0.02865740077374982,Low
technology sales,6,0.02865740077374982,Low
team leader operations,6,0.02865740077374982,Low
international customer care executive,6,0.02865740077374982,Low
analyst ii,6,0.02865740077374982,Low
intrusion detection,6,0.02865740077374982,Low
tsql,6,0.02865740077374982,Low
dynamics 365 crm,6,0.02865740077374982,Low
incident manager,6,0.02865740077374982,Low
aiops,6,0.02865740077374982,Low
crm solutions,6,0.02865740077374982,Low
quoting,6,0.02865740077374982,Low
service design,6,0.02865740077374982,Low
mobile testing,6,0.02865740077374982,Low
aws/gcp/azure,6,0.02865740077374982,Low
android application,6,0.02865740077374982,Low
corporate banking,6,0.02865740077374982,Low
ado.net,6,0.02865740077374982,Low
secrets manager,6,0.02865740077374982,Low
fifo,6,0.02865740077374982,Low
business expansion,6,0.02865740077374982,Low
field engineer,6,0.02865740077374982,Low
testing and commissioning,6,0.02865740077374982,Low
sonar,6,0.02865740077374982,Low
absence management,6,0.02865740077374982,Low
periodic review,6,0.02865740077374982,Low
cube,6,0.02865740077374982,Low
product engineer,6,0.02865740077374982,Low
togaf,6,0.02865740077374982,Low
team work,6,0.02865740077374982,Low
contract negotiation,6,0.02865740077374982,Low
retail operations,6,0.02865740077374982,Low
tech sales,6,0.02865740077374982,Low
people development,6,0.02865740077374982,Low
gears,6,0.02865740077374982,Low
cricket,6,0.02865740077374982,Low
copyright,6,0.02865740077374982,Low
product analyst,6,0.02865740077374982,Low
account payable,6,0.02865740077374982,Low
branch management,6,0.02865740077374982,Low
payment solutions,6,0.02865740077374982,Low
load runner,6,0.02865740077374982,Low
runner,6,0.02865740077374982,Low
financial strategy,6,0.02865740077374982,Low
destructive testing,6,0.02865740077374982,Low
asnt,6,0.02865740077374982,Low
level ii,6,0.02865740077374982,Low
microsoft applications,6,0.02865740077374982,Low
servlets,6,0.02865740077374982,Low
energy management,6,0.02865740077374982,Low
legal services,6,0.02865740077374982,Low
skin,6,0.02865740077374982,Low
ms access,6,0.02865740077374982,Low
kyc verification,6,0.02865740077374982,Low
iceberg,6,0.02865740077374982,Low
cloud development,6,0.02865740077374982,Low
logo,6,0.02865740077374982,Low
ci/cd practices,6,0.02865740077374982,Low
work instructions,6,0.02865740077374982,Low
avaya,6,0.02865740077374982,Low
business park,6,0.02865740077374982,Low
corrective maintenance,5,0.023881167311458184,Low
msil,5,0.023881167311458184,Low
talent sourcing,5,0.023881167311458184,Low
sap plant maintenance,5,0.023881167311458184,Low
bolt,5,0.023881167311458184,Low
bearing,5,0.023881167311458184,Low
category management,5,0.023881167311458184,Low
channel strategy,5,0.023881167311458184,Low
policy management,5,0.023881167311458184,Low
virtual desktop,5,0.023881167311458184,Low
vmware horizon,5,0.023881167311458184,Low
machine learning model,5,0.023881167311458184,Low
accounts receivable executive,5,0.023881167311458184,Low
veeam,5,0.023881167311458184,Low
fire fighting,5,0.023881167311458184,Low
framework development,5,0.023881167311458184,Low
arm templates,5,0.023881167311458184,Low
email chat,5,0.023881167311458184,Low
websphere mq,5,0.023881167311458184,Low
month-end closing,5,0.023881167311458184,Low
socket programming,5,0.023881167311458184,Low
open ai,5,0.023881167311458184,Low
geometry,5,0.023881167311458184,Low
detail engineering,5,0.023881167311458184,Low
security audits,5,0.023881167311458184,Low
ssh,5,0.023881167311458184,Low
powertrain,5,0.023881167311458184,Low
order to cash process,5,0.023881167311458184,Low
google play,5,0.023881167311458184,Low
hardware debugging,5,0.023881167311458184,Low
equipment layout,5,0.023881167311458184,Low
gifts,5,0.023881167311458184,Low
hcc qa,5,0.023881167311458184,Low
nift,5,0.023881167311458184,Low
demand management,5,0.023881167311458184,Low
emergency procedures,5,0.023881167311458184,Low
factory operations,5,0.023881167311458184,Low
multimodal ai,5,0.023881167311458184,Low
ai engineering,5,0.023881167311458184,Low
front line sales,5,0.023881167311458184,Low
locust,5,0.023881167311458184,Low
fpga design,5,0.023881167311458184,Low
bert,5,0.023881167311458184,Low
fraud detection,5,0.023881167311458184,Low
learning management,5,0.023881167311458184,Low
manager quality,5,0.023881167311458184,Low
okta,5,0.023881167311458184,Low
budget monitoring,5,0.023881167311458184,Low
disaster management,5,0.023881167311458184,Low
operational technology,5,0.023881167311458184,Low
customer relation,5,0.023881167311458184,Low
resolving customer issues,5,0.023881167311458184,Low
campaign analytics,5,0.023881167311458184,Low
rtl design,5,0.023881167311458184,Low
soc design,5,0.023881167311458184,Low
data review,5,0.023881167311458184,Low
investing,5,0.023881167311458184,Low
vlookups,5,0.023881167311458184,Low
possession,5,0.023881167311458184,Low
breaker,5,0.023881167311458184,Low
electromechanical,5,0.023881167311458184,Low
soc verification,5,0.023881167311458184,Low
manufacturing technology,5,0.023881167311458184,Low
astm,5,0.023881167311458184,Low
communicate with clients,5,0.023881167311458184,Low
conflict management,5,0.023881167311458184,Low
amazon connect,5,0.023881167311458184,Low
grievance redressal,5,0.023881167311458184,Low
crimping,5,0.023881167311458184,Low
engineering analysis,5,0.023881167311458184,Low
financial domain,5,0.023881167311458184,Low
production deployment,5,0.023881167311458184,Low
cloud watch,5,0.023881167311458184,Low
continuous development,5,0.023881167311458184,Low
budgeting and financial management,5,0.023881167311458184,Low
product backlogs,5,0.023881167311458184,Low
enterprise solution sales,5,0.023881167311458184,Low
google slides,5,0.023881167311458184,Low
dusting,5,0.023881167311458184,Low
sweeping,5,0.023881167311458184,Low
hana cloud,5,0.023881167311458184,Low
sap application,5,0.023881167311458184,Low
autogen,5,0.023881167311458184,Low
sap hr,5,0.023881167311458184,Low
quality assurance analyst,5,0.023881167311458184,Low
application software,5,0.023881167311458184,Low
resolving complaints,5,0.023881167311458184,Low
site safety,5,0.023881167311458184,Low
engineering fundamentals,5,0.023881167311458184,Low
audit reports,5,0.023881167311458184,Low
ui path,5,0.023881167311458184,Low
security sales,5,0.023881167311458184,Low
process equipment,5,0.023881167311458184,Low
authentication protocols,5,0.023881167311458184,Low
azure pipelines,5,0.023881167311458184,Low
ageing,5,0.023881167311458184,Low
reservation,5,0.023881167311458184,Low
sap projects,5,0.023881167311458184,Low
sdlc process,5,0.023881167311458184,Low
artificial intelligence engineer,5,0.023881167311458184,Low
inventory planning,5,0.023881167311458184,Low
supply chain plan,5,0.023881167311458184,Low
month end closing,5,0.023881167311458184,Low
purification,5,0.023881167311458184,Low
product penetration,5,0.023881167311458184,Low
operations coordinator,5,0.023881167311458184,Low
java+,5,0.023881167311458184,Low
quality check,5,0.023881167311458184,Low
service level agreement,5,0.023881167311458184,Low
configurator,5,0.023881167311458184,Low
activemq,5,0.023881167311458184,Low
zoho crm,5,0.023881167311458184,Low
eclipse ide,5,0.023881167311458184,Low
spring cloud,5,0.023881167311458184,Low
retention strategies,5,0.023881167311458184,Low
seo strategy,5,0.023881167311458184,Low
hypercare,5,0.023881167311458184,Low
cargo,5,0.023881167311458184,Low
trial balance,5,0.023881167311458184,Low
quarkus,5,0.023881167311458184,Low
market risk,5,0.023881167311458184,Low
trade and forex,5,0.023881167311458184,Low
auto loans,5,0.023881167311458184,Low
system architect,5,0.023881167311458184,Low
task management,5,0.023881167311458184,Low
model monitoring,5,0.023881167311458184,Low
secondary research,5,0.023881167311458184,Low
cssa,5,0.023881167311458184,Low
neft,5,0.023881167311458184,Low
excel sheets,5,0.023881167311458184,Low
erp knowledge,5,0.023881167311458184,Low
ai pipelines,5,0.023881167311458184,Low
amazon lex,5,0.023881167311458184,Low
seed production,5,0.023881167311458184,Low
lead nurturing,5,0.023881167311458184,Low
helm charts,5,0.023881167311458184,Low
statutory reporting,5,0.023881167311458184,Low
technical project management,5,0.023881167311458184,Low
network configuration,5,0.023881167311458184,Low
cima,5,0.023881167311458184,Low
inventory valuation,5,0.023881167311458184,Low
monitor budgets,5,0.023881167311458184,Low
collections process,5,0.023881167311458184,Low
day care,5,0.023881167311458184,Low
computer literacy,5,0.023881167311458184,Low
ipv6,5,0.023881167311458184,Low
proteins,5,0.023881167311458184,Low
enterprise accounts,5,0.023881167311458184,Low
serialization,5,0.023881167311458184,Low
technical reviews,5,0.023881167311458184,Low
exchange online,5,0.023881167311458184,Low
onedrive,5,0.023881167311458184,Low
import/export,5,0.023881167311458184,Low
igcse,5,0.023881167311458184,Low
waterproofing,5,0.023881167311458184,Low
java frameworks,5,0.023881167311458184,Low
webflux,5,0.023881167311458184,Low
pivot table,5,0.023881167311458184,Low
lead business analyst,5,0.023881167311458184,Low
procurement management,5,0.023881167311458184,Low
purchase operations,5,0.023881167311458184,Low
metering,5,0.023881167311458184,Low
hardware support,5,0.023881167311458184,Low
capacity management,5,0.023881167311458184,Low
technical consulting,5,0.023881167311458184,Low
service catalog,5,0.023881167311458184,Low
technical faculty,5,0.023881167311458184,Low
internet research,5,0.023881167311458184,Low
offline marketing,5,0.023881167311458184,Low
azure synapse analytics,5,0.023881167311458184,Low
sterility,5,0.023881167311458184,Low
loki,5,0.023881167311458184,Low
first source,5,0.023881167311458184,Low
data quality issues,5,0.023881167311458184,Low
ibms,5,0.023881167311458184,Low
archiving,5,0.023881167311458184,Low
cloud monitoring,5,0.023881167311458184,Low
leadership and management,5,0.023881167311458184,Low
oscp,5,0.023881167311458184,Low
managerial skills,5,0.023881167311458184,Low
framework design,5,0.023881167311458184,Low
retail distribution,5,0.023881167311458184,Low
network administration,5,0.023881167311458184,Low
environment management,5,0.023881167311458184,Low
aws cognito,5,0.023881167311458184,Low
design documentation,5,0.023881167311458184,Low
jira align,5,0.023881167311458184,Low
microbiologist,5,0.023881167311458184,Low
mac os,5,0.023881167311458184,Low
health insurance products,5,0.023881167311458184,Low
scrap,5,0.023881167311458184,Low
revenue assurance,5,0.023881167311458184,Low
cranes,5,0.023881167311458184,Low
digital product,5,0.023881167311458184,Low
struts,5,0.023881167311458184,Low
ipdrg,5,0.023881167311458184,Low
quality coordinator,5,0.023881167311458184,Low
mechanical systems,5,0.023881167311458184,Low
sp3d,5,0.023881167311458184,Low
copado,5,0.023881167311458184,Low
ot security,5,0.023881167311458184,Low
product testing,5,0.023881167311458184,Low
cpsm,5,0.023881167311458184,Low
integration of sap,5,0.023881167311458184,Low
fitter,5,0.023881167311458184,Low
usfda,5,0.023881167311458184,Low
workday prism,5,0.023881167311458184,Low
mortgage sales,5,0.023881167311458184,Low
application packaging,5,0.023881167311458184,Low
defender,5,0.023881167311458184,Low
production officer,5,0.023881167311458184,Low
flow diagrams,5,0.023881167311458184,Low
healthcare recruitment,5,0.023881167311458184,Low
s&op,5,0.023881167311458184,Low
cyber threat,5,0.023881167311458184,Low
ppc executive,5,0.023881167311458184,Low
supplier development,5,0.023881167311458184,Low
adfdi,5,0.023881167311458184,Low
oracle apps,5,0.023881167311458184,Low
webgl,5,0.023881167311458184,Low
net core framework,5,0.023881167311458184,Low
oracle dba,5,0.023881167311458184,Low
it strategy,5,0.023881167311458184,Low
commercial proposals,5,0.023881167311458184,Low
employee referral,5,0.023881167311458184,Low
training need analysis,5,0.023881167311458184,Low
java lead,5,0.023881167311458184,Low
analyzer,5,0.023881167311458184,Low
ppc engineer,5,0.023881167311458184,Low
gcp data engineer,5,0.023881167311458184,Low
food production,5,0.023881167311458184,Low
ms office word,5,0.023881167311458184,Low
unpaid claims,5,0.023881167311458184,Low
rtk query,5,0.023881167311458184,Low
ui design systems,5,0.023881167311458184,Low
trade management,5,0.023881167311458184,Low
chinese,5,0.023881167311458184,Low
mice,5,0.023881167311458184,Low
training calendar,5,0.023881167311458184,Low
asset integrity,5,0.023881167311458184,Low
itil v3,5,0.023881167311458184,Low
cost analysis,5,0.023881167311458184,Low
shipping lines,5,0.023881167311458184,Low
supply chain activities,5,0.023881167311458184,Low
python coding,5,0.023881167311458184,Low
biologics,5,0.023881167311458184,Low
synchronization,5,0.023881167311458184,Low
patient journey,5,0.023881167311458184,Low
malls,5,0.023881167311458184,Low
crystal reports,5,0.023881167311458184,Low
financial crimes,5,0.023881167311458184,Low
ui ux,5,0.023881167311458184,Low
sme lending,5,0.023881167311458184,Low
digital analytics,5,0.023881167311458184,Low
technical accounting,5,0.023881167311458184,Low
component library,5,0.023881167311458184,Low
core javascript,5,0.023881167311458184,Low
animator,5,0.023881167311458184,Low
angular material,5,0.023881167311458184,Low
financial forecasts,5,0.023881167311458184,Low
group insurance,5,0.023881167311458184,Low
styled components,5,0.023881167311458184,Low
saga,5,0.023881167311458184,Low
telecom industry,5,0.023881167311458184,Low
conferencing,5,0.023881167311458184,Low
supplier quality,5,0.023881167311458184,Low
retina,5,0.023881167311458184,Low
hospital administration,5,0.023881167311458184,Low
cisco asa,5,0.023881167311458184,Low
problem solving ability,5,0.023881167311458184,Low
storyline,5,0.023881167311458184,Low
email process,5,0.023881167311458184,Low
aws stack,5,0.023881167311458184,Low
vlans,5,0.023881167311458184,Low
cnc turning,5,0.023881167311458184,Low
webapi,5,0.023881167311458184,Low
sample collection,5,0.023881167311458184,Low
swaps,5,0.023881167311458184,Low
compliance reporting,5,0.023881167311458184,Low
fund management,5,0.023881167311458184,Low
indian gaap,5,0.023881167311458184,Low
neonatal,5,0.023881167311458184,Low
m. com,5,0.023881167311458184,Low
indian accounting,5,0.023881167311458184,Low
facade,5,0.023881167311458184,Low
orcad,5,0.023881167311458184,Low
after-sales support,5,0.023881167311458184,Low
email communication,5,0.023881167311458184,Low
proactive execution,5,0.023881167311458184,Low
statistical programming,5,0.023881167311458184,Low
general trade sales,5,0.023881167311458184,Low
icse,5,0.023881167311458184,Low
application performance monitoring,5,0.023881167311458184,Low
couchbase,5,0.023881167311458184,Low
kubeflow,5,0.023881167311458184,Low
office staff,5,0.023881167311458184,Low
competitive intelligence,5,0.023881167311458184,Low
sales development manager,5,0.023881167311458184,Low
odoo erp,5,0.023881167311458184,Low
panel design,5,0.023881167311458184,Low
company secretarial,5,0.023881167311458184,Low
electrical industry,5,0.023881167311458184,Low
application testing,5,0.023881167311458184,Low
bi dashboards,5,0.023881167311458184,Low
power bi dashboards,5,0.023881167311458184,Low
generics,5,0.023881167311458184,Low
dom manipulation,5,0.023881167311458184,Low
cache,5,0.023881167311458184,Low
spine,5,0.023881167311458184,Low
digital campaign,5,0.023881167311458184,Low
interface design,5,0.023881167311458184,Low
fraud prevention,5,0.023881167311458184,Low
housekeeping management,5,0.023881167311458184,Low
credit assessment,5,0.023881167311458184,Low
conveyors,5,0.023881167311458184,Low
laser,5,0.023881167311458184,Low
kitchen equipment,5,0.023881167311458184,Low
engineering associate,5,0.023881167311458184,Low
ticketing tool,5,0.023881167311458184,Low
labor management,5,0.023881167311458184,Low
system maintenance,5,0.023881167311458184,Low
mobile device management,5,0.023881167311458184,Low
financial industry,5,0.023881167311458184,Low
plant hr,5,0.023881167311458184,Low
and costing,5,0.023881167311458184,Low
global capability center,5,0.023881167311458184,Low
microsoft fabric,5,0.023881167311458184,Low
and industry regulations,5,0.023881167311458184,Low
telemedicine,5,0.023881167311458184,Low
web framework,5,0.023881167311458184,Low
assistant branch manager,5,0.023881167311458184,Low
heavy fabrication,5,0.023881167311458184,Low
research & development,5,0.023881167311458184,Low
security officer,5,0.023881167311458184,Low
cloud networking,5,0.023881167311458184,Low
flooring,5,0.023881167311458184,Low
informatics,5,0.023881167311458184,Low
test bench,5,0.023881167311458184,Low
mobile app testing,5,0.023881167311458184,Low
concur,5,0.023881167311458184,Low
butler,5,0.023881167311458184,Low
sap s4 hana,5,0.023881167311458184,Low
ui customization,5,0.023881167311458184,Low
3dexperience,5,0.023881167311458184,Low
pardot,5,0.023881167311458184,Low
finishes,5,0.023881167311458184,Low
sap ps,5,0.023881167311458184,Low
executive leadership,5,0.023881167311458184,Low
predictive maintenance,5,0.023881167311458184,Low
marketing/sales,5,0.023881167311458184,Low
sapui5,5,0.023881167311458184,Low
circuit design,5,0.023881167311458184,Low
disaster recovery planning,5,0.023881167311458184,Low
quality department,5,0.023881167311458184,Low
saviynt,5,0.023881167311458184,Low
material ledger,5,0.023881167311458184,Low
fpna,5,0.023881167311458184,Low
qa tools,5,0.023881167311458184,Low
shift manager,5,0.023881167311458184,Low
neurologist,5,0.023881167311458184,Low
peoplesoft,5,0.023881167311458184,Low
ceiling,5,0.023881167311458184,Low
incident investigation,5,0.023881167311458184,Low
client hiring,5,0.023881167311458184,Low
netapp,5,0.023881167311458184,Low
newsletters,5,0.023881167311458184,Low
real estate developer,5,0.023881167311458184,Low
strategy execution,5,0.023881167311458184,Low
english literature,5,0.023881167311458184,Low
iron,5,0.023881167311458184,Low
platform engineering,5,0.023881167311458184,Low
vulnerability scanning,5,0.023881167311458184,Low
power generation,5,0.023881167311458184,Low
fit out,5,0.023881167311458184,Low
e-procurement,5,0.023881167311458184,Low
sap fscm,5,0.023881167311458184,Low
tiles,5,0.023881167311458184,Low
day-to-day accounting operations,5,0.023881167311458184,Low
oracle db,5,0.023881167311458184,Low
documentation management,5,0.023881167311458184,Low
prepare proposals,5,0.023881167311458184,Low
gauges,5,0.023881167311458184,Low
partnership tax,5,0.023881167311458184,Low
model validation,5,0.023881167311458184,Low
sap ibp,5,0.023881167311458184,Low
steel structure,5,0.023881167311458184,Low
daily mis,5,0.023881167311458184,Low
article,5,0.023881167311458184,Low
invoice management,5,0.023881167311458184,Low
impart training,5,0.023881167311458184,Low
material movement,5,0.023881167311458184,Low
refrigerator,5,0.023881167311458184,Low
azure stack,5,0.023881167311458184,Low
videography,5,0.023881167311458184,Low
technical seo,5,0.023881167311458184,Low
software application,5,0.023881167311458184,Low
earthing,5,0.023881167311458184,Low
rice,5,0.023881167311458184,Low
practical training,5,0.023881167311458184,Low
manufacturing drawings,5,0.023881167311458184,Low
dealer management,5,0.023881167311458184,Low
r & d,5,0.023881167311458184,Low
agentforce,5,0.023881167311458184,Low
store management,5,0.023881167311458184,Low
fertilizer,5,0.023881167311458184,Low
sharepoint online,5,0.023881167311458184,Low
failover,5,0.023881167311458184,Low
accent training,5,0.023881167311458184,Low
voice & accent,5,0.023881167311458184,Low
meeting with client,5,0.023881167311458184,Low
kitchen staff,5,0.023881167311458184,Low
menu development,5,0.023881167311458184,Low
sla compliance,5,0.023881167311458184,Low
executive assistant to director,5,0.023881167311458184,Low
bluebeam,5,0.023881167311458184,Low
negative,5,0.023881167311458184,Low
stock management,5,0.023881167311458184,Low
transmitters,5,0.023881167311458184,Low
hardware troubleshooting,5,0.023881167311458184,Low
sand,5,0.023881167311458184,Low
microsoft teams,5,0.023881167311458184,Low
qa manual,5,0.023881167311458184,Low
java fullstack developer,5,0.023881167311458184,Low
vice principal,5,0.023881167311458184,Low
nicu,5,0.023881167311458184,Low
service engineering,5,0.023881167311458184,Low
copywriter,5,0.023881167311458184,Low
hbase,5,0.023881167311458184,Low
training support,5,0.023881167311458184,Low
collateral management,5,0.023881167311458184,Low
linen,5,0.023881167311458184,Low
domestic sales,5,0.023881167311458184,Low
remittances,5,0.023881167311458184,Low
oracle fusion scm,5,0.023881167311458184,Low
business intelligence tools,5,0.023881167311458184,Low
claim processing,5,0.023881167311458184,Low
isms,5,0.023881167311458184,Low
it helpdesk,5,0.023881167311458184,Low
policybazaar,5,0.023881167311458184,Low
punjabi,5,0.023881167311458184,Low
student engagement,5,0.023881167311458184,Low
store incharge,5,0.023881167311458184,Low
set timelines,5,0.023881167311458184,Low
android development,5,0.023881167311458184,Low
credit bureau,5,0.023881167311458184,Low
functional lead,5,0.023881167311458184,Low
mortgage loans,5,0.023881167311458184,Low
plant 3d,5,0.023881167311458184,Low
kong,5,0.023881167311458184,Low
electricity,5,0.023881167311458184,Low
dimensioning,5,0.023881167311458184,Low
product analysis,5,0.023881167311458184,Low
risk control,5,0.023881167311458184,Low
merchandising strategies,5,0.023881167311458184,Low
cross-platform development,5,0.023881167311458184,Low
technical and analytical skills,5,0.023881167311458184,Low
ceramics,5,0.023881167311458184,Low
ms outlook,5,0.023881167311458184,Low
compliance & documentation,5,0.023881167311458184,Low
material ui,5,0.023881167311458184,Low
celonis,5,0.023881167311458184,Low
operations & maintenance,5,0.023881167311458184,Low
investment advisory,5,0.023881167311458184,Low
business development officer,5,0.023881167311458184,Low
development officer,5,0.023881167311458184,Low
environmental monitoring,5,0.023881167311458184,Low
polymer,5,0.023881167311458184,Low
client meeting,5,0.023881167311458184,Low
travel sales agent,5,0.023881167311458184,Low
client service executive,5,0.023881167311458184,Low
senior sales engineer,5,0.023881167311458184,Low
network engineer l2,5,0.023881167311458184,Low
indirect tax compliance,5,0.023881167311458184,Low
candidate screening,5,0.023881167311458184,Low
revenue accounting,5,0.023881167311458184,Low
infosec,5,0.023881167311458184,Low
bapi,5,0.023881167311458184,Low
metallurgical,5,0.023881167311458184,Low
epm cloud,5,0.023881167311458184,Low
payment domain,5,0.023881167311458184,Low
mcse,5,0.023881167311458184,Low
gartner,5,0.023881167311458184,Low
plastics,5,0.023881167311458184,Low
cloudera,5,0.023881167311458184,Low
statistical software,5,0.023881167311458184,Low
hris systems,5,0.023881167311458184,Low
posh,5,0.023881167311458184,Low
data profiling,5,0.023881167311458184,Low
sap consultant,5,0.023881167311458184,Low
security architecture,5,0.023881167311458184,Low
food quality,5,0.023881167311458184,Low
tank,5,0.023881167311458184,Low
diffusion,5,0.023881167311458184,Low
insurance underwriting,5,0.023881167311458184,Low
furnishing,5,0.023881167311458184,Low
non-it recruitment,5,0.023881167311458184,Low
financial forecasting,5,0.023881167311458184,Low
local market knowledge,5,0.023881167311458184,Low
digital advertising,5,0.023881167311458184,Low
cluster management,5,0.023881167311458184,Low
kitchen operations,5,0.023881167311458184,Low
stock control,5,0.023881167311458184,Low
horticulture,5,0.023881167311458184,Low
civil projects,5,0.023881167311458184,Low
cisco nexus,5,0.023881167311458184,Low
matillion,5,0.023881167311458184,Low
satellite,5,0.023881167311458184,Low
aeronautical,5,0.023881167311458184,Low
prototype development,5,0.023881167311458184,Low
solid edge,5,0.023881167311458184,Low
operations planning,5,0.023881167311458184,Low
risk management framework,5,0.023881167311458184,Low
linux system administration,5,0.023881167311458184,Low
professional environment,5,0.023881167311458184,Low
customer visit,5,0.023881167311458184,Low
general surgeon,5,0.023881167311458184,Low
tray,5,0.023881167311458184,Low
group reporting,5,0.023881167311458184,Low
wind energy,5,0.023881167311458184,Low
oil & gas industry,5,0.023881167311458184,Low
bridge design,5,0.023881167311458184,Low
online marketing,5,0.023881167311458184,Low
sap netweaver,5,0.023881167311458184,Low
dossier,5,0.023881167311458184,Low
cnc machines,5,0.023881167311458184,Low
hard core sales,5,0.023881167311458184,Low
gevent,5,0.023881167311458184,Low
capital goods,5,0.023881167311458184,Low
commercial lending,5,0.023881167311458184,Low
factory act,5,0.023881167311458184,Low
generalist activities,5,0.023881167311458184,Low
hr generalist activities,5,0.023881167311458184,Low
guardrails,5,0.023881167311458184,Low
ar/ap,5,0.023881167311458184,Low
twilio,5,0.023881167311458184,Low
it engineer,5,0.023881167311458184,Low
collection executive,5,0.023881167311458184,Low
poka,5,0.023881167311458184,Low
quick books,5,0.023881167311458184,Low
android native,5,0.023881167311458184,Low
ebitda,5,0.023881167311458184,Low
support management,5,0.023881167311458184,Low
banking knowledge,5,0.023881167311458184,Low
c&i,5,0.023881167311458184,Low
convincing and negotiation skills,5,0.023881167311458184,Low
css and javascript,5,0.023881167311458184,Low
game developer,5,0.023881167311458184,Low
pc hardware,5,0.023881167311458184,Low
engineering support,5,0.023881167311458184,Low
fiber,5,0.023881167311458184,Low
high rise residential,5,0.023881167311458184,Low
leed,5,0.023881167311458184,Low
grounding,5,0.023881167311458184,Low
financial advisory,5,0.023881167311458184,Low
b2b collections,5,0.023881167311458184,Low
clinical data management,5,0.023881167311458184,Low
adapters,5,0.023881167311458184,Low
interview coordination,5,0.023881167311458184,Low
technical recruitment,5,0.023881167311458184,Low
team leadership & development,5,0.023881167311458184,Low
21 cfr part 11,5,0.023881167311458184,Low
career break,5,0.023881167311458184,Low
call center jobs,5,0.023881167311458184,Low
nephrologist,5,0.023881167311458184,Low
html 5,5,0.023881167311458184,Low
talent acquisition manager,5,0.023881167311458184,Low
kyc documents,5,0.023881167311458184,Low
summarizing,5,0.023881167311458184,Low
fundamental design,5,0.023881167311458184,Low
etl tool,5,0.023881167311458184,Low
checker,5,0.023881167311458184,Low
development management,5,0.023881167311458184,Low
fine tuning,5,0.023881167311458184,Low
pre primary,5,0.023881167311458184,Low
administration manager,5,0.023881167311458184,Low
analytical instruments,5,0.023881167311458184,Low
data acquisition,5,0.023881167311458184,Low
it transformation,5,0.023881167311458184,Low
partitions,5,0.023881167311458184,Low
resource optimization,5,0.023881167311458184,Low
cyber risk,5,0.023881167311458184,Low
seo analyst,5,0.023881167311458184,Low
team managing,5,0.023881167311458184,Low
network testing,5,0.023881167311458184,Low
store sales,5,0.023881167311458184,Low
protection systems,5,0.023881167311458184,Low
sdtm,5,0.023881167311458184,Low
communication and reporting,5,0.023881167311458184,Low
restapi,5,0.023881167311458184,Low
fresher job,5,0.023881167311458184,Low
infrastructure design,5,0.023881167311458184,Low
infrastructure support,5,0.023881167311458184,Low
international blended process,5,0.023881167311458184,Low
diabetes,5,0.023881167311458184,Low
actuators,5,0.023881167311458184,Low
channel business,5,0.023881167311458184,Low
effort estimation,5,0.023881167311458184,Low
charge entry,5,0.023881167311458184,Low
sales knowledge,5,0.023881167311458184,Low
shift supervisor,5,0.023881167311458184,Low
sales exposure,5,0.023881167311458184,Low
business process modeling,5,0.023881167311458184,Low
soar,5,0.023881167311458184,Low
hotel operations,5,0.023881167311458184,Low
technology strategy,5,0.023881167311458184,Low
business communication skills,5,0.023881167311458184,Low
production plan,5,0.023881167311458184,Low
project engineering,5,0.023881167311458184,Low
hyperion planning,5,0.023881167311458184,Low
advertising campaigns,5,0.023881167311458184,Low
digital marketing platforms,5,0.023881167311458184,Low
term life insurance,5,0.023881167311458184,Low
sanity,5,0.023881167311458184,Low
testing life cycle,5,0.023881167311458184,Low
aws infrastructure,5,0.023881167311458184,Low
business intelligence analyst,5,0.023881167311458184,Low
datacom,5,0.023881167311458184,Low
company services,5,0.023881167311458184,Low
customer service delivery,5,0.023881167311458184,Low
webhooks,5,0.023881167311458184,Low
color grading,5,0.023881167311458184,Low
characterization,5,0.023881167311458184,Low
corporate secretarial,5,0.023881167311458184,Low
market trend,5,0.023881167311458184,Low
soap ui,5,0.023881167311458184,Low
shopify developer,5,0.023881167311458184,Low
brca1,5,0.023881167311458184,Low
brca2,5,0.023881167311458184,Low
tumor markers,5,0.023881167311458184,Low
material procurement,5,0.023881167311458184,Low
content manager,5,0.023881167311458184,Low
core php,5,0.023881167311458184,Low
internet explorer,5,0.023881167311458184,Low
techno commercial,5,0.023881167311458184,Low
programmer analyst,5,0.023881167311458184,Low
process modeling,5,0.023881167311458184,Low
loan servicing,5,0.023881167311458184,Low
kubernetes clusters,5,0.023881167311458184,Low
aluminium,5,0.023881167311458184,Low
power management,5,0.023881167311458184,Low
payment posting,5,0.023881167311458184,Low
technical problem-solving,5,0.023881167311458184,Low
simulation tools,5,0.023881167311458184,Low
firmware developer,5,0.023881167311458184,Low
procurement executive,5,0.023881167311458184,Low
neural networks,5,0.023881167311458184,Low
english medium,5,0.023881167311458184,Low
oracle bi,5,0.023881167311458184,Low
hybris,5,0.023881167311458184,Low
adis,5,0.023881167311458184,Low
logistics executive,5,0.023881167311458184,Low
process safety,5,0.023881167311458184,Low
zoominfo,5,0.023881167311458184,Low
motivational skills,5,0.023881167311458184,Low
academic excellence,5,0.023881167311458184,Low
rdbms concepts,5,0.023881167311458184,Low
nfpa,5,0.023881167311458184,Low
hana db,5,0.023881167311458184,Low
third party products,5,0.023881167311458184,Low
medical sales representative,5,0.023881167311458184,Low
state tax returns,5,0.023881167311458184,Low
ultrasound,5,0.023881167311458184,Low
protein,5,0.023881167311458184,Low
bi reporting,5,0.023881167311458184,Low
soap services,5,0.023881167311458184,Low
system documentation,5,0.023881167311458184,Low
llama,5,0.023881167311458184,Low
hr assistant,5,0.023881167311458184,Low
maintenance department,5,0.023881167311458184,Low
custom reports,5,0.023881167311458184,Low
aws cloudwatch,5,0.023881167311458184,Low
unity catalog,5,0.023881167311458184,Low
relationship manager sales,5,0.023881167311458184,Low
salesforce ecosystem,5,0.023881167311458184,Low
capcut,5,0.023881167311458184,Low
employee lifecycle management,5,0.023881167311458184,Low
payroll compliance,5,0.023881167311458184,Low
linux shell,5,0.023881167311458184,Low
software design and development,5,0.023881167311458184,Low
aspice,5,0.023881167311458184,Low
mep projects,5,0.023881167311458184,Low
reconciliation statements,5,0.023881167311458184,Low
process orientation,5,0.023881167311458184,Low
b2b saas sales,5,0.023881167311458184,Low
communication design,5,0.023881167311458184,Low
digital marketing agency,5,0.023881167311458184,Low
marketing agency,5,0.023881167311458184,Low
water supply,5,0.023881167311458184,Low
us banking,5,0.023881167311458184,Low
timesheet,5,0.023881167311458184,Low
travel booking,5,0.023881167311458184,Low
commis ii,5,0.023881167311458184,Low
executive chef,5,0.023881167311458184,Low
haccp,5,0.023881167311458184,Low
technology delivery,5,0.023881167311458184,Low
amcs,5,0.023881167311458184,Low
english language proficiency,5,0.023881167311458184,Low
project review,5,0.023881167311458184,Low
drug discovery,5,0.023881167311458184,Low
heavy engineering,5,0.023881167311458184,Low
mills,5,0.023881167311458184,Low
loader,5,0.023881167311458184,Low
convincing power,5,0.023881167311458184,Low
time office,5,0.023881167311458184,Low
sap abap technical,5,0.023881167311458184,Low
sap abap technical consultant,5,0.023881167311458184,Low
quality executive,5,0.023881167311458184,Low
dish,5,0.023881167311458184,Low
etl workflows,5,0.023881167311458184,Low
resort,5,0.023881167311458184,Low
business process analysis,5,0.023881167311458184,Low
sqlalchemy,5,0.023881167311458184,Low
cerner,5,0.023881167311458184,Low
product lead,5,0.023881167311458184,Low
pharma sales,5,0.023881167311458184,Low
hcm modules,5,0.023881167311458184,Low
cutover,5,0.023881167311458184,Low
system migration,5,0.023881167311458184,Low
hr business processes,5,0.023881167311458184,Low
property sales,5,0.023881167311458184,Low
dataverse,5,0.023881167311458184,Low
power supply,5,0.023881167311458184,Low
business cards,5,0.023881167311458184,Low
electrical design engineer,5,0.023881167311458184,Low
etap,5,0.023881167311458184,Low
pricing strategy,5,0.023881167311458184,Low
imds,5,0.023881167311458184,Low
document controller,5,0.023881167311458184,Low
scribe,5,0.023881167311458184,Low
debuggers,5,0.023881167311458184,Low
procurement specialist,5,0.023881167311458184,Low
p&l management,5,0.023881167311458184,Low
itgc,5,0.023881167311458184,Low
artwork,5,0.023881167311458184,Low
azure cli,5,0.023881167311458184,Low
aisc,5,0.023881167311458184,Low
domestic voice process,5,0.023881167311458184,Low
maths teacher,5,0.023881167311458184,Low
statistical modelling,5,0.023881167311458184,Low
railways,5,0.023881167311458184,Low
avro,5,0.023881167311458184,Low
copa,5,0.023881167311458184,Low
community engagement,5,0.023881167311458184,Low
rostering,5,0.023881167311458184,Low
fire alarm,5,0.023881167311458184,Low
wood,5,0.023881167311458184,Low
helper,5,0.023881167311458184,Low
decision-making ability,5,0.023881167311458184,Low
management consultant,5,0.023881167311458184,Low
video production,5,0.023881167311458184,Low
cad designer,5,0.023881167311458184,Low
channel partner management,5,0.023881167311458184,Low
distribution networks,5,0.023881167311458184,Low
pl-sql,5,0.023881167311458184,Low
building design,5,0.023881167311458184,Low
finance support,5,0.023881167311458184,Low
query writing,5,0.023881167311458184,Low
aws data engineer,5,0.023881167311458184,Low
health management,5,0.023881167311458184,Low
food technology,5,0.023881167311458184,Low
drnb,5,0.023881167311458184,Low
home health,5,0.023881167311458184,Low
crew ai,5,0.023881167311458184,Low
mine,5,0.023881167311458184,Low
ml model,5,0.023881167311458184,Low
gatling,5,0.023881167311458184,Low
iac tools,5,0.023881167311458184,Low
it audit,5,0.023881167311458184,Low
equipment manufacturing,5,0.023881167311458184,Low
opc ua,5,0.023881167311458184,Low
u-boot,5,0.023881167311458184,Low
cryptography,5,0.023881167311458184,Low
interpersonal skill,5,0.023881167311458184,Low
nephrology,5,0.023881167311458184,Low
local marketing,5,0.023881167311458184,Low
dcdp,5,0.023881167311458184,Low
civil site engineer,5,0.023881167311458184,Low
sterile,5,0.023881167311458184,Low
ai development,5,0.023881167311458184,Low
commercialization,5,0.023881167311458184,Low
strategy planning,5,0.023881167311458184,Low
industry sales,5,0.023881167311458184,Low
project control,5,0.023881167311458184,Low
project controls,5,0.023881167311458184,Low
stewardship,5,0.023881167311458184,Low
electrical technician,5,0.023881167311458184,Low
recruitment operations,5,0.023881167311458184,Low
data design,5,0.023881167311458184,Low
proofreading,5,0.023881167311458184,Low
sql server administration,5,0.023881167311458184,Low
performance dashboards,5,0.023881167311458184,Low
systems administration,5,0.023881167311458184,Low
sales organization,5,0.023881167311458184,Low
testing web,5,0.023881167311458184,Low
systems management,5,0.023881167311458184,Low
material design,5,0.023881167311458184,Low
fanuc,5,0.023881167311458184,Low
fibre,5,0.023881167311458184,Low
meshing,5,0.023881167311458184,Low
external reporting,5,0.023881167311458184,Low
rally,5,0.023881167311458184,Low
guest relation executive,5,0.023881167311458184,Low
hostess,5,0.023881167311458184,Low
union,5,0.023881167311458184,Low
equity advisory,5,0.023881167311458184,Low
equity settlement,5,0.023881167311458184,Low
residential interior,5,0.023881167311458184,Low
auth,5,0.023881167311458184,Low
assembly process,5,0.023881167311458184,Low
agency management,5,0.023881167311458184,Low
medical advisor,5,0.023881167311458184,Low
linux operating systems,5,0.023881167311458184,Low
information system,5,0.023881167311458184,Low
cost center accounting,5,0.023881167311458184,Low
sales mis,5,0.023881167311458184,Low
gen ai developer,5,0.023881167311458184,Low
guidewire developer,5,0.023881167311458184,Low
audit procedures,5,0.023881167311458184,Low
bill of quantities,4,0.019104933849166547,Low
proactive maintenance,4,0.019104933849166547,Low
entrepreneur,4,0.019104933849166547,Low
osgi,4,0.019104933849166547,Low
sling,4,0.019104933849166547,Low
secure code,4,0.019104933849166547,Low
magento developer,4,0.019104933849166547,Low
staad pro,4,0.019104933849166547,Low
resourcing,4,0.019104933849166547,Low
management representative,4,0.019104933849166547,Low
testsuite,4,0.019104933849166547,Low
tosca testsuite,4,0.019104933849166547,Low
aws architecture,4,0.019104933849166547,Low
learning solution,4,0.019104933849166547,Low
spend analysis,4,0.019104933849166547,Low
tyre,4,0.019104933849166547,Low
cswip,4,0.019104933849166547,Low
energy conservation,4,0.019104933849166547,Low
principal architect,4,0.019104933849166547,Low
allegro,4,0.019104933849166547,Low
compliance manager,4,0.019104933849166547,Low
xpath,4,0.019104933849166547,Low
spring frameworks,4,0.019104933849166547,Low
quality inspections,4,0.019104933849166547,Low
edible oil,4,0.019104933849166547,Low
lauterbach,4,0.019104933849166547,Low
database security,4,0.019104933849166547,Low
power analysis,4,0.019104933849166547,Low
product training,4,0.019104933849166547,Low
hr shared services,4,0.019104933849166547,Low
extrusion,4,0.019104933849166547,Low
software testing life cycle,4,0.019104933849166547,Low
senior business development manager,4,0.019104933849166547,Low
ml/genai,4,0.019104933849166547,Low
finance leadership,4,0.019104933849166547,Low
financial compliance,4,0.019104933849166547,Low
precast,4,0.019104933849166547,Low
fortify,4,0.019104933849166547,Low
pharma background,4,0.019104933849166547,Low
fellowship,4,0.019104933849166547,Low
fluid,4,0.019104933849166547,Low
branch credit,4,0.019104933849166547,Low
ms teams,4,0.019104933849166547,Low
chassis,4,0.019104933849166547,Low
breakdown analysis,4,0.019104933849166547,Low
case discussions,4,0.019104933849166547,Low
regulatory audits,4,0.019104933849166547,Low
microsoft power bi,4,0.019104933849166547,Low
solar pv,4,0.019104933849166547,Low
tube,4,0.019104933849166547,Low
real estate projects,4,0.019104933849166547,Low
consumer products,4,0.019104933849166547,Low
credit notes,4,0.019104933849166547,Low
cinema,4,0.019104933849166547,Low
equipment sizing,4,0.019104933849166547,Low
cost negotiation,4,0.019104933849166547,Low
gearset,4,0.019104933849166547,Low
ultra hni,4,0.019104933849166547,Low
pre-production,4,0.019104933849166547,Low
threat hunting,4,0.019104933849166547,Low
abstract,4,0.019104933849166547,Low
statistical techniques,4,0.019104933849166547,Low
work permit,4,0.019104933849166547,Low
global trade,4,0.019104933849166547,Low
webdriverio,4,0.019104933849166547,Low
office associate,4,0.019104933849166547,Low
project / program management,4,0.019104933849166547,Low
compliance executive,4,0.019104933849166547,Low
reliance,4,0.019104933849166547,Low
management training,4,0.019104933849166547,Low
administrative coordinator,4,0.019104933849166547,Low
clash detection,4,0.019104933849166547,Low
formulation development,4,0.019104933849166547,Low
business excellence,4,0.019104933849166547,Low
strategy consulting,4,0.019104933849166547,Low
project site,4,0.019104933849166547,Low
electricals,4,0.019104933849166547,Low
nvidia,4,0.019104933849166547,Low
lab assistant,4,0.019104933849166547,Low
organic chemistry,4,0.019104933849166547,Low
area sales head,4,0.019104933849166547,Low
card sales,4,0.019104933849166547,Low
credit card sales,4,0.019104933849166547,Low
signage,4,0.019104933849166547,Low
franchise sales,4,0.019104933849166547,Low
property and casualty,4,0.019104933849166547,Low
confectionery,4,0.019104933849166547,Low
oracle cloud erp,4,0.019104933849166547,Low
coreldraw,4,0.019104933849166547,Low
design management,4,0.019104933849166547,Low
stone,4,0.019104933849166547,Low
sap basis technical consultant,4,0.019104933849166547,Low
total station,4,0.019104933849166547,Low
vs code,4,0.019104933849166547,Low
front office associate,4,0.019104933849166547,Low
interventional cardiology,4,0.019104933849166547,Low
hcpcs,4,0.019104933849166547,Low
audit readiness,4,0.019104933849166547,Low
server hardware,4,0.019104933849166547,Low
conducting interviews,4,0.019104933849166547,Low
axiom,4,0.019104933849166547,Low
cloud-based solutions,4,0.019104933849166547,Low
netcore,4,0.019104933849166547,Low
system management,4,0.019104933849166547,Low
progress monitoring,4,0.019104933849166547,Low
hub operations,4,0.019104933849166547,Low
area operations,4,0.019104933849166547,Low
smtp,4,0.019104933849166547,Low
captive unit,4,0.019104933849166547,Low
indirect taxation,4,0.019104933849166547,Low
onesource,4,0.019104933849166547,Low
pastry,4,0.019104933849166547,Low
node js developer,4,0.019104933849166547,Low
plumbing systems,4,0.019104933849166547,Low
system programming,4,0.019104933849166547,Low
impact assessment,4,0.019104933849166547,Low
application maintenance,4,0.019104933849166547,Low
pagerduty,4,0.019104933849166547,Low
continental,4,0.019104933849166547,Low
book keeping,4,0.019104933849166547,Low
service agreements,4,0.019104933849166547,Low
security model,4,0.019104933849166547,Low
building strategies,4,0.019104933849166547,Low
qa automation testing,4,0.019104933849166547,Low
mvc frameworks,4,0.019104933849166547,Low
vehicle management,4,0.019104933849166547,Low
cable laying,4,0.019104933849166547,Low
aws cloudformation,4,0.019104933849166547,Low
illustration,4,0.019104933849166547,Low
cibil,4,0.019104933849166547,Low
planning and control,4,0.019104933849166547,Low
structured cabling,4,0.019104933849166547,Low
distributor management,4,0.019104933849166547,Low
melting,4,0.019104933849166547,Low
core modules,4,0.019104933849166547,Low
business delivery,4,0.019104933849166547,Low
oracle forms,4,0.019104933849166547,Low
arm architecture,4,0.019104933849166547,Low
digital services,4,0.019104933849166547,Low
improvement activities,4,0.019104933849166547,Low
vendor agreements,4,0.019104933849166547,Low
profitability analysis,4,0.019104933849166547,Low
facebook ads manager,4,0.019104933849166547,Low
f&b executive,4,0.019104933849166547,Low
p&c insurance,4,0.019104933849166547,Low
idmc,4,0.019104933849166547,Low
microfocus,4,0.019104933849166547,Low
quest,4,0.019104933849166547,Low
sales monitoring,4,0.019104933849166547,Low
vulnerability assessment,4,0.019104933849166547,Low
embedded firmware development,4,0.019104933849166547,Low
test automation framework,4,0.019104933849166547,Low
automation strategies,4,0.019104933849166547,Low
etl process,4,0.019104933849166547,Low
pentaho,4,0.019104933849166547,Low
micro loan,4,0.019104933849166547,Low
electrical and electronics,4,0.019104933849166547,Low
mechanical engg,4,0.019104933849166547,Low
oracle epm,4,0.019104933849166547,Low
australian accounting,4,0.019104933849166547,Low
bill certification,4,0.019104933849166547,Low
process technology,4,0.019104933849166547,Low
a/r,4,0.019104933849166547,Low
sourcing specialist,4,0.019104933849166547,Low
site sales,4,0.019104933849166547,Low
turbines,4,0.019104933849166547,Low
control-m,4,0.019104933849166547,Low
tax research,4,0.019104933849166547,Low
hiring alert,4,0.019104933849166547,Low
automobile engineering,4,0.019104933849166547,Low
zephyr,4,0.019104933849166547,Low
mass mailing,4,0.019104933849166547,Low
headcount,4,0.019104933849166547,Low
process audit,4,0.019104933849166547,Low
channel marketing,4,0.019104933849166547,Low
filter,4,0.019104933849166547,Low
production equipment,4,0.019104933849166547,Low
robotic process,4,0.019104933849166547,Low
design techniques,4,0.019104933849166547,Low
plugin development,4,0.019104933849166547,Low
stock replenishment,4,0.019104933849166547,Low
associate architect,4,0.019104933849166547,Low
android application development,4,0.019104933849166547,Low
native app,4,0.019104933849166547,Low
offline storage,4,0.019104933849166547,Low
desk engineer,4,0.019104933849166547,Low
rest web,4,0.019104933849166547,Low
rest web services,4,0.019104933849166547,Low
robotic process automation,4,0.019104933849166547,Low
secure boot,4,0.019104933849166547,Low
farmer funding,4,0.019104933849166547,Low
hr professional,4,0.019104933849166547,Low
data discovery,4,0.019104933849166547,Low
media relations,4,0.019104933849166547,Low
debtors,4,0.019104933849166547,Low
territory sales officer,4,0.019104933849166547,Low
unit head,4,0.019104933849166547,Low
wincc,4,0.019104933849166547,Low
direct client interaction,4,0.019104933849166547,Low
adas,4,0.019104933849166547,Low
data operator,4,0.019104933849166547,Low
desktop engineer l1,4,0.019104933849166547,Low
document verification,4,0.019104933849166547,Low
checkpoint,4,0.019104933849166547,Low
sql querying,4,0.019104933849166547,Low
acquisition sales,4,0.019104933849166547,Low
sales account,4,0.019104933849166547,Low
modeling tools,4,0.019104933849166547,Low
material availability,4,0.019104933849166547,Low
cashless,4,0.019104933849166547,Low
process quality,4,0.019104933849166547,Low
ngfw,4,0.019104933849166547,Low
palo alto networks,4,0.019104933849166547,Low
scm modules,4,0.019104933849166547,Low
pitch decks,4,0.019104933849166547,Low
home appliances,4,0.019104933849166547,Low
cross-functional leadership,4,0.019104933849166547,Low
solid work,4,0.019104933849166547,Low
bpo executive,4,0.019104933849166547,Low
typist,4,0.019104933849166547,Low
manage day-to-day accounting operations,4,0.019104933849166547,Low
validation engineer,4,0.019104933849166547,Low
industrial engineer,4,0.019104933849166547,Low
volte,4,0.019104933849166547,Low
wholesale banking,4,0.019104933849166547,Low
telco,4,0.019104933849166547,Low
rest api testing,4,0.019104933849166547,Low
steel fabrication,4,0.019104933849166547,Low
individual tax,4,0.019104933849166547,Low
falcon,4,0.019104933849166547,Low
basel iii,4,0.019104933849166547,Low
front end technologies,4,0.019104933849166547,Low
administrative assistance,4,0.019104933849166547,Low
enterprise data management,4,0.019104933849166547,Low
c insurance,4,0.019104933849166547,Low
test analyst,4,0.019104933849166547,Low
seo manager,4,0.019104933849166547,Low
oil & gas projects,4,0.019104933849166547,Low
clra,4,0.019104933849166547,Low
labour law,4,0.019104933849166547,Low
uk voice,4,0.019104933849166547,Low
fire protection,4,0.019104933849166547,Low
strong analytical and communication skills,4,0.019104933849166547,Low
security framework,4,0.019104933849166547,Low
technical communication,4,0.019104933849166547,Low
digital strategy,4,0.019104933849166547,Low
business process mapping,4,0.019104933849166547,Low
network connectivity,4,0.019104933849166547,Low
accounts head,4,0.019104933849166547,Low
it head,4,0.019104933849166547,Low
forensic medicine,4,0.019104933849166547,Low
customer service jobs,4,0.019104933849166547,Low
global payroll,4,0.019104933849166547,Low
erwin,4,0.019104933849166547,Low
banking systems,4,0.019104933849166547,Low
retail management,4,0.019104933849166547,Low
turnkey projects,4,0.019104933849166547,Low
policy compliance,4,0.019104933849166547,Low
cancellation,4,0.019104933849166547,Low
cloud infrastructure management,4,0.019104933849166547,Low
optics,4,0.019104933849166547,Low
risk factors,4,0.019104933849166547,Low
venture capital,4,0.019104933849166547,Low
saas applications,4,0.019104933849166547,Low
planning and organizing skills,4,0.019104933849166547,Low
executive assistant to ceo,4,0.019104933849166547,Low
hr tech,4,0.019104933849166547,Low
used car,4,0.019104933849166547,Low
travel desk,4,0.019104933849166547,Low
abaqus,4,0.019104933849166547,Low
nastran,4,0.019104933849166547,Low
patran,4,0.019104933849166547,Low
transport operations,4,0.019104933849166547,Low
senior engineering manager,4,0.019104933849166547,Low
quality specialist,4,0.019104933849166547,Low
sprinklr,4,0.019104933849166547,Low
ai architect,4,0.019104933849166547,Low
webex,4,0.019104933849166547,Low
sales force automation,4,0.019104933849166547,Low
star hotels,4,0.019104933849166547,Low
pre primary teacher,4,0.019104933849166547,Low
township,4,0.019104933849166547,Low
centre head,4,0.019104933849166547,Low
chromatography,4,0.019104933849166547,Low
routine analysis,4,0.019104933849166547,Low
ed facility,4,0.019104933849166547,Low
archer,4,0.019104933849166547,Low
control testing,4,0.019104933849166547,Low
enterprise risk management,4,0.019104933849166547,Low
advance tax,4,0.019104933849166547,Low
valgenesis,4,0.019104933849166547,Low
cloud devops,4,0.019104933849166547,Low
dataproc,4,0.019104933849166547,Low
holiday packages,4,0.019104933849166547,Low
consultant nephrologist,4,0.019104933849166547,Low
examination,4,0.019104933849166547,Low
omega,4,0.019104933849166547,Low
report design,4,0.019104933849166547,Low
nltk,4,0.019104933849166547,Low
endur,4,0.019104933849166547,Low
syndication,4,0.019104933849166547,Low
conducting training,4,0.019104933849166547,Low
virtual training,4,0.019104933849166547,Low
diesel,4,0.019104933849166547,Low
nokia,4,0.019104933849166547,Low
material inspection,4,0.019104933849166547,Low
swiftui,4,0.019104933849166547,Low
uikit,4,0.019104933849166547,Low
unreal engine,4,0.019104933849166547,Low
employment law,4,0.019104933849166547,Low
ip addressing,4,0.019104933849166547,Low
global compliance,4,0.019104933849166547,Low
device installation,4,0.019104933849166547,Low
direct distribution,4,0.019104933849166547,Low
curation,4,0.019104933849166547,Low
it infrastructure services,4,0.019104933849166547,Low
maintenance contracts,4,0.019104933849166547,Low
networking & security,4,0.019104933849166547,Low
oem partners,4,0.019104933849166547,Low
reporting and documentation,4,0.019104933849166547,Low
etl/elt pipelines,4,0.019104933849166547,Low
legal analysis,4,0.019104933849166547,Low
phaco,4,0.019104933849166547,Low
therapies,4,0.019104933849166547,Low
center head,4,0.019104933849166547,Low
app insights,4,0.019104933849166547,Low
international logistics,4,0.019104933849166547,Low
sfcc,4,0.019104933849166547,Low
poka-yoke,4,0.019104933849166547,Low
abap on hana,4,0.019104933849166547,Low
monthly closing,4,0.019104933849166547,Low
cornerstone,4,0.019104933849166547,Low
obiee,4,0.019104933849166547,Low
oozie,4,0.019104933849166547,Low
six sigma green belt,4,0.019104933849166547,Low
electronjs,4,0.019104933849166547,Low
product positioning,4,0.019104933849166547,Low
data science engineer,4,0.019104933849166547,Low
azure cognitive services,4,0.019104933849166547,Low
sap crm,4,0.019104933849166547,Low
pronunciation,4,0.019104933849166547,Low
mis preparation,4,0.019104933849166547,Low
meeting coordination,4,0.019104933849166547,Low
sales assistant,4,0.019104933849166547,Low
seeds,4,0.019104933849166547,Low
financial governance,4,0.019104933849166547,Low
customer support process,4,0.019104933849166547,Low
billing center,4,0.019104933849166547,Low
amba,4,0.019104933849166547,Low
assembly language,4,0.019104933849166547,Low
rera compliance,4,0.019104933849166547,Low
exim,4,0.019104933849166547,Low
cloud foundry,4,0.019104933849166547,Low
rust,4,0.019104933849166547,Low
bmc remedy,4,0.019104933849166547,Low
aeronautical engineering,4,0.019104933849166547,Low
salesforce administration,4,0.019104933849166547,Low
project governance,4,0.019104933849166547,Low
model building,4,0.019104933849166547,Low
aws emr,4,0.019104933849166547,Low
azure cloud platform,4,0.019104933849166547,Low
cable tray,4,0.019104933849166547,Low
business acquisition,4,0.019104933849166547,Low
distributor sales,4,0.019104933849166547,Low
ml deployment,4,0.019104933849166547,Low
vave,4,0.019104933849166547,Low
sap abap hana,4,0.019104933849166547,Low
power projects,4,0.019104933849166547,Low
outbound logistics,4,0.019104933849166547,Low
social media strategy,4,0.019104933849166547,Low
legal matters,4,0.019104933849166547,Low
linux device driver,4,0.019104933849166547,Low
employee reimbursements,4,0.019104933849166547,Low
suse,4,0.019104933849166547,Low
stitching,4,0.019104933849166547,Low
plant operation,4,0.019104933849166547,Low
medical affairs,4,0.019104933849166547,Low
miro,4,0.019104933849166547,Low
planners,4,0.019104933849166547,Low
travel sales agents,4,0.019104933849166547,Low
research reports,4,0.019104933849166547,Low
vmware esxi,4,0.019104933849166547,Low
airframe,4,0.019104933849166547,Low
snowpark,4,0.019104933849166547,Low
network architectures,4,0.019104933849166547,Low
business school,4,0.019104933849166547,Low
sap btp application development,4,0.019104933849166547,Low
senior merchandiser,4,0.019104933849166547,Low
karate,4,0.019104933849166547,Low
gauge,4,0.019104933849166547,Low
dockers,4,0.019104933849166547,Low
reactnative,4,0.019104933849166547,Low
land acquisition,4,0.019104933849166547,Low
animal health,4,0.019104933849166547,Low
test documentation,4,0.019104933849166547,Low
inter personal skills,4,0.019104933849166547,Low
photographer,4,0.019104933849166547,Low
marketing collaterals,4,0.019104933849166547,Low
sap data services,4,0.019104933849166547,Low
estate management,4,0.019104933849166547,Low
media strategy,4,0.019104933849166547,Low
packaging development,4,0.019104933849166547,Low
process coordinator,4,0.019104933849166547,Low
field operation,4,0.019104933849166547,Low
apache camel,4,0.019104933849166547,Low
isolation,4,0.019104933849166547,Low
shutdown,4,0.019104933849166547,Low
jbpm,4,0.019104933849166547,Low
senior professional,4,0.019104933849166547,Low
argo,4,0.019104933849166547,Low
high voltage,4,0.019104933849166547,Low
kaizens,4,0.019104933849166547,Low
memberships,4,0.019104933849166547,Low
sepa,4,0.019104933849166547,Low
postgresql database,4,0.019104933849166547,Low
mcsa,4,0.019104933849166547,Low
jr. engineer,4,0.019104933849166547,Low
vmware vsphere,4,0.019104933849166547,Low
data analysis & reporting,4,0.019104933849166547,Low
recruitment strategy,4,0.019104933849166547,Low
talent acquisition strategies,4,0.019104933849166547,Low
orthopedics,4,0.019104933849166547,Low
inside sales representative,4,0.019104933849166547,Low
categorization,4,0.019104933849166547,Low
financial sales,4,0.019104933849166547,Low
quality planning,4,0.019104933849166547,Low
digital marketing tools,4,0.019104933849166547,Low
marketing and branding,4,0.019104933849166547,Low
proposal creation,4,0.019104933849166547,Low
sales support executive,4,0.019104933849166547,Low
strategic marketing,4,0.019104933849166547,Low
query management,4,0.019104933849166547,Low
sales training,4,0.019104933849166547,Low
core data services,4,0.019104933849166547,Low
health services,4,0.019104933849166547,Low
design codes,4,0.019104933849166547,Low
partner engagement,4,0.019104933849166547,Low
health education,4,0.019104933849166547,Low
midc,4,0.019104933849166547,Low
sumif,4,0.019104933849166547,Low
cmake,4,0.019104933849166547,Low
igaap,4,0.019104933849166547,Low
minutes of meeting,4,0.019104933849166547,Low
site lead,4,0.019104933849166547,Low
fire detection,4,0.019104933849166547,Low
stock level,4,0.019104933849166547,Low
wine,4,0.019104933849166547,Low
decommissioning,4,0.019104933849166547,Low
spark streaming,4,0.019104933849166547,Low
vcenter,4,0.019104933849166547,Low
service-now,4,0.019104933849166547,Low
hcm systems,4,0.019104933849166547,Low
financial audits,4,0.019104933849166547,Low
segregation,4,0.019104933849166547,Low
irrigation,4,0.019104933849166547,Low
pest control,4,0.019104933849166547,Low
soil,4,0.019104933849166547,Low
msc nursing,4,0.019104933849166547,Low
software programming,4,0.019104933849166547,Low
ibm integration bus,4,0.019104933849166547,Low
manual therapy,4,0.019104933849166547,Low
e way bill,4,0.019104933849166547,Low
sap migration,4,0.019104933849166547,Low
press tool,4,0.019104933849166547,Low
lightroom,4,0.019104933849166547,Low
crms,4,0.019104933849166547,Low
international travel sales,4,0.019104933849166547,Low
electrical & electronic,4,0.019104933849166547,Low
broking firm,4,0.019104933849166547,Low
program associate,4,0.019104933849166547,Low
conveying,4,0.019104933849166547,Low
process planning,4,0.019104933849166547,Low
high rise building,4,0.019104933849166547,Low
accounts management,4,0.019104933849166547,Low
capas,4,0.019104933849166547,Low
working capital management,4,0.019104933849166547,Low
clothing,4,0.019104933849166547,Low
storyboarding,4,0.019104933849166547,Low
mainframe development,4,0.019104933849166547,Low
discharge summary,4,0.019104933849166547,Low
b.des,4,0.019104933849166547,Low
waste water treatment,4,0.019104933849166547,Low
servicenow sam,4,0.019104933849166547,Low
brand communication,4,0.019104933849166547,Low
mechanical seals,4,0.019104933849166547,Low
process controls,4,0.019104933849166547,Low
seals,4,0.019104933849166547,Low
ipad,4,0.019104933849166547,Low
branch audit,4,0.019104933849166547,Low
bathroom,4,0.019104933849166547,Low
room preparation,4,0.019104933849166547,Low
tds filings,4,0.019104933849166547,Low
elixir,4,0.019104933849166547,Low
blinkit,4,0.019104933849166547,Low
ortho,4,0.019104933849166547,Low
treasury operations,4,0.019104933849166547,Low
entity framework core,4,0.019104933849166547,Low
bankruptcy,4,0.019104933849166547,Low
project reports,4,0.019104933849166547,Low
security automation,4,0.019104933849166547,Low
cost reduction initiatives,4,0.019104933849166547,Low
cash & bank,4,0.019104933849166547,Low
whatfix,4,0.019104933849166547,Low
control plane,4,0.019104933849166547,Low
ip protocols,4,0.019104933849166547,Low
qradar,4,0.019104933849166547,Low
trainee engineer,4,0.019104933849166547,Low
strategic management,4,0.019104933849166547,Low
technical operations,4,0.019104933849166547,Low
control design,4,0.019104933849166547,Low
capital expenditure,4,0.019104933849166547,Low
persona,4,0.019104933849166547,Low
skype,4,0.019104933849166547,Low
ad sales,4,0.019104933849166547,Low
farming,4,0.019104933849166547,Low
sap configuration,4,0.019104933849166547,Low
oracle fusion cloud,4,0.019104933849166547,Low
oracle fusion financials,4,0.019104933849166547,Low
executive 2,4,0.019104933849166547,Low
people manager,4,0.019104933849166547,Low
duty manager,4,0.019104933849166547,Low
sqlite,4,0.019104933849166547,Low
contract review,4,0.019104933849166547,Low
agile testing,4,0.019104933849166547,Low
analyst 1,4,0.019104933849166547,Low
batch preparation,4,0.019104933849166547,Low
large deals,4,0.019104933849166547,Low
masking,4,0.019104933849166547,Low
ms sql dba,4,0.019104933849166547,Low
quant,4,0.019104933849166547,Low
product lifecycle management,4,0.019104933849166547,Low
commercial operations,4,0.019104933849166547,Low
manufacturing engineer,4,0.019104933849166547,Low
pfmea,4,0.019104933849166547,Low
thomson,4,0.019104933849166547,Low
devops engineering,4,0.019104933849166547,Low
lead assistant manager,4,0.019104933849166547,Low
back office operations,4,0.019104933849166547,Low
electrical designer,4,0.019104933849166547,Low
salary negotiation,4,0.019104933849166547,Low
police,4,0.019104933849166547,Low
electrical panel,4,0.019104933849166547,Low
enclosure,4,0.019104933849166547,Low
oracle functional,4,0.019104933849166547,Low
emotional support,4,0.019104933849166547,Low
production line,4,0.019104933849166547,Low
scanner,4,0.019104933849166547,Low
fitting,4,0.019104933849166547,Low
microsoft azure devops,4,0.019104933849166547,Low
software validation,4,0.019104933849166547,Low
leisure,4,0.019104933849166547,Low
interior fit out,4,0.019104933849166547,Low
brand voice,4,0.019104933849166547,Low
app deployment,4,0.019104933849166547,Low
addie,4,0.019104933849166547,Low
effective time management,4,0.019104933849166547,Low
fusion cloud,4,0.019104933849166547,Low
autodesk inventor,4,0.019104933849166547,Low
accounts payables,4,0.019104933849166547,Low
material requirement planning,4,0.019104933849166547,Low
requirement planning,4,0.019104933849166547,Low
boq preparation,4,0.019104933849166547,Low
design excellence,4,0.019104933849166547,Low
futures,4,0.019104933849166547,Low
threat analysis,4,0.019104933849166547,Low
n8n,4,0.019104933849166547,Low
tableau desktop,4,0.019104933849166547,Low
wholesalers,4,0.019104933849166547,Low
market mapping,4,0.019104933849166547,Low
individualized care,4,0.019104933849166547,Low
cattle,4,0.019104933849166547,Low
gstr,4,0.019104933849166547,Low
electronics manufacturing,4,0.019104933849166547,Low
hr trainee,4,0.019104933849166547,Low
procurement systems,4,0.019104933849166547,Low
csdm,4,0.019104933849166547,Low
process plant,4,0.019104933849166547,Low
tia portal,4,0.019104933849166547,Low
support and enhancements,4,0.019104933849166547,Low
test management tool,4,0.019104933849166547,Low
and executing test cases,4,0.019104933849166547,Low
clinical research associate,4,0.019104933849166547,Low
food cost,4,0.019104933849166547,Low
shift management,4,0.019104933849166547,Low
conditional formatting,4,0.019104933849166547,Low
escalation handling,4,0.019104933849166547,Low
service request management,4,0.019104933849166547,Low
spacy,4,0.019104933849166547,Low
technical support voice,4,0.019104933849166547,Low
team skills,4,0.019104933849166547,Low
computer peripherals,4,0.019104933849166547,Low
production head,4,0.019104933849166547,Low
design strategy,4,0.019104933849166547,Low
white box testing,4,0.019104933849166547,Low
plastic injection molding,4,0.019104933849166547,Low
thai,4,0.019104933849166547,Low
oracle fusion financial,4,0.019104933849166547,Low
visualforce pages,4,0.019104933849166547,Low
technical sales executive,4,0.019104933849166547,Low
cost planning,4,0.019104933849166547,Low
account receivables,4,0.019104933849166547,Low
datastage,4,0.019104933849166547,Low
release notes,4,0.019104933849166547,Low
development studies,4,0.019104933849166547,Low
seo trends,4,0.019104933849166547,Low
altium,4,0.019104933849166547,Low
board design,4,0.019104933849166547,Low
design validation,4,0.019104933849166547,Low
quality concepts,4,0.019104933849166547,Low
biomedical engineer,4,0.019104933849166547,Low
automation lead,4,0.019104933849166547,Low
api manager,4,0.019104933849166547,Low
mobile ui/ux,4,0.019104933849166547,Low
candidate sourcing,4,0.019104933849166547,Low
healthcare recruiter,4,0.019104933849166547,Low
us healthcare recruiter,4,0.019104933849166547,Low
smart view,4,0.019104933849166547,Low
false ceiling,4,0.019104933849166547,Low
interior fit-out projects,4,0.019104933849166547,Low
equipment design,4,0.019104933849166547,Low
procurement support,4,0.019104933849166547,Low
triton,4,0.019104933849166547,Low
vhdl,4,0.019104933849166547,Low
test development,4,0.019104933849166547,Low
bank accounting,4,0.019104933849166547,Low
integration hub,4,0.019104933849166547,Low
system integration testing,4,0.019104933849166547,Low
cash applications,4,0.019104933849166547,Low
mass hiring,4,0.019104933849166547,Low
service desk analyst,4,0.019104933849166547,Low
us collection,4,0.019104933849166547,Low
treatment plant,4,0.019104933849166547,Low
itrs,4,0.019104933849166547,Low
executive summaries,4,0.019104933849166547,Low
value creation,4,0.019104933849166547,Low
architectural drawings,4,0.019104933849166547,Low
sql db,4,0.019104933849166547,Low
hospital operations,4,0.019104933849166547,Low
criminal,4,0.019104933849166547,Low
exploratory testing,4,0.019104933849166547,Low
control valves,4,0.019104933849166547,Low
transmission lines,4,0.019104933849166547,Low
exadata,4,0.019104933849166547,Low
art director,4,0.019104933849166547,Low
inventory audits,4,0.019104933849166547,Low
vendor contracts,4,0.019104933849166547,Low
product demonstration,4,0.019104933849166547,Low
omni studio,4,0.019104933849166547,Low
modular kitchen,4,0.019104933849166547,Low
ccie,4,0.019104933849166547,Low
cma inter,4,0.019104933849166547,Low
consultant radiologist,4,0.019104933849166547,Low
medical annotator,4,0.019104933849166547,Low
order execution,4,0.019104933849166547,Low
japanese language,4,0.019104933849166547,Low
language expert,4,0.019104933849166547,Low
vendor support,4,0.019104933849166547,Low
bi development,4,0.019104933849166547,Low
regulatory compliances,4,0.019104933849166547,Low
git/svn,4,0.019104933849166547,Low
angular 2+,4,0.019104933849166547,Low
order fulfilment,4,0.019104933849166547,Low
a level,4,0.019104933849166547,Low
us insurance,4,0.019104933849166547,Low
smoke testing,4,0.019104933849166547,Low
devops architect,4,0.019104933849166547,Low
site planning,4,0.019104933849166547,Low
hr ops,4,0.019104933849166547,Low
finance lead,4,0.019104933849166547,Low
fusion finance functional,4,0.019104933849166547,Low
sap bpc,4,0.019104933849166547,Low
digital campaign management,4,0.019104933849166547,Low
hr head,4,0.019104933849166547,Low
scm cloud,4,0.019104933849166547,Low
team leadership & collaboration,4,0.019104933849166547,Low
project tracking,4,0.019104933849166547,Low
handling calls,4,0.019104933849166547,Low
excellent verbal & written communication,4,0.019104933849166547,Low
application security testing,4,0.019104933849166547,Low
database integration,4,0.019104933849166547,Low
senior level hiring,4,0.019104933849166547,Low
fashion design,4,0.019104933849166547,Low
international school,4,0.019104933849166547,Low
interpersonal communication skills,4,0.019104933849166547,Low
report preparation,4,0.019104933849166547,Low
technical presentations,4,0.019104933849166547,Low
maintain stock,4,0.019104933849166547,Low
motor insurance sales,4,0.019104933849166547,Low
android/ios,4,0.019104933849166547,Low
ethnic wear,4,0.019104933849166547,Low
jinja,4,0.019104933849166547,Low
solution consultant,4,0.019104933849166547,Low
school administration,4,0.019104933849166547,Low
a+ content,4,0.019104933849166547,Low
customer operations,4,0.019104933849166547,Low
solution consulting,4,0.019104933849166547,Low
logical thinking,4,0.019104933849166547,Low
product management team,4,0.019104933849166547,Low
presentable personality,4,0.019104933849166547,Low
process industry,4,0.019104933849166547,Low
aluminum,4,0.019104933849166547,Low
stamina,4,0.019104933849166547,Low
technical marketing,4,0.019104933849166547,Low
plasma,4,0.019104933849166547,Low
know your customer,4,0.019104933849166547,Low
vxlan,4,0.019104933849166547,Low
it product sales,4,0.019104933849166547,Low
software architect,4,0.019104933849166547,Low
verification and validation,4,0.019104933849166547,Low
legal agreements,4,0.019104933849166547,Low
compensation management,4,0.019104933849166547,Low
fault tolerance,4,0.019104933849166547,Low
mous,4,0.019104933849166547,Low
software licensing,4,0.019104933849166547,Low
gold valuation,4,0.019104933849166547,Low
communication management,4,0.019104933849166547,Low
gst laws,4,0.019104933849166547,Low
incident reporting,4,0.019104933849166547,Low
business generation,4,0.019104933849166547,Low
pcb layout,4,0.019104933849166547,Low
dfmea,4,0.019104933849166547,Low
profit center accounting,4,0.019104933849166547,Low
employee benefit,4,0.019104933849166547,Low
fresher hiring,4,0.019104933849166547,Low
keycloak,4,0.019104933849166547,Low
gitlab ci / cd,4,0.019104933849166547,Low
international non voice process,4,0.019104933849166547,Low
clinical procedures,4,0.019104933849166547,Low
data exploration,4,0.019104933849166547,Low
ai infrastructure,4,0.019104933849166547,Low
sockets,4,0.019104933849166547,Low
articulate storyline,4,0.019104933849166547,Low
camtasia,4,0.019104933849166547,Low
manufacturing experience,4,0.019104933849166547,Low
customer marketing,4,0.019104933849166547,Low
linux systems,4,0.019104933849166547,Low
viptela,4,0.019104933849166547,Low
lightning design system,4,0.019104933849166547,Low
procurement software,4,0.019104933849166547,Low
monitoring tool,4,0.019104933849166547,Low
itsm processes,4,0.019104933849166547,Low
visualiser,4,0.019104933849166547,Low
bought out,4,0.019104933849166547,Low
application penetration,4,0.019104933849166547,Low
nism viii,4,0.019104933849166547,Low
photo editing,4,0.019104933849166547,Low
core hcm,4,0.019104933849166547,Low
undergraduate freshers,4,0.019104933849166547,Low
advanced java,4,0.019104933849166547,Low
banking voice,4,0.019104933849166547,Low
home loan sales,4,0.019104933849166547,Low
fivetran,4,0.019104933849166547,Low
cisco aci,4,0.019104933849166547,Low
human resources management,4,0.019104933849166547,Low
final inspection,4,0.019104933849166547,Low
measuring instruments,4,0.019104933849166547,Low
spanish travel,4,0.019104933849166547,Low
understanding of hr processes,4,0.019104933849166547,Low
web performance,4,0.019104933849166547,Low
commercial negotiation,4,0.019104933849166547,Low
fixed equipment,4,0.019104933849166547,Low
storage domain,4,0.019104933849166547,Low
media preparation,4,0.019104933849166547,Low
latex,4,0.019104933849166547,Low
automation tasks,4,0.019104933849166547,Low
spring webflux,4,0.019104933849166547,Low
technology integration,4,0.019104933849166547,Low
west india,4,0.019104933849166547,Low
canvas,4,0.019104933849166547,Low
powder,4,0.019104933849166547,Low
sales pitch,4,0.019104933849166547,Low
service agreement,4,0.019104933849166547,Low
product categories,4,0.019104933849166547,Low
weaving,4,0.019104933849166547,Low
defect analysis,4,0.019104933849166547,Low
framing,4,0.019104933849166547,Low
billing software,4,0.019104933849166547,Low
application penetration testing,4,0.019104933849166547,Low
us tax terms,4,0.019104933849166547,Low
3d design,4,0.019104933849166547,Low
adds,4,0.019104933849166547,Low
test procedures,4,0.019104933849166547,Low
ware,4,0.019104933849166547,Low
penetration tester,4,0.019104933849166547,Low
hr metrics,4,0.019104933849166547,Low
three.js,4,0.019104933849166547,Low
us recruiter,4,0.019104933849166547,Low
promotional campaigns,4,0.019104933849166547,Low
hr admin,4,0.019104933849166547,Low
us citizens,4,0.019104933849166547,Low
demand forecasting,4,0.019104933849166547,Low
api developer,4,0.019104933849166547,Low
personnel management,4,0.019104933849166547,Low
administrative skills,4,0.019104933849166547,Low
uk process,4,0.019104933849166547,Low
service delivery management,4,0.019104933849166547,Low
erp modules,4,0.019104933849166547,Low
aws technologies,4,0.019104933849166547,Low
communication & coordination,4,0.019104933849166547,Low
front office management,4,0.019104933849166547,Low
lakehouse architecture,4,0.019104933849166547,Low
linguistics,4,0.019104933849166547,Low
s&p,4,0.019104933849166547,Low
oracle ebs technical,4,0.019104933849166547,Low
plating,4,0.019104933849166547,Low
sql server databases,4,0.019104933849166547,Low
epcm,4,0.019104933849166547,Low
core connectors,4,0.019104933849166547,Low
tprm,4,0.019104933849166547,Low
timing closure,4,0.019104933849166547,Low
cyberark,4,0.019104933849166547,Low
dynamo db,4,0.019104933849166547,Low
patrol,4,0.019104933849166547,Low
travel sales ppc,4,0.019104933849166547,Low
ienergizer,4,0.019104933849166547,Low
eot cranes,4,0.019104933849166547,Low
microsoft defender,4,0.019104933849166547,Low
business awareness,4,0.019104933849166547,Low
business tax,4,0.019104933849166547,Low
aws kms,4,0.019104933849166547,Low
admission process,4,0.019104933849166547,Low
appointment scheduling,4,0.019104933849166547,Low
laparoscopic surgeon,4,0.019104933849166547,Low
vb script,4,0.019104933849166547,Low
petroleum,4,0.019104933849166547,Low
web designer,4,0.019104933849166547,Low
hr practices,4,0.019104933849166547,Low
nesting,4,0.019104933849166547,Low
rigging,4,0.019104933849166547,Low
shopfloor,4,0.019104933849166547,Low
multiple languages,4,0.019104933849166547,Low
windows 11,4,0.019104933849166547,Low
data-driven decision making,4,0.019104933849166547,Low
nabl,4,0.019104933849166547,Low
development testing,4,0.019104933849166547,Low
gherkin,4,0.019104933849166547,Low
loyalty programs,4,0.019104933849166547,Low
diabetic,4,0.019104933849166547,Low
sub-contractors,4,0.019104933849166547,Low
agentic workflows,4,0.019104933849166547,Low
anypoint platform,4,0.019104933849166547,Low
content optimization,4,0.019104933849166547,Low
digital channel,4,0.019104933849166547,Low
crisis management,4,0.019104933849166547,Low
test case creation,4,0.019104933849166547,Low
gst advisory,4,0.019104933849166547,Low
job work,4,0.019104933849166547,Low
engineering management,4,0.019104933849166547,Low
async programming,4,0.019104933849166547,Low
site experience,4,0.019104933849166547,Low
adobe commerce,4,0.019104933849166547,Low
milk,4,0.019104933849166547,Low
power sector,4,0.019104933849166547,Low
us international,4,0.019104933849166547,Low
preparing quotations,4,0.019104933849166547,Low
collaborative approach,4,0.019104933849166547,Low
basic communication,4,0.019104933849166547,Low
client development,4,0.019104933849166547,Low
azure iot,4,0.019104933849166547,Low
consumer durable,4,0.019104933849166547,Low
paid campaigns,4,0.019104933849166547,Low
interventional cardiologist,4,0.019104933849166547,Low
oracle utilities,4,0.019104933849166547,Low
process specialist,4,0.019104933849166547,Low
graphics designer,4,0.019104933849166547,Low
oracle fusion erp,4,0.019104933849166547,Low
agile project management,4,0.019104933849166547,Low
kronos,4,0.019104933849166547,Low
grocery,4,0.019104933849166547,Low
machining process,4,0.019104933849166547,Low
zonal head,4,0.019104933849166547,Low
regional marketing,4,0.019104933849166547,Low
motion control,4,0.019104933849166547,Low
training coordination,4,0.019104933849166547,Low
lubricant,4,0.019104933849166547,Low
barista,4,0.019104933849166547,Low
sales/business development,4,0.019104933849166547,Low
salesforce apis,4,0.019104933849166547,Low
quality procedures,4,0.019104933849166547,Low
glide,4,0.019104933849166547,Low
marketing executives,4,0.019104933849166547,Low
construction quality,4,0.019104933849166547,Low
software installation,4,0.019104933849166547,Low
portfolio handling,4,0.019104933849166547,Low
superannuation,4,0.019104933849166547,Low
sniffer,4,0.019104933849166547,Low
savings account,4,0.019104933849166547,Low
change orders,4,0.019104933849166547,Low
infrastructure architecture,4,0.019104933849166547,Low
cash flows,4,0.019104933849166547,Low
cloud orchestration,4,0.019104933849166547,Low
solr,4,0.019104933849166547,Low
solutions engineering,4,0.019104933849166547,Low
profibus,4,0.019104933849166547,Low
financial sector,4,0.019104933849166547,Low
temenos,4,0.019104933849166547,Low
intercompany accounting,4,0.019104933849166547,Low
azure paas,4,0.019104933849166547,Low
c++11,4,0.019104933849166547,Low
ddos,4,0.019104933849166547,Low
validation rules,4,0.019104933849166547,Low
physical security,4,0.019104933849166547,Low
audit documentation,4,0.019104933849166547,Low
social media specialist,4,0.019104933849166547,Low
heat treatment,4,0.019104933849166547,Low
loan depot,4,0.019104933849166547,Low
retirement benefits,4,0.019104933849166547,Low
separation,4,0.019104933849166547,Low
executive support,4,0.019104933849166547,Low
final quality,4,0.019104933849166547,Low
instrument qualification,4,0.019104933849166547,Low
line clearance,4,0.019104933849166547,Low
electronic systems,4,0.019104933849166547,Low
data build tool,4,0.019104933849166547,Low
snaplogic,4,0.019104933849166547,Low
customer support engineer,4,0.019104933849166547,Low
airlines,4,0.019104933849166547,Low
software qa,4,0.019104933849166547,Low
business system,4,0.019104933849166547,Low
windchill,4,0.019104933849166547,Low
octopus,4,0.019104933849166547,Low
mitsubishi,4,0.019104933849166547,Low
mass production,4,0.019104933849166547,Low
conversion rate,4,0.019104933849166547,Low
software project,4,0.019104933849166547,Low
sap tm,4,0.019104933849166547,Low
ca fresher,4,0.019104933849166547,Low
audit plan,4,0.019104933849166547,Low
audit work,4,0.019104933849166547,Low
resuscitation,4,0.019104933849166547,Low
steel bridge,4,0.019104933849166547,Low
plastic moulding,4,0.019104933849166547,Low
shift superintendent,4,0.019104933849166547,Low
web content management,4,0.019104933849166547,Low
error management,4,0.019104933849166547,Low
ppts,4,0.019104933849166547,Low
generative ai applications,4,0.019104933849166547,Low
expediting,4,0.019104933849166547,Low
executive reporting,4,0.019104933849166547,Low
oauth 2,4,0.019104933849166547,Low
oauth 2.0,4,0.019104933849166547,Low
android framework,4,0.019104933849166547,Low
anti money laundering,4,0.019104933849166547,Low
banking and finance,4,0.019104933849166547,Low
hashicorp,4,0.019104933849166547,Low
budget preparation,4,0.019104933849166547,Low
driving performance,4,0.019104933849166547,Low
market place,4,0.019104933849166547,Low
network solutions,4,0.019104933849166547,Low
customer service officer,4,0.019104933849166547,Low
leading the team,4,0.019104933849166547,Low
etl qa,4,0.019104933849166547,Low
payroll administration,4,0.019104933849166547,Low
project setup,4,0.019104933849166547,Low
risk mgmt,4,0.019104933849166547,Low
sales proposals,4,0.019104933849166547,Low
queue management,4,0.019104933849166547,Low
faas,4,0.019104933849166547,Low
enzyme,4,0.019104933849166547,Low
client solutions,4,0.019104933849166547,Low
yahoo,4,0.019104933849166547,Low
classroom training,4,0.019104933849166547,Low
ui technologies,4,0.019104933849166547,Low
stairs,4,0.019104933849166547,Low
draftsmen,4,0.019104933849166547,Low
human computer interaction,4,0.019104933849166547,Low
record maintenance,4,0.019104933849166547,Low
salesforce support,4,0.019104933849166547,Low
diagnostic skills,4,0.019104933849166547,Low
cyber security sales,4,0.019104933849166547,Low
revenue operations,4,0.019104933849166547,Low
agent ai,4,0.019104933849166547,Low
global tax,4,0.019104933849166547,Low
net 6+,4,0.019104933849166547,Low
telus,4,0.019104933849166547,Low
r2r process,4,0.019104933849166547,Low
hrss,4,0.019104933849166547,Low
intranet,4,0.019104933849166547,Low
regulatory reports,4,0.019104933849166547,Low
workday benefits,4,0.019104933849166547,Low
public accounting firm,4,0.019104933849166547,Low
tax reporting,4,0.019104933849166547,Low
servicenow architect,4,0.019104933849166547,Low
accounting functions,4,0.019104933849166547,Low
cruise,4,0.019104933849166547,Low
bit bucket,4,0.019104933849166547,Low
dmlt,4,0.019104933849166547,Low
safety and compliance,4,0.019104933849166547,Low
agency sales,4,0.019104933849166547,Low
adobe workfront,4,0.019104933849166547,Low
stream processing,4,0.019104933849166547,Low
hvac system,4,0.019104933849166547,Low
single sign-on,4,0.019104933849166547,Low
denodo,4,0.019104933849166547,Low
unix shell scripting,4,0.019104933849166547,Low
concept selling,4,0.019104933849166547,Low
product champion,4,0.019104933849166547,Low
cutting tools,4,0.019104933849166547,Low
agile process,4,0.019104933849166547,Low
medium voltage,4,0.019104933849166547,Low
motor control,4,0.019104933849166547,Low
time management and organizational skills,4,0.019104933849166547,Low
e-way bills,4,0.019104933849166547,Low
customer advisor,4,0.019104933849166547,Low
electrical components,4,0.019104933849166547,Low
professional tax,4,0.019104933849166547,Low
gearbox,4,0.019104933849166547,Low
supply chain supply planning,4,0.019104933849166547,Low
ind-as,4,0.019104933849166547,Low
data conversion,4,0.019104933849166547,Low
learning management systems,4,0.019104933849166547,Low
cost monitoring,4,0.019104933849166547,Low
australian shift,4,0.019104933849166547,Low
message queue,4,0.019104933849166547,Low
data architecture principles,4,0.019104933849166547,Low
associate analyst,4,0.019104933849166547,Low
celebrations,4,0.019104933849166547,Low
product analytics,4,0.019104933849166547,Low
davinci,4,0.019104933849166547,Low
electronic engineering,4,0.019104933849166547,Low
cloud application development,4,0.019104933849166547,Low
llmops,4,0.019104933849166547,Low
risk modeling,4,0.019104933849166547,Low
behavioural skills,4,0.019104933849166547,Low
strategic projects,4,0.019104933849166547,Low
electrical works,4,0.019104933849166547,Low
health monitoring,4,0.019104933849166547,Low
web server,4,0.019104933849166547,Low
marketing management,4,0.019104933849166547,Low
good academic record,4,0.019104933849166547,Low
sap bo,4,0.019104933849166547,Low
django/flask,4,0.019104933849166547,Low
microservices architectures,4,0.019104933849166547,Low
bid evaluation,4,0.019104933849166547,Low
fatigue,4,0.019104933849166547,Low
is standards,4,0.019104933849166547,Low
basic video editing,4,0.019104933849166547,Low
aviation industry,4,0.019104933849166547,Low
electrical safety,4,0.019104933849166547,Low
football,4,0.019104933849166547,Low
operations and service,4,0.019104933849166547,Low
thunderhead,4,0.019104933849166547,Low
core python,4,0.019104933849166547,Low
residential buildings,4,0.019104933849166547,Low
aircraft maintenance,4,0.019104933849166547,Low
insurance policies,4,0.019104933849166547,Low
clinical assessment,4,0.019104933849166547,Low
theming,4,0.019104933849166547,Low
international taxation,4,0.019104933849166547,Low
sap co management,4,0.019104933849166547,Low
sap ui5 development,4,0.019104933849166547,Low
engineering project management,4,0.019104933849166547,Low
ibdp,4,0.019104933849166547,Low
react hooks,4,0.019104933849166547,Low
sales or service,4,0.019104933849166547,Low
retail forex,4,0.019104933849166547,Low
sarbanes-oxley,4,0.019104933849166547,Low
offensive security,4,0.019104933849166547,Low
investor relations,4,0.019104933849166547,Low
project management office,4,0.019104933849166547,Low
sap controlling,4,0.019104933849166547,Low
chip design,4,0.019104933849166547,Low
blueyonder,4,0.019104933849166547,Low
configuration and troubleshooting,4,0.019104933849166547,Low
behavior driven development,4,0.019104933849166547,Low
bug fixing,4,0.019104933849166547,Low
high level of accuracy,4,0.019104933849166547,Low
road shows,4,0.019104933849166547,Low
front office operations,4,0.019104933849166547,Low
ci/cd workflows,4,0.019104933849166547,Low
theme development,4,0.019104933849166547,Low
external audit,4,0.019104933849166547,Low
billing integration,4,0.019104933849166547,Low
marketing budget,3,0.01432870038687491,Low
paraplanner,3,0.01432870038687491,Low
admin activities,3,0.01432870038687491,Low
event marketing,3,0.01432870038687491,Low
power systems,3,0.01432870038687491,Low
high rise buildings,3,0.01432870038687491,Low
digital marketing trainer,3,0.01432870038687491,Low
powershell automation,3,0.01432870038687491,Low
apache sling,3,0.01432870038687491,Low
oracle hyperion,3,0.01432870038687491,Low
real estate management,3,0.01432870038687491,Low
sap qm consultant,3,0.01432870038687491,Low
sap ps consultant,3,0.01432870038687491,Low
similar project,3,0.01432870038687491,Low
openwrt,3,0.01432870038687491,Low
including receiving,3,0.01432870038687491,Low
workday finance,3,0.01432870038687491,Low
cloud payroll,3,0.01432870038687491,Low
stibo,3,0.01432870038687491,Low
tibco,3,0.01432870038687491,Low
repair engineer,3,0.01432870038687491,Low
sap pi,3,0.01432870038687491,Low
codecs,3,0.01432870038687491,Low
sql query writing,3,0.01432870038687491,Low
raml,3,0.01432870038687491,Low
assertions,3,0.01432870038687491,Low
it risk,3,0.01432870038687491,Low
panchkula,3,0.01432870038687491,Low
corporate strategy,3,0.01432870038687491,Low
design coordination,3,0.01432870038687491,Low
vascular,3,0.01432870038687491,Low
quality inspector,3,0.01432870038687491,Low
zuken,3,0.01432870038687491,Low
scaffolding,3,0.01432870038687491,Low
knockoutjs,3,0.01432870038687491,Low
wireframing,3,0.01432870038687491,Low
workday consultant,3,0.01432870038687491,Low
strategy manager,3,0.01432870038687491,Low
ppic,3,0.01432870038687491,Low
cycle count,3,0.01432870038687491,Low
agentic ai frameworks,3,0.01432870038687491,Low
security monitoring,3,0.01432870038687491,Low
upgradation,3,0.01432870038687491,Low
escalation calls,3,0.01432870038687491,Low
technology & software,3,0.01432870038687491,Low
construction project,3,0.01432870038687491,Low
construction project management,3,0.01432870038687491,Low
sql azure,3,0.01432870038687491,Low
generalist hr,3,0.01432870038687491,Low
email security,3,0.01432870038687491,Low
sales metrics,3,0.01432870038687491,Low
brf+,3,0.01432870038687491,Low
service now developer,3,0.01432870038687491,Low
servicenow applications development,3,0.01432870038687491,Low
residential building,3,0.01432870038687491,Low
django framework,3,0.01432870038687491,Low
yellow belt,3,0.01432870038687491,Low
audit process,3,0.01432870038687491,Low
food and beverage service,3,0.01432870038687491,Low
neptune,3,0.01432870038687491,Low
oracle apex,3,0.01432870038687491,Low
flexray,3,0.01432870038687491,Low
enterprise manager,3,0.01432870038687491,Low
oracle enterprise,3,0.01432870038687491,Low
oracle rac,3,0.01432870038687491,Low
gmaw,3,0.01432870038687491,Low
smaw,3,0.01432870038687491,Low
instrumentation maintenance,3,0.01432870038687491,Low
cipp,3,0.01432870038687491,Low
solaris,3,0.01432870038687491,Low
data annotation,3,0.01432870038687491,Low
iics,3,0.01432870038687491,Low
thermal management,3,0.01432870038687491,Low
system optimization,3,0.01432870038687491,Low
mobilisation,3,0.01432870038687491,Low
building engineering,3,0.01432870038687491,Low
e-learning platforms,3,0.01432870038687491,Low
plumber,3,0.01432870038687491,Low
oracle ebs r12,3,0.01432870038687491,Low
building services,3,0.01432870038687491,Low
elv systems,3,0.01432870038687491,Low
treasury functions,3,0.01432870038687491,Low
react testing library,3,0.01432870038687491,Low
state management solutions,3,0.01432870038687491,Low
computer literate,3,0.01432870038687491,Low
reporting & compliance,3,0.01432870038687491,Low
managed security services,3,0.01432870038687491,Low
security assessment,3,0.01432870038687491,Low
wfm manager,3,0.01432870038687491,Low
5g core,3,0.01432870038687491,Low
security alerts,3,0.01432870038687491,Low
ip telephony,3,0.01432870038687491,Low
account planning,3,0.01432870038687491,Low
media planning,3,0.01432870038687491,Low
power tools,3,0.01432870038687491,Low
technical trainer,3,0.01432870038687491,Low
xml publisher,3,0.01432870038687491,Low
deployment process,3,0.01432870038687491,Low
decision support,3,0.01432870038687491,Low
closing manager,3,0.01432870038687491,Low
material engineer,3,0.01432870038687491,Low
piping systems,3,0.01432870038687491,Low
verint,3,0.01432870038687491,Low
drawing reading,3,0.01432870038687491,Low
business objects,3,0.01432870038687491,Low
tableau/power bi,3,0.01432870038687491,Low
adobe acrobat,3,0.01432870038687491,Low
bods,3,0.01432870038687491,Low
business process improvement,3,0.01432870038687491,Low
fragrance,3,0.01432870038687491,Low
online research,3,0.01432870038687491,Low
client records,3,0.01432870038687491,Low
electrical wiring,3,0.01432870038687491,Low
rewriting,3,0.01432870038687491,Low
npci,3,0.01432870038687491,Low
iiot,3,0.01432870038687491,Low
insulation,3,0.01432870038687491,Low
moodle,3,0.01432870038687491,Low
speciality chemicals,3,0.01432870038687491,Low
mentor graphics,3,0.01432870038687491,Low
hsrp,3,0.01432870038687491,Low
data integrator,3,0.01432870038687491,Low
oracle data,3,0.01432870038687491,Low
oracle data integrator,3,0.01432870038687491,Low
repos,3,0.01432870038687491,Low
amazon s3,3,0.01432870038687491,Low
jd edwards,3,0.01432870038687491,Low
magento 2,3,0.01432870038687491,Low
cable sizing,3,0.01432870038687491,Low
crash,3,0.01432870038687491,Low
analytics tool,3,0.01432870038687491,Low
adfs,3,0.01432870038687491,Low
capacity planner,3,0.01432870038687491,Low
piping engineering,3,0.01432870038687491,Low
glassware,3,0.01432870038687491,Low
reagents,3,0.01432870038687491,Low
chemical plant,3,0.01432870038687491,Low
odin,3,0.01432870038687491,Low
badis,3,0.01432870038687491,Low
diamonds,3,0.01432870038687491,Low
bpo process,3,0.01432870038687491,Low
agile/scrum methodology,3,0.01432870038687491,Low
databrick,3,0.01432870038687491,Low
edwards,3,0.01432870038687491,Low
qa engineering,3,0.01432870038687491,Low
senior process associate,3,0.01432870038687491,Low
implement infrastructure as code,3,0.01432870038687491,Low
accounting & compliance,3,0.01432870038687491,Low
financial analysis & reporting,3,0.01432870038687491,Low
sap bods,3,0.01432870038687491,Low
prt teacher,3,0.01432870038687491,Low
six sigma black belt,3,0.01432870038687491,Low
ectd,3,0.01432870038687491,Low
system services,3,0.01432870038687491,Low
electrical switchgear,3,0.01432870038687491,Low
eplan,3,0.01432870038687491,Low
load calculations,3,0.01432870038687491,Low
isometrics,3,0.01432870038687491,Low
carpet,3,0.01432870038687491,Low
linen management,3,0.01432870038687491,Low
mobile app architecture,3,0.01432870038687491,Low
final graphics,3,0.01432870038687491,Low
project architect,3,0.01432870038687491,Low
cyber threat intelligence,3,0.01432870038687491,Low
business advisory,3,0.01432870038687491,Low
2d drawings,3,0.01432870038687491,Low
application development lifecycle,3,0.01432870038687491,Low
testcontainers,3,0.01432870038687491,Low
cqrs,3,0.01432870038687491,Low
monolithic,3,0.01432870038687491,Low
control panel,3,0.01432870038687491,Low
user exits,3,0.01432870038687491,Low
training modules,3,0.01432870038687491,Low
voice and accent,3,0.01432870038687491,Low
cataract,3,0.01432870038687491,Low
cataract surgeon,3,0.01432870038687491,Low
patient communication,3,0.01432870038687491,Low
pipelining,3,0.01432870038687491,Low
flutter development,3,0.01432870038687491,Low
arabic,3,0.01432870038687491,Low
technology roadmap,3,0.01432870038687491,Low
cable trays,3,0.01432870038687491,Low
hr policy,3,0.01432870038687491,Low
php laravel,3,0.01432870038687491,Low
pressing,3,0.01432870038687491,Low
capitalization,3,0.01432870038687491,Low
rfid,3,0.01432870038687491,Low
control panels,3,0.01432870038687491,Low
cost saving,3,0.01432870038687491,Low
online sales,3,0.01432870038687491,Low
switchgears,3,0.01432870038687491,Low
3ds max,3,0.01432870038687491,Low
v-ray,3,0.01432870038687491,Low
production control,3,0.01432870038687491,Low
german language,3,0.01432870038687491,Low
excellent networking,3,0.01432870038687491,Low
healthcare marketing,3,0.01432870038687491,Low
third party risk management,3,0.01432870038687491,Low
ebooks,3,0.01432870038687491,Low
ssl certificates,3,0.01432870038687491,Low
academic coordinator,3,0.01432870038687491,Low
identity & access management,3,0.01432870038687491,Low
sr.executive,3,0.01432870038687491,Low
medical writer,3,0.01432870038687491,Low
web application penetration testing,3,0.01432870038687491,Low
devops lead,3,0.01432870038687491,Low
adobe indesign,3,0.01432870038687491,Low
cloud integrations,3,0.01432870038687491,Low
gcms,3,0.01432870038687491,Low
oracle pl,3,0.01432870038687491,Low
green card,3,0.01432870038687491,Low
soc 2,3,0.01432870038687491,Low
site engineering,3,0.01432870038687491,Low
finance and controlling,3,0.01432870038687491,Low
assamese,3,0.01432870038687491,Low
market operations,3,0.01432870038687491,Low
shift in charge,3,0.01432870038687491,Low
typescript/javascript,3,0.01432870038687491,Low
google tag,3,0.01432870038687491,Low
google tag manager,3,0.01432870038687491,Low
research skills,3,0.01432870038687491,Low
enterprise performance management,3,0.01432870038687491,Low
manager fp&a,3,0.01432870038687491,Low
mabs,3,0.01432870038687491,Low
plant safety,3,0.01432870038687491,Low
ppes,3,0.01432870038687491,Low
integrity management,3,0.01432870038687491,Low
us healthcare rcm,3,0.01432870038687491,Low
salesforce architecture,3,0.01432870038687491,Low
sales cycle management,3,0.01432870038687491,Low
tele collection,3,0.01432870038687491,Low
good co,3,0.01432870038687491,Low
data analytical tools,3,0.01432870038687491,Low
technical leadership and guidance,3,0.01432870038687491,Low
m&a tax,3,0.01432870038687491,Low
embedded system design,3,0.01432870038687491,Low
mtbf,3,0.01432870038687491,Low
buffer preparation,3,0.01432870038687491,Low
disciplinary action,3,0.01432870038687491,Low
groovy scripting,3,0.01432870038687491,Low
automation project,3,0.01432870038687491,Low
lathe,3,0.01432870038687491,Low
claim center,3,0.01432870038687491,Low
executive secretary,3,0.01432870038687491,Low
customer service training,3,0.01432870038687491,Low
service training,3,0.01432870038687491,Low
odata services,3,0.01432870038687491,Low
placement officer,3,0.01432870038687491,Low
ladder,3,0.01432870038687491,Low
team oriented,3,0.01432870038687491,Low
integration skills,3,0.01432870038687491,Low
special educator,3,0.01432870038687491,Low
growth marketing,3,0.01432870038687491,Low
pizza,3,0.01432870038687491,Low
jira tool,3,0.01432870038687491,Low
international payroll,3,0.01432870038687491,Low
academic leadership,3,0.01432870038687491,Low
social media escalation,3,0.01432870038687491,Low
legacy modernization,3,0.01432870038687491,Low
nhibernate,3,0.01432870038687491,Low
real estate transactions,3,0.01432870038687491,Low
redevelopment,3,0.01432870038687491,Low
marketing coordinator,3,0.01432870038687491,Low
crm tool,3,0.01432870038687491,Low
linkedin marketing,3,0.01432870038687491,Low
web analytics tools,3,0.01432870038687491,Low
lesson planning,3,0.01432870038687491,Low
audit associate,3,0.01432870038687491,Low
java react,3,0.01432870038687491,Low
business application studio,3,0.01432870038687491,Low
subscribers,3,0.01432870038687491,Low
sam pro,3,0.01432870038687491,Low
policy administration,3,0.01432870038687491,Low
proptech,3,0.01432870038687491,Low
childcare,3,0.01432870038687491,Low
ot technician,3,0.01432870038687491,Low
aeronautics,3,0.01432870038687491,Low
pathologist,3,0.01432870038687491,Low
linux admin,3,0.01432870038687491,Low
security hardening,3,0.01432870038687491,Low
zoho creator,3,0.01432870038687491,Low
finance reporting,3,0.01432870038687491,Low
industrial product,3,0.01432870038687491,Low
industrial product sales,3,0.01432870038687491,Low
software development engineer ii,3,0.01432870038687491,Low
large corporates,3,0.01432870038687491,Low
spam,3,0.01432870038687491,Low
baan,3,0.01432870038687491,Low
website development,3,0.01432870038687491,Low
sales analytics,3,0.01432870038687491,Low
b2b digital marketing,3,0.01432870038687491,Low
sap grc,3,0.01432870038687491,Low
iterative development,3,0.01432870038687491,Low
solution enablement,3,0.01432870038687491,Low
fluent english communication,3,0.01432870038687491,Low
onsite support,3,0.01432870038687491,Low
intellij idea,3,0.01432870038687491,Low
ai algorithms,3,0.01432870038687491,Low
tool maintenance,3,0.01432870038687491,Low
dashboard development,3,0.01432870038687491,Low
corporate audit,3,0.01432870038687491,Low
career management,3,0.01432870038687491,Low
emergency management,3,0.01432870038687491,Low
pharmaceutical manufacturing,3,0.01432870038687491,Low
learning skills,3,0.01432870038687491,Low
senior research associate,3,0.01432870038687491,Low
microsoft dynamics crm technical,3,0.01432870038687491,Low
customer segment,3,0.01432870038687491,Low
admin assistant,3,0.01432870038687491,Low
career counsellor,3,0.01432870038687491,Low
annealing,3,0.01432870038687491,Low
java8,3,0.01432870038687491,Low
customer success management,3,0.01432870038687491,Low
head chef,3,0.01432870038687491,Low
commercial interiors,3,0.01432870038687491,Low
business hr,3,0.01432870038687491,Low
rtr process,3,0.01432870038687491,Low
mobile phones,3,0.01432870038687491,Low
us technical recruiter,3,0.01432870038687491,Low
tele calling executive,3,0.01432870038687491,Low
maintenance operations,3,0.01432870038687491,Low
ar follow,3,0.01432870038687491,Low
client outreach,3,0.01432870038687491,Low
dialogflow,3,0.01432870038687491,Low
claim management,3,0.01432870038687491,Low
on job training,3,0.01432870038687491,Low
payout,3,0.01432870038687491,Low
pl-400,3,0.01432870038687491,Low
distillation,3,0.01432870038687491,Low
business case development,3,0.01432870038687491,Low
personal assistance,3,0.01432870038687491,Low
hr system,3,0.01432870038687491,Low
axure,3,0.01432870038687491,Low
obligation,3,0.01432870038687491,Low
saps,3,0.01432870038687491,Low
data vault,3,0.01432870038687491,Low
organization design,3,0.01432870038687491,Low
organizational change management,3,0.01432870038687491,Low
warehouse manager,3,0.01432870038687491,Low
lab consumables,3,0.01432870038687491,Low
and client relationship management,3,0.01432870038687491,Low
computer operations,3,0.01432870038687491,Low
db administration,3,0.01432870038687491,Low
financial reporting and analysis,3,0.01432870038687491,Low
sentinel,3,0.01432870038687491,Low
compliance with internal policies,3,0.01432870038687491,Low
build management,3,0.01432870038687491,Low
anaesthetist,3,0.01432870038687491,Low
computer hardware and software,3,0.01432870038687491,Low
pycharm,3,0.01432870038687491,Low
chief of staff,3,0.01432870038687491,Low
international voice processes,3,0.01432870038687491,Low
bank guarantee,3,0.01432870038687491,Low
project operations,3,0.01432870038687491,Low
renewal process,3,0.01432870038687491,Low
dermatologist,3,0.01432870038687491,Low
waiter,3,0.01432870038687491,Low
large-scale operations,3,0.01432870038687491,Low
packaging material,3,0.01432870038687491,Low
equipment usage,3,0.01432870038687491,Low
design automation,3,0.01432870038687491,Low
regulatory operations,3,0.01432870038687491,Low
tenable,3,0.01432870038687491,Low
vapt,3,0.01432870038687491,Low
reaction,3,0.01432870038687491,Low
email marketing executive,3,0.01432870038687491,Low
processing applications,3,0.01432870038687491,Low
data maintenance,3,0.01432870038687491,Low
keyword research & analysis,3,0.01432870038687491,Low
travel sales executive,3,0.01432870038687491,Low
it support executive,3,0.01432870038687491,Low
mecm,3,0.01432870038687491,Low
tekton,3,0.01432870038687491,Low
process consulting,3,0.01432870038687491,Low
chips,3,0.01432870038687491,Low
stream analytics,3,0.01432870038687491,Low
contract preparation,3,0.01432870038687491,Low
supply chain coordination,3,0.01432870038687491,Low
casualty insurance,3,0.01432870038687491,Low
compute engine,3,0.01432870038687491,Low
s/4hana migration,3,0.01432870038687491,Low
regulatory & compliance,3,0.01432870038687491,Low
seo optimization,3,0.01432870038687491,Low
write compelling,3,0.01432870038687491,Low
sales and operations,3,0.01432870038687491,Low
anesthetist,3,0.01432870038687491,Low
contact center operations,3,0.01432870038687491,Low
operations professional,3,0.01432870038687491,Low
c/c++ programming,3,0.01432870038687491,Low
inverter,3,0.01432870038687491,Low
elementor,3,0.01432870038687491,Low
public administration,3,0.01432870038687491,Low
ms dynamics 365,3,0.01432870038687491,Low
lookup,3,0.01432870038687491,Low
booth,3,0.01432870038687491,Low
branding and marketing,3,0.01432870038687491,Low
program development,3,0.01432870038687491,Low
fully automated,3,0.01432870038687491,Low
e-governance,3,0.01432870038687491,Low
c&b,3,0.01432870038687491,Low
layout drawings,3,0.01432870038687491,Low
md/ms/dnb,3,0.01432870038687491,Low
psychiatry,3,0.01432870038687491,Low
brand promotion,3,0.01432870038687491,Low
azure adf,3,0.01432870038687491,Low
concept design,3,0.01432870038687491,Low
learning strategies,3,0.01432870038687491,Low
marketing communications,3,0.01432870038687491,Low
social media creatives,3,0.01432870038687491,Low
databricks engineer,3,0.01432870038687491,Low
crm configuration,3,0.01432870038687491,Low
tds filing,3,0.01432870038687491,Low
asp.net core mvc,3,0.01432870038687491,Low
media handling,3,0.01432870038687491,Low
geoscience,3,0.01432870038687491,Low
azure infrastructure,3,0.01432870038687491,Low
global procurement,3,0.01432870038687491,Low
policy advocacy,3,0.01432870038687491,Low
political science,3,0.01432870038687491,Low
manufacturing unit,3,0.01432870038687491,Low
corporate hr,3,0.01432870038687491,Low
international business development manager,3,0.01432870038687491,Low
salesman,3,0.01432870038687491,Low
video kyc,3,0.01432870038687491,Low
unloading,3,0.01432870038687491,Low
azure data engineering,3,0.01432870038687491,Low
corporate functions,3,0.01432870038687491,Low
learning design,3,0.01432870038687491,Low
test suite,3,0.01432870038687491,Low
aws infra,3,0.01432870038687491,Low
erps,3,0.01432870038687491,Low
labor law compliance,3,0.01432870038687491,Low
policy development,3,0.01432870038687491,Low
interpreter,3,0.01432870038687491,Low
analytical & problem-solving,3,0.01432870038687491,Low
release manager,3,0.01432870038687491,Low
azure key vault,3,0.01432870038687491,Low
delta live tables,3,0.01432870038687491,Low
audit report,3,0.01432870038687491,Low
itinerary,3,0.01432870038687491,Low
travel bookings,3,0.01432870038687491,Low
metal fabrication,3,0.01432870038687491,Low
sheet metal fabrication,3,0.01432870038687491,Low
customer assistance,3,0.01432870038687491,Low
assistant manager accounts,3,0.01432870038687491,Low
billing systems,3,0.01432870038687491,Low
unbilled,3,0.01432870038687491,Low
campaign optimization,3,0.01432870038687491,Low
blue prism,3,0.01432870038687491,Low
field staff,3,0.01432870038687491,Low
accounting & financial reporting,3,0.01432870038687491,Low
crane,3,0.01432870038687491,Low
mhra,3,0.01432870038687491,Low
grievance handling,3,0.01432870038687491,Low
program design,3,0.01432870038687491,Low
program coordination,3,0.01432870038687491,Low
plant finance,3,0.01432870038687491,Low
dairy plant,3,0.01432870038687491,Low
custom clearance,3,0.01432870038687491,Low
neurosurgery,3,0.01432870038687491,Low
legal executive,3,0.01432870038687491,Low
foreman,3,0.01432870038687491,Low
service assurance,3,0.01432870038687491,Low
switching and routing,3,0.01432870038687491,Low
it support engineer,3,0.01432870038687491,Low
end user computing,3,0.01432870038687491,Low
cad customization,3,0.01432870038687491,Low
mixpanel,3,0.01432870038687491,Low
jenkins ci,3,0.01432870038687491,Low
database architecture,3,0.01432870038687491,Low
radiation,3,0.01432870038687491,Low
multicast,3,0.01432870038687491,Low
nexus switches,3,0.01432870038687491,Low
test cycles,3,0.01432870038687491,Low
hydro,3,0.01432870038687491,Low
lead mechanical,3,0.01432870038687491,Low
s&op processes,3,0.01432870038687491,Low
api test automation,3,0.01432870038687491,Low
fp&a manager,3,0.01432870038687491,Low
invoice verification,3,0.01432870038687491,Low
performance marketer,3,0.01432870038687491,Low
production planning & control,3,0.01432870038687491,Low
stock handling,3,0.01432870038687491,Low
credit appraisal,3,0.01432870038687491,Low
group housing,3,0.01432870038687491,Low
mep works,3,0.01432870038687491,Low
mivan,3,0.01432870038687491,Low
consumer loan,3,0.01432870038687491,Low
unsecured lending,3,0.01432870038687491,Low
fashion consulting,3,0.01432870038687491,Low
aura components,3,0.01432870038687491,Low
external communications,3,0.01432870038687491,Low
user-centric design,3,0.01432870038687491,Low
veracode,3,0.01432870038687491,Low
alternative investments,3,0.01432870038687491,Low
maintenance and repair,3,0.01432870038687491,Low
internal & external audits,3,0.01432870038687491,Low
production planning and control,3,0.01432870038687491,Low
cash collection,3,0.01432870038687491,Low
ip networking,3,0.01432870038687491,Low
zepto,3,0.01432870038687491,Low
python flask,3,0.01432870038687491,Low
unigraphics,3,0.01432870038687491,Low
sourcer,3,0.01432870038687491,Low
network admin,3,0.01432870038687491,Low
ckad,3,0.01432870038687491,Low
barclays,3,0.01432870038687491,Low
l2 technical support,3,0.01432870038687491,Low
asset allocation,3,0.01432870038687491,Low
monetization,3,0.01432870038687491,Low
vendor data,3,0.01432870038687491,Low
vendor onboarding,3,0.01432870038687491,Low
lora,3,0.01432870038687491,Low
preventive and corrective maintenance,3,0.01432870038687491,Low
altered,3,0.01432870038687491,Low
enterprise business,3,0.01432870038687491,Low
safe certified,3,0.01432870038687491,Low
digitalization,3,0.01432870038687491,Low
quality auditing,3,0.01432870038687491,Low
strategic alliances,3,0.01432870038687491,Low
strategic finance,3,0.01432870038687491,Low
is codes,3,0.01432870038687491,Low
voice ai,3,0.01432870038687491,Low
product leadership,3,0.01432870038687491,Low
liquibase,3,0.01432870038687491,Low
model risk,3,0.01432870038687491,Low
data classification,3,0.01432870038687491,Low
data intelligence,3,0.01432870038687491,Low
intacct,3,0.01432870038687491,Low
income auditor,3,0.01432870038687491,Low
csr activities,3,0.01432870038687491,Low
function apps,3,0.01432870038687491,Low
redhat openshift,3,0.01432870038687491,Low
data encryption,3,0.01432870038687491,Low
quantitative techniques,3,0.01432870038687491,Low
supply management,3,0.01432870038687491,Low
geoinformatics,3,0.01432870038687491,Low
environmental studies,3,0.01432870038687491,Low
on premises,3,0.01432870038687491,Low
commis chef,3,0.01432870038687491,Low
sme loan,3,0.01432870038687491,Low
slack,3,0.01432870038687491,Low
arcgis,3,0.01432870038687491,Low
scouting,3,0.01432870038687491,Low
process simulation,3,0.01432870038687491,Low
database support,3,0.01432870038687491,Low
stress testing,3,0.01432870038687491,Low
operational metrics,3,0.01432870038687491,Low
pacing,3,0.01432870038687491,Low
personal finance,3,0.01432870038687491,Low
dealer network development,3,0.01432870038687491,Low
infringement,3,0.01432870038687491,Low
testing and quality assurance,3,0.01432870038687491,Low
office coordinator,3,0.01432870038687491,Low
dialysis technician,3,0.01432870038687491,Low
product ownership,3,0.01432870038687491,Low
bi tool,3,0.01432870038687491,Low
microsoft outlook,3,0.01432870038687491,Low
workfront fusion,3,0.01432870038687491,Low
billing management,3,0.01432870038687491,Low
ux research,3,0.01432870038687491,Low
leadership quality,3,0.01432870038687491,Low
product specialist,3,0.01432870038687491,Low
agile transformation,3,0.01432870038687491,Low
global strategy,3,0.01432870038687491,Low
network services,3,0.01432870038687491,Low
patient education,3,0.01432870038687491,Low
hydraulic calculations,3,0.01432870038687491,Low
documentation process,3,0.01432870038687491,Low
site commissioning,3,0.01432870038687491,Low
enterprise storage,3,0.01432870038687491,Low
adobe campaign,3,0.01432870038687491,Low
actuator,3,0.01432870038687491,Low
ppc specialist,3,0.01432870038687491,Low
oxygen,3,0.01432870038687491,Low
food science,3,0.01432870038687491,Low
process training,3,0.01432870038687491,Low
hipaa compliance,3,0.01432870038687491,Low
insurance broking,3,0.01432870038687491,Low
vuex,3,0.01432870038687491,Low
pesticides,3,0.01432870038687491,Low
bvsc,3,0.01432870038687491,Low
webdynpro,3,0.01432870038687491,Low
cabin,3,0.01432870038687491,Low
it management,3,0.01432870038687491,Low
monitoring engineer,3,0.01432870038687491,Low
operations and administration,3,0.01432870038687491,Low
mulesoft api,3,0.01432870038687491,Low
contract administration,3,0.01432870038687491,Low
quick learning,3,0.01432870038687491,Low
tech m,3,0.01432870038687491,Low
kpi monitoring,3,0.01432870038687491,Low
nova,3,0.01432870038687491,Low
asana,3,0.01432870038687491,Low
cloud run,3,0.01432870038687491,Low
cloud infra,3,0.01432870038687491,Low
teacher training,3,0.01432870038687491,Low
nursing education,3,0.01432870038687491,Low
content design,3,0.01432870038687491,Low
tableu,3,0.01432870038687491,Low
ticket management,3,0.01432870038687491,Low
faiss,3,0.01432870038687491,Low
ibm sterling,3,0.01432870038687491,Low
fixed income securities,3,0.01432870038687491,Low
development and troubleshooting,3,0.01432870038687491,Low
civil project,3,0.01432870038687491,Low
dressing,3,0.01432870038687491,Low
credit research,3,0.01432870038687491,Low
ag grid,3,0.01432870038687491,Low
fi/co,3,0.01432870038687491,Low
siemens teamcenter,3,0.01432870038687491,Low
aws bedrock,3,0.01432870038687491,Low
commercial negotiations,3,0.01432870038687491,Low
ielts,3,0.01432870038687491,Low
logstash,3,0.01432870038687491,Low
obstetrics & gynaecology,3,0.01432870038687491,Low
school operations,3,0.01432870038687491,Low
crystal report,3,0.01432870038687491,Low
customer experience design,3,0.01432870038687491,Low
basic scripting,3,0.01432870038687491,Low
bicep,3,0.01432870038687491,Low
it application controls,3,0.01432870038687491,Low
it general controls,3,0.01432870038687491,Low
daily restaurant operations,3,0.01432870038687491,Low
liquor,3,0.01432870038687491,Low
order taking,3,0.01432870038687491,Low
lime,3,0.01432870038687491,Low
financial instruments,3,0.01432870038687491,Low
java software developer,3,0.01432870038687491,Low
sandbox,3,0.01432870038687491,Low
storekeeper,3,0.01432870038687491,Low
account receivable,3,0.01432870038687491,Low
interview preparation,3,0.01432870038687491,Low
surgery coding,3,0.01432870038687491,Low
schematic design,3,0.01432870038687491,Low
shift incharge,3,0.01432870038687491,Low
qa process,3,0.01432870038687491,Low
sap s4hana,3,0.01432870038687491,Low
alarm systems,3,0.01432870038687491,Low
client reporting,3,0.01432870038687491,Low
tool development,3,0.01432870038687491,Low
coso,3,0.01432870038687491,Low
soft skills training,3,0.01432870038687491,Low
allure,3,0.01432870038687491,Low
microsoft azure security,3,0.01432870038687491,Low
microsoft security,3,0.01432870038687491,Low
sc-100,3,0.01432870038687491,Low
sc-200,3,0.01432870038687491,Low
sophos,3,0.01432870038687491,Low
animate,3,0.01432870038687491,Low
audition,3,0.01432870038687491,Low
office equipment,3,0.01432870038687491,Low
scalable architecture,3,0.01432870038687491,Low
process oriented,3,0.01432870038687491,Low
office coordination,3,0.01432870038687491,Low
intubation,3,0.01432870038687491,Low
wsdl,3,0.01432870038687491,Low
etabs,3,0.01432870038687491,Low
mcafee,3,0.01432870038687491,Low
acls,3,0.01432870038687491,Low
internal auditing,3,0.01432870038687491,Low
is audit,3,0.01432870038687491,Low
interior works,3,0.01432870038687491,Low
linux server administration,3,0.01432870038687491,Low
post-sales support,3,0.01432870038687491,Low
reporting & coordination,3,0.01432870038687491,Low
consumer insights,3,0.01432870038687491,Low
statutory laws,3,0.01432870038687491,Low
phishing,3,0.01432870038687491,Low
rstp,3,0.01432870038687491,Low
wireless communications,3,0.01432870038687491,Low
campaign strategy,3,0.01432870038687491,Low
project analyst,3,0.01432870038687491,Low
servicenow discovery,3,0.01432870038687491,Low
support hiring,3,0.01432870038687491,Low
forge,3,0.01432870038687491,Low
legal operations,3,0.01432870038687491,Low
my sql,3,0.01432870038687491,Low
flow designer,3,0.01432870038687491,Low
sysops,3,0.01432870038687491,Low
ormb,3,0.01432870038687491,Low
core network,3,0.01432870038687491,Low
loss mitigation,3,0.01432870038687491,Low
axon,3,0.01432870038687491,Low
salesforce technical lead,3,0.01432870038687491,Low
production knowledge,3,0.01432870038687491,Low
text mining,3,0.01432870038687491,Low
mocking,3,0.01432870038687491,Low
general physician,3,0.01432870038687491,Low
user provisioning,3,0.01432870038687491,Low
mstest,3,0.01432870038687491,Low
servicenow integration,3,0.01432870038687491,Low
koramangala,3,0.01432870038687491,Low
nism va,3,0.01432870038687491,Low
bi analyst,3,0.01432870038687491,Low
academic research,3,0.01432870038687491,Low
direct tax compliance,3,0.01432870038687491,Low
storage protocols,3,0.01432870038687491,Low
portfolio companies,3,0.01432870038687491,Low
continental cuisine,3,0.01432870038687491,Low
spark/kafka,3,0.01432870038687491,Low
decision tree,3,0.01432870038687491,Low
forest,3,0.01432870038687491,Low
tririga,3,0.01432870038687491,Low
cscp,3,0.01432870038687491,Low
machine assembly,3,0.01432870038687491,Low
pcb assembly,3,0.01432870038687491,Low
kharghar,3,0.01432870038687491,Low
functionize,3,0.01432870038687491,Low
aws iot,3,0.01432870038687491,Low
ex army,3,0.01432870038687491,Low
adhesives,3,0.01432870038687491,Low
large language model,3,0.01432870038687491,Low
microscopy,3,0.01432870038687491,Low
administration support,3,0.01432870038687491,Low
delay analysis,3,0.01432870038687491,Low
data mart,3,0.01432870038687491,Low
dbas,3,0.01432870038687491,Low
front-end framework,3,0.01432870038687491,Low
creative content,3,0.01432870038687491,Low
program and project management,3,0.01432870038687491,Low
api documentation,3,0.01432870038687491,Low
gulp,3,0.01432870038687491,Low
openid,3,0.01432870038687491,Low
ashrae,3,0.01432870038687491,Low
aftersales,3,0.01432870038687491,Low
fiori applications,3,0.01432870038687491,Low
rescheduling,3,0.01432870038687491,Low
vehicle loan,3,0.01432870038687491,Low
head hunting,3,0.01432870038687491,Low
solar energy,3,0.01432870038687491,Low
bobj,3,0.01432870038687491,Low
firmware testing,3,0.01432870038687491,Low
project cost control,3,0.01432870038687491,Low
project scheduling,3,0.01432870038687491,Low
equipment selection,3,0.01432870038687491,Low
export marketing,3,0.01432870038687491,Low
pv elite,3,0.01432870038687491,Low
calculation views,3,0.01432870038687491,Low
native hana,3,0.01432870038687491,Low
sap native hana,3,0.01432870038687491,Low
lotus,3,0.01432870038687491,Low
trade compliance,3,0.01432870038687491,Low
carpentry,3,0.01432870038687491,Low
us hiring,3,0.01432870038687491,Low
data backup,3,0.01432870038687491,Low
resident medical officer,3,0.01432870038687491,Low
backlog management,3,0.01432870038687491,Low
content developer,3,0.01432870038687491,Low
instructional designer,3,0.01432870038687491,Low
salesforce integrations,3,0.01432870038687491,Low
network optimization,3,0.01432870038687491,Low
space management,3,0.01432870038687491,Low
cpu profiling,3,0.01432870038687491,Low
user access management,3,0.01432870038687491,Low
manufacturing domain,3,0.01432870038687491,Low
hospital experience,3,0.01432870038687491,Low
directory services,3,0.01432870038687491,Low
cooling tower,3,0.01432870038687491,Low
azure app services,3,0.01432870038687491,Low
audit planning,3,0.01432870038687491,Low
consultancy services,3,0.01432870038687491,Low
storage tanks,3,0.01432870038687491,Low
cpcb,3,0.01432870038687491,Low
ehs manager,3,0.01432870038687491,Low
loto,3,0.01432870038687491,Low
safety executive,3,0.01432870038687491,Low
shift flexibility,3,0.01432870038687491,Low
hsbc,3,0.01432870038687491,Low
clevertap,3,0.01432870038687491,Low
native ios,3,0.01432870038687491,Low
troubleshooting and problem solving,3,0.01432870038687491,Low
ev charging,3,0.01432870038687491,Low
harness design,3,0.01432870038687491,Low
hp alm,3,0.01432870038687491,Low
api 571,3,0.01432870038687491,Low
cloud cost management,3,0.01432870038687491,Low
government clients,3,0.01432870038687491,Low
crm analytics,3,0.01432870038687491,Low
sap hybris,3,0.01432870038687491,Low
l&od,3,0.01432870038687491,Low
junior architect,3,0.01432870038687491,Low
quantitative research,3,0.01432870038687491,Low
davinci resolve,3,0.01432870038687491,Low
responsive ui,3,0.01432870038687491,Low
automotive engineering,3,0.01432870038687491,Low
frtb,3,0.01432870038687491,Low
autocad design,3,0.01432870038687491,Low
heroku,3,0.01432870038687491,Low
sap c4c,3,0.01432870038687491,Low
pneumatics,3,0.01432870038687491,Low
ui and ux,3,0.01432870038687491,Low
aggregate,3,0.01432870038687491,Low
sap testing,3,0.01432870038687491,Low
hobbing,3,0.01432870038687491,Low
silver,3,0.01432870038687491,Low
monitoring and analysis,3,0.01432870038687491,Low
hugging face transformers,3,0.01432870038687491,Low
accelq,3,0.01432870038687491,Low
technical manuals,3,0.01432870038687491,Low
enterprise portal,3,0.01432870038687491,Low
reasoning skills,3,0.01432870038687491,Low
performance appraisal process,3,0.01432870038687491,Low
hr automation,3,0.01432870038687491,Low
food manufacturing,3,0.01432870038687491,Low
structural components,3,0.01432870038687491,Low
structure design,3,0.01432870038687491,Low
integration strategies,3,0.01432870038687491,Low
newrelic,3,0.01432870038687491,Low
retail business,3,0.01432870038687491,Low
brand building,3,0.01432870038687491,Low
company law,3,0.01432870038687491,Low
auto loan,3,0.01432870038687491,Low
application installation,3,0.01432870038687491,Low
budget control,3,0.01432870038687491,Low
oracle finance,3,0.01432870038687491,Low
ciena,3,0.01432870038687491,Low
mbedtls,3,0.01432870038687491,Low
customer service associate,3,0.01432870038687491,Low
lsmw,3,0.01432870038687491,Low
object-oriented abap,3,0.01432870038687491,Low
solman,3,0.01432870038687491,Low
steel structures,3,0.01432870038687491,Low
statistical analyses,3,0.01432870038687491,Low
loan operations,3,0.01432870038687491,Low
nbfc experience,3,0.01432870038687491,Low
corporate tie-ups,3,0.01432870038687491,Low
bim models,3,0.01432870038687491,Low
negotiations skills,3,0.01432870038687491,Low
new product introduction,3,0.01432870038687491,Low
mobile banking,3,0.01432870038687491,Low
source to pay,3,0.01432870038687491,Low
sfdx,3,0.01432870038687491,Low
emission,3,0.01432870038687491,Low
is retail,3,0.01432870038687491,Low
gds systems,3,0.01432870038687491,Low
workflow design,3,0.01432870038687491,Low
singleton,3,0.01432870038687491,Low
color theory,3,0.01432870038687491,Low
pollution control,3,0.01432870038687491,Low
capacity building,3,0.01432870038687491,Low
gerrit,3,0.01432870038687491,Low
healthcare operations,3,0.01432870038687491,Low
pipe stress,3,0.01432870038687491,Low
pipe stress analysis,3,0.01432870038687491,Low
average english,3,0.01432870038687491,Low
dentistry,3,0.01432870038687491,Low
load testing tools,3,0.01432870038687491,Low
java 17+,3,0.01432870038687491,Low
azure migration,3,0.01432870038687491,Low
microsoft dynamics nav,3,0.01432870038687491,Low
dynamic analysis,3,0.01432870038687491,Low
quality control tools,3,0.01432870038687491,Low
staff development,3,0.01432870038687491,Low
it architect,3,0.01432870038687491,Low
referencing,3,0.01432870038687491,Low
clerical support,3,0.01432870038687491,Low
month end reporting,3,0.01432870038687491,Low
bim 360,3,0.01432870038687491,Low
conceptual design,3,0.01432870038687491,Low
general arrangement,3,0.01432870038687491,Low
luxury real estate,3,0.01432870038687491,Low
spring data jpa,3,0.01432870038687491,Low
autopilot,3,0.01432870038687491,Low
bitlocker,3,0.01432870038687491,Low
retail marketing,3,0.01432870038687491,Low
literature review,3,0.01432870038687491,Low
medical writing,3,0.01432870038687491,Low
thoughtspot,3,0.01432870038687491,Low
spfx,3,0.01432870038687491,Low
hr documentation,3,0.01432870038687491,Low
okrs,3,0.01432870038687491,Low
sql knowledge,3,0.01432870038687491,Low
web ui,3,0.01432870038687491,Low
ccaas,3,0.01432870038687491,Low
documentum,3,0.01432870038687491,Low
test engineering,3,0.01432870038687491,Low
factory compliance,3,0.01432870038687491,Low
labour law compliance,3,0.01432870038687491,Low
bonus act,3,0.01432870038687491,Low
employee grievances,3,0.01432870038687491,Low
forestry,3,0.01432870038687491,Low
dfss,3,0.01432870038687491,Low
sheet metal parts,3,0.01432870038687491,Low
incoming quality,3,0.01432870038687491,Low
general hr,3,0.01432870038687491,Low
brass,3,0.01432870038687491,Low
anchoring,3,0.01432870038687491,Low
drug development,3,0.01432870038687491,Low
us telecom,3,0.01432870038687491,Low
plastic design,3,0.01432870038687491,Low
plastic molding,3,0.01432870038687491,Low
water industry,3,0.01432870038687491,Low
uk voice process,3,0.01432870038687491,Low
crm knowledge,3,0.01432870038687491,Low
endpoint management,3,0.01432870038687491,Low
sla adherence,3,0.01432870038687491,Low
sourcing strategy,3,0.01432870038687491,Low
mailchimp,3,0.01432870038687491,Low
executive legal,3,0.01432870038687491,Low
continuum,3,0.01432870038687491,Low
rest api design,3,0.01432870038687491,Low
email writing,3,0.01432870038687491,Low
head operations,3,0.01432870038687491,Low
calling process,3,0.01432870038687491,Low
aem components,3,0.01432870038687491,Low
automobile sales,3,0.01432870038687491,Low
facility services,3,0.01432870038687491,Low
data plane,3,0.01432870038687491,Low
digital health,3,0.01432870038687491,Low
compliance testing,3,0.01432870038687491,Low
visual basic,3,0.01432870038687491,Low
blob storage,3,0.01432870038687491,Low
retirement planning,3,0.01432870038687491,Low
technology development,3,0.01432870038687491,Low
fire and safety,3,0.01432870038687491,Low
product selling,3,0.01432870038687491,Low
b.arch,3,0.01432870038687491,Low
product selection,3,0.01432870038687491,Low
jersey,3,0.01432870038687491,Low
ambulance,3,0.01432870038687491,Low
scope management,3,0.01432870038687491,Low
zonal manager,3,0.01432870038687491,Low
leadership and people management,3,0.01432870038687491,Low
project progress reports,3,0.01432870038687491,Low
collections strategy,3,0.01432870038687491,Low
accounts and finance,3,0.01432870038687491,Low
digital twin,3,0.01432870038687491,Low
reactivation,3,0.01432870038687491,Low
senior programmer analyst,3,0.01432870038687491,Low
stm32,3,0.01432870038687491,Low
unix commands,3,0.01432870038687491,Low
access control system,3,0.01432870038687491,Low
3d software,3,0.01432870038687491,Low
storm water,3,0.01432870038687491,Low
compressed air,3,0.01432870038687491,Low
ceph,3,0.01432870038687491,Low
electronics systems,3,0.01432870038687491,Low
cluster business head,3,0.01432870038687491,Low
engineering equipment,3,0.01432870038687491,Low
technical integration,3,0.01432870038687491,Low
engineering leadership,3,0.01432870038687491,Low
strategic procurement,3,0.01432870038687491,Low
healthcare it,3,0.01432870038687491,Low
apache beam,3,0.01432870038687491,Low
beam,3,0.01432870038687491,Low
regulatory developments,3,0.01432870038687491,Low
rasa,3,0.01432870038687491,Low
blazemeter,3,0.01432870038687491,Low
agile model,3,0.01432870038687491,Low
system validation,3,0.01432870038687491,Low
autism,3,0.01432870038687491,Low
sentiment analysis,3,0.01432870038687491,Low
intouch,3,0.01432870038687491,Low
housekeeping supervisor,3,0.01432870038687491,Low
capsule,3,0.01432870038687491,Low
icai,3,0.01432870038687491,Low
micro lap,3,0.01432870038687491,Low
production capacity,3,0.01432870038687491,Low
low voltage,3,0.01432870038687491,Low
term loans,3,0.01432870038687491,Low
government tenders,3,0.01432870038687491,Low
pressure switches,3,0.01432870038687491,Low
white goods,3,0.01432870038687491,Low
ms/og/obg,3,0.01432870038687491,Low
government projects,3,0.01432870038687491,Low
software engineering manager,3,0.01432870038687491,Low
people analytics,3,0.01432870038687491,Low
brazil,3,0.01432870038687491,Low
document and reporting compliance,3,0.01432870038687491,Low
converter,3,0.01432870038687491,Low
qa testing,3,0.01432870038687491,Low
pyramid,3,0.01432870038687491,Low
outlook configuration,3,0.01432870038687491,Low
lab testing,3,0.01432870038687491,Low
maintenance planning,3,0.01432870038687491,Low
fabricator,3,0.01432870038687491,Low
financial discipline,3,0.01432870038687491,Low
process monitoring,3,0.01432870038687491,Low
in-memory,3,0.01432870038687491,Low
huggingface,3,0.01432870038687491,Low
sales channels,3,0.01432870038687491,Low
child development,3,0.01432870038687491,Low
hardware platforms,3,0.01432870038687491,Low
design consultancy,3,0.01432870038687491,Low
secured loans,3,0.01432870038687491,Low
qgis,3,0.01432870038687491,Low
private bank,3,0.01432870038687491,Low
tasc,3,0.01432870038687491,Low
hashicorp vault,3,0.01432870038687491,Low
service mapping,3,0.01432870038687491,Low
servicenow itom,3,0.01432870038687491,Low
no code,3,0.01432870038687491,Low
pega decisioning,3,0.01432870038687491,Low
business reporting,3,0.01432870038687491,Low
sap consulting,3,0.01432870038687491,Low
sap po,3,0.01432870038687491,Low
technical assessment,3,0.01432870038687491,Low
wheat,3,0.01432870038687491,Low
digital commerce,3,0.01432870038687491,Low
office services,3,0.01432870038687491,Low
merger,3,0.01432870038687491,Low
c language,3,0.01432870038687491,Low
prpc,3,0.01432870038687491,Low
process mining,3,0.01432870038687491,Low
red hat openshift,3,0.01432870038687491,Low
community outreach,3,0.01432870038687491,Low
android architecture,3,0.01432870038687491,Low
transport executive,3,0.01432870038687491,Low
malware analysis,3,0.01432870038687491,Low
python data,3,0.01432870038687491,Low
perl developer,3,0.01432870038687491,Low
merchant banking,3,0.01432870038687491,Low
and leadership abilities,3,0.01432870038687491,Low
integration architecture,3,0.01432870038687491,Low
email drafting,3,0.01432870038687491,Low
message broker,3,0.01432870038687491,Low
collection officer,3,0.01432870038687491,Low
objection handling,3,0.01432870038687491,Low
pain management,3,0.01432870038687491,Low
network troubleshooting,3,0.01432870038687491,Low
cost estimations,3,0.01432870038687491,Low
invoice generation,3,0.01432870038687491,Low
python/pyspark,3,0.01432870038687491,Low
smartview,3,0.01432870038687491,Low
azure api management,3,0.01432870038687491,Low
enterprise support,3,0.01432870038687491,Low
complaint management,3,0.01432870038687491,Low
project analysis,3,0.01432870038687491,Low
on-page optimization,3,0.01432870038687491,Low
hr strategy,3,0.01432870038687491,Low
echo,3,0.01432870038687491,Low
treatment planning,3,0.01432870038687491,Low
research lead,3,0.01432870038687491,Low
system support analyst,3,0.01432870038687491,Low
asrs,3,0.01432870038687491,Low
building relationship,3,0.01432870038687491,Low
digital communication,3,0.01432870038687491,Low
sample development,3,0.01432870038687491,Low
arcs,3,0.01432870038687491,Low
credit risk strategy,3,0.01432870038687491,Low
operations and maintenance,3,0.01432870038687491,Low
emailing,3,0.01432870038687491,Low
python fullstack,3,0.01432870038687491,Low
avionics,3,0.01432870038687491,Low
server architecture,3,0.01432870038687491,Low
commercial insurance,3,0.01432870038687491,Low
security operations center,3,0.01432870038687491,Low
monitoring & logging,3,0.01432870038687491,Low
einstein analytics,3,0.01432870038687491,Low
cross platform,3,0.01432870038687491,Low
smart metering,3,0.01432870038687491,Low
infrastructure development,3,0.01432870038687491,Low
transfer agency,3,0.01432870038687491,Low
5 why,3,0.01432870038687491,Low
fishbone,3,0.01432870038687491,Low
assistant store manager,3,0.01432870038687491,Low
movate,3,0.01432870038687491,Low
b2b corporate sales,3,0.01432870038687491,Low
customer care executives,3,0.01432870038687491,Low
site service,3,0.01432870038687491,Low
efficiency improvement,3,0.01432870038687491,Low
oss / bss,3,0.01432870038687491,Low
hcc medical coder,3,0.01432870038687491,Low
azure database,3,0.01432870038687491,Low
cloud sql,3,0.01432870038687491,Low
captive power plant,3,0.01432870038687491,Low
desktop administrator,3,0.01432870038687491,Low
patient counseling,3,0.01432870038687491,Low
2d & 3d,3,0.01432870038687491,Low
3d max,3,0.01432870038687491,Low
workday extend,3,0.01432870038687491,Low
careerbuilder,3,0.01432870038687491,Low
us recruitment,3,0.01432870038687491,Low
administrative operations,3,0.01432870038687491,Low
governance & risk,3,0.01432870038687491,Low
project budgeting,3,0.01432870038687491,Low
vlsi design,3,0.01432870038687491,Low
intraday,3,0.01432870038687491,Low
java web technologies,3,0.01432870038687491,Low
work instruction,3,0.01432870038687491,Low
commissioning engineer,3,0.01432870038687491,Low
system installation,3,0.01432870038687491,Low
angular cli,3,0.01432870038687491,Low
computer-aided design,3,0.01432870038687491,Low
cloud-based technologies,3,0.01432870038687491,Low
asme codes,3,0.01432870038687491,Low
basic maths,3,0.01432870038687491,Low
loan administration,3,0.01432870038687491,Low
exterior,3,0.01432870038687491,Low
spanish travel sales,3,0.01432870038687491,Low
press tools,3,0.01432870038687491,Low
die casting,3,0.01432870038687491,Low
metal forming,3,0.01432870038687491,Low
b.tech mechanical,3,0.01432870038687491,Low
ipqa,3,0.01432870038687491,Low
timers,3,0.01432870038687491,Low
strategic planning and execution,3,0.01432870038687491,Low
hostel warden,3,0.01432870038687491,Low
warden,3,0.01432870038687491,Low
database migration,3,0.01432870038687491,Low
compliance review,3,0.01432870038687491,Low
eventbridge,3,0.01432870038687491,Low
sewage,3,0.01432870038687491,Low
production associate,3,0.01432870038687491,Low
dayshift,3,0.01432870038687491,Low
man management,3,0.01432870038687491,Low
contract labor,3,0.01432870038687491,Low
employee welfare,3,0.01432870038687491,Low
mqtt,3,0.01432870038687491,Low
windows operating system,3,0.01432870038687491,Low
online reputation management,3,0.01432870038687491,Low
reputation management,3,0.01432870038687491,Low
subnetting,3,0.01432870038687491,Low
video conferencing,3,0.01432870038687491,Low
accounting and reporting,3,0.01432870038687491,Low
interior designing,3,0.01432870038687491,Low
unit sales manager,3,0.01432870038687491,Low
dgft,3,0.01432870038687491,Low
trade marketing,3,0.01432870038687491,Low
ownership of tasks,3,0.01432870038687491,Low
lead operations,3,0.01432870038687491,Low
legal associate,3,0.01432870038687491,Low
marketing technology,3,0.01432870038687491,Low
inventory records,3,0.01432870038687491,Low
customer coordination,3,0.01432870038687491,Low
trackwise,3,0.01432870038687491,Low
fcra,3,0.01432870038687491,Low
sanskrit,3,0.01432870038687491,Low
amazon redshift,3,0.01432870038687491,Low
credit rating,3,0.01432870038687491,Low
accounts receivable caller,3,0.01432870038687491,Low
survey reports,3,0.01432870038687491,Low
migration cockpit,3,0.01432870038687491,Low
creative direction,3,0.01432870038687491,Low
lexisnexis,3,0.01432870038687491,Low
super speciality,3,0.01432870038687491,Low
student counseling,3,0.01432870038687491,Low
hardware sales,3,0.01432870038687491,Low
us travel sales ppc,3,0.01432870038687491,Low
editing software,3,0.01432870038687491,Low
medical communications,3,0.01432870038687491,Low
project planning & execution,3,0.01432870038687491,Low
team training,3,0.01432870038687491,Low
veeva vault,3,0.01432870038687491,Low
api design and development,3,0.01432870038687491,Low
ai/ml tools,3,0.01432870038687491,Low
gpfs,3,0.01432870038687491,Low
it hardware sales,3,0.01432870038687491,Low
aem forms,3,0.01432870038687491,Low
dataweave,3,0.01432870038687491,Low
transportation operations,3,0.01432870038687491,Low
fleet management,3,0.01432870038687491,Low
campus hiring,3,0.01432870038687491,Low
product inspection,3,0.01432870038687491,Low
education loan,3,0.01432870038687491,Low
legal advice,3,0.01432870038687491,Low
5 star hotel,3,0.01432870038687491,Low
sales invoice,3,0.01432870038687491,Low
product catalog,3,0.01432870038687491,Low
thermal analysis,3,0.01432870038687491,Low
room sales,3,0.01432870038687491,Low
gst filing,3,0.01432870038687491,Low
toad,3,0.01432870038687491,Low
it compliance,3,0.01432870038687491,Low
bums,3,0.01432870038687491,Low
ios app,3,0.01432870038687491,Low
branch operation,3,0.01432870038687491,Low
rfp/rfi,3,0.01432870038687491,Low
manpower management,3,0.01432870038687491,Low
online education,3,0.01432870038687491,Low
phonics,3,0.01432870038687491,Low
gosu,3,0.01432870038687491,Low
microarchitecture,3,0.01432870038687491,Low
systemc,3,0.01432870038687491,Low
bills of material,3,0.01432870038687491,Low
enclosures,3,0.01432870038687491,Low
blowers,3,0.01432870038687491,Low
slurm,3,0.01432870038687491,Low
it delivery,3,0.01432870038687491,Low
ai automation,3,0.01432870038687491,Low
writing test cases,3,0.01432870038687491,Low
treasury management,3,0.01432870038687491,Low
safety awareness,3,0.01432870038687491,Low
database optimization,3,0.01432870038687491,Low
credit products,3,0.01432870038687491,Low
digital lending,3,0.01432870038687491,Low
investment accounting,3,0.01432870038687491,Low
absenteeism,3,0.01432870038687491,Low
market developments,3,0.01432870038687491,Low
pre-sales support,3,0.01432870038687491,Low
domestic hiring,3,0.01432870038687491,Low
deal management,3,0.01432870038687491,Low
blender,3,0.01432870038687491,Low
higher secondary,3,0.01432870038687491,Low
subscription sales,3,0.01432870038687491,Low
llm frameworks,3,0.01432870038687491,Low
inorganic chemistry,3,0.01432870038687491,Low
scrub,3,0.01432870038687491,Low
water treatment plant,3,0.01432870038687491,Low
appointment setter,3,0.01432870038687491,Low
car service,3,0.01432870038687491,Low
net core web api,3,0.01432870038687491,Low
creative services,3,0.01432870038687491,Low
document specialist,3,0.01432870038687491,Low
data catalog,3,0.01432870038687491,Low
sourcing & screening,3,0.01432870038687491,Low
massage,3,0.01432870038687491,Low
regional medical advisor,3,0.01432870038687491,Low
call center agent,3,0.01432870038687491,Low
custom connectors,3,0.01432870038687491,Low
government sales,3,0.01432870038687491,Low
effective team management,3,0.01432870038687491,Low
apparel industry,3,0.01432870038687491,Low
welder,3,0.01432870038687491,Low
legal cases,3,0.01432870038687491,Low
bloc,3,0.01432870038687491,Low
inorganic,3,0.01432870038687491,Low
capital iq,3,0.01432870038687491,Low
information retrieval,3,0.01432870038687491,Low
ai techniques,3,0.01432870038687491,Low
teamcity,3,0.01432870038687491,Low
web markup,3,0.01432870038687491,Low
reinsurance,3,0.01432870038687491,Low
performing arts,3,0.01432870038687491,Low
demat sales,3,0.01432870038687491,Low
voice hiring,3,0.01432870038687491,Low
scientist ii,3,0.01432870038687491,Low
direct debit,3,0.01432870038687491,Low
functional consulting,3,0.01432870038687491,Low
internal operations,3,0.01432870038687491,Low
technical support associate,3,0.01432870038687491,Low
claim denials,3,0.01432870038687491,Low
boiler operator,3,0.01432870038687491,Low
whatsapp marketing,3,0.01432870038687491,Low
attending consultant,3,0.01432870038687491,Low
gynae,3,0.01432870038687491,Low
accounting system,3,0.01432870038687491,Low
quality lead,3,0.01432870038687491,Low
e&i,3,0.01432870038687491,Low
rcca,3,0.01432870038687491,Low
credentialing,3,0.01432870038687491,Low
service technician,3,0.01432870038687491,Low
motion graphic designer,3,0.01432870038687491,Low
punching,3,0.01432870038687491,Low
wound care,3,0.01432870038687491,Low
python backend,3,0.01432870038687491,Low
technical management,3,0.01432870038687491,Low
negotiation & communication,3,0.01432870038687491,Low
power transmission,3,0.01432870038687491,Low
ehs compliance,3,0.01432870038687491,Low
bi testing,3,0.01432870038687491,Low
receivable management,3,0.01432870038687491,Low
certified medical coder,3,0.01432870038687491,Low
budgeting & forecasting,3,0.01432870038687491,Low
claims adjudication,3,0.01432870038687491,Low
corporate compliance,3,0.01432870038687491,Low
collection management,3,0.01432870038687491,Low
dance,3,0.01432870038687491,Low
solidwork,3,0.01432870038687491,Low
trucks,3,0.01432870038687491,Low
big data engineer,3,0.01432870038687491,Low
annual budgeting,3,0.01432870038687491,Low
lean manufacturing principles,3,0.01432870038687491,Low
compliance officer,3,0.01432870038687491,Low
seo expert,3,0.01432870038687491,Low
app dynamics,3,0.01432870038687491,Low
open source technologies,3,0.01432870038687491,Low
sales analyst,3,0.01432870038687491,Low
middleware technologies,3,0.01432870038687491,Low
lucidchart,3,0.01432870038687491,Low
uft automation,3,0.01432870038687491,Low
recruitment executive,3,0.01432870038687491,Low
micro frontend,3,0.01432870038687491,Low
technical hiring,3,0.01432870038687491,Low
behavioral training,3,0.01432870038687491,Low
fashion technology,3,0.01432870038687491,Low
automotive sales,3,0.01432870038687491,Low
sales contracts,3,0.01432870038687491,Low
chemical testing,3,0.01432870038687491,Low
microwave,3,0.01432870038687491,Low
memcached,3,0.01432870038687491,Low
sales internship,3,0.01432870038687491,Low
networking basics,3,0.01432870038687491,Low
create user stories,3,0.01432870038687491,Low
trademarks,3,0.01432870038687491,Low
backend framework,3,0.01432870038687491,Low
oscilloscope,3,0.01432870038687491,Low
suitecloud,3,0.01432870038687491,Low
sap analytics cloud,3,0.01432870038687491,Low
trademark,3,0.01432870038687491,Low
risk policy,3,0.01432870038687491,Low
domestic it recruitment,3,0.01432870038687491,Low
mitre,3,0.01432870038687491,Low
suitebuilder,3,0.01432870038687491,Low
digital marketing strategist,3,0.01432870038687491,Low
vmware administrator,3,0.01432870038687491,Low
lcms,3,0.01432870038687491,Low
lease agreements,3,0.01432870038687491,Low
screening resumes,3,0.01432870038687491,Low
capl,3,0.01432870038687491,Low
angular 13,3,0.01432870038687491,Low
java 11,3,0.01432870038687491,Low
captivate,3,0.01432870038687491,Low
student support,3,0.01432870038687491,Low
layout design,3,0.01432870038687491,Low
line balancing,3,0.01432870038687491,Low
mathematics teacher,3,0.01432870038687491,Low
dashboard design,3,0.01432870038687491,Low
gainsight,3,0.01432870038687491,Low
us flight sales,3,0.01432870038687491,Low
batch management,3,0.01432870038687491,Low
consultant cardiology,3,0.01432870038687491,Low
cisco ucs,3,0.01432870038687491,Low
as400,3,0.01432870038687491,Low
office package,3,0.01432870038687491,Low
delivery head,3,0.01432870038687491,Low
ansys maxwell,3,0.01432870038687491,Low
maxwell,3,0.01432870038687491,Low
productivity improvement,3,0.01432870038687491,Low
sds-page,3,0.01432870038687491,Low
western blot,3,0.01432870038687491,Low
medical scribe,3,0.01432870038687491,Low
object oriented analysis,3,0.01432870038687491,Low
object oriented analysis and design,3,0.01432870038687491,Low
demand planner,3,0.01432870038687491,Low
gcp vertex ai,3,0.01432870038687491,Low
insurance broker,3,0.01432870038687491,Low
day book,3,0.01432870038687491,Low
good laboratory practice,3,0.01432870038687491,Low
arena,3,0.01432870038687491,Low
cpt codes,3,0.01432870038687491,Low
l1 l2,3,0.01432870038687491,Low
steel plants,3,0.01432870038687491,Low
electronic components,3,0.01432870038687491,Low
android platform,3,0.01432870038687491,Low
detail design,3,0.01432870038687491,Low
highways,3,0.01432870038687491,Low
ai search,3,0.01432870038687491,Low
azure ai search,3,0.01432870038687491,Low
city head,3,0.01432870038687491,Low
java coding,3,0.01432870038687491,Low
graphic designing,3,0.01432870038687491,Low
production department,3,0.01432870038687491,Low
linux device driver development,3,0.01432870038687491,Low
machine settings,3,0.01432870038687491,Low
automation and scripting,3,0.01432870038687491,Low
packet core,3,0.01432870038687491,Low
symfony,3,0.01432870038687491,Low
windbg,3,0.01432870038687491,Low
after sales service,3,0.01432870038687491,Low
hardcore sales,3,0.01432870038687491,Low
marketing platform,3,0.01432870038687491,Low
microsoft asp.net,3,0.01432870038687491,Low
apex programming,3,0.01432870038687491,Low
fabrication industry,3,0.01432870038687491,Low
rhino,3,0.01432870038687491,Low
psychologist,3,0.01432870038687491,Low
hardware-software integration,3,0.01432870038687491,Low
semi qualified ca,3,0.01432870038687491,Low
network policies,3,0.01432870038687491,Low
software quality engineer,3,0.01432870038687491,Low
vaccines,3,0.01432870038687491,Low
oem customers,3,0.01432870038687491,Low
patient care coordinator,3,0.01432870038687491,Low
escalators,3,0.01432870038687491,Low
beta,3,0.01432870038687491,Low
seismic,3,0.01432870038687491,Low
latam,3,0.01432870038687491,Low
performance analytics,3,0.01432870038687491,Low
commercial knowledge,3,0.01432870038687491,Low
stripes,3,0.01432870038687491,Low
contractor billing,3,0.01432870038687491,Low
escrow,3,0.01432870038687491,Low
project finance,3,0.01432870038687491,Low
real estate development,3,0.01432870038687491,Low
manager electrical,3,0.01432870038687491,Low
nace,3,0.01432870038687491,Low
effective negotiation,3,0.01432870038687491,Low
lopa,3,0.01432870038687491,Low
rohs,3,0.01432870038687491,Low
transition manager,3,0.01432870038687491,Low
plant manager,3,0.01432870038687491,Low
embedded development,3,0.01432870038687491,Low
fashion styling,3,0.01432870038687491,Low
accounts team,3,0.01432870038687491,Low
version control system,3,0.01432870038687491,Low
sap treasury,3,0.01432870038687491,Low
kubernates,3,0.01432870038687491,Low
stripe,3,0.01432870038687491,Low
7qc tools,3,0.01432870038687491,Low
work planning,3,0.01432870038687491,Low
health insurance sales,3,0.01432870038687491,Low
image processing,3,0.01432870038687491,Low
routing and switching,3,0.01432870038687491,Low
ups systems,3,0.01432870038687491,Low
planning & coordination,3,0.01432870038687491,Low
mail drafting,3,0.01432870038687491,Low
rooftop,3,0.01432870038687491,Low
cloud administration,3,0.01432870038687491,Low
abap objects,3,0.01432870038687491,Low
backend operations,3,0.01432870038687491,Low
sap scripts,3,0.01432870038687491,Low
sap workflow,3,0.01432870038687491,Low
transformer testing,3,0.01432870038687491,Low
premium process,3,0.01432870038687491,Low
credit memo,3,0.01432870038687491,Low
us collections,3,0.01432870038687491,Low
proposal preparation,3,0.01432870038687491,Low
labview,3,0.01432870038687491,Low
credit note,3,0.01432870038687491,Low
interior projects,3,0.01432870038687491,Low
embroidery,3,0.01432870038687491,Low
boomi integration,3,0.01432870038687491,Low
transcription,3,0.01432870038687491,Low
owasp top,3,0.01432870038687491,Low
red team,3,0.01432870038687491,Low
technical security,3,0.01432870038687491,Low
enterprise cloud,3,0.01432870038687491,Low
frontend architecture,3,0.01432870038687491,Low
outbound voice process,3,0.01432870038687491,Low
ai governance,3,0.01432870038687491,Low
abap object oriented programming,3,0.01432870038687491,Low
library science,3,0.01432870038687491,Low
cattle feed,3,0.01432870038687491,Low
mulesoft anypoint,3,0.01432870038687491,Low
mulesoft anypoint platform,3,0.01432870038687491,Low
integrated marketing,3,0.01432870038687491,Low
embedded testing,3,0.01432870038687491,Low
cinematographer,3,0.01432870038687491,Low
and photoshop,3,0.01432870038687491,Low
legal documentation,3,0.01432870038687491,Low
email management,3,0.01432870038687491,Low
employee training,3,0.01432870038687491,Low
power bi development,3,0.01432870038687491,Low
mining engineering,3,0.01432870038687491,Low
science teacher,3,0.01432870038687491,Low
axios,3,0.01432870038687491,Low
stock exchange,3,0.01432870038687491,Low
pharmaceutical sales,3,0.01432870038687491,Low
2d drafting,3,0.01432870038687491,Low
sales exe,3,0.01432870038687491,Low
recruitment & selection,3,0.01432870038687491,Low
biopharma,3,0.01432870038687491,Low
ga drawings,3,0.01432870038687491,Low
physical education teacher,3,0.01432870038687491,Low
dealer development,3,0.01432870038687491,Low
quality control executive,3,0.01432870038687491,Low
zabbix,3,0.01432870038687491,Low
post-production,3,0.01432870038687491,Low
mortgage servicing,3,0.01432870038687491,Low
obstetrics & gynecology,3,0.01432870038687491,Low
texturing,3,0.01432870038687491,Low
bpo international,3,0.01432870038687491,Low
mbbr,3,0.01432870038687491,Low
print design,3,0.01432870038687491,Low
snowpro,3,0.01432870038687491,Low
recon,3,0.01432870038687491,Low
it technologies,3,0.01432870038687491,Low
micro-frontend,3,0.01432870038687491,Low
file services,3,0.01432870038687491,Low
mortgage market,3,0.01432870038687491,Low
mysql replication,3,0.01432870038687491,Low
reporting & documentation,3,0.01432870038687491,Low
rolling mills,3,0.01432870038687491,Low
site inspection,3,0.01432870038687491,Low
steel plant,3,0.01432870038687491,Low
ignition,3,0.01432870038687491,Low
angioplasty,3,0.01432870038687491,Low
hypervisor,3,0.01432870038687491,Low
erp support,3,0.01432870038687491,Low
safety supervisor,3,0.01432870038687491,Low
footwear,3,0.01432870038687491,Low
quality initiatives,3,0.01432870038687491,Low
flanges,3,0.01432870038687491,Low
ar analyst,3,0.01432870038687491,Low
cocoa,3,0.01432870038687491,Low
real estate marketing,3,0.01432870038687491,Low
md medicine,3,0.01432870038687491,Low
fico integration,3,0.01432870038687491,Low
month end activities,3,0.01432870038687491,Low
nttf,3,0.01432870038687491,Low
it governance,3,0.01432870038687491,Low
database backup,3,0.01432870038687491,Low
earned value,3,0.01432870038687491,Low
odbc,3,0.01432870038687491,Low
eligibility verification,3,0.01432870038687491,Low
real estate sales manager,3,0.01432870038687491,Low
client communications,3,0.01432870038687491,Low
mangodb,3,0.01432870038687491,Low
domain expert,3,0.01432870038687491,Low
private wealth,3,0.01432870038687491,Low
strong accounting knowledge,3,0.01432870038687491,Low
agronomy,3,0.01432870038687491,Low
market access,3,0.01432870038687491,Low
vehicle finance,3,0.01432870038687491,Low
emergency services,3,0.01432870038687491,Low
vehicle sales,3,0.01432870038687491,Low
integration development,3,0.01432870038687491,Low
dental billing,3,0.01432870038687491,Low
identityiq,3,0.01432870038687491,Low
sailpoint iiq,3,0.01432870038687491,Low
ivf specialist,3,0.01432870038687491,Low
dsat,3,0.01432870038687491,Low
liquidity management,3,0.01432870038687491,Low
market positioning,3,0.01432870038687491,Low
promotional strategies,3,0.01432870038687491,Low
gem portal,3,0.01432870038687491,Low
shift operation,3,0.01432870038687491,Low
metro rail,3,0.01432870038687491,Low
credit monitoring,3,0.01432870038687491,Low
open items,3,0.01432870038687491,Low
hydrocarbon,3,0.01432870038687491,Low
wellbeing programs,3,0.01432870038687491,Low
optum,3,0.01432870038687491,Low
aspen,3,0.01432870038687491,Low
sap pm,3,0.01432870038687491,Low
corporate training,3,0.01432870038687491,Low
b2b/b2c sales,3,0.01432870038687491,Low
oracle erp cloud,3,0.01432870038687491,Low
test protocols,3,0.01432870038687491,Low
raw material procurement,3,0.01432870038687491,Low
spark sql,3,0.01432870038687491,Low
occupancy planning,3,0.01432870038687491,Low
cdisc,3,0.01432870038687491,Low
design pattern,3,0.01432870038687491,Low
emulators,3,0.01432870038687491,Low
page object model,3,0.01432870038687491,Low
b2b2c,3,0.01432870038687491,Low
urologist,3,0.01432870038687491,Low
building maintenance,3,0.01432870038687491,Low
veritas,3,0.01432870038687491,Low
lint,3,0.01432870038687491,Low
employee life cycle,3,0.01432870038687491,Low
consultant general medicine,3,0.01432870038687491,Low
service desk engineer,3,0.01432870038687491,Low
billing & invoicing,3,0.01432870038687491,Low
proptiger,3,0.01432870038687491,Low
erp cloud,3,0.01432870038687491,Low
oracle bi publisher,3,0.01432870038687491,Low
sd module,3,0.01432870038687491,Low
bi reports,3,0.01432870038687491,Low
online platform,3,0.01432870038687491,Low
cost and schedule,3,0.01432870038687491,Low
project funding,3,0.01432870038687491,Low
instrumentation & control,3,0.01432870038687491,Low
program delivery,3,0.01432870038687491,Low
csam,3,0.01432870038687491,Low
consultant neurosurgeon,3,0.01432870038687491,Low
erp platforms,3,0.01432870038687491,Low
no target,3,0.01432870038687491,Low
career planning,3,0.01432870038687491,Low
workflow development,3,0.01432870038687491,Low
analytic skills,3,0.01432870038687491,Low
vigilance,3,0.01432870038687491,Low
dapper,3,0.01432870038687491,Low
handing over,3,0.01432870038687491,Low
paint shop,3,0.01432870038687491,Low
payroll processes,3,0.01432870038687491,Low
mobile technology,3,0.01432870038687491,Low
erp functional,3,0.01432870038687491,Low
oracle support,3,0.01432870038687491,Low
hana database,3,0.01432870038687491,Low
patient counselling,3,0.01432870038687491,Low
oracle financials,3,0.01432870038687491,Low
cloud dataflow,3,0.01432870038687491,Low
travel agent,3,0.01432870038687491,Low
big data development,3,0.01432870038687491,Low
hl7,3,0.01432870038687491,Low
line supervisor,3,0.01432870038687491,Low
i/o list,3,0.01432870038687491,Low
instrumentation design,3,0.01432870038687491,Low
marksheet,3,0.01432870038687491,Low
php full stack,3,0.01432870038687491,Low
beats,3,0.01432870038687491,Low
emerging market,3,0.01432870038687491,Low
network expansion,3,0.01432870038687491,Low
national sales,3,0.01432870038687491,Low
overseas education,3,0.01432870038687491,Low
domestic staffing,3,0.01432870038687491,Low
simulation software,3,0.01432870038687491,Low
posp,3,0.01432870038687491,Low
air compressors,3,0.01432870038687491,Low
r1rcm,3,0.01432870038687491,Low
pumping,3,0.01432870038687491,Low
risk advisory,3,0.01432870038687491,Low
time tracking,3,0.01432870038687491,Low
communication & reporting,3,0.01432870038687491,Low
openvas,3,0.01432870038687491,Low
financial due diligence,3,0.01432870038687491,Low
civil design,3,0.01432870038687491,Low
assistant purchase manager,3,0.01432870038687491,Low
uk banking,3,0.01432870038687491,Low
220kv,3,0.01432870038687491,Low
banking & financial services,3,0.01432870038687491,Low
asset servicing,3,0.01432870038687491,Low
fire extinguishers,3,0.01432870038687491,Low
sap support,3,0.01432870038687491,Low
content review,3,0.01432870038687491,Low
manual and automation testing,3,0.01432870038687491,Low
marble,3,0.01432870038687491,Low
product documentation,3,0.01432870038687491,Low
travel readiness,3,0.01432870038687491,Low
team coaching,3,0.01432870038687491,Low
bank account,3,0.01432870038687491,Low
creative skills,3,0.01432870038687491,Low
stocking,3,0.01432870038687491,Low
bopf,3,0.01432870038687491,Low
financial risk,3,0.01432870038687491,Low
procurement lead,3,0.01432870038687491,Low
infrastructure security,3,0.01432870038687491,Low
kernel updates,3,0.01432870038687491,Low
btp is,3,0.01432870038687491,Low
sitecore,3,0.01432870038687491,Low
custom application,3,0.01432870038687491,Low
streamlit,3,0.01432870038687491,Low
bnys,2,0.009552466924583274,Low
codec2,2,0.009552466924583274,Low
embedded systems development,2,0.009552466924583274,Low
cloud/devops engineer,2,0.009552466924583274,Low
clinical research coordinator,2,0.009552466924583274,Low
assistant manager hr,2,0.009552466924583274,Low
embryo transfer,2,0.009552466924583274,Low
attrition analysis,2,0.009552466924583274,Low
maint,2,0.009552466924583274,Low
selling to customer needs,2,0.009552466924583274,Low
website management,2,0.009552466924583274,Low
modelling techniques,2,0.009552466924583274,Low
database maintenance,2,0.009552466924583274,Low
database management system,2,0.009552466924583274,Low
fdmee,2,0.009552466924583274,Low
sonic,2,0.009552466924583274,Low
retail executive,2,0.009552466924583274,Low
medical coding analyst,2,0.009552466924583274,Low
blasting,2,0.009552466924583274,Low
wealth relationship,2,0.009552466924583274,Low
family medicine,2,0.009552466924583274,Low
mbbs doctor,2,0.009552466924583274,Low
government tender,2,0.009552466924583274,Low
product specification,2,0.009552466924583274,Low
proposal support,2,0.009552466924583274,Low
fieldglass,2,0.009552466924583274,Low
performance marketing manager,2,0.009552466924583274,Low
openssl,2,0.009552466924583274,Low
bsms,2,0.009552466924583274,Low
e&m,2,0.009552466924583274,Low
vendor registration,2,0.009552466924583274,Low
mould flow,2,0.009552466924583274,Low
pcd pharma,2,0.009552466924583274,Low
j2ee technologies,2,0.009552466924583274,Low
ethernet/ip,2,0.009552466924583274,Low
data analytical skills,2,0.009552466924583274,Low
apache flink,2,0.009552466924583274,Low
lens,2,0.009552466924583274,Low
claim submission,2,0.009552466924583274,Low
erection commissioning,2,0.009552466924583274,Low
neurology,2,0.009552466924583274,Low
courier management,2,0.009552466924583274,Low
fraud risk assessment,2,0.009552466924583274,Low
132kv,2,0.009552466924583274,Low
apex code,2,0.009552466924583274,Low
administration staff,2,0.009552466924583274,Low
site administration,2,0.009552466924583274,Low
machine shop,2,0.009552466924583274,Low
rejection control,2,0.009552466924583274,Low
ecommerce domain,2,0.009552466924583274,Low
t&d,2,0.009552466924583274,Low
patient consultation,2,0.009552466924583274,Low
scim,2,0.009552466924583274,Low
pumping stations,2,0.009552466924583274,Low
siemens plc,2,0.009552466924583274,Low
cash allocation,2,0.009552466924583274,Low
testing & quality assurance,2,0.009552466924583274,Low
information security management,2,0.009552466924583274,Low
remote access,2,0.009552466924583274,Low
salesforce sales cloud,2,0.009552466924583274,Low
treasury audit,2,0.009552466924583274,Low
generative ai tools,2,0.009552466924583274,Low
profinet,2,0.009552466924583274,Low
vrrp,2,0.009552466924583274,Low
financial analysis and reporting,2,0.009552466924583274,Low
packaging industry,2,0.009552466924583274,Low
brand positioning,2,0.009552466924583274,Low
franchise sales manager,2,0.009552466924583274,Low
sabre,2,0.009552466924583274,Low
hardgoods,2,0.009552466924583274,Low
general insurance sales,2,0.009552466924583274,Low
power bi/tableau,2,0.009552466924583274,Low
postgre,2,0.009552466924583274,Low
qa strategy,2,0.009552466924583274,Low
sap pp and qm,2,0.009552466924583274,Low
electricians,2,0.009552466924583274,Low
kannada speaking,2,0.009552466924583274,Low
kerberos,2,0.009552466924583274,Low
oidc,2,0.009552466924583274,Low
kotlin multiplatform,2,0.009552466924583274,Low
sfra,2,0.009552466924583274,Low
deputy director,2,0.009552466924583274,Low
game engine,2,0.009552466924583274,Low
web design and development,2,0.009552466924583274,Low
it software sales,2,0.009552466924583274,Low
substation equipment,2,0.009552466924583274,Low
motilal,2,0.009552466924583274,Low
software tester,2,0.009552466924583274,Low
recruitment analytics,2,0.009552466924583274,Low
receivables management,2,0.009552466924583274,Low
delinquency management,2,0.009552466924583274,Low
expense control,2,0.009552466924583274,Low
secured lending,2,0.009552466924583274,Low
government policies,2,0.009552466924583274,Low
sales performance metrics,2,0.009552466924583274,Low
ciam,2,0.009552466924583274,Low
water systems,2,0.009552466924583274,Low
m s office,2,0.009552466924583274,Low
team supervision,2,0.009552466924583274,Low
stock inventory,2,0.009552466924583274,Low
insurance operations,2,0.009552466924583274,Low
aws big data,2,0.009552466924583274,Low
cable routing,2,0.009552466924583274,Low
cable schedule,2,0.009552466924583274,Low
econometrics,2,0.009552466924583274,Low
quarterly reporting,2,0.009552466924583274,Low
portfolio analysis,2,0.009552466924583274,Low
technical engineer,2,0.009552466924583274,Low
subscription management,2,0.009552466924583274,Low
competitor movements,2,0.009552466924583274,Low
bitrise,2,0.009552466924583274,Low
fastlane,2,0.009552466924583274,Low
senior ios developer,2,0.009552466924583274,Low
medical domain,2,0.009552466924583274,Low
pvsyst,2,0.009552466924583274,Low
solar pv systems,2,0.009552466924583274,Low
facility planning,2,0.009552466924583274,Low
paint shop production,2,0.009552466924583274,Low
asset operations,2,0.009552466924583274,Low
hardware maintenance,2,0.009552466924583274,Low
technical delivery manager,2,0.009552466924583274,Low
hospital marketing,2,0.009552466924583274,Low
oracle analytics,2,0.009552466924583274,Low
oracle cloud applications,2,0.009552466924583274,Low
oracle faw,2,0.009552466924583274,Low
hcm extracts,2,0.009552466924583274,Low
sizing calculations,2,0.009552466924583274,Low
diagnostic center,2,0.009552466924583274,Low
clinical psychology,2,0.009552466924583274,Low
neuro surgeon,2,0.009552466924583274,Low
f & b service,2,0.009552466924583274,Low
auctions,2,0.009552466924583274,Low
e-sourcing,2,0.009552466924583274,Low
misra,2,0.009552466924583274,Low
conduct inspections,2,0.009552466924583274,Low
hvac installation,2,0.009552466924583274,Low
provider network,2,0.009552466924583274,Low
api 580,2,0.009552466924583274,Low
api 653,2,0.009552466924583274,Low
property accounting,2,0.009552466924583274,Low
yardi,2,0.009552466924583274,Low
navy,2,0.009552466924583274,Low
and other network connected devices,2,0.009552466924583274,Low
information systems management,2,0.009552466924583274,Low
state sales,2,0.009552466924583274,Low
maintenance & repair,2,0.009552466924583274,Low
business ownership,2,0.009552466924583274,Low
cloud database,2,0.009552466924583274,Low
xmls,2,0.009552466924583274,Low
lms administrator,2,0.009552466924583274,Low
gsma,2,0.009552466924583274,Low
pilates,2,0.009552466924583274,Low
ci/cd pipeline management,2,0.009552466924583274,Low
part development,2,0.009552466924583274,Low
flexera,2,0.009552466924583274,Low
software asset management,2,0.009552466924583274,Low
high rise residential buildings,2,0.009552466924583274,Low
uk payroll,2,0.009552466924583274,Low
product promotions,2,0.009552466924583274,Low
live underwriter,2,0.009552466924583274,Low
catering sales,2,0.009552466924583274,Low
wind turbine,2,0.009552466924583274,Low
google search console and analytics,2,0.009552466924583274,Low
quality assurance manager,2,0.009552466924583274,Low
consultant urologist,2,0.009552466924583274,Low
sap security technical consultant,2,0.009552466924583274,Low
antenatal,2,0.009552466924583274,Low
negotiation & communication skills,2,0.009552466924583274,Low
dnb general medicine,2,0.009552466924583274,Low
jain,2,0.009552466924583274,Low
nism certified,2,0.009552466924583274,Low
conversion tracking,2,0.009552466924583274,Low
trustzone,2,0.009552466924583274,Low
uat testing,2,0.009552466924583274,Low
tally entry,2,0.009552466924583274,Low
power bi reports,2,0.009552466924583274,Low
go-to-market strategy,2,0.009552466924583274,Low
b2b / b2c sales,2,0.009552466924583274,Low
sample analysis,2,0.009552466924583274,Low
debt fundraising,2,0.009552466924583274,Low
north india,2,0.009552466924583274,Low
vendor payment,2,0.009552466924583274,Low
it business analyst,2,0.009552466924583274,Low
route optimization,2,0.009552466924583274,Low
oracle development,2,0.009552466924583274,Low
kota,2,0.009552466924583274,Low
electrical products,2,0.009552466924583274,Low
led lighting,2,0.009552466924583274,Low
test manager,2,0.009552466924583274,Low
hr payroll,2,0.009552466924583274,Low
key accounts executive,2,0.009552466924583274,Low
steel industry,2,0.009552466924583274,Low
control assurance,2,0.009552466924583274,Low
messaging queues,2,0.009552466924583274,Low
digital lead,2,0.009552466924583274,Low
digital lead generation,2,0.009552466924583274,Low
revenue optimization,2,0.009552466924583274,Low
recruitment life cycle,2,0.009552466924583274,Low
server installation,2,0.009552466924583274,Low
mechanical project,2,0.009552466924583274,Low
screaming frog,2,0.009552466924583274,Low
search engine algorithms,2,0.009552466924583274,Low
negotiation & closing deals,2,0.009552466924583274,Low
proposal building,2,0.009552466924583274,Low
recruitment sales,2,0.009552466924583274,Low
process simplification,2,0.009552466924583274,Low
google maps,2,0.009552466924583274,Low
ar associate,2,0.009552466924583274,Low
bengali speaking,2,0.009552466924583274,Low
customer strategy,2,0.009552466924583274,Low
solution architecting,2,0.009552466924583274,Low
bom management,2,0.009552466924583274,Low
digital manufacturing,2,0.009552466924583274,Low
fmcd,2,0.009552466924583274,Low
google docs,2,0.009552466924583274,Low
home automation,2,0.009552466924583274,Low
snowflake data engineer,2,0.009552466924583274,Low
corporate treasury,2,0.009552466924583274,Low
liquidity risk,2,0.009552466924583274,Low
b2b collection,2,0.009552466924583274,Low
travel domain,2,0.009552466924583274,Low
guidewire billing center developer,2,0.009552466924583274,Low
staff schedules,2,0.009552466924583274,Low
inventory accounting,2,0.009552466924583274,Low
negotiation & closing,2,0.009552466924583274,Low
cost engineering and cost control pertaining,2,0.009552466924583274,Low
cpm schedules,2,0.009552466924583274,Low
prepare monthly project progress reports,2,0.009552466924583274,Low
production coordination,2,0.009552466924583274,Low
prior authorization,2,0.009552466924583274,Low
java ee,2,0.009552466924583274,Low
leasing sales,2,0.009552466924583274,Low
business development operations,2,0.009552466924583274,Low
water system,2,0.009552466924583274,Low
electroplating,2,0.009552466924583274,Low
polishing,2,0.009552466924583274,Low
rewards & recognition,2,0.009552466924583274,Low
rbi returns/reporting,2,0.009552466924583274,Low
process operations,2,0.009552466924583274,Low
data remediation,2,0.009552466924583274,Low
model context protocol,2,0.009552466924583274,Low
viper,2,0.009552466924583274,Low
level 3 support,2,0.009552466924583274,Low
openshift platform,2,0.009552466924583274,Low
business development support,2,0.009552466924583274,Low
charger,2,0.009552466924583274,Low
lifts,2,0.009552466924583274,Low
area operations manager,2,0.009552466924583274,Low
consultant anesthesia,2,0.009552466924583274,Low
gttc,2,0.009552466924583274,Low
wet lab,2,0.009552466924583274,Low
rexx,2,0.009552466924583274,Low
zinc,2,0.009552466924583274,Low
brand representation,2,0.009552466924583274,Low
pcb design engineer,2,0.009552466924583274,Low
tomcat server,2,0.009552466924583274,Low
cost engineering,2,0.009552466924583274,Low
street lighting,2,0.009552466924583274,Low
traffic control,2,0.009552466924583274,Low
payment investigation,2,0.009552466924583274,Low
gaming process,2,0.009552466924583274,Low
handling petty cash,2,0.009552466924583274,Low
angiography,2,0.009552466924583274,Low
stock analysis,2,0.009552466924583274,Low
digital marketing sales,2,0.009552466924583274,Low
yield management,2,0.009552466924583274,Low
roofing,2,0.009552466924583274,Low
bugzilla,2,0.009552466924583274,Low
lead qa,2,0.009552466924583274,Low
personality development,2,0.009552466924583274,Low
needs assessment,2,0.009552466924583274,Low
clinic coordinator,2,0.009552466924583274,Low
hair care,2,0.009552466924583274,Low
bpo team lead,2,0.009552466924583274,Low
summit,2,0.009552466924583274,Low
garment export,2,0.009552466924583274,Low
tableau server,2,0.009552466924583274,Low
steel metal,2,0.009552466924583274,Low
default servicing,2,0.009552466924583274,Low
fasteners,2,0.009552466924583274,Low
preventive action,2,0.009552466924583274,Low
ext js,2,0.009552466924583274,Low
cips,2,0.009552466924583274,Low
capability development,2,0.009552466924583274,Low
pipe racks,2,0.009552466924583274,Low
deploying models,2,0.009552466924583274,Low
operational accounting,2,0.009552466924583274,Low
go language,2,0.009552466924583274,Low
policy formulation,2,0.009552466924583274,Low
loan collections,2,0.009552466924583274,Low
hr databases,2,0.009552466924583274,Low
lync,2,0.009552466924583274,Low
excavation,2,0.009552466924583274,Low
athletics,2,0.009552466924583274,Low
bped,2,0.009552466924583274,Low
solvent,2,0.009552466924583274,Low
azure architecture,2,0.009552466924583274,Low
raman,2,0.009552466924583274,Low
implant,2,0.009552466924583274,Low
fastener,2,0.009552466924583274,Low
client coordinator,2,0.009552466924583274,Low
3d artist,2,0.009552466924583274,Low
travel insurance,2,0.009552466924583274,Low
gtm strategy,2,0.009552466924583274,Low
martech,2,0.009552466924583274,Low
energy meters,2,0.009552466924583274,Low
paediatrician,2,0.009552466924583274,Low
implementing processes,2,0.009552466924583274,Low
client interfacing,2,0.009552466924583274,Low
email etiquette,2,0.009552466924583274,Low
phone etiquette,2,0.009552466924583274,Low
heavy equipment,2,0.009552466924583274,Low
tour packages,2,0.009552466924583274,Low
radome,2,0.009552466924583274,Low
story telling,2,0.009552466924583274,Low
second class,2,0.009552466924583274,Low
share market,2,0.009552466924583274,Low
bim360,2,0.009552466924583274,Low
document management system,2,0.009552466924583274,Low
pharmd,2,0.009552466924583274,Low
embedded developer,2,0.009552466924583274,Low
government liasoning,2,0.009552466924583274,Low
sales automation,2,0.009552466924583274,Low
burpsuite,2,0.009552466924583274,Low
ipv4,2,0.009552466924583274,Low
camera operation,2,0.009552466924583274,Low
marketing fresher,2,0.009552466924583274,Low
hibernate / jpa,2,0.009552466924583274,Low
urban mobility,2,0.009552466924583274,Low
unix system,2,0.009552466924583274,Low
voip,2,0.009552466924583274,Low
community development,2,0.009552466924583274,Low
librarian,2,0.009552466924583274,Low
curriculum design,2,0.009552466924583274,Low
bpo training,2,0.009552466924583274,Low
physics teacher,2,0.009552466924583274,Low
distribution grid,2,0.009552466924583274,Low
selenium with java,2,0.009552466924583274,Low
alv reports,2,0.009552466924583274,Low
crm abap,2,0.009552466924583274,Low
sap gui,2,0.009552466924583274,Low
tech transfer,2,0.009552466924583274,Low
holter,2,0.009552466924583274,Low
alv on hana,2,0.009552466924583274,Low
hana abap,2,0.009552466924583274,Low
post production,2,0.009552466924583274,Low
internal stakeholder,2,0.009552466924583274,Low
expense reports,2,0.009552466924583274,Low
energy storage,2,0.009552466924583274,Low
erp tools,2,0.009552466924583274,Low
supply chain optimization,2,0.009552466924583274,Low
language teaching,2,0.009552466924583274,Low
home interiors,2,0.009552466924583274,Low
hcm core,2,0.009552466924583274,Low
network programming,2,0.009552466924583274,Low
salesforce qa,2,0.009552466924583274,Low
first line of defense,2,0.009552466924583274,Low
foreign accounting,2,0.009552466924583274,Low
runway,2,0.009552466924583274,Low
fire-fighting,2,0.009552466924583274,Low
stormwater,2,0.009552466924583274,Low
industry 4.0,2,0.009552466924583274,Low
iata,2,0.009552466924583274,Low
projectors,2,0.009552466924583274,Low
and audit processes,2,0.009552466924583274,Low
cisco meraki,2,0.009552466924583274,Low
cisco security,2,0.009552466924583274,Low
mist,2,0.009552466924583274,Low
data sharing,2,0.009552466924583274,Low
cypress automation,2,0.009552466924583274,Low
ca finalist,2,0.009552466924583274,Low
backend architecture,2,0.009552466924583274,Low
controlling costs,2,0.009552466924583274,Low
lidar,2,0.009552466924583274,Low
voice/non voice,2,0.009552466924583274,Low
customer care representative,2,0.009552466924583274,Low
passive infrastructure,2,0.009552466924583274,Low
canary,2,0.009552466924583274,Low
abap development tools,2,0.009552466924583274,Low
payroll coordination,2,0.009552466924583274,Low
south indian language,2,0.009552466924583274,Low
step functions,2,0.009552466924583274,Low
plastic technology,2,0.009552466924583274,Low
field officer,2,0.009552466924583274,Low
medicare enrollment,2,0.009552466924583274,Low
trintech,2,0.009552466924583274,Low
electronic design automation,2,0.009552466924583274,Low
vendor relations,2,0.009552466924583274,Low
manufacturing operation,2,0.009552466924583274,Low
non technical,2,0.009552466924583274,Low
agritech,2,0.009552466924583274,Low
centrifuge,2,0.009552466924583274,Low
environmental testing,2,0.009552466924583274,Low
capsules,2,0.009552466924583274,Low
consolidation of accounts,2,0.009552466924583274,Low
direct channel sales,2,0.009552466924583274,Low
paralegal,2,0.009552466924583274,Low
coating inspection,2,0.009552466924583274,Low
check-in/check-out,2,0.009552466924583274,Low
access control systems,2,0.009552466924583274,Low
dgps,2,0.009552466924583274,Low
linux application development,2,0.009552466924583274,Low
patient registration,2,0.009552466924583274,Low
quickbooks online,2,0.009552466924583274,Low
performance/scalability,2,0.009552466924583274,Low
distributed architecture,2,0.009552466924583274,Low
price forecasting,2,0.009552466924583274,Low
sales life insurance,2,0.009552466924583274,Low
compensation benchmarking,2,0.009552466924583274,Low
equipment operation,2,0.009552466924583274,Low
sop compliance,2,0.009552466924583274,Low
treatment protocols,2,0.009552466924583274,Low
java selenium,2,0.009552466924583274,Low
assembly drawing,2,0.009552466924583274,Low
mobileiron,2,0.009552466924583274,Low
ecommerce platforms,2,0.009552466924583274,Low
sales audit,2,0.009552466924583274,Low
omni channel,2,0.009552466924583274,Low
brand loyalty,2,0.009552466924583274,Low
monitoring at assembly area,2,0.009552466924583274,Low
preparing mis report and sos,2,0.009552466924583274,Low
maintenance incharge,2,0.009552466924583274,Low
inventory advisor,2,0.009552466924583274,Low
international us voice process,2,0.009552466924583274,Low
training & awareness,2,0.009552466924583274,Low
livelihood,2,0.009552466924583274,Low
rural development,2,0.009552466924583274,Low
lumion,2,0.009552466924583274,Low
asset products,2,0.009552466924583274,Low
freight forwarding sales,2,0.009552466924583274,Low
embedded hardware,2,0.009552466924583274,Low
ghidra,2,0.009552466924583274,Low
ida pro,2,0.009552466924583274,Low
qxdm,2,0.009552466924583274,Low
coroutines,2,0.009552466924583274,Low
kotlin coroutines,2,0.009552466924583274,Low
6sense,2,0.009552466924583274,Low
cvent,2,0.009552466924583274,Low
s4/hana,2,0.009552466924583274,Low
chargebacks,2,0.009552466924583274,Low
micro front end,2,0.009552466924583274,Low
bpo international voice,2,0.009552466924583274,Low
telecom voice,2,0.009552466924583274,Low
rotating equipment,2,0.009552466924583274,Low
analyzing information,2,0.009552466924583274,Low
windows applications,2,0.009552466924583274,Low
windows xp,2,0.009552466924583274,Low
qualys,2,0.009552466924583274,Low
stressed assets,2,0.009552466924583274,Low
assembly engineer,2,0.009552466924583274,Low
employee communication,2,0.009552466924583274,Low
sales & collection,2,0.009552466924583274,Low
site incharge,2,0.009552466924583274,Low
gpu programming,2,0.009552466924583274,Low
multiphysics simulation,2,0.009552466924583274,Low
field recruiter,2,0.009552466924583274,Low
staffing sales,2,0.009552466924583274,Low
route planning,2,0.009552466924583274,Low
insurance consulting,2,0.009552466924583274,Low
sourcing executive,2,0.009552466924583274,Low
ms office products,2,0.009552466924583274,Low
test data management,2,0.009552466924583274,Low
senior soc analyst,2,0.009552466924583274,Low
domain management,2,0.009552466924583274,Low
policy sales,2,0.009552466924583274,Low
neo4j,2,0.009552466924583274,Low
process enhancement,2,0.009552466924583274,Low
copper,2,0.009552466924583274,Low
debit note,2,0.009552466924583274,Low
it solution,2,0.009552466924583274,Low
it solution sales,2,0.009552466924583274,Low
transaction services,2,0.009552466924583274,Low
gaap conversion,2,0.009552466924583274,Low
sip protocol,2,0.009552466924583274,Low
accounts payable executive,2,0.009552466924583274,Low
corporate insurance,2,0.009552466924583274,Low
insurance solutions,2,0.009552466924583274,Low
maintain day book,2,0.009552466924583274,Low
ride,2,0.009552466924583274,Low
pspo,2,0.009552466924583274,Low
ot cybersecurity,2,0.009552466924583274,Low
loan origination,2,0.009552466924583274,Low
middleware administration,2,0.009552466924583274,Low
villa,2,0.009552466924583274,Low
indirect purchase,2,0.009552466924583274,Low
vendor negotiation,2,0.009552466924583274,Low
looker studio,2,0.009552466924583274,Low
after sales support,2,0.009552466924583274,Low
unsecured loan,2,0.009552466924583274,Low
home visits,2,0.009552466924583274,Low
form 16,2,0.009552466924583274,Low
corporate interiors,2,0.009552466924583274,Low
domestic call center,2,0.009552466924583274,Low
scom,2,0.009552466924583274,Low
educational sales,2,0.009552466924583274,Low
multiplayer,2,0.009552466924583274,Low
microsoft suite,2,0.009552466924583274,Low
hootsuite,2,0.009552466924583274,Low
dspace,2,0.009552466924583274,Low
angular 13+,2,0.009552466924583274,Low
instructional designing,2,0.009552466924583274,Low
lectora,2,0.009552466924583274,Low
industrial construction,2,0.009552466924583274,Low
duct,2,0.009552466924583274,Low
core abap,2,0.009552466924583274,Low
franchisee,2,0.009552466924583274,Low
equity sales,2,0.009552466924583274,Low
design support,2,0.009552466924583274,Low
homologation,2,0.009552466924583274,Low
i&c,2,0.009552466924583274,Low
business developer,2,0.009552466924583274,Low
generic,2,0.009552466924583274,Low
provider side,2,0.009552466924583274,Low
intensive care,2,0.009552466924583274,Low
flexible packaging,2,0.009552466924583274,Low
statistical tools,2,0.009552466924583274,Low
dispatch scheduling,2,0.009552466924583274,Low
binders,2,0.009552466924583274,Low
chrome os,2,0.009552466924583274,Low
personal tax,2,0.009552466924583274,Low
engineering procurement,2,0.009552466924583274,Low
sharepoint framework,2,0.009552466924583274,Low
kubernetes deployment,2,0.009552466924583274,Low
az-900,2,0.009552466924583274,Low
gypsum,2,0.009552466924583274,Low
putty,2,0.009552466924583274,Low
zirakpur,2,0.009552466924583274,Low
billing & estimation,2,0.009552466924583274,Low
datapower,2,0.009552466924583274,Low
red hat technologies,2,0.009552466924583274,Low
rhca,2,0.009552466924583274,Low
monitoring & troubleshooting,2,0.009552466924583274,Low
rs-232,2,0.009552466924583274,Low
intellectual property rights,2,0.009552466924583274,Low
laminates,2,0.009552466924583274,Low
leadership training,2,0.009552466924583274,Low
fraud management,2,0.009552466924583274,Low
autocad plant 3d,2,0.009552466924583274,Low
suiteflow,2,0.009552466924583274,Low
suitescript,2,0.009552466924583274,Low
web parts,2,0.009552466924583274,Low
voice & accent training,2,0.009552466924583274,Low
cfin,2,0.009552466924583274,Low
sap central finance,2,0.009552466924583274,Low
sap cfin,2,0.009552466924583274,Low
automotive embedded systems,2,0.009552466924583274,Low
microfrontend architecture,2,0.009552466924583274,Low
powder coating,2,0.009552466924583274,Low
problem solving & decision making,2,0.009552466924583274,Low
title search,2,0.009552466924583274,Low
burp suite,2,0.009552466924583274,Low
business process outsourcing,2,0.009552466924583274,Low
api and ui automation,2,0.009552466924583274,Low
forrester,2,0.009552466924583274,Low
lab manager,2,0.009552466924583274,Low
senior hr executive,2,0.009552466924583274,Low
asset tracking,2,0.009552466924583274,Low
rams,2,0.009552466924583274,Low
autocad drawing,2,0.009552466924583274,Low
activiti,2,0.009552466924583274,Low
hvac sales,2,0.009552466924583274,Low
yokogawa,2,0.009552466924583274,Low
sales advisor,2,0.009552466924583274,Low
fi-ar,2,0.009552466924583274,Low
managment,2,0.009552466924583274,Low
distillery,2,0.009552466924583274,Low
customer satisfaction index,2,0.009552466924583274,Low
payroll system,2,0.009552466924583274,Low
engineering documentation,2,0.009552466924583274,Low
product presentation,2,0.009552466924583274,Low
frozen,2,0.009552466924583274,Low
instructing,2,0.009552466924583274,Low
excipients,2,0.009552466924583274,Low
webservers,2,0.009552466924583274,Low
backend support,2,0.009552466924583274,Low
lucid,2,0.009552466924583274,Low
online media,2,0.009552466924583274,Low
em ip,2,0.009552466924583274,Low
data interpretation,2,0.009552466924583274,Low
hazelcast,2,0.009552466924583274,Low
blue collar,2,0.009552466924583274,Low
blue collar hiring,2,0.009552466924583274,Low
portfolio development,2,0.009552466924583274,Low
appscan,2,0.009552466924583274,Low
good personality,2,0.009552466924583274,Low
dicom,2,0.009552466924583274,Low
preventive & breakdown maintenance,2,0.009552466924583274,Low
ro plant,2,0.009552466924583274,Low
ui architect,2,0.009552466924583274,Low
webrtc,2,0.009552466924583274,Low
and career opportunities,2,0.009552466924583274,Low
e-procurement platforms,2,0.009552466924583274,Low
plant utilities,2,0.009552466924583274,Low
sdtm programmer,2,0.009552466924583274,Low
isami,2,0.009552466924583274,Low
purifiers,2,0.009552466924583274,Low
deliver designs,2,0.009552466924583274,Low
chemistry faculty,2,0.009552466924583274,Low
erpnext,2,0.009552466924583274,Low
workflow optimization,2,0.009552466924583274,Low
snowflakes,2,0.009552466924583274,Low
life science background,2,0.009552466924583274,Low
product architect,2,0.009552466924583274,Low
business valuation,2,0.009552466924583274,Low
business writing,2,0.009552466924583274,Low
optimize sales,2,0.009552466924583274,Low
hira,2,0.009552466924583274,Low
tie up,2,0.009552466924583274,Low
call center sales,2,0.009552466924583274,Low
sap tax,2,0.009552466924583274,Low
process strategy,2,0.009552466924583274,Low
fund raising,2,0.009552466924583274,Low
patient interaction,2,0.009552466924583274,Low
commercial awareness,2,0.009552466924583274,Low
purchase price allocation,2,0.009552466924583274,Low
modbus tcp,2,0.009552466924583274,Low
infor,2,0.009552466924583274,Low
startup ecosystem,2,0.009552466924583274,Low
drupal 9,2,0.009552466924583274,Low
boutique,2,0.009552466924583274,Low
3d drawings,2,0.009552466924583274,Low
banking job,2,0.009552466924583274,Low
ai workloads,2,0.009552466924583274,Low
gray box,2,0.009552466924583274,Low
grc tools,2,0.009552466924583274,Low
dataflows,2,0.009552466924583274,Low
rcsa,2,0.009552466924583274,Low
newman,2,0.009552466924583274,Low
climate change,2,0.009552466924583274,Low
same day surgery,2,0.009552466924583274,Low
brand sales,2,0.009552466924583274,Low
3d rendering,2,0.009552466924583274,Low
meta ads manager,2,0.009552466924583274,Low
intraday management,2,0.009552466924583274,Low
azure hdinsight,2,0.009552466924583274,Low
application onboarding,2,0.009552466924583274,Low
oracle rdbms,2,0.009552466924583274,Low
oracle reports,2,0.009552466924583274,Low
rice components,2,0.009552466924583274,Low
waterfall methodology,2,0.009552466924583274,Low
healthcare analytics,2,0.009552466924583274,Low
quality assurance management,2,0.009552466924583274,Low
windows support,2,0.009552466924583274,Low
backend sales,2,0.009552466924583274,Low
furniture sales,2,0.009552466924583274,Low
market quality,2,0.009552466924583274,Low
grievance management,2,0.009552466924583274,Low
p & id,2,0.009552466924583274,Low
project system,2,0.009552466924583274,Low
private credit,2,0.009552466924583274,Low
self learning,2,0.009552466924583274,Low
high radius,2,0.009552466924583274,Low
postnatal,2,0.009552466924583274,Low
die maintenance,2,0.009552466924583274,Low
employee attendance,2,0.009552466924583274,Low
annual operating plan,2,0.009552466924583274,Low
customer query,2,0.009552466924583274,Low
banking software,2,0.009552466924583274,Low
customer service & relationship management,2,0.009552466924583274,Low
retail branch operations,2,0.009552466924583274,Low
sap pp/qm,2,0.009552466924583274,Low
uat coordination,2,0.009552466924583274,Low
game development,2,0.009552466924583274,Low
retail manager,2,0.009552466924583274,Low
caesar,2,0.009552466924583274,Low
analytical chemistry,2,0.009552466924583274,Low
affordable housing,2,0.009552466924583274,Low
spa therapist,2,0.009552466924583274,Low
healthcare insurance,2,0.009552466924583274,Low
convincing ability,2,0.009552466924583274,Low
optimization and troubleshooting,2,0.009552466924583274,Low
security staff,2,0.009552466924583274,Low
people handling,2,0.009552466924583274,Low
strong customer relationship,2,0.009552466924583274,Low
amazon rds,2,0.009552466924583274,Low
it administrator,2,0.009552466924583274,Low
basic engineering package,2,0.009552466924583274,Low
transducers,2,0.009552466924583274,Low
fund administration,2,0.009552466924583274,Low
dimensional modeling,2,0.009552466924583274,Low
vmc operator,2,0.009552466924583274,Low
operation executive,2,0.009552466924583274,Low
contracts engineer,2,0.009552466924583274,Low
asp.net core web api,2,0.009552466924583274,Low
bpo trainer,2,0.009552466924583274,Low
ugnx,2,0.009552466924583274,Low
off-page optimization,2,0.009552466924583274,Low
sales operations management,2,0.009552466924583274,Low
ms visio,2,0.009552466924583274,Low
gst reconciliation,2,0.009552466924583274,Low
income tax return,2,0.009552466924583274,Low
application development life cycle,2,0.009552466924583274,Low
behavioral data,2,0.009552466924583274,Low
investor reporting,2,0.009552466924583274,Low
minitab,2,0.009552466924583274,Low
geneva,2,0.009552466924583274,Low
openlink,2,0.009552466924583274,Low
openlink endur,2,0.009552466924583274,Low
scada programming,2,0.009552466924583274,Low
gm sales,2,0.009552466924583274,Low
exim documentation,2,0.009552466924583274,Low
contract hiring,2,0.009552466924583274,Low
domestic recruitment,2,0.009552466924583274,Low
advanced security,2,0.009552466924583274,Low
field service products,2,0.009552466924583274,Low
scrub nurse,2,0.009552466924583274,Low
baremetal,2,0.009552466924583274,Low
verdi,2,0.009552466924583274,Low
material science,2,0.009552466924583274,Low
syniti,2,0.009552466924583274,Low
po to is migration,2,0.009552466924583274,Low
product commercialization,2,0.009552466924583274,Low
talent acquisition lead,2,0.009552466924583274,Low
licensure,2,0.009552466924583274,Low
sap rar,2,0.009552466924583274,Low
native android development,2,0.009552466924583274,Low
creative marketing,2,0.009552466924583274,Low
sales execution,2,0.009552466924583274,Low
aws eks,2,0.009552466924583274,Low
head finance,2,0.009552466924583274,Low
assembly technician,2,0.009552466924583274,Low
sheet metal design,2,0.009552466924583274,Low
sql*plus,2,0.009552466924583274,Low
administration activities,2,0.009552466924583274,Low
bilingual spanish & english us travel sales,2,0.009552466924583274,Low
insurance knowledge,2,0.009552466924583274,Low
optometrist,2,0.009552466924583274,Low
vacuum furnaces,2,0.009552466924583274,Low
cryptocurrency,2,0.009552466924583274,Low
events manager,2,0.009552466924583274,Low
marcom,2,0.009552466924583274,Low
gmp compliance,2,0.009552466924583274,Low
bpo non voice,2,0.009552466924583274,Low
bpo non voice process,2,0.009552466924583274,Low
legal officer,2,0.009552466924583274,Low
chart of accounts,2,0.009552466924583274,Low
po creation,2,0.009552466924583274,Low
spanish us travel sales ppc,2,0.009552466924583274,Low
television,2,0.009552466924583274,Low
guarding,2,0.009552466924583274,Low
pmi acp,2,0.009552466924583274,Low
bess,2,0.009552466924583274,Low
employee transportation,2,0.009552466924583274,Low
node.js developer,2,0.009552466924583274,Low
sub-system,2,0.009552466924583274,Low
customer documentation,2,0.009552466924583274,Low
customer due diligence,2,0.009552466924583274,Low
electrical procurement,2,0.009552466924583274,Low
agent management,2,0.009552466924583274,Low
stores manager,2,0.009552466924583274,Low
global supply chain,2,0.009552466924583274,Low
software manager,2,0.009552466924583274,Low
ppc calls,2,0.009552466924583274,Low
agentic automation,2,0.009552466924583274,Low
ai engineers,2,0.009552466924583274,Low
assembly work,2,0.009552466924583274,Low
group health insurance,2,0.009552466924583274,Low
corporate events,2,0.009552466924583274,Low
strategic alliance,2,0.009552466924583274,Low
shoes,2,0.009552466924583274,Low
executive office,2,0.009552466924583274,Low
patient management,2,0.009552466924583274,Low
drug regulatory affairs,2,0.009552466924583274,Low
regulatory strategy,2,0.009552466924583274,Low
ipdrg coder,2,0.009552466924583274,Low
paid advertising campaigns,2,0.009552466924583274,Low
academic counselor,2,0.009552466924583274,Low
flight booking,2,0.009552466924583274,Low
spanish us travel sales,2,0.009552466924583274,Low
hindi teacher,2,0.009552466924583274,Low
tgt hindi,2,0.009552466924583274,Low
corporate quality assurance,2,0.009552466924583274,Low
kitchen manager,2,0.009552466924583274,Low
reporting and communication,2,0.009552466924583274,Low
fi module,2,0.009552466924583274,Low
sap fi module,2,0.009552466924583274,Low
edms,2,0.009552466924583274,Low
concentrix,2,0.009552466924583274,Low
ppc expert,2,0.009552466924583274,Low
ai specialist,2,0.009552466924583274,Low
volume management specialist,2,0.009552466924583274,Low
us banking process,2,0.009552466924583274,Low
client liaison,2,0.009552466924583274,Low
rbi guidelines,2,0.009552466924583274,Low
record management,2,0.009552466924583274,Low
dext,2,0.009552466924583274,Low
dyna,2,0.009552466924583274,Low
contract lifecycle management,2,0.009552466924583274,Low
logistics support,2,0.009552466924583274,Low
distribution management,2,0.009552466924583274,Low
oracle technical,2,0.009552466924583274,Low
project planning and execution,2,0.009552466924583274,Low
marathi speaking,2,0.009552466924583274,Low
compounding,2,0.009552466924583274,Low
salesforce architect,2,0.009552466924583274,Low
education counselling,2,0.009552466924583274,Low
e2e testing,2,0.009552466924583274,Low
incubator,2,0.009552466924583274,Low
quantum,2,0.009552466924583274,Low
salesforce data cloud,2,0.009552466924583274,Low
us compliance,2,0.009552466924583274,Low
depository,2,0.009552466924583274,Low
contract labour act,2,0.009552466924583274,Low
courts,2,0.009552466924583274,Low
icwa inter,2,0.009552466924583274,Low
audience targeting,2,0.009552466924583274,Low
ui design principles,2,0.009552466924583274,Low
distribution sales,2,0.009552466924583274,Low
websocket,2,0.009552466924583274,Low
financial consulting,2,0.009552466924583274,Low
rancher,2,0.009552466924583274,Low
landline,2,0.009552466924583274,Low
uk telecom,2,0.009552466924583274,Low
government affairs,2,0.009552466924583274,Low
plastic surgery,2,0.009552466924583274,Low
subcontracting,2,0.009552466924583274,Low
supplier quality inspection,2,0.009552466924583274,Low
radware,2,0.009552466924583274,Low
generative ai concepts,2,0.009552466924583274,Low
software troubleshooting,2,0.009552466924583274,Low
splicing,2,0.009552466924583274,Low
compatibility testing,2,0.009552466924583274,Low
google web toolkit,2,0.009552466924583274,Low
java stack,2,0.009552466924583274,Low
claroty,2,0.009552466924583274,Low
coordination with it,2,0.009552466924583274,Low
regular inspection,2,0.009552466924583274,Low
server maintenance,2,0.009552466924583274,Low
sewage treatment,2,0.009552466924583274,Low
storage management,2,0.009552466924583274,Low
system operations,2,0.009552466924583274,Low
quantum computing,2,0.009552466924583274,Low
keyword planner,2,0.009552466924583274,Low
oracle visual builder,2,0.009552466924583274,Low
kitchen appliances,2,0.009552466924583274,Low
collaborate with content,2,0.009552466924583274,Low
ui automation testing,2,0.009552466924583274,Low
mulesoft architect,2,0.009552466924583274,Low
fabrication shop,2,0.009552466924583274,Low
itps,2,0.009552466924583274,Low
marketing & branding,2,0.009552466924583274,Low
fresher jobs,2,0.009552466924583274,Low
color correction,2,0.009552466924583274,Low
senior observability,2,0.009552466924583274,Low
branch credit manager,2,0.009552466924583274,Low
global accounting,2,0.009552466924583274,Low
income statement,2,0.009552466924583274,Low
six sigma projects,2,0.009552466924583274,Low
incident response process,2,0.009552466924583274,Low
administrative management,2,0.009552466924583274,Low
ticket handling,2,0.009552466924583274,Low
admin console,2,0.009552466924583274,Low
mandarin,2,0.009552466924583274,Low
restaurant captain,2,0.009552466924583274,Low
academic counselling,2,0.009552466924583274,Low
supplier improvement,2,0.009552466924583274,Low
3d meshing,2,0.009552466924583274,Low
altair,2,0.009552466924583274,Low
cuda,2,0.009552466924583274,Low
fraud operations,2,0.009552466924583274,Low
any development,2,0.009552466924583274,Low
apache http,2,0.009552466924583274,Low
ibm mq,2,0.009552466924583274,Low
substation design,2,0.009552466924583274,Low
e-commerce marketing,2,0.009552466924583274,Low
stacker reclaimer,2,0.009552466924583274,Low
wagon tippler,2,0.009552466924583274,Low
loan recovery,2,0.009552466924583274,Low
thai language,2,0.009552466924583274,Low
model architecture,2,0.009552466924583274,Low
communication & presentation,2,0.009552466924583274,Low
visit clients,2,0.009552466924583274,Low
international ticketing,2,0.009552466924583274,Low
affiliate marketing,2,0.009552466924583274,Low
cement mill,2,0.009552466924583274,Low
crusher,2,0.009552466924583274,Low
kiln,2,0.009552466924583274,Low
car technician,2,0.009552466924583274,Low
factory logistics,2,0.009552466924583274,Low
multispeciality,2,0.009552466924583274,Low
orthopedic surgeon,2,0.009552466924583274,Low
ducting,2,0.009552466924583274,Low
cloud cost optimization,2,0.009552466924583274,Low
data recovery,2,0.009552466924583274,Low
spotfire,2,0.009552466924583274,Low
ai data,2,0.009552466924583274,Low
analytics lead,2,0.009552466924583274,Low
product development life cycle,2,0.009552466924583274,Low
sensor fusion,2,0.009552466924583274,Low
embedded programming,2,0.009552466924583274,Low
facial,2,0.009552466924583274,Low
integration design patterns,2,0.009552466924583274,Low
application logs,2,0.009552466924583274,Low
raci,2,0.009552466924583274,Low
international technical support,2,0.009552466924583274,Low
cement plant,2,0.009552466924583274,Low
stacker,2,0.009552466924583274,Low
thai language expert,2,0.009552466924583274,Low
casb,2,0.009552466924583274,Low
embedded c++,2,0.009552466924583274,Low
sales excellence,2,0.009552466924583274,Low
scipy,2,0.009552466924583274,Low
react ui,2,0.009552466924583274,Low
erp proficiency,2,0.009552466924583274,Low
compliance handling,2,0.009552466924583274,Low
guest relationship,2,0.009552466924583274,Low
payment reconciliation,2,0.009552466924583274,Low
lap sales,2,0.009552466924583274,Low
cost sheet,2,0.009552466924583274,Low
electrical & instrumentation,2,0.009552466924583274,Low
sass / less,2,0.009552466924583274,Low
level 2 support,2,0.009552466924583274,Low
microsoft hyper-v,2,0.009552466924583274,Low
indenting,2,0.009552466924583274,Low
communication training,2,0.009552466924583274,Low
material control,2,0.009552466924583274,Low
quality supplier,2,0.009552466924583274,Low
supplier evaluation,2,0.009552466924583274,Low
rider,2,0.009552466924583274,Low
startek,2,0.009552466924583274,Low
lateral hiring,2,0.009552466924583274,Low
voice process fresher,2,0.009552466924583274,Low
admiral,2,0.009552466924583274,Low
account development,2,0.009552466924583274,Low
mongodb atlas,2,0.009552466924583274,Low
gstreamer,2,0.009552466924583274,Low
distributor handling,2,0.009552466924583274,Low
food sales,2,0.009552466924583274,Low
process audits,2,0.009552466924583274,Low
it applications,2,0.009552466924583274,Low
seo and sem,2,0.009552466924583274,Low
angular 14,2,0.009552466924583274,Low
content coordination,2,0.009552466924583274,Low
data archiving,2,0.009552466924583274,Low
hydrotherapy,2,0.009552466924583274,Low
sports physiotherapy,2,0.009552466924583274,Low
ci tools,2,0.009552466924583274,Low
teamwork and collaboration,2,0.009552466924583274,Low
opengl,2,0.009552466924583274,Low
ui test,2,0.009552466924583274,Low
crude oil,2,0.009552466924583274,Low
material flow,2,0.009552466924583274,Low
johns,2,0.009552466924583274,Low
defined benefits,2,0.009552466924583274,Low
inventory reconciliation,2,0.009552466924583274,Low
roc filings,2,0.009552466924583274,Low
sales trainer,2,0.009552466924583274,Low
analyst executive,2,0.009552466924583274,Low
including seo,2,0.009552466924583274,Low
java mapping,2,0.009552466924583274,Low
assistant merchandiser,2,0.009552466924583274,Low
experience center,2,0.009552466924583274,Low
cash credit,2,0.009552466924583274,Low
sqoop,2,0.009552466924583274,Low
consultant physician,2,0.009552466924583274,Low
linux system administrator,2,0.009552466924583274,Low
server security,2,0.009552466924583274,Low
health assessments,2,0.009552466924583274,Low
preventive care,2,0.009552466924583274,Low
adobe experience cloud,2,0.009552466924583274,Low
hardware networking,2,0.009552466924583274,Low
surgical oncology,2,0.009552466924583274,Low
consultant general surgeon,2,0.009552466924583274,Low
ms/dnb general surgery,2,0.009552466924583274,Low
andriod,2,0.009552466924583274,Low
android hal,2,0.009552466924583274,Low
senior stakeholder management,2,0.009552466924583274,Low
loan syndication,2,0.009552466924583274,Low
structured finance,2,0.009552466924583274,Low
abacus,2,0.009552466924583274,Low
plywood,2,0.009552466924583274,Low
warranty claims,2,0.009552466924583274,Low
dynamics finance,2,0.009552466924583274,Low
antenna,2,0.009552466924583274,Low
gis tools,2,0.009552466924583274,Low
auction,2,0.009552466924583274,Low
legal notices,2,0.009552466924583274,Low
five9,2,0.009552466924583274,Low
burgundy,2,0.009552466924583274,Low
employee data management,2,0.009552466924583274,Low
chief technology officer,2,0.009552466924583274,Low
uk accounting,2,0.009552466924583274,Low
vat returns,2,0.009552466924583274,Low
customer advocacy,2,0.009552466924583274,Low
motivator,2,0.009552466924583274,Low
sprinkler,2,0.009552466924583274,Low
ai trainer,2,0.009552466924583274,Low
saas cloud,2,0.009552466924583274,Low
vocabulary,2,0.009552466924583274,Low
core golang,2,0.009552466924583274,Low
overhauling,2,0.009552466924583274,Low
site preparation,2,0.009552466924583274,Low
optimizely,2,0.009552466924583274,Low
protein expression,2,0.009552466924583274,Low
protein purification,2,0.009552466924583274,Low
graphical mapping,2,0.009552466924583274,Low
industrial environment,2,0.009552466924583274,Low
corporate accounting,2,0.009552466924583274,Low
car finance,2,0.009552466924583274,Low
government business,2,0.009552466924583274,Low
client scripts,2,0.009552466924583274,Low
risk compliance,2,0.009552466924583274,Low
it service delivery,2,0.009552466924583274,Low
cms development,2,0.009552466924583274,Low
energy sales,2,0.009552466924583274,Low
online training,2,0.009552466924583274,Low
cssd,2,0.009552466924583274,Low
store maintenance,2,0.009552466924583274,Low
airworthiness,2,0.009552466924583274,Low
phython,2,0.009552466924583274,Low
or crisc,2,0.009552466924583274,Low
sitecore development,2,0.009552466924583274,Low
brand reputation,2,0.009552466924583274,Low
internet banking,2,0.009552466924583274,Low
azure analytics,2,0.009552466924583274,Low
education technology,2,0.009552466924583274,Low
fixed deposits,2,0.009552466924583274,Low
umbrella,2,0.009552466924583274,Low
term plan,2,0.009552466924583274,Low
eurocodes,2,0.009552466924583274,Low
sql database administrator,2,0.009552466924583274,Low
bpcs,2,0.009552466924583274,Low
cell biology,2,0.009552466924583274,Low
cell culture,2,0.009552466924583274,Low
mammalian,2,0.009552466924583274,Low
pressure measurement,2,0.009552466924583274,Low
onboarding support,2,0.009552466924583274,Low
field instruments,2,0.009552466924583274,Low
shipping line,2,0.009552466924583274,Low
instrument sizing,2,0.009552466924583274,Low
jlpt,2,0.009552466924583274,Low
crio,2,0.009552466924583274,Low
mutual fund operations,2,0.009552466924583274,Low
process ownership,2,0.009552466924583274,Low
batch scheduling,2,0.009552466924583274,Low
amplifiers,2,0.009552466924583274,Low
cloud automation,2,0.009552466924583274,Low
ergonomics,2,0.009552466924583274,Low
cogent,2,0.009552466924583274,Low
distribution requirements planning,2,0.009552466924583274,Low
joining process,2,0.009552466924583274,Low
filling operator,2,0.009552466924583274,Low
workato,2,0.009552466924583274,Low
storekeeping,2,0.009552466924583274,Low
snowflake architect,2,0.009552466924583274,Low
housing loans,2,0.009552466924583274,Low
sourcing business,2,0.009552466924583274,Low
integrated planning,2,0.009552466924583274,Low
power system,2,0.009552466924583274,Low
power system analysis,2,0.009552466924583274,Low
short circuit,2,0.009552466924583274,Low
medical claims,2,0.009552466924583274,Low
industrial machinery,2,0.009552466924583274,Low
execution planning,2,0.009552466924583274,Low
personal loan sales,2,0.009552466924583274,Low
reverse logistics,2,0.009552466924583274,Low
marketing & business development,2,0.009552466924583274,Low
team mentoring,2,0.009552466924583274,Low
school management,2,0.009552466924583274,Low
technology risk,2,0.009552466924583274,Low
compilers,2,0.009552466924583274,Low
facility engineer,2,0.009552466924583274,Low
computer system validation,2,0.009552466924583274,Low
us fda 21 cfr part 11,2,0.009552466924583274,Low
ocean,2,0.009552466924583274,Low
pricing data,2,0.009552466924583274,Low
euro,2,0.009552466924583274,Low
javascript/angular,2,0.009552466924583274,Low
kronos developer,2,0.009552466924583274,Low
kronos workforce,2,0.009552466924583274,Low
quantitative analysis,2,0.009552466924583274,Low
sase,2,0.009552466924583274,Low
housekeeping supervision,2,0.009552466924583274,Low
process developer,2,0.009552466924583274,Low
http/https,2,0.009552466924583274,Low
multitenant,2,0.009552466924583274,Low
wiring harness,2,0.009552466924583274,Low
media buying,2,0.009552466924583274,Low
authorizer,2,0.009552466924583274,Low
vendor risk management,2,0.009552466924583274,Low
analytical development,2,0.009552466924583274,Low
medical services,2,0.009552466924583274,Low
strategic communication,2,0.009552466924583274,Low
circuit breaker,2,0.009552466924583274,Low
data quality management,2,0.009552466924583274,Low
hindi speaking,2,0.009552466924583274,Low
operations excellence,2,0.009552466924583274,Low
pharma marketing,2,0.009552466924583274,Low
internal controls testing,2,0.009552466924583274,Low
data & ai,2,0.009552466924583274,Low
swot analysis,2,0.009552466924583274,Low
government banking,2,0.009552466924583274,Low
solid modeling,2,0.009552466924583274,Low
gaap accounting,2,0.009552466924583274,Low
agent development,2,0.009552466924583274,Low
suits,2,0.009552466924583274,Low
etl automation,2,0.009552466924583274,Low
income tax compliance,2,0.009552466924583274,Low
time keeping,2,0.009552466924583274,Low
competition mapping,2,0.009552466924583274,Low
adam,2,0.009552466924583274,Low
clinical development,2,0.009552466924583274,Low
microsoft entra,2,0.009552466924583274,Low
autocad civil,2,0.009552466924583274,Low
bluebeam revu,2,0.009552466924583274,Low
module pool,2,0.009552466924583274,Low
module pool programming,2,0.009552466924583274,Low
process instrumentation,2,0.009552466924583274,Low
aws cloud watch,2,0.009552466924583274,Low
integrated risk management,2,0.009552466924583274,Low
pipeline tools,2,0.009552466924583274,Low
customer care associate,2,0.009552466924583274,Low
compression,2,0.009552466924583274,Low
fish,2,0.009552466924583274,Low
inspection machines,2,0.009552466924583274,Low
production management,2,0.009552466924583274,Low
transport operation,2,0.009552466924583274,Low
software management,2,0.009552466924583274,Low
thermodynamics,2,0.009552466924583274,Low
solar sales,2,0.009552466924583274,Low
sd wan,2,0.009552466924583274,Low
tunnel,2,0.009552466924583274,Low
business presentations,2,0.009552466924583274,Low
plastic parts,2,0.009552466924583274,Low
profit and loss account,2,0.009552466924583274,Low
home health coding,2,0.009552466924583274,Low
icd-10-cm,2,0.009552466924583274,Low
landing page,2,0.009552466924583274,Low
partnership management,2,0.009552466924583274,Low
capex projects,2,0.009552466924583274,Low
full stack java developer,2,0.009552466924583274,Low
restassured,2,0.009552466924583274,Low
special purpose machines,2,0.009552466924583274,Low
adobe cloud,2,0.009552466924583274,Low
aem workflows,2,0.009552466924583274,Low
33kv,2,0.009552466924583274,Low
power project,2,0.009552466924583274,Low
shipping documents,2,0.009552466924583274,Low
risk governance,2,0.009552466924583274,Low
server monitoring,2,0.009552466924583274,Low
software defined networking,2,0.009552466924583274,Low
big query,2,0.009552466924583274,Low
mines act,2,0.009552466924583274,Low
mines compliance,2,0.009552466924583274,Low
mines regulation,2,0.009552466924583274,Low
blister,2,0.009552466924583274,Low
bottle packing,2,0.009552466924583274,Low
organizational effectiveness,2,0.009552466924583274,Low
classroom management,2,0.009552466924583274,Low
freelancing,2,0.009552466924583274,Low
embedded c/c++,2,0.009552466924583274,Low
medical superintendent,2,0.009552466924583274,Low
dispatch executive,2,0.009552466924583274,Low
robotic welding,2,0.009552466924583274,Low
mitsubishi plc,2,0.009552466924583274,Low
biw design,2,0.009552466924583274,Low
aws serverless,2,0.009552466924583274,Low
servicenow solution,2,0.009552466924583274,Low
functional architect,2,0.009552466924583274,Low
j2ee development,2,0.009552466924583274,Low
azure virtual desktop,2,0.009552466924583274,Low
asic design,2,0.009552466924583274,Low
admin studio,2,0.009552466924583274,Low
msix,2,0.009552466924583274,Low
orca,2,0.009552466924583274,Low
web scraping,2,0.009552466924583274,Low
international accounting,2,0.009552466924583274,Low
flexcube,2,0.009552466924583274,Low
blueprism,2,0.009552466924583274,Low
car loan sales,2,0.009552466924583274,Low
browsing,2,0.009552466924583274,Low
mako,2,0.009552466924583274,Low
telugu speaking,2,0.009552466924583274,Low
neonatology,2,0.009552466924583274,Low
magic,2,0.009552466924583274,Low
pdis,2,0.009552466924583274,Low
administration work,2,0.009552466924583274,Low
midjourney,2,0.009552466924583274,Low
etl test engineer,2,0.009552466924583274,Low
international education,2,0.009552466924583274,Low
event operations,2,0.009552466924583274,Low
google suite,2,0.009552466924583274,Low
ticket booking,2,0.009552466924583274,Low
cable schedules,2,0.009552466924583274,Low
detail drawings,2,0.009552466924583274,Low
sap car,2,0.009552466924583274,Low
sap is retail,2,0.009552466924583274,Low
design and configure,2,0.009552466924583274,Low
pre sales,2,0.009552466924583274,Low
presales specialist,2,0.009552466924583274,Low
domain-driven design,2,0.009552466924583274,Low
charging stations,2,0.009552466924583274,Low
apex classes,2,0.009552466924583274,Low
angular development,2,0.009552466924583274,Low
remarketing,2,0.009552466924583274,Low
heater,2,0.009552466924583274,Low
dkim,2,0.009552466924583274,Low
perforce,2,0.009552466924583274,Low
sony,2,0.009552466924583274,Low
java angular,2,0.009552466924583274,Low
car loan,2,0.009552466924583274,Low
aveva e3d,2,0.009552466924583274,Low
dams,2,0.009552466924583274,Low
assortment planning,2,0.009552466924583274,Low
garment construction,2,0.009552466924583274,Low
garment technology,2,0.009552466924583274,Low
films,2,0.009552466924583274,Low
growth consultant,2,0.009552466924583274,Low
personnel administration,2,0.009552466924583274,Low
sap personnel administration,2,0.009552466924583274,Low
revit architecture,2,0.009552466924583274,Low
material receipt,2,0.009552466924583274,Low
early childhood education,2,0.009552466924583274,Low
montessori,2,0.009552466924583274,Low
cdsco,2,0.009552466924583274,Low
fico module,2,0.009552466924583274,Low
microsoft 365 administration,2,0.009552466924583274,Low
associate vice president,2,0.009552466924583274,Low
equipment qualification,2,0.009552466924583274,Low
reporting & insights,2,0.009552466924583274,Low
custom report,2,0.009552466924583274,Low
data views,2,0.009552466924583274,Low
oracle functional consultant,2,0.009552466924583274,Low
switchgear industry,2,0.009552466924583274,Low
data quality tools,2,0.009552466924583274,Low
sales outreach,2,0.009552466924583274,Low
infrastructure deployment,2,0.009552466924583274,Low
model driven,2,0.009552466924583274,Low
django orm,2,0.009552466924583274,Low
openai api,2,0.009552466924583274,Low
financial associate,2,0.009552466924583274,Low
ecc abap,2,0.009552466924583274,Low
rfcs,2,0.009552466924583274,Low
organic search,2,0.009552466924583274,Low
epc contractors,2,0.009552466924583274,Low
rebar,2,0.009552466924583274,Low
sr relationship manager,2,0.009552466924583274,Low
bapis,2,0.009552466924583274,Low
custom code,2,0.009552466924583274,Low
kitchen management,2,0.009552466924583274,Low
plant pathology,2,0.009552466924583274,Low
deputy manager hrbp,2,0.009552466924583274,Low
manager hrbp,2,0.009552466924583274,Low
safety system,2,0.009552466924583274,Low
rtl development,2,0.009552466924583274,Low
sas administrator,2,0.009552466924583274,Low
data-driven strategies,2,0.009552466924583274,Low
structure design engineer,2,0.009552466924583274,Low
business process design,2,0.009552466924583274,Low
microsoft visual studio,2,0.009552466924583274,Low
project administration,2,0.009552466924583274,Low
biofuels,2,0.009552466924583274,Low
information security analyst,2,0.009552466924583274,Low
linux support,2,0.009552466924583274,Low
interactive reports,2,0.009552466924583274,Low
arm cortex,2,0.009552466924583274,Low
embedded security,2,0.009552466924583274,Low
freertos,2,0.009552466924583274,Low
infopath,2,0.009552466924583274,Low
ui architecture,2,0.009552466924583274,Low
power plants,2,0.009552466924583274,Low
scan to bim,2,0.009552466924583274,Low
hydraulic systems,2,0.009552466924583274,Low
strong diagnostic,2,0.009552466924583274,Low
daily production planning,2,0.009552466924583274,Low
peon,2,0.009552466924583274,Low
counterparty credit risk,2,0.009552466924583274,Low
protocol stack,2,0.009552466924583274,Low
rtus,2,0.009552466924583274,Low
seo audits,2,0.009552466924583274,Low
foreign language,2,0.009552466924583274,Low
fund services,2,0.009552466924583274,Low
product control,2,0.009552466924583274,Low
network access control,2,0.009552466924583274,Low
hr coordinator,2,0.009552466924583274,Low
pricing executive,2,0.009552466924583274,Low
api/microservices,2,0.009552466924583274,Low
bian,2,0.009552466924583274,Low
bian principles,2,0.009552466924583274,Low
cycling,2,0.009552466924583274,Low
technical business analyst,2,0.009552466924583274,Low
technical process,2,0.009552466924583274,Low
social compliance,2,0.009552466924583274,Low
toxicology,2,0.009552466924583274,Low
statistical process control,2,0.009552466924583274,Low
sheet metal stamping,2,0.009552466924583274,Low
dental assistant,2,0.009552466924583274,Low
mechanical supervisor,2,0.009552466924583274,Low
granulation,2,0.009552466924583274,Low
process study,2,0.009552466924583274,Low
clean energy,2,0.009552466924583274,Low
retail bank,2,0.009552466924583274,Low
banking & treasury,2,0.009552466924583274,Low
cost object controlling,2,0.009552466924583274,Low
migration scripts,2,0.009552466924583274,Low
healthcare data,2,0.009552466924583274,Low
production planning & scheduling,2,0.009552466924583274,Low
data engineering manager,2,0.009552466924583274,Low
azure boards,2,0.009552466924583274,Low
drafting tools,2,0.009552466924583274,Low
customer support analyst,2,0.009552466924583274,Low
abbyy,2,0.009552466924583274,Low
italian,2,0.009552466924583274,Low
pasta,2,0.009552466924583274,Low
sonography,2,0.009552466924583274,Low
tara,2,0.009552466924583274,Low
hobbing machine,2,0.009552466924583274,Low
apps script,2,0.009552466924583274,Low
zapier,2,0.009552466924583274,Low
oracle cloud cost management,2,0.009552466924583274,Low
oracle costing,2,0.009552466924583274,Low
campaign planning,2,0.009552466924583274,Low
badminton,2,0.009552466924583274,Low
finance management,2,0.009552466924583274,Low
construction material,2,0.009552466924583274,Low
project procurement,2,0.009552466924583274,Low
cylinders,2,0.009552466924583274,Low
javascript object model,2,0.009552466924583274,Low
gravure,2,0.009552466924583274,Low
gravure printing,2,0.009552466924583274,Low
proforma invoice,2,0.009552466924583274,Low
ai foundry,2,0.009552466924583274,Low
dispatch planning,2,0.009552466924583274,Low
additive,2,0.009552466924583274,Low
tata consultancy services,2,0.009552466924583274,Low
tema,2,0.009552466924583274,Low
middle office,2,0.009552466924583274,Low
kinaxis rapid response,2,0.009552466924583274,Low
gems,2,0.009552466924583274,Low
static equipment,2,0.009552466924583274,Low
static equipment design,2,0.009552466924583274,Low
global experience,2,0.009552466924583274,Low
sound judgment,2,0.009552466924583274,Low
dump analysis,2,0.009552466924583274,Low
hr mis,2,0.009552466924583274,Low
workday functional,2,0.009552466924583274,Low
first article inspection,2,0.009552466924583274,Low
co-pa,2,0.009552466924583274,Low
plc programmer,2,0.009552466924583274,Low
at&t,2,0.009552466924583274,Low
highcharts,2,0.009552466924583274,Low
data loader,2,0.009552466924583274,Low
salesforce configuration,2,0.009552466924583274,Low
sales manager bancassurance,2,0.009552466924583274,Low
bill payments,2,0.009552466924583274,Low
regulatory issues,2,0.009552466924583274,Low
linux platform,2,0.009552466924583274,Low
expat,2,0.009552466924583274,Low
project co-ordination,2,0.009552466924583274,Low
credit risk analyst,2,0.009552466924583274,Low
general administration,2,0.009552466924583274,Low
gl accounting,2,0.009552466924583274,Low
internal orders,2,0.009552466924583274,Low
associate software analyst,2,0.009552466924583274,Low
office interiors,2,0.009552466924583274,Low
desktop application development,2,0.009552466924583274,Low
js libraries,2,0.009552466924583274,Low
government relations,2,0.009552466924583274,Low
business continuity management,2,0.009552466924583274,Low
epc project,2,0.009552466924583274,Low
good people management skills,2,0.009552466924583274,Low
showroom sales executive,2,0.009552466924583274,Low
quality reviews,2,0.009552466924583274,Low
secretarial work,2,0.009552466924583274,Low
tender business,2,0.009552466924583274,Low
pixel tracking,2,0.009552466924583274,Low
network technologies,2,0.009552466924583274,Low
oracle 19c,2,0.009552466924583274,Low
fault detection,2,0.009552466924583274,Low
aws iam,2,0.009552466924583274,Low
bpo calling,2,0.009552466924583274,Low
commercial leasing,2,0.009552466924583274,Low
tgt english,2,0.009552466924583274,Low
interior site supervisor,2,0.009552466924583274,Low
sales review,2,0.009552466924583274,Low
talent acquisition coordinator,2,0.009552466924583274,Low
gsec,2,0.009552466924583274,Low
english verbal and written,2,0.009552466924583274,Low
ai testing tools,2,0.009552466924583274,Low
testim,2,0.009552466924583274,Low
jira service desk,2,0.009552466924583274,Low
air handling unit,2,0.009552466924583274,Low
accounting advisory,2,0.009552466924583274,Low
auditing standards,2,0.009552466924583274,Low
uk gaap,2,0.009552466924583274,Low
reverse osmosis,2,0.009552466924583274,Low
partner marketing,2,0.009552466924583274,Low
analyst relations,2,0.009552466924583274,Low
senior seo analyst,2,0.009552466924583274,Low
zeiss,2,0.009552466924583274,Low
lease accounting,2,0.009552466924583274,Low
lease management,2,0.009552466924583274,Low
foam,2,0.009552466924583274,Low
vfx artist,2,0.009552466924583274,Low
maintenance supervisor,2,0.009552466924583274,Low
foreign trade,2,0.009552466924583274,Low
kyriba,2,0.009552466924583274,Low
netsuite integration,2,0.009552466924583274,Low
artificial neural networks,2,0.009552466924583274,Low
network analysis,2,0.009552466924583274,Low
agribusiness,2,0.009552466924583274,Low
product associate,2,0.009552466924583274,Low
inward material,2,0.009552466924583274,Low
production planning & execution,2,0.009552466924583274,Low
foresight,2,0.009552466924583274,Low
custom objects,2,0.009552466924583274,Low
export marketing manager,2,0.009552466924583274,Low
retention marketing,2,0.009552466924583274,Low
forgerock,2,0.009552466924583274,Low
it architecture,2,0.009552466924583274,Low
office maintenance,2,0.009552466924583274,Low
recruitment process outsourcing,2,0.009552466924583274,Low
information processing,2,0.009552466924583274,Low
wildfly,2,0.009552466924583274,Low
dm plant,2,0.009552466924583274,Low
technical proposal,2,0.009552466924583274,Low
sap ehs,2,0.009552466924583274,Low
software training,2,0.009552466924583274,Low
current affairs,2,0.009552466924583274,Low
us hr,2,0.009552466924583274,Low
iscsi,2,0.009552466924583274,Low
vector database,2,0.009552466924583274,Low
cross functional collaboration,2,0.009552466924583274,Low
trade life cycle,2,0.009552466924583274,Low
bw on hana,2,0.009552466924583274,Low
snowpro core,2,0.009552466924583274,Low
regulated market,2,0.009552466924583274,Low
dmaic,2,0.009552466924583274,Low
bearings,2,0.009552466924583274,Low
perfmon,2,0.009552466924583274,Low
marketing programs,2,0.009552466924583274,Low
histopathology,2,0.009552466924583274,Low
sap bw on hana,2,0.009552466924583274,Low
spindle,2,0.009552466924583274,Low
random forest,2,0.009552466924583274,Low
html/ css,2,0.009552466924583274,Low
linux development,2,0.009552466924583274,Low
personnel records,2,0.009552466924583274,Low
b2b field sales,2,0.009552466924583274,Low
broking channel,2,0.009552466924583274,Low
parametric,2,0.009552466924583274,Low
japanese language expert,2,0.009552466924583274,Low
jira software,2,0.009552466924583274,Low
bios,2,0.009552466924583274,Low
time and attendance,2,0.009552466924583274,Low
pi/po,2,0.009552466924583274,Low
product expertise,2,0.009552466924583274,Low
recycling,2,0.009552466924583274,Low
fire drill,2,0.009552466924583274,Low
raw materials planner,2,0.009552466924583274,Low
bare metal,2,0.009552466924583274,Low
payroll accounting,2,0.009552466924583274,Low
housekeeping associate,2,0.009552466924583274,Low
heat transfer,2,0.009552466924583274,Low
auto scaling,2,0.009552466924583274,Low
application lifecycle management,2,0.009552466924583274,Low
process flow diagram,2,0.009552466924583274,Low
technical coordinator,2,0.009552466924583274,Low
head hr,2,0.009552466924583274,Low
performance calibration,2,0.009552466924583274,Low
recruitment management,2,0.009552466924583274,Low
interview techniques,2,0.009552466924583274,Low
diversity & inclusion,2,0.009552466924583274,Low
event sales,2,0.009552466924583274,Low
paid marketing,2,0.009552466924583274,Low
adobe target,2,0.009552466924583274,Low
servicenow itsm,2,0.009552466924583274,Low
system quality,2,0.009552466924583274,Low
chfi,2,0.009552466924583274,Low
attendance tracking,2,0.009552466924583274,Low
hr/admin,2,0.009552466924583274,Low
roi analysis,2,0.009552466924583274,Low
enquiry management,2,0.009552466924583274,Low
central line,2,0.009552466924583274,Low
openapi/swagger,2,0.009552466924583274,Low
construction supervision,2,0.009552466924583274,Low
consultant cardiologist,2,0.009552466924583274,Low
lodr,2,0.009552466924583274,Low
software engineer iv,2,0.009552466924583274,Low
hybrid app,2,0.009552466924583274,Low
data center operations,2,0.009552466924583274,Low
firewall management,2,0.009552466924583274,Low
claims specialist,2,0.009552466924583274,Low
linux internals,2,0.009552466924583274,Low
charles proxy,2,0.009552466924583274,Low
web application testing,2,0.009552466924583274,Low
fraud disputes,2,0.009552466924583274,Low
brand development,2,0.009552466924583274,Low
brand storytelling,2,0.009552466924583274,Low
canteen management,2,0.009552466924583274,Low
logbook,2,0.009552466924583274,Low
student management,2,0.009552466924583274,Low
accessibility testing,2,0.009552466924583274,Low
book publishing,2,0.009552466924583274,Low
resource efficiency,2,0.009552466924583274,Low
indirect taxes,2,0.009552466924583274,Low
jindal,2,0.009552466924583274,Low
bim modeler,2,0.009552466924583274,Low
adobe animate,2,0.009552466924583274,Low
cinema 4d,2,0.009552466924583274,Low
print production,2,0.009552466924583274,Low
indian cuisine,2,0.009552466924583274,Low
dnp3,2,0.009552466924583274,Low
scada development,2,0.009552466924583274,Low
online advertising,2,0.009552466924583274,Low
design calculation,2,0.009552466924583274,Low
admin manager,2,0.009552466924583274,Low
oven,2,0.009552466924583274,Low
work station,2,0.009552466924583274,Low
finance control,2,0.009552466924583274,Low
ms-sql,2,0.009552466924583274,Low
winforms,2,0.009552466924583274,Low
gap assessments,2,0.009552466924583274,Low
link building,2,0.009552466924583274,Low
recruitment techniques,2,0.009552466924583274,Low
purchase requisition,2,0.009552466924583274,Low
export import,2,0.009552466924583274,Low
import export,2,0.009552466924583274,Low
net application developer,2,0.009552466924583274,Low
palo alto firewall,2,0.009552466924583274,Low
placement coordination,2,0.009552466924583274,Low
cost controlling,2,0.009552466924583274,Low
indas,2,0.009552466924583274,Low
supply chain analytics,2,0.009552466924583274,Low
industry engagement,2,0.009552466924583274,Low
windows installation,2,0.009552466924583274,Low
healthcare bpo,2,0.009552466924583274,Low
desktop trouble shooting,2,0.009552466924583274,Low
sql server reporting services,2,0.009552466924583274,Low
ctvs,2,0.009552466924583274,Low
fiori ui,2,0.009552466924583274,Low
timeshare,2,0.009552466924583274,Low
rest architecture,2,0.009552466924583274,Low
biztalk,2,0.009552466924583274,Low
money market,2,0.009552466924583274,Low
ip drg,2,0.009552466924583274,Low
group coach,2,0.009552466924583274,Low
pega developer,2,0.009552466924583274,Low
pega prpc,2,0.009552466924583274,Low
repair & maintenance,2,0.009552466924583274,Low
application configuration,2,0.009552466924583274,Low
donor management,2,0.009552466924583274,Low
cyber security compliance,2,0.009552466924583274,Low
ms office package,2,0.009552466924583274,Low
business architecture,2,0.009552466924583274,Low
foglight,2,0.009552466924583274,Low
seeburger,2,0.009552466924583274,Low
confidence building,2,0.009552466924583274,Low
process standardization,2,0.009552466924583274,Low
security function,2,0.009552466924583274,Low
fraud investigations,2,0.009552466924583274,Low
psur,2,0.009552466924583274,Low
jira / confluence,2,0.009552466924583274,Low
electrical drawings,2,0.009552466924583274,Low
solid waste management,2,0.009552466924583274,Low
asian cuisine,2,0.009552466924583274,Low
concrete structures,2,0.009552466924583274,Low
redemption,2,0.009552466924583274,Low
orion,2,0.009552466924583274,Low
data presentation,2,0.009552466924583274,Low
plant administration,2,0.009552466924583274,Low
basic engineering calculations,2,0.009552466924583274,Low
ug nx,2,0.009552466924583274,Low
dassault,2,0.009552466924583274,Low
us travel sales consultant,2,0.009552466924583274,Low
load calculation,2,0.009552466924583274,Low
angular 18,2,0.009552466924583274,Low
industrial project,2,0.009552466924583274,Low
pega csa,2,0.009552466924583274,Low
pubsub,2,0.009552466924583274,Low
nursing supervisor,2,0.009552466924583274,Low
print ads,2,0.009552466924583274,Low
phyton,2,0.009552466924583274,Low
phpunit,2,0.009552466924583274,Low
branch profitability,2,0.009552466924583274,Low
product placement,2,0.009552466924583274,Low
hire to retire,2,0.009552466924583274,Low
dev tools,2,0.009552466924583274,Low
event hub,2,0.009552466924583274,Low
oracle pl/sql,2,0.009552466924583274,Low
electronic data interchange,2,0.009552466924583274,Low
business officer,2,0.009552466924583274,Low
joomla,2,0.009552466924583274,Low
signal integrity,2,0.009552466924583274,Low
health cloud,2,0.009552466924583274,Low
instrumentation systems,2,0.009552466924583274,Low
machine design,2,0.009552466924583274,Low
ground staff,2,0.009552466924583274,Low
ai model development,2,0.009552466924583274,Low
dotnet full stack,2,0.009552466924583274,Low
netcool,2,0.009552466924583274,Low
mulesoft integration,2,0.009552466924583274,Low
elevation,2,0.009552466924583274,Low
banquet sales,2,0.009552466924583274,Low
project costing,2,0.009552466924583274,Low
product pricing,2,0.009552466924583274,Low
ac technician,2,0.009552466924583274,Low
chemistry teacher,2,0.009552466924583274,Low
school principal,2,0.009552466924583274,Low
student enrollment,2,0.009552466924583274,Low
zonal business head,2,0.009552466924583274,Low
home science,2,0.009552466924583274,Low
agency coordination,2,0.009552466924583274,Low
prof,2,0.009552466924583274,Low
webtrends,2,0.009552466924583274,Low
copyright infringement,2,0.009552466924583274,Low
salary benchmarking,2,0.009552466924583274,Low
instagram ads,2,0.009552466924583274,Low
ciso,2,0.009552466924583274,Low
ensuring quality standards,2,0.009552466924583274,Low
qc story,2,0.009552466924583274,Low
uk insurance,2,0.009552466924583274,Low
physical verification,2,0.009552466924583274,Low
parallel processing,2,0.009552466924583274,Low
gst return,2,0.009552466924583274,Low
conversion optimization,2,0.009552466924583274,Low
national head,2,0.009552466924583274,Low
creative vision,2,0.009552466924583274,Low
work authorizations,2,0.009552466924583274,Low
swatches,2,0.009552466924583274,Low
oracle fusion middleware,2,0.009552466924583274,Low
equipment sales,2,0.009552466924583274,Low
sales report,2,0.009552466924583274,Low
google technical support,2,0.009552466924583274,Low
hysys,2,0.009552466924583274,Low
executive trainee,2,0.009552466924583274,Low
sap netweaver enterprise portal,2,0.009552466924583274,Low
f5 big-ip,2,0.009552466924583274,Low
ipsec vpn,2,0.009552466924583274,Low
influencer campaigns,2,0.009552466924583274,Low
franchise development,2,0.009552466924583274,Low
gold loan sales,2,0.009552466924583274,Low
bpo fresher,2,0.009552466924583274,Low
line sizing,2,0.009552466924583274,Low
pfds,2,0.009552466924583274,Low
database admin,2,0.009552466924583274,Low
rman,2,0.009552466924583274,Low
sound design,2,0.009552466924583274,Low
carte,2,0.009552466924583274,Low
equipment knowledge,2,0.009552466924583274,Low
shift production,2,0.009552466924583274,Low
regulatory knowledge,2,0.009552466924583274,Low
credit proposals,2,0.009552466924583274,Low
guidewire testing,2,0.009552466924583274,Low
casa sales,2,0.009552466924583274,Low
content planning,2,0.009552466924583274,Low
bid preparation,2,0.009552466924583274,Low
offshore platforms,2,0.009552466924583274,Low
sacs,2,0.009552466924583274,Low
gis analyst,2,0.009552466924583274,Low
budgeting & cost control,2,0.009552466924583274,Low
technology operations,2,0.009552466924583274,Low
aidc,2,0.009552466924583274,Low
android os,2,0.009552466924583274,Low
ladder logic,2,0.009552466924583274,Low
cakephp,2,0.009552466924583274,Low
market coverage,2,0.009552466924583274,Low
hr lead,2,0.009552466924583274,Low
action oriented,2,0.009552466924583274,Low
conduct experiments,2,0.009552466924583274,Low
budgetary control,2,0.009552466924583274,Low
outreach strategy,2,0.009552466924583274,Low
competitor intelligence,2,0.009552466924583274,Low
uipath studio,2,0.009552466924583274,Low
international recruitment,2,0.009552466924583274,Low
passive cabling,2,0.009552466924583274,Low
freight forwarders,2,0.009552466924583274,Low
catalog management,2,0.009552466924583274,Low
ea to director,2,0.009552466924583274,Low
big4,2,0.009552466924583274,Low
financial reporting analyst,2,0.009552466924583274,Low
event mesh,2,0.009552466924583274,Low
small commercial vehicle,2,0.009552466924583274,Low
team motivation,2,0.009552466924583274,Low
senior agency manager,2,0.009552466924583274,Low
cable manufacturing,2,0.009552466924583274,Low
plant layout,2,0.009552466924583274,Low
behavioral pediatrics,2,0.009552466924583274,Low
developmental pediatrics,2,0.009552466924583274,Low
engine components,2,0.009552466924583274,Low
private banking group,2,0.009552466924583274,Low
kendo,2,0.009552466924583274,Low
kendo ui,2,0.009552466924583274,Low
rsa archer,2,0.009552466924583274,Low
cleanroom,2,0.009552466924583274,Low
distributed systems architecture,2,0.009552466924583274,Low
java collections,2,0.009552466924583274,Low
and jetpack libraries,2,0.009552466924583274,Low
clinical trial data,2,0.009552466924583274,Low
therapeutic area,2,0.009552466924583274,Low
dhtml,2,0.009552466924583274,Low
client-handling,2,0.009552466924583274,Low
commercial functions,2,0.009552466924583274,Low
profit center head,2,0.009552466924583274,Low
biometrics,2,0.009552466924583274,Low
next js,2,0.009552466924583274,Low
angular ui,2,0.009552466924583274,Low
digital journey,2,0.009552466924583274,Low
highway projects,2,0.009552466924583274,Low
cpwd,2,0.009552466924583274,Low
ms dynamics crm,2,0.009552466924583274,Low
pcmcs,2,0.009552466924583274,Low
suitetalk,2,0.009552466924583274,Low
bank payment,2,0.009552466924583274,Low
core animation,2,0.009552466924583274,Low
swift ui,2,0.009552466924583274,Low
tax associate,2,0.009552466924583274,Low
advanced product quality planning,2,0.009552466924583274,Low
geospatial,2,0.009552466924583274,Low
sales co-ordinator,2,0.009552466924583274,Low
soft service,2,0.009552466924583274,Low
amc services,2,0.009552466924583274,Low
breakdown service,2,0.009552466924583274,Low
communication interfaces,2,0.009552466924583274,Low
insight generation,2,0.009552466924583274,Low
production executive,2,0.009552466924583274,Low
predictive modeling,2,0.009552466924583274,Low
prescriptive analytics,2,0.009552466924583274,Low
text analytics,2,0.009552466924583274,Low
analytical rigor,2,0.009552466924583274,Low
cots products,2,0.009552466924583274,Low
space planning,2,0.009552466924583274,Low
catering services,2,0.009552466924583274,Low
vulnerability analysis,2,0.009552466924583274,Low
maintenance cost,2,0.009552466924583274,Low
delivery leadership,2,0.009552466924583274,Low
profit centre,2,0.009552466924583274,Low
pega cssa,2,0.009552466924583274,Low
backend testing,2,0.009552466924583274,Low
remote working,2,0.009552466924583274,Low
ssas,2,0.009552466924583274,Low
dash,2,0.009552466924583274,Low
reactive forms,2,0.009552466924583274,Low
architectural work,2,0.009552466924583274,Low
webfocus,2,0.009552466924583274,Low
quotation preparation,2,0.009552466924583274,Low
research assistant,2,0.009552466924583274,Low
complaince,2,0.009552466924583274,Low
global reporting,2,0.009552466924583274,Low
pair programming,2,0.009552466924583274,Low
group policies,2,0.009552466924583274,Low
m365 security,2,0.009552466924583274,Low
daily work management,2,0.009552466924583274,Low
greenplum,2,0.009552466924583274,Low
data reconciliation,2,0.009552466924583274,Low
real-time monitoring,2,0.009552466924583274,Low
user insights,2,0.009552466924583274,Low
debt recovery,2,0.009552466924583274,Low
spices,2,0.009552466924583274,Low
accounting records,2,0.009552466924583274,Low
b2b operations,2,0.009552466924583274,Low
barcode,2,0.009552466924583274,Low
blood collection,2,0.009552466924583274,Low
q-commerce,2,0.009552466924583274,Low
pcb soldering,2,0.009552466924583274,Low
tosca automation,2,0.009552466924583274,Low
electrical machines,2,0.009552466924583274,Low
landing zone,2,0.009552466924583274,Low
strings,2,0.009552466924583274,Low
distribution channels,2,0.009552466924583274,Low
epfo,2,0.009552466924583274,Low
architecture styles,2,0.009552466924583274,Low
garment manufacturing,2,0.009552466924583274,Low
spinning,2,0.009552466924583274,Low
commercial loan servicing,2,0.009552466924583274,Low
cloud security engineer,2,0.009552466924583274,Low
dnb radiology,2,0.009552466924583274,Low
market planning,2,0.009552466924583274,Low
stock planning,2,0.009552466924583274,Low
process builder,2,0.009552466924583274,Low
legal head,2,0.009552466924583274,Low
gitlab ci/cd,2,0.009552466924583274,Low
advanced sql queries,2,0.009552466924583274,Low
customer empathy,2,0.009552466924583274,Low
dealer management system,2,0.009552466924583274,Low
php frameworks,2,0.009552466924583274,Low
zendesk,2,0.009552466924583274,Low
enterprise networking,2,0.009552466924583274,Low
itsm modules,2,0.009552466924583274,Low
biopsy,2,0.009552466924583274,Low
embryologist,2,0.009552466924583274,Low
embryology,2,0.009552466924583274,Low
it services sales,2,0.009552466924583274,Low
educational leadership,2,0.009552466924583274,Low
social worker,2,0.009552466924583274,Low
advance sql,2,0.009552466924583274,Low
innovation and improvement,2,0.009552466924583274,Low
supply chain planner,2,0.009552466924583274,Low
prisma,2,0.009552466924583274,Low
oo abap,2,0.009552466924583274,Low
gl reconciliation,2,0.009552466924583274,Low
invoice discrepancies,2,0.009552466924583274,Low
business development representative,2,0.009552466924583274,Low
photo editor,2,0.009552466924583274,Low
end user support,2,0.009552466924583274,Low
shipping documentation,2,0.009552466924583274,Low
budget analysis,2,0.009552466924583274,Low
commercial loan,2,0.009552466924583274,Low
java spring boot developer,2,0.009552466924583274,Low
apqc frameworks,2,0.009552466924583274,Low
finance modernization,2,0.009552466924583274,Low
records management,2,0.009552466924583274,Low
test associate,2,0.009552466924583274,Low
modem,2,0.009552466924583274,Low
seo content,2,0.009552466924583274,Low
documentation engineer,2,0.009552466924583274,Low
engagement metrics,2,0.009552466924583274,Low
collection strategy,2,0.009552466924583274,Low
solution designs,2,0.009552466924583274,Low
sheetmetal,2,0.009552466924583274,Low
it infrastructure support,2,0.009552466924583274,Low
dwdm,2,0.009552466924583274,Low
erp environment,2,0.009552466924583274,Low
automation studio,2,0.009552466924583274,Low
field hr,2,0.009552466924583274,Low
senior customer support,2,0.009552466924583274,Low
pumped storage,2,0.009552466924583274,Low
it infrastructure management,2,0.009552466924583274,Low
trunks,2,0.009552466924583274,Low
production incharge,2,0.009552466924583274,Low
winding,2,0.009552466924583274,Low
hysteroscopy,2,0.009552466924583274,Low
laparoscopy,2,0.009552466924583274,Low
us chat,2,0.009552466924583274,Low
oncologist,2,0.009552466924583274,Low
workday security,2,0.009552466924583274,Low
vmware certified professional,2,0.009552466924583274,Low
processor architecture,2,0.009552466924583274,Low
electrical site engineer,2,0.009552466924583274,Low
fact,2,0.009552466924583274,Low
revit mep,2,0.009552466924583274,Low
pega support,2,0.009552466924583274,Low
ai lifecycle management,2,0.009552466924583274,Low
automation gen ai,2,0.009552466924583274,Low
smartplant,2,0.009552466924583274,Low
operation head,2,0.009552466924583274,Low
partnership development,2,0.009552466924583274,Low
centrifugal,2,0.009552466924583274,Low
screw,2,0.009552466924583274,Low
and internal audit,2,0.009552466924583274,Low
fashion advisor,2,0.009552466924583274,Low
fabrication plant,2,0.009552466924583274,Low
international collection,2,0.009552466924583274,Low
accounting & bookkeeping,2,0.009552466924583274,Low
organic marketing,2,0.009552466924583274,Low
social media growth,2,0.009552466924583274,Low
fatca,2,0.009552466924583274,Low
unified communications,2,0.009552466924583274,Low
event execution,2,0.009552466924583274,Low
ansys fluent,2,0.009552466924583274,Low
finite element analysis,2,0.009552466924583274,Low
gl processes,2,0.009552466924583274,Low
itil certified,2,0.009552466924583274,Low
scriptwriting,2,0.009552466924583274,Low
dairy industry,2,0.009552466924583274,Low
csr programs,2,0.009552466924583274,Low
agency channel management,2,0.009552466924583274,Low
adobe product analytics,2,0.009552466924583274,Low
makefiles,2,0.009552466924583274,Low
consultative skills,2,0.009552466924583274,Low
marg,2,0.009552466924583274,Low
real estate project,2,0.009552466924583274,Low
fraud analyst,2,0.009552466924583274,Low
azure data platform,2,0.009552466924583274,Low
product reviews,2,0.009552466924583274,Low
canoe,2,0.009552466924583274,Low
hardware technologies,2,0.009552466924583274,Low
palantir foundry,2,0.009552466924583274,Low
market expertise,2,0.009552466924583274,Low
trading strategies,2,0.009552466924583274,Low
new project development,2,0.009552466924583274,Low
gamp 5,2,0.009552466924583274,Low
bhel,2,0.009552466924583274,Low
measurement tools,2,0.009552466924583274,Low
mechanical aptitude,2,0.009552466924583274,Low
cataloguing,2,0.009552466924583274,Low
media production,2,0.009552466924583274,Low
quality process excellence,2,0.009552466924583274,Low
discord,2,0.009552466924583274,Low
gamp,2,0.009552466924583274,Low
bdd cucumber,2,0.009552466924583274,Low
qa test engineer,2,0.009552466924583274,Low
sanity testing,2,0.009552466924583274,Low
maintenance services,2,0.009552466924583274,Low
microsoft powerapps,2,0.009552466924583274,Low
validation testing,2,0.009552466924583274,Low
fire system,2,0.009552466924583274,Low
vendor compliance,2,0.009552466924583274,Low
risk assessment and mitigation,2,0.009552466924583274,Low
technical product owner,2,0.009552466924583274,Low
datawarehouse,2,0.009552466924583274,Low
fix appointment,2,0.009552466924583274,Low
socs,2,0.009552466924583274,Low
eloqua,2,0.009552466924583274,Low
palantir,2,0.009552466924583274,Low
operational risk management,2,0.009552466924583274,Low
swms,2,0.009552466924583274,Low
excel sheet,2,0.009552466924583274,Low
mason,2,0.009552466924583274,Low
asp dot net,2,0.009552466924583274,Low
retails,2,0.009552466924583274,Low
development planning,2,0.009552466924583274,Low
ci management,2,0.009552466924583274,Low
attendance management,2,0.009552466924583274,Low
recovery process,2,0.009552466924583274,Low
defect prevention,2,0.009552466924583274,Low
data virtualization,2,0.009552466924583274,Low
cybersecurity specialist,2,0.009552466924583274,Low
strategy and planning,2,0.009552466924583274,Low
product operations,2,0.009552466924583274,Low
primary market research,2,0.009552466924583274,Low
project execution plan,2,0.009552466924583274,Low
risk register,2,0.009552466924583274,Low
anesthesiology,2,0.009552466924583274,Low
medical sciences,2,0.009552466924583274,Low
healthcare consulting,2,0.009552466924583274,Low
mac os x,2,0.009552466924583274,Low
aws networking,2,0.009552466924583274,Low
docker swarm,2,0.009552466924583274,Low
route53,2,0.009552466924583274,Low
hoardings,2,0.009552466924583274,Low
die making,2,0.009552466924583274,Low
press tool design,2,0.009552466924583274,Low
tool & die,2,0.009552466924583274,Low
flair for sales,2,0.009552466924583274,Low
appian bpm,2,0.009552466924583274,Low
communication protocol,2,0.009552466924583274,Low
visiting faculty,2,0.009552466924583274,Low
nwds,2,0.009552466924583274,Low
executive ar,2,0.009552466924583274,Low
helix,2,0.009552466924583274,Low
go programming,2,0.009552466924583274,Low
sciencelogic,2,0.009552466924583274,Low
internet applications,2,0.009552466924583274,Low
bpo jobs in pune,2,0.009552466924583274,Low
audio visual,2,0.009552466924583274,Low
issue management,2,0.009552466924583274,Low
networking fundamentals,2,0.009552466924583274,Low
spots,2,0.009552466924583274,Low
expressway,2,0.009552466924583274,Low
microsoft tools,2,0.009552466924583274,Low
delta live table,2,0.009552466924583274,Low
external components,2,0.009552466924583274,Low
remedy itsm,2,0.009552466924583274,Low
managing processes,2,0.009552466924583274,Low
career counseling,2,0.009552466924583274,Low
press shop,2,0.009552466924583274,Low
customer service operations,2,0.009552466924583274,Low
mean stack development,2,0.009552466924583274,Low
answer engine optimization,2,0.009552466924583274,Low
create landing pages,2,0.009552466924583274,Low
email campaign,2,0.009552466924583274,Low
tgt maths,2,0.009552466924583274,Low
workshop manager,2,0.009552466924583274,Low
global sales,2,0.009552466924583274,Low
construction manager,2,0.009552466924583274,Low
permanent staffing,2,0.009552466924583274,Low
hvac maintenance,2,0.009552466924583274,Low
regulatory intelligence,2,0.009552466924583274,Low
rm gi insurance,2,0.009552466924583274,Low
siemens s7,2,0.009552466924583274,Low
construction contracts,2,0.009552466924583274,Low
manual tester,2,0.009552466924583274,Low
deed,2,0.009552466924583274,Low
azure function,2,0.009552466924583274,Low
health care process,2,0.009552466924583274,Low
headmistress,2,0.009552466924583274,Low
sap hana db,2,0.009552466924583274,Low
installshield,2,0.009552466924583274,Low
google vertex,2,0.009552466924583274,Low
phaco surgeon,2,0.009552466924583274,Low
b2b content,2,0.009552466924583274,Low
compliance operations,2,0.009552466924583274,Low
rtl coding,2,0.009552466924583274,Low
chronicle,2,0.009552466924583274,Low
reporting dashboards,2,0.009552466924583274,Low
azure data bricks,2,0.009552466924583274,Low
outbound tours,2,0.009552466924583274,Low
student outreach,2,0.009552466924583274,Low
study abroad,2,0.009552466924583274,Low
gpen,2,0.009552466924583274,Low
devops automation,2,0.009552466924583274,Low
trace analysis,2,0.009552466924583274,Low
contracts negotiation,2,0.009552466924583274,Low
packaging advisor,2,0.009552466924583274,Low
system designing,2,0.009552466924583274,Low
manufacturing quality,2,0.009552466924583274,Low
unix administration,2,0.009552466924583274,Low
business continuity planning,2,0.009552466924583274,Low
business relationship management,2,0.009552466924583274,Low
banking management,2,0.009552466924583274,Low
mediation,2,0.009552466924583274,Low
net promoter score,2,0.009552466924583274,Low
cycle time reduction,2,0.009552466924583274,Low
microsoft sentinel,2,0.009552466924583274,Low
security information and event management,2,0.009552466924583274,Low
blueprinting,2,0.009552466924583274,Low
customer analytics,2,0.009552466924583274,Low
media monitoring,2,0.009552466924583274,Low
sap hrms,2,0.009552466924583274,Low
us finance,2,0.009552466924583274,Low
nebosh,2,0.009552466924583274,Low
marketplace operations,2,0.009552466924583274,Low
data vault 2.0,2,0.009552466924583274,Low
wherescape,2,0.009552466924583274,Low
cyber-security,2,0.009552466924583274,Low
auto industry,2,0.009552466924583274,Low
risk awareness,2,0.009552466924583274,Low
packaging operations,2,0.009552466924583274,Low
implants,2,0.009552466924583274,Low
client partner,2,0.009552466924583274,Low
career counselling,2,0.009552466924583274,Low
data curation,2,0.009552466924583274,Low
fashion jewellery,2,0.009552466924583274,Low
appian developer,2,0.009552466924583274,Low
car mechanic,2,0.009552466924583274,Low
safety audit,2,0.009552466924583274,Low
customer outreach,2,0.009552466924583274,Low
sales lead generation,2,0.009552466924583274,Low
new product launch,2,0.009552466924583274,Low
private label,2,0.009552466924583274,Low
product flow,2,0.009552466924583274,Low
technical research,2,0.009552466924583274,Low
agency channel general insurance,2,0.009552466924583274,Low
direct sales general insurance,2,0.009552466924583274,Low
java standard edition,2,0.009552466924583274,Low
product planning,2,0.009552466924583274,Low
salesforce solution architect,2,0.009552466924583274,Low
vendor manager,2,0.009552466924583274,Low
information architect,2,0.009552466924583274,Low
erp consulting,2,0.009552466924583274,Low
surfing,2,0.009552466924583274,Low
environmental engineering,2,0.009552466924583274,Low
buying agency,2,0.009552466924583274,Low
comsol,2,0.009552466924583274,Low
buying house,2,0.009552466924583274,Low
knits,2,0.009552466924583274,Low
woven,2,0.009552466924583274,Low
packaging machines,2,0.009552466924583274,Low
assistant manager - cat - sparc,2,0.009552466924583274,Low
sparc,2,0.009552466924583274,Low
asset protection,2,0.009552466924583274,Low
atdd,2,0.009552466924583274,Low
qr code,2,0.009552466924583274,Low
planning analytics,2,0.009552466924583274,Low
ar follow-up,2,0.009552466924583274,Low
tempering,2,0.009552466924583274,Low
schedule management,2,0.009552466924583274,Low
retail store operations,2,0.009552466924583274,Low
sap c4c sdk,2,0.009552466924583274,Low
lightning platform,2,0.009552466924583274,Low
servicenow it service management,2,0.009552466924583274,Low
multi-channel campaigns,2,0.009552466924583274,Low
agency motor,2,0.009552466924583274,Low
tool selection,2,0.009552466924583274,Low
quantity estimation,2,0.009552466924583274,Low
cnc programming,2,0.009552466924583274,Low
internet surfing,2,0.009552466924583274,Low
analytics reporting,2,0.009552466924583274,Low
d365 crm,2,0.009552466924583274,Low
operations administrator,2,0.009552466924583274,Low
safe certification,2,0.009552466924583274,Low
store procedures,2,0.009552466924583274,Low
analytics services,2,0.009552466924583274,Low
hospitality services,2,0.009552466924583274,Low
aws aurora,2,0.009552466924583274,Low
water projects,2,0.009552466924583274,Low
embedded analytics,2,0.009552466924583274,Low
sap qm module,2,0.009552466924583274,Low
branded content,2,0.009552466924583274,Low
strategic sales planning,2,0.009552466924583274,Low
organize meetings,2,0.009552466924583274,Low
international lead generation,2,0.009552466924583274,Low
net core development,2,0.009552466924583274,Low
fire hydrant,2,0.009552466924583274,Low
pads,2,0.009552466924583274,Low
pcb design tools,2,0.009552466924583274,Low
vlook up,2,0.009552466924583274,Low
derma,2,0.009552466924583274,Low
cold chain,2,0.009552466924583274,Low
c4c sdk,2,0.009552466924583274,Low
hyperion financial management,2,0.009552466924583274,Low
electrostatic discharge,2,0.009552466924583274,Low
power integrity,2,0.009552466924583274,Low
rack servers,2,0.009552466924583274,Low
wintel,2,0.009552466924583274,Low
sap scm,2,0.009552466924583274,Low
service management processes,2,0.009552466924583274,Low
oracle cc&b,2,0.009552466924583274,Low
oracle cc&b technical architecture,2,0.009552466924583274,Low
digital content management,2,0.009552466924583274,Low
bulk api,2,0.009552466924583274,Low
mergers and acquisitions,2,0.009552466924583274,Low
hospitality marketing,2,0.009552466924583274,Low
immunology,2,0.009552466924583274,Low
medical laboratory technician,2,0.009552466924583274,Low
business process re-engineering,2,0.009552466924583274,Low
jewellery design,2,0.009552466924583274,Low
jewellery designer,2,0.009552466924583274,Low
quality certification,2,0.009552466924583274,Low
sap ci,2,0.009552466924583274,Low
panel wiring,2,0.009552466924583274,Low
supply chain solutions,2,0.009552466924583274,Low
ca lisa,2,0.009552466924583274,Low
vibration analysis,2,0.009552466924583274,Low
unix scripting,2,0.009552466924583274,Low
purchase department,2,0.009552466924583274,Low
db knowledge,2,0.009552466924583274,Low
wireless networking,2,0.009552466924583274,Low
asp.net web api,2,0.009552466924583274,Low
cogs,2,0.009552466924583274,Low
license compliance,2,0.009552466924583274,Low
corporate advisory,2,0.009552466924583274,Low
nuget,2,0.009552466924583274,Low
software compliance,2,0.009552466924583274,Low
medication administration,2,0.009552466924583274,Low
psychological,2,0.009552466924583274,Low
epabx,2,0.009552466924583274,Low
picu,2,0.009552466924583274,Low
tyres,2,0.009552466924583274,Low
australian process,2,0.009552466924583274,Low
mass media,2,0.009552466924583274,Low
fatigue analysis,2,0.009552466924583274,Low
air freight,2,0.009552466924583274,Low
hr audit,2,0.009552466924583274,Low
coordinate with sales team,2,0.009552466924583274,Low
practice management,2,0.009552466924583274,Low
machinery maintenance,2,0.009552466924583274,Low
xslt mapping,2,0.009552466924583274,Low
test data generation,2,0.009552466924583274,Low
industrial marketing,2,0.009552466924583274,Low
vscode,2,0.009552466924583274,Low
react development,2,0.009552466924583274,Low
db sql,2,0.009552466924583274,Low
website optimization,2,0.009552466924583274,Low
vfds,2,0.009552466924583274,Low
digital learning,2,0.009552466924583274,Low
school events,2,0.009552466924583274,Low
sql server integration services,2,0.009552466924583274,Low
and resource planning,2,0.009552466924583274,Low
bigfix,2,0.009552466924583274,Low
hardware asset management,2,0.009552466924583274,Low
deal desk,2,0.009552466924583274,Low
f&f,2,0.009552466924583274,Low
linear regression,2,0.009552466924583274,Low
unity 3d,2,0.009552466924583274,Low
civil designer,2,0.009552466924583274,Low
data trends,2,0.009552466924583274,Low
studio 5000,2,0.009552466924583274,Low
sap wm,2,0.009552466924583274,Low
chro,2,0.009552466924583274,Low
student counselling,2,0.009552466924583274,Low
cxone,2,0.009552466924583274,Low
pre-primary,2,0.009552466924583274,Low
primary school,2,0.009552466924583274,Low
school teacher,2,0.009552466924583274,Low
arbitration,2,0.009552466924583274,Low
business research,2,0.009552466924583274,Low
server side development,2,0.009552466924583274,Low
sql scripting,2,0.009552466924583274,Low
us health care,2,0.009552466924583274,Low
banking and insurance,2,0.009552466924583274,Low
cicd pipeline,2,0.009552466924583274,Low
open api,2,0.009552466924583274,Low
pre-commissioning,2,0.009552466924583274,Low
mainframes,2,0.009552466924583274,Low
blood tests,2,0.009552466924583274,Low
private wealth manager,2,0.009552466924583274,Low
project monitoring,2,0.009552466924583274,Low
deputy manager sales,2,0.009552466924583274,Low
hmis,2,0.009552466924583274,Low
permanent hiring,2,0.009552466924583274,Low
otif,2,0.009552466924583274,Low
hmi programming,2,0.009552466924583274,Low
postgres sql,2,0.009552466924583274,Low
tax assessment,2,0.009552466924583274,Low
business english,2,0.009552466924583274,Low
schematic capture,2,0.009552466924583274,Low
web based application,2,0.009552466924583274,Low
senior design manager,2,0.009552466924583274,Low
humanities,2,0.009552466924583274,Low
process production,2,0.009552466924583274,Low
contract manufacturing,2,0.009552466924583274,Low
production execution,2,0.009552466924583274,Low
electrochemistry,2,0.009552466924583274,Low
litigation support,2,0.009552466924583274,Low
fusion technical,2,0.009552466924583274,Low
claim center integration,2,0.009552466924583274,Low
e-filing,2,0.009552466924583274,Low
b2b software,2,0.009552466924583274,Low
customer order,2,0.009552466924583274,Low
hni dealer,2,0.009552466924583274,Low
transmission line,2,0.009552466924583274,Low
hvdc,2,0.009552466924583274,Low
industrial training,2,0.009552466924583274,Low
non litigation,2,0.009552466924583274,Low
etp plant,2,0.009552466924583274,Low
project portfolio management,2,0.009552466924583274,Low
hr coordination,2,0.009552466924583274,Low
medical transcription,2,0.009552466924583274,Low
registered nurse,2,0.009552466924583274,Low
targetlink,2,0.009552466924583274,Low
automation functional testing,2,0.009552466924583274,Low
enterprise web applications,2,0.009552466924583274,Low
manhattan wms,2,0.009552466924583274,Low
slotting,2,0.009552466924583274,Low
yard management,2,0.009552466924583274,Low
group consolidation,2,0.009552466924583274,Low
urban planning,2,0.009552466924583274,Low
culture building,2,0.009552466924583274,Low
co module,2,0.009552466924583274,Low
database monitoring,2,0.009552466924583274,Low
woocommerce,2,0.009552466924583274,Low
retail branch banking,2,0.009552466924583274,Low
servicenow cmdb,2,0.009552466924583274,Low
qms documentation,2,0.009552466924583274,Low
financial services sales,2,0.009552466924583274,Low
robotics engineer,2,0.009552466924583274,Low
object detection,2,0.009552466924583274,Low
global hiring,2,0.009552466924583274,Low
edutech,2,0.009552466924583274,Low
ot/it,2,0.009552466924583274,Low
scada systems,2,0.009552466924583274,Low
aws deployments,2,0.009552466924583274,Low
area sales management,2,0.009552466924583274,Low
financial skills,2,0.009552466924583274,Low
transaction advisory,2,0.009552466924583274,Low
core finance,2,0.009552466924583274,Low
accounting standard,2,0.009552466924583274,Low
database tuning,2,0.009552466924583274,Low
analytical reasoning,2,0.009552466924583274,Low
hackathons,2,0.009552466924583274,Low
allen bradley,2,0.009552466924583274,Low
machinery design,2,0.009552466924583274,Low
cspm,2,0.009552466924583274,Low
genai frameworks,2,0.009552466924583274,Low
oracle exadata,2,0.009552466924583274,Low
compliance and risk management,2,0.009552466924583274,Low
altium designer,2,0.009552466924583274,Low
design for manufacturing,2,0.009552466924583274,Low
manuscript,2,0.009552466924583274,Low
mep execution,2,0.009552466924583274,Low
caro,2,0.009552466924583274,Low
erp solutions,2,0.009552466924583274,Low
esops,2,0.009552466924583274,Low
management information system,2,0.009552466924583274,Low
property acquisition,2,0.009552466924583274,Low
b2b sales manager,2,0.009552466924583274,Low
security consulting,2,0.009552466924583274,Low
web application security,2,0.009552466924583274,Low
salesforce lwc,2,0.009552466924583274,Low
black box,2,0.009552466924583274,Low
microsoft copilot studio,2,0.009552466924583274,Low
fnma,2,0.009552466924583274,Low
usda,2,0.009552466924583274,Low
lambda expressions,2,0.009552466924583274,Low
analytical and financial skills,2,0.009552466924583274,Low
session management,2,0.009552466924583274,Low
technical standards,2,0.009552466924583274,Low
reconcilation,2,0.009552466924583274,Low
ic role,2,0.009552466924583274,Low
machine parts,2,0.009552466924583274,Low
shift scheduling,2,0.009552466924583274,Low
linkedin outreach,2,0.009552466924583274,Low
amazon ads,2,0.009552466924583274,Low
vendor sourcing,2,0.009552466924583274,Low
senior seo executive,2,0.009552466924583274,Low
mechanical drawings,2,0.009552466924583274,Low
blood bank,2,0.009552466924583274,Low
bsc mlt,2,0.009552466924583274,Low
lead site reliability engineer,2,0.009552466924583274,Low
shift lead,2,0.009552466924583274,Low
rpgle,2,0.009552466924583274,Low
ingestion pipelines,2,0.009552466924583274,Low
obstetrics and gynaecology,2,0.009552466924583274,Low
labour welfare,2,0.009552466924583274,Low
floor manager,2,0.009552466924583274,Low
role-based permissions,2,0.009552466924583274,Low
wireframe,2,0.009552466924583274,Low
polytechnic,2,0.009552466924583274,Low
data compliance,2,0.009552466924583274,Low
kafka streams,2,0.009552466924583274,Low
relays,2,0.009552466924583274,Low
php laravel developer,2,0.009552466924583274,Low
android app,2,0.009552466924583274,Low
us partnership tax,2,0.009552466924583274,Low
sql/oracle,2,0.009552466924583274,Low
niche hiring,2,0.009552466924583274,Low
cash reconciliation,2,0.009552466924583274,Low
control panel design,2,0.009552466924583274,Low
benefit analysis,2,0.009552466924583274,Low
credit analysts,2,0.009552466924583274,Low
tax computation,2,0.009552466924583274,Low
debt collection,2,0.009552466924583274,Low
senior database administrator,2,0.009552466924583274,Low
call monitoring,2,0.009552466924583274,Low
store operation,2,0.009552466924583274,Low
account mining,2,0.009552466924583274,Low
it sales manager,2,0.009552466924583274,Low
customer quality,2,0.009552466924583274,Low
surface treatment,2,0.009552466924583274,Low
lasik,2,0.009552466924583274,Low
retina surgeon,2,0.009552466924583274,Low
autocad electrical,2,0.009552466924583274,Low
bom release,2,0.009552466924583274,Low
aws connect,2,0.009552466924583274,Low
indian taxation,2,0.009552466924583274,Low
relation building,2,0.009552466924583274,Low
timing analysis,2,0.009552466924583274,Low
claims manager,2,0.009552466924583274,Low
data management and analysis,2,0.009552466924583274,Low
anda,2,0.009552466924583274,Low
pre-bid,2,0.009552466924583274,Low
market information,2,0.009552466924583274,Low
pgt chemistry,2,0.009552466924583274,Low
subject expertise,2,0.009552466924583274,Low
digital signal processing,2,0.009552466924583274,Low
radar signal processing,2,0.009552466924583274,Low
rf design,2,0.009552466924583274,Low
us hotel sales,2,0.009552466924583274,Low
train the trainer,2,0.009552466924583274,Low
pssr,2,0.009552466924583274,Low
scada designing,2,0.009552466924583274,Low
field instrumentation,2,0.009552466924583274,Low
sports teacher,2,0.009552466924583274,Low
system architecture design,2,0.009552466924583274,Low
assistant teacher,2,0.009552466924583274,Low
impurity,2,0.009552466924583274,Low
impurity profiling,2,0.009552466924583274,Low
diamond grader,2,0.009552466924583274,Low
diamond grading,2,0.009552466924583274,Low
grader,2,0.009552466924583274,Low
hyperion essbase,2,0.009552466924583274,Low
data verification,2,0.009552466924583274,Low
asme b31.3,2,0.009552466924583274,Low
opd billing,2,0.009552466924583274,Low
sales & purchase,2,0.009552466924583274,Low
mcp server,2,0.009552466924583274,Low
infoblox,2,0.009552466924583274,Low
cash flow & expense management,2,0.009552466924583274,Low
financial planning & strategy,2,0.009552466924583274,Low
oracle vbcs,2,0.009552466924583274,Low
business improvement,2,0.009552466924583274,Low
dax queries,2,0.009552466924583274,Low
ar process,2,0.009552466924583274,Low
deal closing,2,0.009552466924583274,Low
anypoint studio,2,0.009552466924583274,Low
ampscript,2,0.009552466924583274,Low
process improvement projects,2,0.009552466924583274,Low
aiml engineer,2,0.009552466924583274,Low
benefits management,2,0.009552466924583274,Low
tandem,2,0.009552466924583274,Low
genset,2,0.009552466924583274,Low
titration,2,0.009552466924583274,Low
business legal,2,0.009552466924583274,Low
network segmentation,2,0.009552466924583274,Low
aocp,2,0.009552466924583274,Low
lighting systems,2,0.009552466924583274,Low
chest physician,2,0.009552466924583274,Low
pulmonologist,2,0.009552466924583274,Low
enhancement framework,2,0.009552466924583274,Low
equipment management,2,0.009552466924583274,Low
gps tracking,2,0.009552466924583274,Low
tele caller executive,2,0.009552466924583274,Low
deal sourcing,2,0.009552466924583274,Low
formal verification,2,0.009552466924583274,Low
consultant medicine,2,0.009552466924583274,Low
consultant gynecology,2,0.009552466924583274,Low
defect reduction,2,0.009552466924583274,Low
oracle hcm fusion,2,0.009552466924583274,Low
epm architect,2,0.009552466924583274,Low
epm cloud applications,2,0.009552466924583274,Low
planning modules,2,0.009552466924583274,Low
dynamics 365 f&o,2,0.009552466924583274,Low
microsoft cloud,2,0.009552466924583274,Low
senior administrator,2,0.009552466924583274,Low
virtual ecu,2,0.009552466924583274,Low
credit collections,2,0.009552466924583274,Low
production and maintenance,2,0.009552466924583274,Low
perf,2,0.009552466924583274,Low
international operations,2,0.009552466924583274,Low
siebel,2,0.009552466924583274,Low
ai builder,2,0.009552466924583274,Low
mobile repair,2,0.009552466924583274,Low
production chemist,2,0.009552466924583274,Low
talent acquistion,2,0.009552466924583274,Low
non food,2,0.009552466924583274,Low
mobile architecture,2,0.009552466924583274,Low
mobile security,2,0.009552466924583274,Low
customer service excellence,2,0.009552466924583274,Low
revenue integrity,2,0.009552466924583274,Low
ferrous,2,0.009552466924583274,Low
fashion brand,2,0.009552466924583274,Low
luxury brand,2,0.009552466924583274,Low
senior customer care executive,2,0.009552466924583274,Low
eda tools,2,0.009552466924583274,Low
balance sheet analysis,2,0.009552466924583274,Low
cognos,2,0.009552466924583274,Low
vacuum systems,2,0.009552466924583274,Low
metrology,2,0.009552466924583274,Low
wafers,2,0.009552466924583274,Low
technical bid analysis,2,0.009552466924583274,Low
and alteryx,2,0.009552466924583274,Low
intellimatch,2,0.009552466924583274,Low
banking operation,2,0.009552466924583274,Low
currency chest,2,0.009552466924583274,Low
gearboxes,2,0.009552466924583274,Low
mic creation,2,0.009552466924583274,Low
partner support,2,0.009552466924583274,Low
b2b it sales,2,0.009552466924583274,Low
stored procedure development,2,0.009552466924583274,Low
strategic account,2,0.009552466924583274,Low
front desk manager,2,0.009552466924583274,Low
office procedures,2,0.009552466924583274,Low
copy editing,2,0.009552466924583274,Low
fluency in english and hindi,2,0.009552466924583274,Low
team leading skills,2,0.009552466924583274,Low
devops jenkins,2,0.009552466924583274,Low
pcrf,2,0.009552466924583274,Low
network routing,2,0.009552466924583274,Low
paid social media advertising,2,0.009552466924583274,Low
social media advertising,2,0.009552466924583274,Low
cucm,2,0.009552466924583274,Low
lawson,2,0.009552466924583274,Low
time series,2,0.009552466924583274,Low
azure cloud support,2,0.009552466924583274,Low
azure cloud support engineer,2,0.009552466924583274,Low
kusto query language,2,0.009552466924583274,Low
ai apis,2,0.009552466924583274,Low
hull,2,0.009552466924583274,Low
off page,2,0.009552466924583274,Low
business development lead,2,0.009552466924583274,Low
offshore oil,2,0.009552466924583274,Low
reinforcement detailing,2,0.009552466924583274,Low
azure app service,2,0.009552466924583274,Low
tolerance analysis,2,0.009552466924583274,Low
piping material,2,0.009552466924583274,Low
piping stress,2,0.009552466924583274,Low
piping stress analysis,2,0.009552466924583274,Low
hospital management,2,0.009552466924583274,Low
modern teaching,2,0.009552466924583274,Low
machine setting,2,0.009552466924583274,Low
machines and tools,2,0.009552466924583274,Low
payer side,2,0.009552466924583274,Low
assistant manager operations,2,0.009552466924583274,Low
logrhythm,2,0.009552466924583274,Low
virtual assistant,2,0.009552466924583274,Low
compliance training,2,0.009552466924583274,Low
x ray,2,0.009552466924583274,Low
angular 5,2,0.009552466924583274,Low
spms,2,0.009552466924583274,Low
mis analyst,2,0.009552466924583274,Low
finance head,2,0.009552466924583274,Low
generative artificial intelligence,2,0.009552466924583274,Low
lambda functions,2,0.009552466924583274,Low
journal entry,2,0.009552466924583274,Low
workiva,2,0.009552466924583274,Low
bim electrical,2,0.009552466924583274,Low
azure aws,2,0.009552466924583274,Low
diesel engine,2,0.009552466924583274,Low
mercedes,2,0.009552466924583274,Low
excellent writing,2,0.009552466924583274,Low
3gpp,2,0.009552466924583274,Low
power control,2,0.009552466924583274,Low
outsystems,2,0.009552466924583274,Low
san switch,2,0.009552466924583274,Low
vmax,2,0.009552466924583274,Low
unittest,2,0.009552466924583274,Low
system software development,2,0.009552466924583274,Low
modern workplace,2,0.009552466924583274,Low
procurement leadership,2,0.009552466924583274,Low
sales promoter,2,0.009552466924583274,Low
small cell,2,0.009552466924583274,Low
technology developments,2,0.009552466924583274,Low
nats,2,0.009552466924583274,Low
cloud administrator,2,0.009552466924583274,Low
communication strategy,2,0.009552466924583274,Low
it sox,2,0.009552466924583274,Low
manager talent acquisition,2,0.009552466924583274,Low
vivado,2,0.009552466924583274,Low
dataiku,2,0.009552466924583274,Low
call ba,2,0.009552466924583274,Low
business support executive,2,0.009552466924583274,Low
education institutions,2,0.009552466924583274,Low
nirf,2,0.009552466924583274,Low
reporting analysis,2,0.009552466924583274,Low
application performance tuning,2,0.009552466924583274,Low
component design,2,0.009552466924583274,Low
employee wellbeing,2,0.009552466924583274,Low
event handling,2,0.009552466924583274,Low
kaya,2,0.009552466924583274,Low
anesthesiologist,2,0.009552466924583274,Low
denial coding,2,0.009552466924583274,Low
c programming language,2,0.009552466924583274,Low
cipm,2,0.009552466924583274,Low
cipt,2,0.009552466924583274,Low
data domain,2,0.009552466924583274,Low
software evaluation,2,0.009552466924583274,Low
product improvement,2,0.009552466924583274,Low
mixologist,2,0.009552466924583274,Low
f&b service associate,2,0.009552466924583274,Low
linux driver,2,0.009552466924583274,Low
uboot,2,0.009552466924583274,Low
social networking,2,0.009552466924583274,Low
automotive embedded software,2,0.009552466924583274,Low
aosp,2,0.009552466924583274,Low
board bring up,2,0.009552466924583274,Low
hacking,2,0.009552466924583274,Low
information systems security,2,0.009552466924583274,Low
head sales,2,0.009552466924583274,Low
oracle enterprise manager,2,0.009552466924583274,Low
mern fullstack,2,0.009552466924583274,Low
recruitment marketing,2,0.009552466924583274,Low
confluent,2,0.009552466924583274,Low
strategic financial planning,2,0.009552466924583274,Low
bank officer,2,0.009552466924583274,Low
tax law,2,0.009552466924583274,Low
cnc milling,2,0.009552466924583274,Low
milling operator,2,0.009552466924583274,Low
ocomc,2,0.009552466924583274,Low
british airways,2,0.009552466924583274,Low
human anatomy,2,0.009552466924583274,Low
3d geometry,2,0.009552466924583274,Low
mathematical modeling,2,0.009552466924583274,Low
sql optimization,2,0.009552466924583274,Low
external sales,2,0.009552466924583274,Low
travel planning,2,0.009552466924583274,Low
business correspondence,2,0.009552466924583274,Low
fault rectification,2,0.009552466924583274,Low
oracle fusion scm functional consultant,2,0.009552466924583274,Low
container management,2,0.009552466924583274,Low
firmware upgrades,2,0.009552466924583274,Low
microsoft stack,2,0.009552466924583274,Low
dynamics ax,2,0.009552466924583274,Low
microsoft dynamics ax,2,0.009552466924583274,Low
transportation planning,2,0.009552466924583274,Low
logistics execution,2,0.009552466924583274,Low
it application development,2,0.009552466924583274,Low
sdlc / stlc,2,0.009552466924583274,Low
south africa,2,0.009552466924583274,Low
creative director,2,0.009552466924583274,Low
nest.js,2,0.009552466924583274,Low
servicenow it products,2,0.009552466924583274,Low
photovoltaic,2,0.009552466924583274,Low
interior project,2,0.009552466924583274,Low
bpo telecaller,2,0.009552466924583274,Low
abinitio,2,0.009552466924583274,Low
manager f&a,2,0.009552466924583274,Low
safety procedure,2,0.009552466924583274,Low
ash logistics,2,0.009552466924583274,Low
minerals,2,0.009552466924583274,Low
netbackup,2,0.009552466924583274,Low
ash disposal,2,0.009552466924583274,Low
nonvoice,2,0.009552466924583274,Low
tier architecture,2,0.009552466924583274,Low
lease administration,2,0.009552466924583274,Low
user documentation,2,0.009552466924583274,Low
illustrations,2,0.009552466924583274,Low
read engineering drawings,2,0.009552466924583274,Low
changeman,2,0.009552466924583274,Low
endevor,2,0.009552466924583274,Low
c coding,2,0.009552466924583274,Low
linux bsp,2,0.009552466924583274,Low
porting,2,0.009552466924583274,Low
us immigration,2,0.009552466924583274,Low
systems thinking,2,0.009552466924583274,Low
it automation,2,0.009552466924583274,Low
manager project management,2,0.009552466924583274,Low
construction systems,2,0.009552466924583274,Low
testing mobile applications,2,0.009552466924583274,Low
project systems,2,0.009552466924583274,Low
cloud api,2,0.009552466924583274,Low
creative head,2,0.009552466924583274,Low
drupal development,2,0.009552466924583274,Low
manager internal audit,2,0.009552466924583274,Low
plant machinery,2,0.009552466924583274,Low
dean,2,0.009552466924583274,Low
workday extent,2,0.009552466924583274,Low
tibco ebx,2,0.009552466924583274,Low
planning lead,2,0.009552466924583274,Low
pi / po,2,0.009552466924583274,Low
android middleware,2,0.009552466924583274,Low
storage area network,2,0.009552466924583274,Low
ebay,2,0.009552466924583274,Low
digital marketing associate,2,0.009552466924583274,Low
data studio,2,0.009552466924583274,Low
google data studio,2,0.009552466924583274,Low
drupal 8,2,0.009552466924583274,Low
graphic design software,2,0.009552466924583274,Low
gastroenterology,2,0.009552466924583274,Low
dealer sales,2,0.009552466924583274,Low
key accounts management,2,0.009552466924583274,Low
gtaw,2,0.009552466924583274,Low
azure log analytics,2,0.009552466924583274,Low
reservation executive,2,0.009552466924583274,Low
beverage sales,2,0.009552466924583274,Low
instructional design models,2,0.009552466924583274,Low
process review,2,0.009552466924583274,Low
wsus,2,0.009552466924583274,Low
ansible automation,2,0.009552466924583274,Low
bench management,2,0.009552466924583274,Low
rust developer,2,0.009552466924583274,Low
cnc machining,2,0.009552466924583274,Low
native application development,2,0.009552466924583274,Low
servlet,2,0.009552466924583274,Low
esop,2,0.009552466924583274,Low
functional verification,2,0.009552466924583274,Low
corporate development,2,0.009552466924583274,Low
csrf,2,0.009552466924583274,Low
media fill,2,0.009552466924583274,Low
trauma,2,0.009552466924583274,Low
us residential mortgage,2,0.009552466924583274,Low
auto parts,2,0.009552466924583274,Low
residential mortgage,2,0.009552466924583274,Low
plecs,2,0.009552466924583274,Low
clinical expertise,2,0.009552466924583274,Low
virtual sales,2,0.009552466924583274,Low
ncino,2,0.009552466924583274,Low
retail lending,2,0.009552466924583274,Low
interest rates,2,0.009552466924583274,Low
account handling,2,0.009552466924583274,Low
wlan developer,2,0.009552466924583274,Low
gidoca,2,0.009552466924583274,Low
sap btp is,2,0.009552466924583274,Low
test case development,2,0.009552466924583274,Low
food hygiene,1,0.004776233462291637,Low
persuasive skill,1,0.004776233462291637,Low
minor surgical procedures,1,0.004776233462291637,Low
clinical rounds,1,0.004776233462291637,Low
cardiac surgeries,1,0.004776233462291637,Low
proposal management,1,0.004776233462291637,Low
pre-sales analyst,1,0.004776233462291637,Low
sap kronos,1,0.004776233462291637,Low
kronos consultant,1,0.004776233462291637,Low
biotechnology engineers,1,0.004776233462291637,Low
biomedical engineers,1,0.004776233462291637,Low
online portal,1,0.004776233462291637,Low
submersible,1,0.004776233462291637,Low
health claims,1,0.004776233462291637,Low
protection system,1,0.004776233462291637,Low
chilled water,1,0.004776233462291637,Low
ams support,1,0.004776233462291637,Low
hyperv,1,0.004776233462291637,Low
guest interaction,1,0.004776233462291637,Low
meeting support,1,0.004776233462291637,Low
printer troubleshooting,1,0.004776233462291637,Low
myp individuals & societies,1,0.004776233462291637,Low
us onboarding,1,0.004776233462291637,Low
cryopreservation,1,0.004776233462291637,Low
embryo biopsy,1,0.004776233462291637,Low
embryo culture,1,0.004776233462291637,Low
embryo culture and monitoring,1,0.004776233462291637,Low
sperm collection and preparation,1,0.004776233462291637,Low
thawing of embryos,1,0.004776233462291637,Low
milestone management,1,0.004776233462291637,Low
production report,1,0.004776233462291637,Low
bw/4hana,1,0.004776233462291637,Low
sac planning,1,0.004776233462291637,Low
sap sac,1,0.004776233462291637,Low
c++ qt,1,0.004776233462291637,Low
airline operations,1,0.004776233462291637,Low
li-ion cell testing,1,0.004776233462291637,Low
ul/iec standards,1,0.004776233462291637,Low
travel and expense,1,0.004776233462291637,Low
microelectronics,1,0.004776233462291637,Low
jax-rs,1,0.004776233462291637,Low
jboss eap,1,0.004776233462291637,Low
hadoop spark,1,0.004776233462291637,Low
crm plugin coding,1,0.004776233462291637,Low
d365crm,1,0.004776233462291637,Low
jfrog,1,0.004776233462291637,Low
organization and time management,1,0.004776233462291637,Low
snowflake sql,1,0.004776233462291637,Low
test script development,1,0.004776233462291637,Low
pro-engineer,1,0.004776233462291637,Low
laundry services,1,0.004776233462291637,Low
gm secretary,1,0.004776233462291637,Low
people and culture,1,0.004776233462291637,Low
stewarding,1,0.004776233462291637,Low
socket.io,1,0.004776233462291637,Low
rcm specialist,1,0.004776233462291637,Low
ufunc,1,0.004776233462291637,Low
windows presentation foundation,1,0.004776233462291637,Low
quality adherence,1,0.004776233462291637,Low
embedded c development,1,0.004776233462291637,Low
global compensation,1,0.004776233462291637,Low
voice and accent training,1,0.004776233462291637,Low
voice clarity,1,0.004776233462291637,Low
automotive infotainment,1,0.004776233462291637,Low
adobe aem,1,0.004776233462291637,Low
apache felix,1,0.004776233462291637,Low
uml diagrams,1,0.004776233462291637,Low
oracle hyperion financial management,1,0.004776233462291637,Low
sap otc,1,0.004776233462291637,Low
semantic html,1,0.004776233462291637,Low
successfactors rcm,1,0.004776233462291637,Low
sucessfactors,1,0.004776233462291637,Low
refx,1,0.004776233462291637,Low
sap refx,1,0.004776233462291637,Low
sap quality management,1,0.004776233462291637,Low
sap em,1,0.004776233462291637,Low
continuous integration tools,1,0.004776233462291637,Low
and technical documents,1,0.004776233462291637,Low
data center networking,1,0.004776233462291637,Low
project handling,1,0.004776233462291637,Low
crew management,1,0.004776233462291637,Low
cisco wlc,1,0.004776233462291637,Low
software development cycle,1,0.004776233462291637,Low
expressjs,1,0.004776233462291637,Low
dc aci,1,0.004776233462291637,Low
m-scripting,1,0.004776233462291637,Low
model based design,1,0.004776233462291637,Low
ci/cd workflow,1,0.004776233462291637,Low
hardware testing,1,0.004776233462291637,Low
aix administrator,1,0.004776233462291637,Low
aix operating systems,1,0.004776233462291637,Low
product research,1,0.004776233462291637,Low
sales analysis,1,0.004776233462291637,Low
sumo logic,1,0.004776233462291637,Low
android testing,1,0.004776233462291637,Low
bau support,1,0.004776233462291637,Low
oracle fusion technical,1,0.004776233462291637,Low
mac scheduler,1,0.004776233462291637,Low
siemens nx,1,0.004776233462291637,Low
electrical schematic,1,0.004776233462291637,Low
buildroot,1,0.004776233462291637,Low
openembedded,1,0.004776233462291637,Low
yocto project,1,0.004776233462291637,Low
trace32,1,0.004776233462291637,Low
unity development,1,0.004776233462291637,Low
rejection analysis,1,0.004776233462291637,Low
hardware diagnostics,1,0.004776233462291637,Low
file gateway,1,0.004776233462291637,Low
sterling file gateway,1,0.004776233462291637,Low
opendaylight,1,0.004776233462291637,Low
high-rise buildings,1,0.004776233462291637,Low
pmgm,1,0.004776233462291637,Low
ewm certification,1,0.004776233462291637,Low
audit management,1,0.004776233462291637,Low
technical author,1,0.004776233462291637,Low
session border controller,1,0.004776233462291637,Low
hmi developer,1,0.004776233462291637,Low
group reporting 1809,1,0.004776233462291637,Low
oracle fusion supply chain,1,0.004776233462291637,Low
business process reengineering,1,0.004776233462291637,Low
sap upgrade,1,0.004776233462291637,Low
azure cosmosdb,1,0.004776233462291637,Low
inheritance,1,0.004776233462291637,Low
opeartions,1,0.004776233462291637,Low
credit card processing,1,0.004776233462291637,Low
trams,1,0.004776233462291637,Low
visionplus,1,0.004776233462291637,Low
ibm san,1,0.004776233462291637,Low
ibm storage,1,0.004776233462291637,Low
srdf,1,0.004776233462291637,Low
checkpoint firewall,1,0.004776233462291637,Low
cisco umbrella,1,0.004776233462291637,Low
mcafee epo,1,0.004776233462291637,Low
security analysis,1,0.004776233462291637,Low
terminal operations,1,0.004776233462291637,Low
financial risk management,1,0.004776233462291637,Low
linear programming,1,0.004776233462291637,Low
a/p,1,0.004776233462291637,Low
budgeting and fixed assets,1,0.004776233462291637,Low
d365 finance,1,0.004776233462291637,Low
d365 functional,1,0.004776233462291637,Low
m.b.a,1,0.004776233462291637,Low
hcm payroll,1,0.004776233462291637,Low
qa evaluation,1,0.004776233462291637,Low
quality dashboard,1,0.004776233462291637,Low
quality report,1,0.004776233462291637,Low
civil site supervisor,1,0.004776233462291637,Low
bank loan,1,0.004776233462291637,Low
audit standards,1,0.004776233462291637,Low
purchase management,1,0.004776233462291637,Low
food & beverage executive,1,0.004776233462291637,Low
hotel manager,1,0.004776233462291637,Low
flavors,1,0.004776233462291637,Low
innovative cocktails,1,0.004776233462291637,Low
mixology,1,0.004776233462291637,Low
event management software,1,0.004776233462291637,Low
service reporting,1,0.004776233462291637,Low
budget development,1,0.004776233462291637,Low
emc vmax,1,0.004776233462291637,Low
lin stack,1,0.004776233462291637,Low
android automotive system,1,0.004776233462291637,Low
android aosp,1,0.004776233462291637,Low
virus management,1,0.004776233462291637,Low
sterilization,1,0.004776233462291637,Low
metallurgical testing,1,0.004776233462291637,Low
welding engineering,1,0.004776233462291637,Low
welding inspection,1,0.004776233462291637,Low
welding inspector,1,0.004776233462291637,Low
bill checking,1,0.004776233462291637,Low
mis-dashboard development,1,0.004776233462291637,Low
regional head sales,1,0.004776233462291637,Low
politeness,1,0.004776233462291637,Low
quantitative modeling,1,0.004776233462291637,Low
attrition planning,1,0.004776233462291637,Low
office 360,1,0.004776233462291637,Low
silicon validation,1,0.004776233462291637,Low
presentation preparation,1,0.004776233462291637,Low
reputed engineering company,1,0.004776233462291637,Low
contacts and procurement,1,0.004776233462291637,Low
retesting,1,0.004776233462291637,Low
vapt scripts,1,0.004776233462291637,Low
vulnerability assessment penetration testing,1,0.004776233462291637,Low
reservations executive,1,0.004776233462291637,Low
guest service associate housekeeping,1,0.004776233462291637,Low
hospitality sales,1,0.004776233462291637,Low
engineering store,1,0.004776233462291637,Low
store & purchase,1,0.004776233462291637,Low
udeploy,1,0.004776233462291637,Low
angular 15,1,0.004776233462291637,Low
angular 15+,1,0.004776233462291637,Low
mcal,1,0.004776233462291637,Low
cyber testing,1,0.004776233462291637,Low
pstn,1,0.004776233462291637,Low
cmm programming,1,0.004776233462291637,Low
electrical system design,1,0.004776233462291637,Low
interior architecture,1,0.004776233462291637,Low
f&b associate,1,0.004776233462291637,Low
project supervision,1,0.004776233462291637,Low
multi technician,1,0.004776233462291637,Low
commis 1,1,0.004776233462291637,Low
investment banking operations,1,0.004776233462291637,Low
water heater sales,1,0.004776233462291637,Low
redhat linux,1,0.004776233462291637,Low
brocade,1,0.004776233462291637,Low
symcli,1,0.004776233462291637,Low
angular full stack developer,1,0.004776233462291637,Low
kernel driver,1,0.004776233462291637,Low
hashicorp terraform,1,0.004776233462291637,Low
finance automation,1,0.004776233462291637,Low
audit staff,1,0.004776233462291637,Low
process walkthroughs,1,0.004776233462291637,Low
scrubbing,1,0.004776233462291637,Low
hr officer,1,0.004776233462291637,Low
documentation & record keeping,1,0.004776233462291637,Low
voice coach,1,0.004776233462291637,Low
ai/ml integration,1,0.004776233462291637,Low
workflow builder,1,0.004776233462291637,Low
linux unix,1,0.004776233462291637,Low
feature testing,1,0.004776233462291637,Low
qpst,1,0.004776233462291637,Low
tems,1,0.004776233462291637,Low
uniflow,1,0.004776233462291637,Low
life cycle assessment,1,0.004776233462291637,Low
azure admin,1,0.004776233462291637,Low
aircraft engines,1,0.004776233462291637,Low
drools,1,0.004776233462291637,Low
python script,1,0.004776233462291637,Low
langfuse,1,0.004776233462291637,Low
providing user support,1,0.004776233462291637,Low
microservices development,1,0.004776233462291637,Low
design for test,1,0.004776233462291637,Low
rollers,1,0.004776233462291637,Low
tig welding,1,0.004776233462291637,Low
automotive design,1,0.004776233462291637,Low
daas,1,0.004776233462291637,Low
orcale,1,0.004776233462291637,Low
planning function,1,0.004776233462291637,Low
exacc,1,0.004776233462291637,Low
exacs,1,0.004776233462291637,Low
preventive & predictive maintenance,1,0.004776233462291637,Low
tessent,1,0.004776233462291637,Low
tetramax,1,0.004776233462291637,Low
endorsements,1,0.004776233462291637,Low
robotic paintshop,1,0.004776233462291637,Low
cisco voice,1,0.004776233462291637,Low
sccp,1,0.004776233462291637,Low
voice gateways,1,0.004776233462291637,Low
f&b cost controls,1,0.004776233462291637,Low
cleaning protocols,1,0.004776233462291637,Low
kitchen technician,1,0.004776233462291637,Low
time series analysis,1,0.004776233462291637,Low
information design,1,0.004776233462291637,Low
pmax,1,0.004776233462291637,Low
ev charger,1,0.004776233462291637,Low
ev charger assembly,1,0.004776233462291637,Low
seller onboarding,1,0.004776233462291637,Low
height gauge,1,0.004776233462291637,Low
b.tech in chemical,1,0.004776233462291637,Low
electroforming,1,0.004776233462291637,Low
material testing,1,0.004776233462291637,Low
competitive market analysis,1,0.004776233462291637,Low
hubspot ai,1,0.004776233462291637,Low
minutes documentation,1,0.004776233462291637,Low
data documentation,1,0.004776233462291637,Low
craft compelling pitches,1,0.004776233462291637,Low
ifrs 16,1,0.004776233462291637,Low
engineering supervisor,1,0.004776233462291637,Low
social media tools,1,0.004776233462291637,Low
sales documentation,1,0.004776233462291637,Low
assembly spms,1,0.004776233462291637,Low
pdca,1,0.004776233462291637,Low
posthog,1,0.004776233462291637,Low
spares planning,1,0.004776233462291637,Low
yaskawa,1,0.004776233462291637,Low
disaster recover,1,0.004776233462291637,Low
team lead quality,1,0.004776233462291637,Low
development qa,1,0.004776233462291637,Low
elv engineer,1,0.004776233462291637,Low
elv system,1,0.004776233462291637,Low
business analyst certified,1,0.004776233462291637,Low
blockchain analytics,1,0.004776233462291637,Low
chainalysis,1,0.004776233462291637,Low
leas,1,0.004776233462291637,Low
semiconductor manufacturing,1,0.004776233462291637,Low
gis jurisdictional research,1,0.004776233462291637,Low
off page optimization,1,0.004776233462291637,Low
e-commerce operations,1,0.004776233462291637,Low
databricks developer,1,0.004776233462291637,Low
vecu,1,0.004776233462291637,Low
finishing work,1,0.004776233462291637,Low
usa sales,1,0.004776233462291637,Low
lighting calculation,1,0.004776233462291637,Low
hp qc,1,0.004776233462291637,Low
manhattan wms tester,1,0.004776233462291637,Low
capex purchases,1,0.004776233462291637,Low
purchase budgets,1,0.004776233462291637,Low
slsa,1,0.004776233462291637,Low
terraform/ansible,1,0.004776233462291637,Low
assembly process design,1,0.004776233462291637,Low
day process,1,0.004776233462291637,Low
design optimization,1,0.004776233462291637,Low
process re-design,1,0.004776233462291637,Low
testing manufacturing,1,0.004776233462291637,Low
visual builder cloud service,1,0.004776233462291637,Low
brand consultant,1,0.004776233462291637,Low
ai marketing,1,0.004776233462291637,Low
webflow,1,0.004776233462291637,Low
maritime operations,1,0.004776233462291637,Low
process transition,1,0.004776233462291637,Low
turnaround project engineer,1,0.004776233462291637,Low
ipam,1,0.004776233462291637,Low
unified functional testing,1,0.004776233462291637,Low
ecos,1,0.004776233462291637,Low
load flow,1,0.004776233462291637,Low
relay coordination,1,0.004776233462291637,Low
title researcher,1,0.004776233462291637,Low
lap surgery,1,0.004776233462291637,Low
laparoscopic surgery,1,0.004776233462291637,Low
o2c billing,1,0.004776233462291637,Low
web intelligence,1,0.004776233462291637,Low
annual planning,1,0.004776233462291637,Low
strategic business planning,1,0.004776233462291637,Low
female nurse,1,0.004776233462291637,Low
filed service,1,0.004776233462291637,Low
material handling equipments,1,0.004776233462291637,Low
restapis,1,0.004776233462291637,Low
data engineer ii,1,0.004776233462291637,Low
cloudhub,1,0.004776233462291637,Low
mule esb,1,0.004776233462291637,Low
electrical utility,1,0.004776233462291637,Low
tm1 developer,1,0.004776233462291637,Low
rodod,1,0.004776233462291637,Low
siebel configuration,1,0.004776233462291637,Low
paas solutions,1,0.004776233462291637,Low
vbcs application development,1,0.004776233462291637,Low
rfi response,1,0.004776233462291637,Low
siebel crm,1,0.004776233462291637,Low
hplc techniques,1,0.004776233462291637,Low
method verification,1,0.004776233462291637,Low
ping federate,1,0.004776233462291637,Low
vendor assessment,1,0.004776233462291637,Low
office tasks,1,0.004776233462291637,Low
logistic regression,1,0.004776233462291637,Low
payoff,1,0.004776233462291637,Low
payoff document,1,0.004776233462291637,Low
oracle paas,1,0.004776233462291637,Low
oracle saas,1,0.004776233462291637,Low
oracle saas applications,1,0.004776233462291637,Low
oracle visual builder cloud service,1,0.004776233462291637,Low
sap bobj,1,0.004776233462291637,Low
senior systems engineer,1,0.004776233462291637,Low
rental sales,1,0.004776233462291637,Low
us car rental,1,0.004776233462291637,Low
panel testing,1,0.004776233462291637,Low
voice and accent trainer,1,0.004776233462291637,Low
healthcare finance,1,0.004776233462291637,Low
banking relationship management,1,0.004776233462291637,Low
cybersecurity trainer,1,0.004776233462291637,Low
communication skills written,1,0.004776233462291637,Low
process chemistry,1,0.004776233462291637,Low
sap architecture,1,0.004776233462291637,Low
aws core services,1,0.004776233462291637,Low
moef,1,0.004776233462291637,Low
sas 9,1,0.004776233462291637,Low
mitre att&ck,1,0.004776233462291637,Low
insurance presales,1,0.004776233462291637,Low
p&c domain expert,1,0.004776233462291637,Low
cost drivers,1,0.004776233462291637,Low
solution designing,1,0.004776233462291637,Low
erp testing,1,0.004776233462291637,Low
github enterprise,1,0.004776233462291637,Low
strategic portfolio management,1,0.004776233462291637,Low
tricentis tosca,1,0.004776233462291637,Low
fiori application,1,0.004776233462291637,Low
hana modelling,1,0.004776233462291637,Low
celta,1,0.004776233462291637,Low
fareportal,1,0.004776233462291637,Low
software quality testing,1,0.004776233462291637,Low
gi surgery,1,0.004776233462291637,Low
site hr,1,0.004776233462291637,Low
lifo,1,0.004776233462291637,Low
welfare management,1,0.004776233462291637,Low
optical metrology,1,0.004776233462291637,Low
free rtos,1,0.004776233462291637,Low
app script,1,0.004776233462291637,Low
3d animation,1,0.004776233462291637,Low
code deployment,1,0.004776233462291637,Low
reader,1,0.004776233462291637,Low
sap btp development,1,0.004776233462291637,Low
postgres database,1,0.004776233462291637,Low
manufacturing recruitment,1,0.004776233462291637,Low
performance enhancement,1,0.004776233462291637,Low
bot development,1,0.004776233462291637,Low
cognigy,1,0.004776233462291637,Low
microsoft bot framework,1,0.004776233462291637,Low
auto coding,1,0.004776233462291637,Low
databases postgres,1,0.004776233462291637,Low
oracle apex developer,1,0.004776233462291637,Low
wallet integration,1,0.004776233462291637,Low
oracle pl sql,1,0.004776233462291637,Low
datastage developer,1,0.004776233462291637,Low
3d visualization,1,0.004776233462291637,Low
3d visualizer,1,0.004776233462291637,Low
dotnet core,1,0.004776233462291637,Low
activewear,1,0.004776233462291637,Low
knitwear,1,0.004776233462291637,Low
c class item,1,0.004776233462291637,Low
fabricated parts,1,0.004776233462291637,Low
network expert,1,0.004776233462291637,Low
price comparison,1,0.004776233462291637,Low
vendor sourcing & evaluation,1,0.004776233462291637,Low
model based system engineering,1,0.004776233462291637,Low
sysml,1,0.004776233462291637,Low
rspec,1,0.004776233462291637,Low
full mobile development life cycle,1,0.004776233462291637,Low
renewable energy projects,1,0.004776233462291637,Low
dataguard,1,0.004776233462291637,Low
bi apps,1,0.004776233462291637,Low
bi solutions,1,0.004776233462291637,Low
gold jewellery,1,0.004776233462291637,Low
sales operation,1,0.004776233462291637,Low
golden gate,1,0.004776233462291637,Low
loss prevention executive,1,0.004776233462291637,Low
claims analyst,1,0.004776233462291637,Low
disinfectant,1,0.004776233462291637,Low
adp application,1,0.004776233462291637,Low
australian tax,1,0.004776233462291637,Low
client collaboration,1,0.004776233462291637,Low
workday core hcm,1,0.004776233462291637,Low
workday hcm consultant,1,0.004776233462291637,Low
express js,1,0.004776233462291637,Low
lead database,1,0.004776233462291637,Low
on-site support,1,0.004776233462291637,Low
salesforce technical architect,1,0.004776233462291637,Low
us work visas,1,0.004776233462291637,Low
creative writing,1,0.004776233462291637,Low
extruder,1,0.004776233462291637,Low
vector dbs,1,0.004776233462291637,Low
ibm bpm,1,0.004776233462291637,Low
automation framework development,1,0.004776233462291637,Low
traceability matrix,1,0.004776233462291637,Low
vertica,1,0.004776233462291637,Low
bcms,1,0.004776233462291637,Low
netsuite erp,1,0.004776233462291637,Low
budgeting forecasting,1,0.004776233462291637,Low
smart cities,1,0.004776233462291637,Low
lead - campaign management & customer insights,1,0.004776233462291637,Low
orcad capture,1,0.004776233462291637,Low
api interfaces,1,0.004776233462291637,Low
rubber processing,1,0.004776233462291637,Low
hni portfolio,1,0.004776233462291637,Low
caliber lims,1,0.004776233462291637,Low
sop preparation,1,0.004776233462291637,Low
biscuits,1,0.004776233462291637,Low
architecture drawings,1,0.004776233462291637,Low
kuka,1,0.004776233462291637,Low
oracle enterprise performance management,1,0.004776233462291637,Low
independent work,1,0.004776233462291637,Low
multimedia technologies,1,0.004776233462291637,Low
cisco devices,1,0.004776233462291637,Low
protocol review,1,0.004776233462291637,Low
idms,1,0.004776233462291637,Low
associate director sales,1,0.004776233462291637,Low
monoclonal antibodies,1,0.004776233462291637,Low
batch planning,1,0.004776233462291637,Low
sweets,1,0.004776233462291637,Low
revenue operations specialist,1,0.004776233462291637,Low
cnc turning lathe,1,0.004776233462291637,Low
secretarial activities,1,0.004776233462291637,Low
onboarding executive,1,0.004776233462291637,Low
technical delivery management,1,0.004776233462291637,Low
edutech sales,1,0.004776233462291637,Low
tsql queries,1,0.004776233462291637,Low
agri commodity,1,0.004776233462291637,Low
data operation,1,0.004776233462291637,Low
online business,1,0.004776233462291637,Low
electrical circuits,1,0.004776233462291637,Low
electronic circuit,1,0.004776233462291637,Low
electronic circuit design,1,0.004776233462291637,Low
mechanical projects,1,0.004776233462291637,Low
post processing,1,0.004776233462291637,Low
drug test,1,0.004776233462291637,Low
developing sap application,1,0.004776233462291637,Low
doeacc,1,0.004776233462291637,Low
development of api,1,0.004776233462291637,Low
525 series,1,0.004776233462291637,Low
software security,1,0.004776233462291637,Low
test scripts for nodejs,1,0.004776233462291637,Low
autogpt,1,0.004776233462291637,Low
device testing,1,0.004776233462291637,Low
it project coordinator,1,0.004776233462291637,Low
marine structures,1,0.004776233462291637,Low
credo,1,0.004776233462291637,Low
jndi,1,0.004776233462291637,Low
kyc documentation,1,0.004776233462291637,Low
healthcare transformation,1,0.004776233462291637,Low
package management,1,0.004776233462291637,Low
rockwell ccw v12,1,0.004776233462291637,Low
sap mm/wm,1,0.004776233462291637,Low
cybersecurity pre-sales,1,0.004776233462291637,Low
java api,1,0.004776233462291637,Low
thales ciphertrust,1,0.004776233462291637,Low
nice incontact,1,0.004776233462291637,Low
asset finance,1,0.004776233462291637,Low
extjs,1,0.004776233462291637,Low
ence,1,0.004776233462291637,Low
surface preparation,1,0.004776233462291637,Low
chemical handling,1,0.004776233462291637,Low
junior research associate,1,0.004776233462291637,Low
conveyor,1,0.004776233462291637,Low
manufacturing schematics,1,0.004776233462291637,Low
wallpaper,1,0.004776233462291637,Low
banquet operations,1,0.004776233462291637,Low
film production,1,0.004776233462291637,Low
child protection,1,0.004776233462291637,Low
calculated fields,1,0.004776233462291637,Low
addm,1,0.004776233462291637,Low
deal desk specialist,1,0.004776233462291637,Low
mips,1,0.004776233462291637,Low
airwatch,1,0.004776233462291637,Low
presentation design,1,0.004776233462291637,Low
claims executive,1,0.004776233462291637,Low
oracle procedural language,1,0.004776233462291637,Low
computer application,1,0.004776233462291637,Low
cyber law,1,0.004776233462291637,Low
nsdc,1,0.004776233462291637,Low
student success,1,0.004776233462291637,Low
launchpad,1,0.004776233462291637,Low
auto insurance,1,0.004776233462291637,Low
enscape,1,0.004776233462291637,Low
google sketchup,1,0.004776233462291637,Low
korean,1,0.004776233462291637,Low
tiger,1,0.004776233462291637,Low
field service engineering,1,0.004776233462291637,Low
customer journey analytics,1,0.004776233462291637,Low
systems development life cycle,1,0.004776233462291637,Low
blueyonder/jda technical and functional consultants,1,0.004776233462291637,Low
laundry executive,1,0.004776233462291637,Low
physical testing,1,0.004776233462291637,Low
vmware cloud,1,0.004776233462291637,Low
music teacher,1,0.004776233462291637,Low
fostering employee engagement,1,0.004776233462291637,Low
outdoor sales,1,0.004776233462291637,Low
scriptwriter,1,0.004776233462291637,Low
aerospace engineering,1,0.004776233462291637,Low
airframe structures,1,0.004776233462291637,Low
hyperworks,1,0.004776233462291637,Low
as400 developer,1,0.004776233462291637,Low
motion graphics artist,1,0.004776233462291637,Low
assembly operator,1,0.004776233462291637,Low
final assembly,1,0.004776233462291637,Low
safety shoes,1,0.004776233462291637,Low
foreign currency,1,0.004776233462291637,Low
term loan,1,0.004776233462291637,Low
trade products,1,0.004776233462291637,Low
typescript developer,1,0.004776233462291637,Low
central store,1,0.004776233462291637,Low
site installation,1,0.004776233462291637,Low
power app,1,0.004776233462291637,Low
escrow agreements,1,0.004776233462291637,Low
tax analysis,1,0.004776233462291637,Low
assistant manager marketing,1,0.004776233462291637,Low
finance strategy,1,0.004776233462291637,Low
gmat,1,0.004776233462291637,Low
bill discounting,1,0.004776233462291637,Low
buyers credit,1,0.004776233462291637,Low
access points,1,0.004776233462291637,Low
ip phones,1,0.004776233462291637,Low
profisee,1,0.004776233462291637,Low
semarchy,1,0.004776233462291637,Low
healthrules payer,1,0.004776233462291637,Low
center management,1,0.004776233462291637,Low
climber,1,0.004776233462291637,Low
rigger,1,0.004776233462291637,Low
press tool maintenance,1,0.004776233462291637,Low
data lake architecture,1,0.004776233462291637,Low
gcp dataflow,1,0.004776233462291637,Low
decor,1,0.004776233462291637,Low
application analyst,1,0.004776233462291637,Low
general application analyst,1,0.004776233462291637,Low
ms office proficiency,1,0.004776233462291637,Low
us sales process,1,0.004776233462291637,Low
ppc travel sales,1,0.004776233462291637,Low
sap btp capm,1,0.004776233462291637,Low
sap cloud foundry,1,0.004776233462291637,Low
cron,1,0.004776233462291637,Low
birt,1,0.004776233462291637,Low
full stack developer (reactjs+.netcore),1,0.004776233462291637,Low
sourcing engineer,1,0.004776233462291637,Low
capital equipment sales,1,0.004776233462291637,Low
commercial laws,1,0.004776233462291637,Low
trade finance operations,1,0.004776233462291637,Low
mobile services,1,0.004776233462291637,Low
freshdesk,1,0.004776233462291637,Low
ibm planning analytics,1,0.004776233462291637,Low
pipeline construction,1,0.004776233462291637,Low
trane trace,1,0.004776233462291637,Low
aws solution architect,1,0.004776233462291637,Low
cold chain management,1,0.004776233462291637,Low
production staff,1,0.004776233462291637,Low
good comunication skill,1,0.004776233462291637,Low
webi,1,0.004776233462291637,Low
budget forecasting,1,0.004776233462291637,Low
wfm planning,1,0.004776233462291637,Low
plastic industry,1,0.004776233462291637,Low
kore ai,1,0.004776233462291637,Low
kore.ai,1,0.004776233462291637,Low
business coordination,1,0.004776233462291637,Low
senior quality assurance analyst,1,0.004776233462291637,Low
talent analytics,1,0.004776233462291637,Low
university relations,1,0.004776233462291637,Low
iosh,1,0.004776233462291637,Low
occupational health & safety,1,0.004776233462291637,Low
cone,1,0.004776233462291637,Low
tour plan,1,0.004776233462291637,Low
it fresher,1,0.004776233462291637,Low
module federation,1,0.004776233462291637,Low
associate manager - cross sell,1,0.004776233462291637,Low
sap architect,1,0.004776233462291637,Low
investment risk,1,0.004776233462291637,Low
trade reconciliation,1,0.004776233462291637,Low
simulation modeling,1,0.004776233462291637,Low
federal returns,1,0.004776233462291637,Low
wherescape red,1,0.004776233462291637,Low
data masking,1,0.004776233462291637,Low
vehicle engineering,1,0.004776233462291637,Low
resource augmentation,1,0.004776233462291637,Low
periodic report,1,0.004776233462291637,Low
solution oriented,1,0.004776233462291637,Low
silo,1,0.004776233462291637,Low
power plant operation,1,0.004776233462291637,Low
a license,1,0.004776233462291637,Low
b license,1,0.004776233462291637,Low
brine,1,0.004776233462291637,Low
credit approval,1,0.004776233462291637,Low
document understanding,1,0.004776233462291637,Low
marketing promotions,1,0.004776233462291637,Low
frontend libraries,1,0.004776233462291637,Low
message oriented middleware,1,0.004776233462291637,Low
redmine,1,0.004776233462291637,Low
telerik,1,0.004776233462291637,Low
finance knowledge,1,0.004776233462291637,Low
technical testing,1,0.004776233462291637,Low
kubernetes engine,1,0.004776233462291637,Low
pruning,1,0.004776233462291637,Low
ms technologies,1,0.004776233462291637,Low
btp capm,1,0.004776233462291637,Low
irdai regulations,1,0.004776233462291637,Low
aviation operations,1,0.004776233462291637,Low
anaesthesiologist,1,0.004776233462291637,Low
phacoemulsification,1,0.004776233462291637,Low
effective listening,1,0.004776233462291637,Low
microsoft office proficiency,1,0.004776233462291637,Low
azure search,1,0.004776233462291637,Low
financial record-keeping,1,0.004776233462291637,Low
core tools,1,0.004776233462291637,Low
customer audits,1,0.004776233462291637,Low
openshift administration,1,0.004776233462291637,Low
senior manager & manager,1,0.004776233462291637,Low
azure certified,1,0.004776233462291637,Low
ethernet switching,1,0.004776233462291637,Low
etl/elt pipeline development,1,0.004776233462291637,Low
cosmetologist,1,0.004776233462291637,Low
dnb dermatology,1,0.004776233462291637,Low
soc playbooks,1,0.004776233462291637,Low
visitor management,1,0.004776233462291637,Low
voice process jobs,1,0.004776233462291637,Low
jewelcad,1,0.004776233462291637,Low
matrix designer,1,0.004776233462291637,Low
designer - structural,1,0.004776233462291637,Low
section head,1,0.004776233462291637,Low
azure administration,1,0.004776233462291637,Low
account onboarding,1,0.004776233462291637,Low
court cases,1,0.004776233462291637,Low
rhino designer,1,0.004776233462291637,Low
zbrush,1,0.004776233462291637,Low
itsm workflows,1,0.004776233462291637,Low
communication and correspondence,1,0.004776233462291637,Low
video marketing,1,0.004776233462291637,Low
spanish ppc,1,0.004776233462291637,Low
patient care management,1,0.004776233462291637,Low
video annotation,1,0.004776233462291637,Low
google drive,1,0.004776233462291637,Low
storage account,1,0.004776233462291637,Low
compliance check,1,0.004776233462291637,Low
edpms,1,0.004776233462291637,Low
rodtep,1,0.004776233462291637,Low
senior seo specialist,1,0.004776233462291637,Low
junior resident,1,0.004776233462291637,Low
delhi university,1,0.004776233462291637,Low
campus placement,1,0.004776233462291637,Low
media & signaling gstreamer and sip,1,0.004776233462291637,Low
digsilent,1,0.004776233462291637,Low
getco,1,0.004776233462291637,Low
selenium testing,1,0.004776233462291637,Low
azure automation,1,0.004776233462291637,Low
application development framework,1,0.004776233462291637,Low
pgt maths,1,0.004776233462291637,Low
risk support,1,0.004776233462291637,Low
visual inspection,1,0.004776233462291637,Low
investment research,1,0.004776233462291637,Low
red teaming,1,0.004776233462291637,Low
secure code review,1,0.004776233462291637,Low
trade business,1,0.004776233462291637,Low
printing & scanning,1,0.004776233462291637,Low
lab view,1,0.004776233462291637,Low
rs232,1,0.004776233462291637,Low
property & casualty insurance,1,0.004776233462291637,Low
hil testing,1,0.004776233462291637,Low
hv substation,1,0.004776233462291637,Low
pscad,1,0.004776233462291637,Low
labour control,1,0.004776233462291637,Low
assembly operation,1,0.004776233462291637,Low
forklift,1,0.004776233462291637,Low
nctvt,1,0.004776233462291637,Low
pressure testing,1,0.004776233462291637,Low
prints,1,0.004776233462291637,Low
terraform cli,1,0.004776233462291637,Low
online branding,1,0.004776233462291637,Low
qc microbiology,1,0.004776233462291637,Low
core frameworks,1,0.004776233462291637,Low
cost modeling,1,0.004776233462291637,Low
map operations,1,0.004776233462291637,Low
withdrawal,1,0.004776233462291637,Low
synchro,1,0.004776233462291637,Low
clinical services,1,0.004776233462291637,Low
community medicine,1,0.004776233462291637,Low
medical education,1,0.004776233462291637,Low
ls retail,1,0.004776233462291637,Low
choreography,1,0.004776233462291637,Low
ar/ap/gl,1,0.004776233462291637,Low
3d layouts,1,0.004776233462291637,Low
and post-incident reviews,1,0.004776233462291637,Low
bug bounty,1,0.004776233462291637,Low
compliance monitoring,1,0.004776233462291637,Low
territory development,1,0.004776233462291637,Low
performance marketing specialist,1,0.004776233462291637,Low
link exchange,1,0.004776233462291637,Low
website analysis,1,0.004776233462291637,Low
telegram,1,0.004776233462291637,Low
engineering systems,1,0.004776233462291637,Low
ai/ml algorithms,1,0.004776233462291637,Low
fcaps,1,0.004776233462291637,Low
building safety,1,0.004776233462291637,Low
labor compliance,1,0.004776233462291637,Low
executive management,1,0.004776233462291637,Low
igbc,1,0.004776233462291637,Low
agreement management,1,0.004776233462291637,Low
diplomacy,1,0.004776233462291637,Low
production operator,1,0.004776233462291637,Low
technical infrastructure,1,0.004776233462291637,Low
cross browser testing,1,0.004776233462291637,Low
mod sales,1,0.004776233462291637,Low
syteline,1,0.004776233462291637,Low
qa documentation,1,0.004776233462291637,Low
presales support,1,0.004776233462291637,Low
first line of defence,1,0.004776233462291637,Low
company profiles,1,0.004776233462291637,Low
core foundation,1,0.004776233462291637,Low
scholar,1,0.004776233462291637,Low
communications management,1,0.004776233462291637,Low
visa counselling,1,0.004776233462291637,Low
customer audit,1,0.004776233462291637,Low
basic typing,1,0.004776233462291637,Low
data entry jobs,1,0.004776233462291637,Low
typing jobs,1,0.004776233462291637,Low
voice and blended process,1,0.004776233462291637,Low
revenue forecasting,1,0.004776233462291637,Low
ats tools,1,0.004776233462291637,Low
customer interface,1,0.004776233462291637,Low
key account sales,1,0.004776233462291637,Low
hilly terrain,1,0.004776233462291637,Low
industrial building,1,0.004776233462291637,Low
lockers,1,0.004776233462291637,Low
mechanical testing,1,0.004776233462291637,Low
sales generation,1,0.004776233462291637,Low
bms architecture,1,0.004776233462291637,Low
cell balancing,1,0.004776233462291637,Low
lap collections,1,0.004776233462291637,Low
robotics technologies,1,0.004776233462291637,Low
venue sales,1,0.004776233462291637,Low
wedding sales,1,0.004776233462291637,Low
browser testing,1,0.004776233462291637,Low
mechanical seal,1,0.004776233462291637,Low
toolchain,1,0.004776233462291637,Low
cad automation,1,0.004776233462291637,Low
piston,1,0.004776233462291637,Low
attendance sheet,1,0.004776233462291637,Low
plant finance analyst,1,0.004776233462291637,Low
asc 606,1,0.004776233462291637,Low
product safety,1,0.004776233462291637,Low
on-page seo,1,0.004776233462291637,Low
us tax compliance,1,0.004776233462291637,Low
estimation and costing,1,0.004776233462291637,Low
process execution,1,0.004776233462291637,Low
welding components,1,0.004776233462291637,Low
appzen,1,0.004776233462291637,Low
erp integration,1,0.004776233462291637,Low
financial reporting & analysis,1,0.004776233462291637,Low
cloud-native infrastructure,1,0.004776233462291637,Low
hybrid qa,1,0.004776233462291637,Low
release governance,1,0.004776233462291637,Low
data extensions,1,0.004776233462291637,Low
api tools,1,0.004776233462291637,Low
automation test framework,1,0.004776233462291637,Low
equity trading,1,0.004776233462291637,Low
dot net automation,1,0.004776233462291637,Low
net automation,1,0.004776233462291637,Low
diagnostic sales,1,0.004776233462291637,Low
admin operations,1,0.004776233462291637,Low
zookeeper,1,0.004776233462291637,Low
speech therapy,1,0.004776233462291637,Low
us chat process,1,0.004776233462291637,Low
refractory,1,0.004776233462291637,Low
electric motor,1,0.004776233462291637,Low
time estimation,1,0.004776233462291637,Low
construction planning,1,0.004776233462291637,Low
niit,1,0.004776233462291637,Low
senior customer support executive,1,0.004776233462291637,Low
costing & budgeting,1,0.004776233462291637,Low
changes in production schedules,1,0.004776233462291637,Low
guiding and motivating the production team,1,0.004776233462291637,Low
manufacturing products,1,0.004776233462291637,Low
pharmaceutical production,1,0.004776233462291637,Low
plant activities,1,0.004776233462291637,Low
ibm datastage,1,0.004776233462291637,Low
it infrastructure operations,1,0.004776233462291637,Low
icinga,1,0.004776233462291637,Low
port security,1,0.004776233462291637,Low
bois,1,0.004776233462291637,Low
charm,1,0.004776233462291637,Low
production reports & documents,1,0.004776233462291637,Low
pinterest,1,0.004776233462291637,Low
vendor reconciliation,1,0.004776233462291637,Low
radiation oncology,1,0.004776233462291637,Low
closure rate,1,0.004776233462291637,Low
concrete technology,1,0.004776233462291637,Low
inspections and testing,1,0.004776233462291637,Low
bulk recruitment,1,0.004776233462291637,Low
informatica data quality,1,0.004776233462291637,Low
informatica idq,1,0.004776233462291637,Low
product descriptions,1,0.004776233462291637,Low
gt sales,1,0.004776233462291637,Low
brms,1,0.004776233462291637,Low
policy governance,1,0.004776233462291637,Low
cisco switches,1,0.004776233462291637,Low
dynamic routing,1,0.004776233462291637,Low
hardware development,1,0.004776233462291637,Low
ipc standards,1,0.004776233462291637,Low
delegate sales,1,0.004776233462291637,Low
analytics and instrumentation,1,0.004776233462291637,Low
oracle supply chain management,1,0.004776233462291637,Low
manual qa,1,0.004776233462291637,Low
ai use cases,1,0.004776233462291637,Low
prosthodontist,1,0.004776233462291637,Low
service virtualization,1,0.004776233462291637,Low
recruitment coordinator,1,0.004776233462291637,Low
real estate finance,1,0.004776233462291637,Low
consulting & advisory,1,0.004776233462291637,Low
agile project delivery,1,0.004776233462291637,Low
2d drawing,1,0.004776233462291637,Low
engine assembly,1,0.004776233462291637,Low
sap crystal reports,1,0.004776233462291637,Low
regulatory filing,1,0.004776233462291637,Low
mixers,1,0.004776233462291637,Low
back office assistant,1,0.004776233462291637,Low
forecasting and scheduling,1,0.004776233462291637,Low
dry fruits,1,0.004776233462291637,Low
codeigniter framework,1,0.004776233462291637,Low
project associate,1,0.004776233462291637,Low
b pharmacy,1,0.004776233462291637,Low
union negotiations,1,0.004776233462291637,Low
back-office operations,1,0.004776233462291637,Low
cash collection tracking,1,0.004776233462291637,Low
export bills,1,0.004776233462291637,Low
traction,1,0.004776233462291637,Low
typesetting,1,0.004776233462291637,Low
data science trainer,1,0.004776233462291637,Low
oracle fusion applications,1,0.004776233462291637,Low
signalr,1,0.004776233462291637,Low
mehandi,1,0.004776233462291637,Low
encapsulation,1,0.004776233462291637,Low
equipment handling,1,0.004776233462291637,Low
softgelatin,1,0.004776233462291637,Low
r shiny,1,0.004776233462291637,Low
shiny,1,0.004776233462291637,Low
process intelligence,1,0.004776233462291637,Low
sap bpa,1,0.004776233462291637,Low
technical supervision,1,0.004776233462291637,Low
access lists,1,0.004776233462291637,Low
talent reviews,1,0.004776233462291637,Low
payroll manager,1,0.004776233462291637,Low
principal investigator,1,0.004776233462291637,Low
contract documentation,1,0.004776233462291637,Low
leadership and strategy,1,0.004776233462291637,Low
clinical database,1,0.004776233462291637,Low
metrics reporting,1,0.004776233462291637,Low
cloud ops,1,0.004776233462291637,Low
ibm tools,1,0.004776233462291637,Low
holistic health,1,0.004776233462291637,Low
yoga instructor,1,0.004776233462291637,Low
device support,1,0.004776233462291637,Low
mac support,1,0.004776233462291637,Low
maintenance head,1,0.004776233462291637,Low
postgis,1,0.004776233462291637,Low
oracle adf,1,0.004776233462291637,Low
account lead,1,0.004776233462291637,Low
escalation process,1,0.004776233462291637,Low
food testing,1,0.004776233462291637,Low
fire detection and suppression systems,1,0.004776233462291637,Low
production development,1,0.004776233462291637,Low
sales negotiation,1,0.004776233462291637,Low
manager strategic sourcing,1,0.004776233462291637,Low
orchestrator and advanced courses,1,0.004776233462291637,Low
microsoft sql server developer,1,0.004776233462291637,Low
engineering change management,1,0.004776233462291637,Low
ppap audits,1,0.004776233462291637,Low
ledger maintenance,1,0.004776233462291637,Low
arcgis pro,1,0.004776233462291637,Low
esri,1,0.004776233462291637,Low
esri arcgis,1,0.004776233462291637,Low
geomatics,1,0.004776233462291637,Low
ui framework,1,0.004776233462291637,Low
employee performance management,1,0.004776233462291637,Low
information technology infrastructure library,1,0.004776233462291637,Low
mca filings,1,0.004776233462291637,Low
executive production,1,0.004776233462291637,Low
mikrotik,1,0.004776233462291637,Low
online lead generation,1,0.004776233462291637,Low
control systems design,1,0.004776233462291637,Low
substation maintenance,1,0.004776233462291637,Low
bms system,1,0.004776233462291637,Low
selenium automation,1,0.004776233462291637,Low
selenium automation tester,1,0.004776233462291637,Low
selenium automation testing,1,0.004776233462291637,Low
corporate loans,1,0.004776233462291637,Low
piping designer,1,0.004776233462291637,Low
sensory,1,0.004776233462291637,Low
analytical method development,1,0.004776233462291637,Low
investor meetings,1,0.004776233462291637,Low
sustainable development,1,0.004776233462291637,Low
email personalization,1,0.004776233462291637,Low
recruitment coordination,1,0.004776233462291637,Low
solution management,1,0.004776233462291637,Low
workshop facilitation,1,0.004776233462291637,Low
insurance processing,1,0.004776233462291637,Low
home care nurse,1,0.004776233462291637,Low
beckhoff,1,0.004776233462291637,Low
connectivity management,1,0.004776233462291637,Low
nonstop sql,1,0.004776233462291637,Low
query analysis,1,0.004776233462291637,Low
sequelize,1,0.004776233462291637,Low
soacs,1,0.004776233462291637,Low
data pump,1,0.004776233462291637,Low
supabase,1,0.004776233462291637,Low
compositing,1,0.004776233462291637,Low
trailer,1,0.004776233462291637,Low
content modeling,1,0.004776233462291637,Low
western cuisine,1,0.004776233462291637,Low
property and casualty insurance,1,0.004776233462291637,Low
dental ar,1,0.004776233462291637,Low
ar and r2r,1,0.004776233462291637,Low
fanuc cnc,1,0.004776233462291637,Low
securities operations,1,0.004776233462291637,Low
eb sales,1,0.004776233462291637,Low
tally/erp,1,0.004776233462291637,Low
recruitment manager,1,0.004776233462291637,Low
ehs management,1,0.004776233462291637,Low
non eb insurance,1,0.004776233462291637,Low
mep supervisor,1,0.004776233462291637,Low
bms operator,1,0.004776233462291637,Low
bpel,1,0.004776233462291637,Low
oracle soa,1,0.004776233462291637,Low
ux researcher,1,0.004776233462291637,Low
skill matrix,1,0.004776233462291637,Low
commercial director,1,0.004776233462291637,Low
member relations,1,0.004776233462291637,Low
retrospective,1,0.004776233462291637,Low
framer,1,0.004776233462291637,Low
python lead,1,0.004776233462291637,Low
qc supervisor,1,0.004776233462291637,Low
cnc maintenance,1,0.004776233462291637,Low
siemens cnc,1,0.004776233462291637,Low
adcs,1,0.004776233462291637,Low
ltspice,1,0.004776233462291637,Low
certified fraud examiner,1,0.004776233462291637,Low
it internal audit,1,0.004776233462291637,Low
it risks,1,0.004776233462291637,Low
cctv operator,1,0.004776233462291637,Low
legal analyst,1,0.004776233462291637,Low
occupational safety,1,0.004776233462291637,Low
sr.sales manager,1,0.004776233462291637,Low
academic support,1,0.004776233462291637,Low
resource coordination,1,0.004776233462291637,Low
it testing,1,0.004776233462291637,Low
platform as a service,1,0.004776233462291637,Low
project and time management,1,0.004776233462291637,Low
review workpapers,1,0.004776233462291637,Low
gl consolidation,1,0.004776233462291637,Low
vehicle assembly,1,0.004776233462291637,Low
mep coordination,1,0.004776233462291637,Low
stock registers,1,0.004776233462291637,Low
gst return filing,1,0.004776233462291637,Low
oracle soa suite,1,0.004776233462291637,Low
intercompany accounts,1,0.004776233462291637,Low
sap byd,1,0.004776233462291637,Low
billing & measurement,1,0.004776233462291637,Low
commis 2,1,0.004776233462291637,Low
desserts,1,0.004776233462291637,Low
autocad / revit,1,0.004776233462291637,Low
indian curry,1,0.004776233462291637,Low
data grids,1,0.004776233462291637,Low
ltmc,1,0.004776233462291637,Low
factory supervisor,1,0.004776233462291637,Low
peenya,1,0.004776233462291637,Low
spdm,1,0.004776233462291637,Low
lang graph,1,0.004776233462291637,Low
qdrant,1,0.004776233462291637,Low
sap data migration,1,0.004776233462291637,Low
oracle hrms,1,0.004776233462291637,Low
web architecture,1,0.004776233462291637,Low
data onboarding,1,0.004776233462291637,Low
demand generation activity,1,0.004776233462291637,Low
handsets,1,0.004776233462291637,Low
ewm solutions,1,0.004776233462291637,Low
2strack,1,0.004776233462291637,Low
lighting design,1,0.004776233462291637,Low
perfumes,1,0.004776233462291637,Low
financial analytics,1,0.004776233462291637,Low
gym trainer,1,0.004776233462291637,Low
personal trainer,1,0.004776233462291637,Low
service now apm,1,0.004776233462291637,Low
sap bcm,1,0.004776233462291637,Low
us rcm,1,0.004776233462291637,Low
bocw,1,0.004776233462291637,Low
bocw act,1,0.004776233462291637,Low
senior tax analyst,1,0.004776233462291637,Low
testing & validation,1,0.004776233462291637,Low
workday certification,1,0.004776233462291637,Low
hedge management,1,0.004776233462291637,Low
sap crm technical,1,0.004776233462291637,Low
guest posting,1,0.004776233462291637,Low
mpcb,1,0.004776233462291637,Low
pollution control board,1,0.004776233462291637,Low
school counselor,1,0.004776233462291637,Low
procurement coordinator,1,0.004776233462291637,Low
trucking,1,0.004776233462291637,Low
breaker selection,1,0.004776233462291637,Low
electrical design calculation,1,0.004776233462291637,Low
mep services,1,0.004776233462291637,Low
single line diagram,1,0.004776233462291637,Low
transformer sizing,1,0.004776233462291637,Low
grant writing,1,0.004776233462291637,Low
level 2 tech support,1,0.004776233462291637,Low
backup management,1,0.004776233462291637,Low
agile coaching,1,0.004776233462291637,Low
account strategist,1,0.004776233462291637,Low
modulation,1,0.004776233462291637,Low
radio frequency,1,0.004776233462291637,Low
mail communication,1,0.004776233462291637,Low
junior seo analyst,1,0.004776233462291637,Low
c# dot net,1,0.004776233462291637,Low
teaching methodologies,1,0.004776233462291637,Low
telecom sales,1,0.004776233462291637,Low
ht panels,1,0.004776233462291637,Low
lt panel,1,0.004776233462291637,Low
panel board,1,0.004776233462291637,Low
panel costing,1,0.004776233462291637,Low
bank communication management,1,0.004776233462291637,Low
end user training,1,0.004776233462291637,Low
global treasury,1,0.004776233462291637,Low
stateflow,1,0.004776233462291637,Low
linq queries,1,0.004776233462291637,Low
sql server development,1,0.004776233462291637,Low
api testing automation,1,0.004776233462291637,Low
rest api automation,1,0.004776233462291637,Low
mechanical sales,1,0.004776233462291637,Low
mechanical sales estimation,1,0.004776233462291637,Low
marke,1,0.004776233462291637,Low
export import executive,1,0.004776233462291637,Low
petty cash management,1,0.004776233462291637,Low
purchase order processing,1,0.004776233462291637,Low
international call center jobs,1,0.004776233462291637,Low
bill verification,1,0.004776233462291637,Low
frameworks spring,1,0.004776233462291637,Low
stat audit,1,0.004776233462291637,Low
senior lead analyst,1,0.004776233462291637,Low
ncr handling,1,0.004776233462291637,Low
root cause analysis & capa,1,0.004776233462291637,Low
adobe premier,1,0.004776233462291637,Low
audio editing,1,0.004776233462291637,Low
desktop publishing,1,0.004776233462291637,Low
marketing templates,1,0.004776233462291637,Low
explain plan,1,0.004776233462291637,Low
codra,1,0.004776233462291637,Low
hmi design,1,0.004776233462291637,Low
panorama,1,0.004776233462291637,Low
bio medical,1,0.004776233462291637,Low
factiva,1,0.004776233462291637,Low
technical adaptability,1,0.004776233462291637,Low
logicmonitor,1,0.004776233462291637,Low
vegetables,1,0.004776233462291637,Low
store officer,1,0.004776233462291637,Low
board and committee meetings,1,0.004776233462291637,Low
neonatologist,1,0.004776233462291637,Low
sap project manager,1,0.004776233462291637,Low
oci admin,1,0.004776233462291637,Low
ftp adapter,1,0.004776233462291637,Low
oracle integration cloud service,1,0.004776233462291637,Low
eurocode,1,0.004776233462291637,Low
staad.pro,1,0.004776233462291637,Low
autodesk acc,1,0.004776233462291637,Low
plm support,1,0.004776233462291637,Low
api standards,1,0.004776233462291637,Low
domino,1,0.004776233462291637,Low
moengage,1,0.004776233462291637,Low
itac,1,0.004776233462291637,Low
mathematical skills,1,0.004776233462291637,Low
ncr coordination & recovery,1,0.004776233462291637,Low
energy balance,1,0.004776233462291637,Low
mass transfer,1,0.004776233462291637,Low
computer architecture,1,0.004776233462291637,Low
accounts associate,1,0.004776233462291637,Low
battery management,1,0.004776233462291637,Low
m-files,1,0.004776233462291637,Low
interpersonal & communication skills,1,0.004776233462291637,Low
finance hiring,1,0.004776233462291637,Low
teaching mathematics,1,0.004776233462291637,Low
metal working fluids,1,0.004776233462291637,Low
assistant manager rtr,1,0.004776233462291637,Low
manager rtr,1,0.004776233462291637,Low
pay per click,1,0.004776233462291637,Low
ontology,1,0.004776233462291637,Low
design and coding,1,0.004776233462291637,Low
gcih,1,0.004776233462291637,Low
excel dashboards,1,0.004776233462291637,Low
javascript developer,1,0.004776233462291637,Low
electronic medical record,1,0.004776233462291637,Low
medical imaging,1,0.004776233462291637,Low
surgical intervention,1,0.004776233462291637,Low
microprocessors,1,0.004776233462291637,Low
beauty care,1,0.004776233462291637,Low
commercial contracts,1,0.004776233462291637,Low
contractual management,1,0.004776233462291637,Low
employees engagement,1,0.004776233462291637,Low
recruitment assistance,1,0.004776233462291637,Low
corporate broking,1,0.004776233462291637,Low
ar follow up,1,0.004776233462291637,Low
mis generation,1,0.004776233462291637,Low
payroll analyst,1,0.004776233462291637,Low
junior research fellow,1,0.004776233462291637,Low
multibody simulation,1,0.004776233462291637,Low
tcl scripting,1,0.004776233462291637,Low
yield optimization,1,0.004776233462291637,Low
non fs,1,0.004776233462291637,Low
call audits,1,0.004776233462291637,Low
edc development,1,0.004776233462291637,Low
chief of lab,1,0.004776233462291637,Low
budgets and business-planning,1,0.004776233462291637,Low
sound technical leadership,1,0.004776233462291637,Low
sanctions rules,1,0.004776233462291637,Low
digital and print design,1,0.004776233462291637,Low
environment compliance,1,0.004776233462291637,Low
lead generations,1,0.004776233462291637,Low
plc knowledge,1,0.004776233462291637,Low
safety health and environment,1,0.004776233462291637,Low
microstrategy,1,0.004776233462291637,Low
dagger,1,0.004776233462291637,Low
rxjava,1,0.004776233462291637,Low
senior associate level 1,1,0.004776233462291637,Low
financial technology,1,0.004776233462291637,Low
sharepoint migration,1,0.004776233462291637,Low
secondary market research,1,0.004776233462291637,Low
rapid7,1,0.004776233462291637,Low
vapt tools like nessus,1,0.004776233462291637,Low
auto level,1,0.004776233462291637,Low
land surveying,1,0.004776233462291637,Low
us hr contact center experience,1,0.004776233462291637,Low
individual taxation,1,0.004776233462291637,Low
estimating efforts,1,0.004776233462291637,Low
financial data analysis,1,0.004776233462291637,Low
financial statement analysis,1,0.004776233462291637,Low
accounts supervisor,1,0.004776233462291637,Low
panning,1,0.004776233462291637,Low
website traffic,1,0.004776233462291637,Low
junior process executive,1,0.004776233462291637,Low
code analysis,1,0.004776233462291637,Low
protocol buffers,1,0.004776233462291637,Low
sap fiori ui5,1,0.004776233462291637,Low
genesys cloud,1,0.004776233462291637,Low
genesys developer,1,0.004776233462291637,Low
sip trunking,1,0.004776233462291637,Low
trunking,1,0.004776233462291637,Low
clinical programming,1,0.004776233462291637,Low
sas programming,1,0.004776233462291637,Low
microsoft sql server database,1,0.004776233462291637,Low
redshift db,1,0.004776233462291637,Low
tidal,1,0.004776233462291637,Low
sales compensation,1,0.004776233462291637,Low
campaign tracking,1,0.004776233462291637,Low
food & beverage associate,1,0.004776233462291637,Low
oracle gtm,1,0.004776233462291637,Low
hr policies & compliance,1,0.004776233462291637,Low
payroll & attendance,1,0.004776233462291637,Low
backup & recovery,1,0.004776233462291637,Low
oracle instance,1,0.004776233462291637,Low
oracle software,1,0.004776233462291637,Low
cloudops,1,0.004776233462291637,Low
aws migration,1,0.004776233462291637,Low
environmental compliance,1,0.004776233462291637,Low
interior project execution,1,0.004776233462291637,Low
sap abap o data,1,0.004776233462291637,Low
llmops pipelines,1,0.004776233462291637,Low
active directory management,1,0.004776233462291637,Low
demand supply,1,0.004776233462291637,Low
lingual,1,0.004776233462291637,Low
macs,1,0.004776233462291637,Low
serdes,1,0.004776233462291637,Low
thermal design,1,0.004776233462291637,Low
accounts analyst,1,0.004776233462291637,Low
mod bus,1,0.004776233462291637,Low
bw4hana,1,0.004776233462291637,Low
sap security grc,1,0.004776233462291637,Low
knits fabric,1,0.004776233462291637,Low
team building ability,1,0.004776233462291637,Low
bse star,1,0.004776233462291637,Low
equity market,1,0.004776233462291637,Low
mf utility platform,1,0.004776233462291637,Low
data platform architecture,1,0.004776233462291637,Low
chiller maintenance,1,0.004776233462291637,Low
senior marketing associate,1,0.004776233462291637,Low
fresher mechanical,1,0.004776233462291637,Low
tower maintenance,1,0.004776233462291637,Low
solar division,1,0.004776233462291637,Low
online bidding,1,0.004776233462291637,Low
expense audit,1,0.004776233462291637,Low
invoice creation,1,0.004776233462291637,Low
electrical panels,1,0.004776233462291637,Low
copy editor,1,0.004776233462291637,Low
document formatting,1,0.004776233462291637,Low
punctuation,1,0.004776233462291637,Low
agile/devops,1,0.004776233462291637,Low
d3.js,1,0.004776233462291637,Low
logical approach,1,0.004776233462291637,Low
quickbase,1,0.004776233462291637,Low
datadriven,1,0.004776233462291637,Low
manager assembly,1,0.004776233462291637,Low
fast formula,1,0.004776233462291637,Low
storage arrays,1,0.004776233462291637,Low
market support,1,0.004776233462291637,Low
earthmoving,1,0.004776233462291637,Low
google cloud services,1,0.004776233462291637,Low
identity access management,1,0.004776233462291637,Low
software estimation,1,0.004776233462291637,Low
fusion hcm functional,1,0.004776233462291637,Low
oracle recruiting,1,0.004776233462291637,Low
oracle recruiting cloud,1,0.004776233462291637,Low
interior decoration,1,0.004776233462291637,Low
stock statement,1,0.004776233462291637,Low
azure ai/ml services,1,0.004776233462291637,Low
wind turbines,1,0.004776233462291637,Low
windpro,1,0.004776233462291637,Low
systems operations,1,0.004776233462291637,Low
aquasec,1,0.004776233462291637,Low
salesforce configurations,1,0.004776233462291637,Low
arkit,1,0.004776233462291637,Low
cocoapods,1,0.004776233462291637,Low
budget tracking,1,0.004776233462291637,Low
kofax,1,0.004776233462291637,Low
workload automation,1,0.004776233462291637,Low
azure openai apis,1,0.004776233462291637,Low
nanded,1,0.004776233462291637,Low
revenue expansion,1,0.004776233462291637,Low
electrical aggregates,1,0.004776233462291637,Low
excavator,1,0.004776233462291637,Low
mechanical aggregates,1,0.004776233462291637,Low
off highway,1,0.004776233462291637,Low
eclerx,1,0.004776233462291637,Low
web proxy,1,0.004776233462291637,Low
erp accounting,1,0.004776233462291637,Low
worksoft,1,0.004776233462291637,Low
worksoft automation,1,0.004776233462291637,Low
worksoft certify,1,0.004776233462291637,Low
direct connect,1,0.004776233462291637,Low
protein expert,1,0.004776233462291637,Low
cleanliness & hygiene,1,0.004776233462291637,Low
weld shop,1,0.004776233462291637,Low
civil execution,1,0.004776233462291637,Low
ex- army,1,0.004776233462291637,Low
backup strategy validation,1,0.004776233462291637,Low
brownie,1,0.004776233462291637,Low
machine learning and ai,1,0.004776233462291637,Low
netezza,1,0.004776233462291637,Low
data-driven strategy,1,0.004776233462291637,Low
ansible tower,1,0.004776233462291637,Low
qualitative research,1,0.004776233462291637,Low
solar tracker,1,0.004776233462291637,Low
linkedin campaigns,1,0.004776233462291637,Low
electrical service,1,0.004776233462291637,Low
nice cxone,1,0.004776233462291637,Low
ent consultant,1,0.004776233462291637,Low
otorhinolaryngology,1,0.004776233462291637,Low
services marketing,1,0.004776233462291637,Low
quality assurance process,1,0.004776233462291637,Low
solid principals,1,0.004776233462291637,Low
agent activation,1,0.004776233462291637,Low
assistant manager housekeeping,1,0.004776233462291637,Low
commvault backup administration,1,0.004776233462291637,Low
it infrastructure experience,1,0.004776233462291637,Low
salesforce core,1,0.004776233462291637,Low
salesforce testing,1,0.004776233462291637,Low
seismic design,1,0.004776233462291637,Low
power query m,1,0.004776233462291637,Low
mall leasing,1,0.004776233462291637,Low
retail leasing,1,0.004776233462291637,Low
apqr,1,0.004776233462291637,Low
cleaning validation,1,0.004776233462291637,Low
brim,1,0.004776233462291637,Low
sap brim,1,0.004776233462291637,Low
sap brim som,1,0.004776233462291637,Low
user acquisition,1,0.004776233462291637,Low
power bi gateways,1,0.004776233462291637,Low
corporate social responsibility,1,0.004776233462291637,Low
data verse,1,0.004776233462291637,Low
patient services,1,0.004776233462291637,Low
analysis services,1,0.004776233462291637,Low
energy transition,1,0.004776233462291637,Low
ms fabrics,1,0.004776233462291637,Low
secureboot,1,0.004776233462291637,Low
hybris architecture,1,0.004776233462291637,Low
hybris core,1,0.004776233462291637,Low
customer specialist,1,0.004776233462291637,Low
bpm/brm,1,0.004776233462291637,Low
ce portal,1,0.004776233462291637,Low
sap enterprise portal,1,0.004776233462291637,Low
sap portal,1,0.004776233462291637,Low
webdynpro java,1,0.004776233462291637,Low
principal designer,1,0.004776233462291637,Low
llm model,1,0.004776233462291637,Low
dissolution,1,0.004776233462291637,Low
quality control analysis,1,0.004776233462291637,Low
asyncio,1,0.004776233462291637,Low
and business analytics,1,0.004776233462291637,Low
beyondtrust,1,0.004776233462291637,Low
manufacturing standards,1,0.004776233462291637,Low
sap fico module,1,0.004776233462291637,Low
companies act 2013,1,0.004776233462291637,Low
power of attorney,1,0.004776233462291637,Low
sap bi,1,0.004776233462291637,Low
multus cni,1,0.004776233462291637,Low
neutron,1,0.004776233462291637,Low
database building,1,0.004776233462291637,Low
cloning,1,0.004776233462291637,Low
oracle apps dba,1,0.004776233462291637,Low
auto loan sales,1,0.004776233462291637,Low
hedge accounting,1,0.004776233462291637,Low
model driven apps,1,0.004776233462291637,Low
power automates,1,0.004776233462291637,Low
social responsibility,1,0.004776233462291637,Low
accident investigation,1,0.004776233462291637,Low
lead devops engineer,1,0.004776233462291637,Low
payment recovery,1,0.004776233462291637,Low
sap functional consultant,1,0.004776233462291637,Low
assembly drawings,1,0.004776233462291637,Low
fea tools,1,0.004776233462291637,Low
gis software,1,0.004776233462291637,Low
transaction operations,1,0.004776233462291637,Low
kibana dashboards,1,0.004776233462291637,Low
legato,1,0.004776233462291637,Low
big data ecosystem,1,0.004776233462291637,Low
tax determination,1,0.004776233462291637,Low
axle,1,0.004776233462291637,Low
senior engineer- axle & drive line,1,0.004776233462291637,Low
unix operating system,1,0.004776233462291637,Low
early years,1,0.004776233462291637,Low
layout planning,1,0.004776233462291637,Low
piping isometrics,1,0.004776233462291637,Low
piping layout,1,0.004776233462291637,Low
cybersecurity operations,1,0.004776233462291637,Low
kubernetes administration,1,0.004776233462291637,Low
email authentication,1,0.004776233462291637,Low
agile delivery model,1,0.004776233462291637,Low
pgt physics,1,0.004776233462291637,Low
power pages,1,0.004776233462291637,Low
talent operations,1,0.004776233462291637,Low
barcode scanners,1,0.004776233462291637,Low
ikea,1,0.004776233462291637,Low
english voice process,1,0.004776233462291637,Low
5g nsa/sa,1,0.004776233462291637,Low
epdg / wmg,1,0.004776233462291637,Low
smf/upf,1,0.004776233462291637,Low
beauty advisor,1,0.004776233462291637,Low
paediatrics,1,0.004776233462291637,Low
executing sales strategy,1,0.004776233462291637,Low
sales manager - south,1,0.004776233462291637,Low
vista,1,0.004776233462291637,Low
ausf,1,0.004776233462291637,Low
kyc compliance,1,0.004776233462291637,Low
gastroenterologist,1,0.004776233462291637,Low
liver,1,0.004776233462291637,Low
medical gastroenterologist,1,0.004776233462291637,Low
pancreatic disorders,1,0.004776233462291637,Low
javascript es6,1,0.004776233462291637,Low
hospitality standards,1,0.004776233462291637,Low
hr associate,1,0.004776233462291637,Low
pipeline design,1,0.004776233462291637,Low
combustion,1,0.004776233462291637,Low
process improvement tools,1,0.004776233462291637,Low
any field sales,1,0.004776233462291637,Low
medical documents,1,0.004776233462291637,Low
blister packing,1,0.004776233462291637,Low
standards compliance,1,0.004776233462291637,Low
agile plm,1,0.004776233462291637,Low
spring boot 3,1,0.004776233462291637,Low
sccm/mecm,1,0.004776233462291637,Low
wealth advisory,1,0.004776233462291637,Low
internet browsing,1,0.004776233462291637,Low
web services testing,1,0.004776233462291637,Low
redfish,1,0.004776233462291637,Low
c/al,1,0.004776233462291637,Low
css framework,1,0.004776233462291637,Low
air india,1,0.004776233462291637,Low
cargo operations,1,0.004776233462291637,Low
finops leadership,1,0.004776233462291637,Low
non it recruitment,1,0.004776233462291637,Low
agro industry,1,0.004776233462291637,Low
commissioning and qualification,1,0.004776233462291637,Low
pareto chart,1,0.004776233462291637,Low
process maintenance,1,0.004776233462291637,Low
oasis,1,0.004776233462291637,Low
moveworks,1,0.004776233462291637,Low
communicative english,1,0.004776233462291637,Low
marketing mix,1,0.004776233462291637,Low
ev battery,1,0.004776233462291637,Low
software test automation,1,0.004776233462291637,Low
ehrs,1,0.004776233462291637,Low
web application architecture,1,0.004776233462291637,Low
cutting tool,1,0.004776233462291637,Low
fixture design,1,0.004776233462291637,Low
research analysis,1,0.004776233462291637,Low
compliance assurance,1,0.004776233462291637,Low
tableau reporting,1,0.004776233462291637,Low
eauction,1,0.004776233462291637,Low
p2p process,1,0.004776233462291637,Low
procurement contracts,1,0.004776233462291637,Low
azure adls,1,0.004776233462291637,Low
ibm odm,1,0.004776233462291637,Low
credit evaluation,1,0.004776233462291637,Low
sales pitching,1,0.004776233462291637,Low
frontline sales,1,0.004776233462291637,Low
ehs officer,1,0.004776233462291637,Low
safety engineering,1,0.004776233462291637,Low
agile rte,1,0.004776233462291637,Low
cost reporting,1,0.004776233462291637,Low
finops function,1,0.004776233462291637,Low
productivity analysis,1,0.004776233462291637,Low
s curve,1,0.004776233462291637,Low
sterling oms,1,0.004776233462291637,Low
jpeg,1,0.004776233462291637,Low
linux system programming,1,0.004776233462291637,Low
forwards,1,0.004776233462291637,Low
manager crm,1,0.004776233462291637,Low
time office management,1,0.004776233462291637,Low
finance analysts,1,0.004776233462291637,Low
monthly financial closing,1,0.004776233462291637,Low
plant p&l,1,0.004776233462291637,Low
loan setup,1,0.004776233462291637,Low
functional consultancy,1,0.004776233462291637,Low
piloting,1,0.004776233462291637,Low
stmcubeide,1,0.004776233462291637,Low
global content,1,0.004776233462291637,Low
aws cloud platforms,1,0.004776233462291637,Low
cost optimization initiatives,1,0.004776233462291637,Low
vendor relationship management,1,0.004776233462291637,Low
medical operations,1,0.004776233462291637,Low
training development,1,0.004776233462291637,Low
ai data quality,1,0.004776233462291637,Low
unix admin,1,0.004776233462291637,Low
exit formalities,1,0.004776233462291637,Low
construction engineer,1,0.004776233462291637,Low
erection methodologies,1,0.004776233462291637,Low
playwright testing,1,0.004776233462291637,Low
primary research,1,0.004776233462291637,Low
3d cad models,1,0.004776233462291637,Low
amesim,1,0.004776233462291637,Low
hydraulic design,1,0.004776233462291637,Low
logistic park,1,0.004776233462291637,Low
technology audit,1,0.004776233462291637,Low
benefits review,1,0.004776233462291637,Low
labour compliance,1,0.004776233462291637,Low
bathroom fittings,1,0.004776233462291637,Low
economic analysis,1,0.004776233462291637,Low
software solution architect,1,0.004776233462291637,Low
assurance & audit,1,0.004776233462291637,Low
education sales,1,0.004776233462291637,Low
calypso,1,0.004776233462291637,Low
alchemy,1,0.004776233462291637,Low
flask api,1,0.004776233462291637,Low
weddings,1,0.004776233462291637,Low
logistics park,1,0.004776233462291637,Low
financial planning & analytics,1,0.004776233462291637,Low
audit services,1,0.004776233462291637,Low
saltstack,1,0.004776233462291637,Low
sales tax,1,0.004776233462291637,Low
electrical protection systems,1,0.004776233462291637,Low
business development and growth,1,0.004776233462291637,Low
net 8,1,0.004776233462291637,Low
data asset,1,0.004776233462291637,Low
query resolutions,1,0.004776233462291637,Low
sap concur,1,0.004776233462291637,Low
new compound development,1,0.004776233462291637,Low
mern full stack,1,0.004776233462291637,Low
english language training,1,0.004776233462291637,Low
language training,1,0.004776233462291637,Low
electrical safety standards,1,0.004776233462291637,Low
power system studies,1,0.004776233462291637,Low
product life cycle management,1,0.004776233462291637,Low
switchgear design,1,0.004776233462291637,Low
team coordinate,1,0.004776233462291637,Low
iso/iec 17025,1,0.004776233462291637,Low
dialog programming,1,0.004776233462291637,Low
scaler,1,0.004776233462291637,Low
sap abap / s4 hana,1,0.004776233462291637,Low
build client relations,1,0.004776233462291637,Low
current account acquisition,1,0.004776233462291637,Low
pega lead,1,0.004776233462291637,Low
pega lead system architect,1,0.004776233462291637,Low
adb commands,1,0.004776233462291637,Low
water purification,1,0.004776233462291637,Low
open market sourcing,1,0.004776233462291637,Low
etl optimization,1,0.004776233462291637,Low
scsi,1,0.004776233462291637,Low
analog circuits,1,0.004776233462291637,Low
amazon cloud,1,0.004776233462291637,Low
senior vice president,1,0.004776233462291637,Low
district manager,1,0.004776233462291637,Low
customer service management,1,0.004776233462291637,Low
ui actions,1,0.004776233462291637,Low
architecting and designing,1,0.004776233462291637,Low
microsoft active directory,1,0.004776233462291637,Low
server support,1,0.004776233462291637,Low
negotiation & persuasion,1,0.004776233462291637,Low
gohighlevel,1,0.004776233462291637,Low
genaisys,1,0.004776233462291637,Low
magnolia cms,1,0.004776233462291637,Low
renewable energy sales,1,0.004776233462291637,Low
sr sales manager,1,0.004776233462291637,Low
job card,1,0.004776233462291637,Low
sap fresher,1,0.004776233462291637,Low
vendor code creation,1,0.004776233462291637,Low
capital machinery,1,0.004776233462291637,Low
microsoft azure services,1,0.004776233462291637,Low
microsoft power apps,1,0.004776233462291637,Low
mscrm,1,0.004776233462291637,Low
major incident manager,1,0.004776233462291637,Low
value analysis,1,0.004776233462291637,Low
firmware in c/c++,1,0.004776233462291637,Low
coordination with technical teams,1,0.004776233462291637,Low
delivery coordination,1,0.004776233462291637,Low
inventory & material management,1,0.004776233462291637,Low
monitor order status,1,0.004776233462291637,Low
java technical lead,1,0.004776233462291637,Low
pediatric care,1,0.004776233462291637,Low
episerver,1,0.004776233462291637,Low
gratuity act,1,0.004776233462291637,Low
presentation & facilitation,1,0.004776233462291637,Low
aiops architect,1,0.004776233462291637,Low
t&e,1,0.004776233462291637,Low
intrusion detection system,1,0.004776233462291637,Low
traditional ml,1,0.004776233462291637,Low
perl development,1,0.004776233462291637,Low
office leasing,1,0.004776233462291637,Low
special purpose machine,1,0.004776233462291637,Low
spm building,1,0.004776233462291637,Low
spm design,1,0.004776233462291637,Low
contentful,1,0.004776233462291637,Low
contentful cms,1,0.004776233462291637,Low
boomi atomsphere,1,0.004776233462291637,Low
diagnostic imaging,1,0.004776233462291637,Low
contractual compliance,1,0.004776233462291637,Low
reporting analytics,1,0.004776233462291637,Low
customer follow up,1,0.004776233462291637,Low
service reliability operator,1,0.004776233462291637,Low
windows 365,1,0.004776233462291637,Low
tractor loan,1,0.004776233462291637,Low
retail assets,1,0.004776233462291637,Low
flume,1,0.004776233462291637,Low
follow-up calls,1,0.004776233462291637,Low
survey management,1,0.004776233462291637,Low
ar aging,1,0.004776233462291637,Low
as built drawing,1,0.004776233462291637,Low
cpanel,1,0.004776233462291637,Low
lamp,1,0.004776233462291637,Low
spares management,1,0.004776233462291637,Low
customer acquisitions,1,0.004776233462291637,Low
medical transcriptionist,1,0.004776233462291637,Low
cross dock,1,0.004776233462291637,Low
pgdba,1,0.004776233462291637,Low
real estate valuation,1,0.004776233462291637,Low
docker container,1,0.004776233462291637,Low
packaging engineering,1,0.004776233462291637,Low
viewpoint,1,0.004776233462291637,Low
branch sales officer,1,0.004776233462291637,Low
business hygiene,1,0.004776233462291637,Low
animation & multimedia,1,0.004776233462291637,Low
grc modules,1,0.004776233462291637,Low
recruitment cloud,1,0.004776233462291637,Low
automobile service,1,0.004776233462291637,Low
general manager service,1,0.004776233462291637,Low
commercial activities,1,0.004776233462291637,Low
cost conscious,1,0.004776233462291637,Low
fabric development,1,0.004776233462291637,Low
contracts management,1,0.004776233462291637,Low
m365 administration,1,0.004776233462291637,Low
m365 services,1,0.004776233462291637,Low
mongodb architecture,1,0.004776233462291637,Low
mongodb database,1,0.004776233462291637,Low
alsa,1,0.004776233462291637,Low
opencl,1,0.004776233462291637,Low
risk assess,1,0.004776233462291637,Low
interior supervisor,1,0.004776233462291637,Low
di pipe,1,0.004776233462291637,Low
blog writing,1,0.004776233462291637,Low
corporate gifts,1,0.004776233462291637,Low
water dispenser sales,1,0.004776233462291637,Low
brand head,1,0.004776233462291637,Low
stata,1,0.004776233462291637,Low
reliability testing,1,0.004776233462291637,Low
v4l2,1,0.004776233462291637,Low
vulkan,1,0.004776233462291637,Low
cassandra database,1,0.004776233462291637,Low
b2b lead generation & outreach,1,0.004776233462291637,Low
structural drawing,1,0.004776233462291637,Low
sql support,1,0.004776233462291637,Low
collection modelling,1,0.004776233462291637,Low
automation and analytics,1,0.004776233462291637,Low
direct sales team,1,0.004776233462291637,Low
b2b business development,1,0.004776233462291637,Low
ferrochrome,1,0.004776233462291637,Low
hyperion financial reporting,1,0.004776233462291637,Low
optus,1,0.004776233462291637,Low
recruitment strategy & execution,1,0.004776233462291637,Low
admiral solutions,1,0.004776233462291637,Low
assistant director,1,0.004776233462291637,Low
general hr support,1,0.004776233462291637,Low
zoho applications,1,0.004776233462291637,Low
mongodb administration,1,0.004776233462291637,Low
smart metering systems,1,0.004776233462291637,Low
ifc testing,1,0.004776233462291637,Low
xbrl,1,0.004776233462291637,Low
oracle apps technical,1,0.004776233462291637,Low
hr data analyst,1,0.004776233462291637,Low
java code,1,0.004776233462291637,Low
bank authorizer,1,0.004776233462291637,Low
retail banking operations,1,0.004776233462291637,Low
panchakarma,1,0.004776233462291637,Low
electrical power distribution,1,0.004776233462291637,Low
government liaison,1,0.004776233462291637,Low
aem sites,1,0.004776233462291637,Low
pyomo,1,0.004776233462291637,Low
salesforce einstein analytics,1,0.004776233462291637,Low
glide apis,1,0.004776233462291637,Low
call audit,1,0.004776233462291637,Low
it procurement,1,0.004776233462291637,Low
it sourcing,1,0.004776233462291637,Low
baking,1,0.004776233462291637,Low
incident analysis,1,0.004776233462291637,Low
siem monitoring,1,0.004776233462291637,Low
pulses,1,0.004776233462291637,Low
project audit,1,0.004776233462291637,Low
cplex,1,0.004776233462291637,Low
gift cards,1,0.004776233462291637,Low
microsoft365,1,0.004776233462291637,Low
bodyshop advisor,1,0.004776233462291637,Low
ball mill,1,0.004776233462291637,Low
roller press,1,0.004776233462291637,Low
english training,1,0.004776233462291637,Low
infra projects,1,0.004776233462291637,Low
customer engagement initiatives,1,0.004776233462291637,Low
axway,1,0.004776233462291637,Low
itx/wtx,1,0.004776233462291637,Low
css corp,1,0.004776233462291637,Low
integration analyst,1,0.004776233462291637,Low
poly,1,0.004776233462291637,Low
material and resource management,1,0.004776233462291637,Low
timeline management,1,0.004776233462291637,Low
gynecologists,1,0.004776233462291637,Low
or decorative surface materials,1,0.004776233462291637,Low
training & quality management,1,0.004776233462291637,Low
ui policy,1,0.004776233462291637,Low
business studies,1,0.004776233462291637,Low
microsoft dynamics 365 crm,1,0.004776233462291637,Low
monitoring executive,1,0.004776233462291637,Low
nitrogen plant,1,0.004776233462291637,Low
forecasting & variance analysis,1,0.004776233462291637,Low
raw material purchase,1,0.004776233462291637,Low
manage interviews,1,0.004776233462291637,Low
ipdrg coding,1,0.004776233462291637,Low
capital market products,1,0.004776233462291637,Low
oracle 11g,1,0.004776233462291637,Low
hr training,1,0.004776233462291637,Low
afcs,1,0.004776233462291637,Low
tax payments,1,0.004776233462291637,Low
deviation analysis,1,0.004776233462291637,Low
ansys workbench,1,0.004776233462291637,Low
design compiler,1,0.004776233462291637,Low
gpu acceleration,1,0.004776233462291637,Low
electrical drafting,1,0.004776233462291637,Low
cadd,1,0.004776233462291637,Low
java servlets,1,0.004776233462291637,Low
material sourcing,1,0.004776233462291637,Low
state clients,1,0.004776233462291637,Low
change executive,1,0.004776233462291637,Low
die design,1,0.004776233462291637,Low
open systems,1,0.004776233462291637,Low
electrical draftsman,1,0.004776233462291637,Low
shop drawing,1,0.004776233462291637,Low
travel coordinator,1,0.004776233462291637,Low
campaign design,1,0.004776233462291637,Low
drupal 10,1,0.004776233462291637,Low
modular furniture,1,0.004776233462291637,Low
material coordinator,1,0.004776233462291637,Low
material reconciliation,1,0.004776233462291637,Low
gap identification,1,0.004776233462291637,Low
workday certified,1,0.004776233462291637,Low
sanskrit teacher,1,0.004776233462291637,Low
material purchase,1,0.004776233462291637,Low
cctv system,1,0.004776233462291637,Low
project billing,1,0.004776233462291637,Low
workday adaptive,1,0.004776233462291637,Low
peon activities,1,0.004776233462291637,Low
structural detailing,1,0.004776233462291637,Low
popup calls,1,0.004776233462291637,Low
trimming,1,0.004776233462291637,Low
netweaver java,1,0.004776233462291637,Low
mdg configuration,1,0.004776233462291637,Low
credit derivatives,1,0.004776233462291637,Low
steam boilers,1,0.004776233462291637,Low
commercial loans,1,0.004776233462291637,Low
data pipeline creation,1,0.004776233462291637,Low
qaps,1,0.004776233462291637,Low
interior & exterior,1,0.004776233462291637,Low
covendis,1,0.004776233462291637,Low
ph meter,1,0.004776233462291637,Low
purchasing / procurement,1,0.004776233462291637,Low
nr polymer,1,0.004776233462291637,Low
rubber compounding,1,0.004776233462291637,Low
ceipal,1,0.004776233462291637,Low
steel design,1,0.004776233462291637,Low
financial modeling and forecasting,1,0.004776233462291637,Low
ibnr estimates,1,0.004776233462291637,Low
mathematics & statistics,1,0.004776233462291637,Low
operations strategy,1,0.004776233462291637,Low
international uk process,1,0.004776233462291637,Low
incubation,1,0.004776233462291637,Low
algo trading,1,0.004776233462291637,Low
staffing services,1,0.004776233462291637,Low
vocals,1,0.004776233462291637,Low
google campaign,1,0.004776233462291637,Low
preparation of financial reports,1,0.004776233462291637,Low
oracle apps scm,1,0.004776233462291637,Low
accounts finalisation,1,0.004776233462291637,Low
ledger scrutiny,1,0.004776233462291637,Low
erp next,1,0.004776233462291637,Low
paye,1,0.004776233462291637,Low
pgt english,1,0.004776233462291637,Low
pgt english teacher,1,0.004776233462291637,Low
communication proficiency,1,0.004776233462291637,Low
healthcare terminology,1,0.004776233462291637,Low
waitress,1,0.004776233462291637,Low
ticketing support,1,0.004776233462291637,Low
inside sales manager,1,0.004776233462291637,Low
internet sales,1,0.004776233462291637,Low
spectrophotometry,1,0.004776233462291637,Low
texture,1,0.004776233462291637,Low
wealth head,1,0.004776233462291637,Low
online booking,1,0.004776233462291637,Low
patient management systems,1,0.004776233462291637,Low
agent workflow orchestration,1,0.004776233462291637,Low
spectrophotometer,1,0.004776233462291637,Low
couplings,1,0.004776233462291637,Low
dossier preparation,1,0.004776233462291637,Low
drg grouping,1,0.004776233462291637,Low
doctor visit,1,0.004776233462291637,Low
duty medical officer,1,0.004776233462291637,Low
academic counseling,1,0.004776233462291637,Low
accounting expertise,1,0.004776233462291637,Low
tax review,1,0.004776233462291637,Low
uk tax,1,0.004776233462291637,Low
azure ai foundry,1,0.004776233462291637,Low
rag architecture,1,0.004776233462291637,Low
angular2+,1,0.004776233462291637,Low
relational database design,1,0.004776233462291637,Low
senior software architect,1,0.004776233462291637,Low
procurement cycle,1,0.004776233462291637,Low
supplier negotiations,1,0.004776233462291637,Low
legal advisory,1,0.004776233462291637,Low
proposal writer,1,0.004776233462291637,Low
so processing,1,0.004776233462291637,Low
machine handling,1,0.004776233462291637,Low
monotech,1,0.004776233462291637,Low
data entry operations,1,0.004776233462291637,Low
enhanced due diligence,1,0.004776233462291637,Low
collection experience,1,0.004776233462291637,Low
home collection,1,0.004776233462291637,Low
max healthcare,1,0.004776233462291637,Low
branch business leader,1,0.004776233462291637,Low
aris,1,0.004776233462291637,Low
signavio,1,0.004776233462291637,Low
shipment tracking,1,0.004776233462291637,Low
erp executive,1,0.004776233462291637,Low
and aem,1,0.004776233462291637,Low
edge delivery services,1,0.004776233462291637,Low
interior fit-outs,1,0.004776233462291637,Low
site surveyor,1,0.004776233462291637,Low
amazon ppc,1,0.004776233462291637,Low
analytical software,1,0.004776233462291637,Low
btl campaigns,1,0.004776233462291637,Low
staff supervision,1,0.004776233462291637,Low
night operations,1,0.004776233462291637,Low
address verification,1,0.004776233462291637,Low
vehicle hiring,1,0.004776233462291637,Low
senior finance executive,1,0.004776233462291637,Low
residential design,1,0.004776233462291637,Low
clinical investigator,1,0.004776233462291637,Low
fluency in hindi,1,0.004776233462291637,Low
chief editor,1,0.004776233462291637,Low
chess,1,0.004776233462291637,Low
group lead,1,0.004776233462291637,Low
objective c,1,0.004776233462291637,Low
e mail chat process,1,0.004776233462291637,Low
specification manager,1,0.004776233462291637,Low
upvc doors,1,0.004776233462291637,Low
cloud web applications,1,0.004776233462291637,Low
unit testing framework,1,0.004776233462291637,Low
property documentation,1,0.004776233462291637,Low
property valuation,1,0.004776233462291637,Low
quantity surveyors,1,0.004776233462291637,Low
sap fico functional testing,1,0.004776233462291637,Low
hr dashboards,1,0.004776233462291637,Low
us taxation,1,0.004776233462291637,Low
recvue,1,0.004776233462291637,Low
elevations,1,0.004776233462291637,Low
transaction analysis,1,0.004776233462291637,Low
research & innovation,1,0.004776233462291637,Low
epicor,1,0.004776233462291637,Low
six sigma - minimum green belt,1,0.004776233462291637,Low
sap fico testing,1,0.004776233462291637,Low
sap functional testing,1,0.004776233462291637,Low
accounts reconciliation,1,0.004776233462291637,Low
project financing,1,0.004776233462291637,Low
aws code pipeline,1,0.004776233462291637,Low
code deploy,1,0.004776233462291637,Low
gear box,1,0.004776233462291637,Low
pytest framework,1,0.004776233462291637,Low
asset lifecycle,1,0.004776233462291637,Low
asset lifecycle management,1,0.004776233462291637,Low
sam certification,1,0.004776233462291637,Low
servicenow ham,1,0.004776233462291637,Low
div7a,1,0.004776233462291637,Low
hire purchase schedule,1,0.004776233462291637,Low
myob,1,0.004776233462291637,Low
decision sciences,1,0.004776233462291637,Low
investran,1,0.004776233462291637,Low
sox audit,1,0.004776233462291637,Low
rural finance,1,0.004776233462291637,Low
report builder,1,0.004776233462291637,Low
materials development,1,0.004776233462291637,Low
gui automation,1,0.004776233462291637,Low
agrochemicals,1,0.004776233462291637,Low
hr analyst,1,0.004776233462291637,Low
p&l analysis,1,0.004776233462291637,Low
ms.net,1,0.004776233462291637,Low
call center operations,1,0.004776233462291637,Low
it business development,1,0.004776233462291637,Low
capital calls,1,0.004776233462291637,Low
eagle,1,0.004776233462291637,Low
financial statement reporting,1,0.004776233462291637,Low
xero practice manager,1,0.004776233462291637,Low
ipqc,1,0.004776233462291637,Low
halal,1,0.004776233462291637,Low
qc executive,1,0.004776233462291637,Low
tribal knowledge,1,0.004776233462291637,Low
project contracts,1,0.004776233462291637,Low
project contracts engineer,1,0.004776233462291637,Low
c code,1,0.004776233462291637,Low
title industry,1,0.004776233462291637,Low
dsos,1,0.004776233462291637,Low
solar design,1,0.004776233462291637,Low
hub incharge,1,0.004776233462291637,Low
swedish,1,0.004776233462291637,Low
database creation,1,0.004776233462291637,Low
fulfillment executive,1,0.004776233462291637,Low
client follow-up,1,0.004776233462291637,Low
electrical troubleshooting,1,0.004776233462291637,Low
volume analysis,1,0.004776233462291637,Low
model-driven apps,1,0.004776233462291637,Low
pl-100,1,0.004776233462291637,Low
pl-200,1,0.004776233462291637,Low
applications support,1,0.004776233462291637,Low
jabber,1,0.004776233462291637,Low
call auditing,1,0.004776233462291637,Low
servo drives,1,0.004776233462291637,Low
project quotation,1,0.004776233462291637,Low
ps module,1,0.004776233462291637,Low
sap ps integration,1,0.004776233462291637,Low
getpaid,1,0.004776233462291637,Low
kaizen events,1,0.004776233462291637,Low
angular 17,1,0.004776233462291637,Low
script writing,1,0.004776233462291637,Low
influencer marketing campaigns,1,0.004776233462291637,Low
qc lab,1,0.004776233462291637,Low
stress management,1,0.004776233462291637,Low
tool room operations,1,0.004776233462291637,Low
vehicle integration,1,0.004776233462291637,Low
home based,1,0.004776233462291637,Low
coordinate with hiring managers for manpower planning,1,0.004776233462291637,Low
firestore,1,0.004776233462291637,Low
esi act,1,0.004776233462291637,Low
sales team management,1,0.004776233462291637,Low
factory hr,1,0.004776233462291637,Low
package sales,1,0.004776233462291637,Low
equity research,1,0.004776233462291637,Low
oracle workflow,1,0.004776233462291637,Low
sourcing & planning,1,0.004776233462291637,Low
speech recognition,1,0.004776233462291637,Low
cheque payment,1,0.004776233462291637,Low
document splitting,1,0.004776233462291637,Low
braze,1,0.004776233462291637,Low
sleep study,1,0.004776233462291637,Low
investor relation,1,0.004776233462291637,Low
complaints resolution,1,0.004776233462291637,Low
chief finance officer,1,0.004776233462291637,Low
stp/wtp,1,0.004776233462291637,Low
eppm,1,0.004776233462291637,Low
s/4 hana controlling,1,0.004776233462291637,Low
it/ot systems,1,0.004776233462291637,Low
siemens tia portal,1,0.004776233462291637,Low
coding compliance,1,0.004776233462291637,Low
infor a,1,0.004776233462291637,Low
oracle v12,1,0.004776233462291637,Low
general duties,1,0.004776233462291637,Low
net framework 4.8,1,0.004776233462291637,Low
product detailing,1,0.004776233462291637,Low
domestic travel,1,0.004776233462291637,Low
100 tph,1,0.004776233462291637,Low
uk it recruiter,1,0.004776233462291637,Low
uk it recruitment,1,0.004776233462291637,Low
uk recruitment,1,0.004776233462291637,Low
video host,1,0.004776233462291637,Low
yoga trainer,1,0.004776233462291637,Low
industry analysis,1,0.004776233462291637,Low
ms power point,1,0.004776233462291637,Low
requirements management,1,0.004776233462291637,Low
training operations,1,0.004776233462291637,Low
lng project advisor,1,0.004776233462291637,Low
marine engineering,1,0.004776233462291637,Low
ipd billing,1,0.004776233462291637,Low
tourism management,1,0.004776233462291637,Low
ehs policies,1,0.004776233462291637,Low
loan documents,1,0.004776233462291637,Low
azure ad connect,1,0.004776233462291637,Low
bfsi compliance,1,0.004776233462291637,Low
btl activity,1,0.004776233462291637,Low
market approach,1,0.004776233462291637,Low
lead generation & client acquisition,1,0.004776233462291637,Low
service development,1,0.004776233462291637,Low
sap presales,1,0.004776233462291637,Low
lc documentation,1,0.004776233462291637,Low
troubleshooting desktop,1,0.004776233462291637,Low
singing,1,0.004776233462291637,Low
2d/3d drawings,1,0.004776233462291637,Low
frappe,1,0.004776233462291637,Low
frappe framework,1,0.004776233462291637,Low
lighting control,1,0.004776233462291637,Low
catia design,1,0.004776233462291637,Low
ehs training,1,0.004776233462291637,Low
hse documentation,1,0.004776233462291637,Low
barc,1,0.004776233462291637,Low
cr scanner,1,0.004776233462291637,Low
rtfi,1,0.004776233462291637,Low
rtr operator,1,0.004776233462291637,Low
agile development methodology,1,0.004776233462291637,Low
mimir,1,0.004776233462291637,Low
open telemetry,1,0.004776233462291637,Low
performance center,1,0.004776233462291637,Low
vugen,1,0.004776233462291637,Low
non collection,1,0.004776233462291637,Low
staining,1,0.004776233462291637,Low
tissue processing,1,0.004776233462291637,Low
insurance process,1,0.004776233462291637,Low
compliance & safety,1,0.004776233462291637,Low
lease deed,1,0.004776233462291637,Low
sitescope,1,0.004776233462291637,Low
tempo,1,0.004776233462291637,Low
ms office 365,1,0.004776233462291637,Low
carbon black,1,0.004776233462291637,Low
turbo,1,0.004776233462291637,Low
outgoing quality control,1,0.004776233462291637,Low
api framework,1,0.004776233462291637,Low
purchase vendor development,1,0.004776233462291637,Low
event promotion,1,0.004776233462291637,Low
print sales,1,0.004776233462291637,Low
radio sales,1,0.004776233462291637,Low
national service,1,0.004776233462291637,Low
apac payroll,1,0.004776233462291637,Low
autosys scheduler,1,0.004776233462291637,Low
secuirty,1,0.004776233462291637,Low
secure sdlc,1,0.004776233462291637,Low
security engineering,1,0.004776233462291637,Low
expense analysis,1,0.004776233462291637,Low
commercial underwriting,1,0.004776233462291637,Low
real estate underwriting,1,0.004776233462291637,Low
ifsca,1,0.004776233462291637,Low
azure vm,1,0.004776233462291637,Low
failure rate analysis,1,0.004776233462291637,Low
mttr analysis,1,0.004776233462291637,Low
stock report,1,0.004776233462291637,Low
installation quality,1,0.004776233462291637,Low
installation services,1,0.004776233462291637,Low
service coordination,1,0.004776233462291637,Low
jenkins/bamboo,1,0.004776233462291637,Low
instrument sales,1,0.004776233462291637,Low
insolvency,1,0.004776233462291637,Low
insolvency and bankruptcy,1,0.004776233462291637,Low
telecom bss,1,0.004776233462291637,Low
metro projects,1,0.004776233462291637,Low
sales targets and kpis,1,0.004776233462291637,Low
crm software proficiency,1,0.004776233462291637,Low
sap procurement,1,0.004776233462291637,Low
sap vim,1,0.004776233462291637,Low
qt creator,1,0.004776233462291637,Low
software debugging,1,0.004776233462291637,Low
voice only,1,0.004776233462291637,Low
client lifecycle management,1,0.004776233462291637,Low
aegis,1,0.004776233462291637,Low
facility administration,1,0.004776233462291637,Low
manufacturing module,1,0.004776233462291637,Low
pick and place,1,0.004776233462291637,Low
zuken admin,1,0.004776233462291637,Low
broadcom api,1,0.004776233462291637,Low
ca api gateway,1,0.004776233462291637,Low
ca api management,1,0.004776233462291637,Low
nach,1,0.004776233462291637,Low
programming faculty,1,0.004776233462291637,Low
failure mode effect analysis,1,0.004776233462291637,Low
failure rate,1,0.004776233462291637,Low
gstr-9,1,0.004776233462291637,Low
tds calculations,1,0.004776233462291637,Low
readymix,1,0.004776233462291637,Low
cash flow analysis,1,0.004776233462291637,Low
cash flow modeling,1,0.004776233462291637,Low
securitization,1,0.004776233462291637,Low
antlr,1,0.004776233462291637,Low
wordpress cms,1,0.004776233462291637,Low
coal mill,1,0.004776233462291637,Low
construction methods,1,0.004776233462291637,Low
travel logistics,1,0.004776233462291637,Low
seo on page,1,0.004776233462291637,Low
crm integration,1,0.004776233462291637,Low
primefaces,1,0.004776233462291637,Low
suitecloud development framework,1,0.004776233462291637,Low
sharepoint support,1,0.004776233462291637,Low
cetp,1,0.004776233462291637,Low
azure networking,1,0.004776233462291637,Low
mitre attack,1,0.004776233462291637,Low
sql server 2022,1,0.004776233462291637,Low
windows failover cluster,1,0.004776233462291637,Low
animal feed,1,0.004776233462291637,Low
exotic materials,1,0.004776233462291637,Low
nickel,1,0.004776233462291637,Low
testing & inspection,1,0.004776233462291637,Low
gemology,1,0.004776233462291637,Low
school counsellor,1,0.004776233462291637,Low
playwright automation,1,0.004776233462291637,Low
accounting transactions,1,0.004776233462291637,Low
gst audits,1,0.004776233462291637,Low
gstr-1,1,0.004776233462291637,Low
gstr-3b,1,0.004776233462291637,Low
assembly setup,1,0.004776233462291637,Low
sap fi tax,1,0.004776233462291637,Low
d.pharm,1,0.004776233462291637,Low
retail pharmacy,1,0.004776233462291637,Low
building project,1,0.004776233462291637,Low
visa counsellor,1,0.004776233462291637,Low
tuxedo,1,0.004776233462291637,Low
villa sales,1,0.004776233462291637,Low
web chat,1,0.004776233462291637,Low
agro chemicals,1,0.004776233462291637,Low
dispersing agents,1,0.004776233462291637,Low
dyes,1,0.004776233462291637,Low
surfactants,1,0.004776233462291637,Low
tax return preparation,1,0.004776233462291637,Low
vat return,1,0.004776233462291637,Low
sales manager real estate,1,0.004776233462291637,Low
leave administration,1,0.004776233462291637,Low
video editors,1,0.004776233462291637,Low
extractable and leachable,1,0.004776233462291637,Low
method transfer,1,0.004776233462291637,Low
vnets,1,0.004776233462291637,Low
m.ed,1,0.004776233462291637,Low
cold storage,1,0.004776233462291637,Low
deep freezers,1,0.004776233462291637,Low
store equipment,1,0.004776233462291637,Low
retailing,1,0.004776233462291637,Low
sr sales officer,1,0.004776233462291637,Low
capital market operations,1,0.004776233462291637,Low
individual loan,1,0.004776233462291637,Low
supplier coordination,1,0.004776233462291637,Low
student programs,1,0.004776233462291637,Low
student support & mentoring,1,0.004776233462291637,Low
stul,1,0.004776233462291637,Low
coordination & team engagement,1,0.004776233462291637,Low
event planning & student engagement,1,0.004776233462291637,Low
nonprofit/ngo operations,1,0.004776233462291637,Low
program & batch management,1,0.004776233462291637,Low
school outreach,1,0.004776233462291637,Low
interior fitout,1,0.004776233462291637,Low
inbound operations,1,0.004776233462291637,Low
web ui development,1,0.004776233462291637,Low
customer support manager,1,0.004776233462291637,Low
customer support operations,1,0.004776233462291637,Low
clients relationship,1,0.004776233462291637,Low
stock trading,1,0.004776233462291637,Low
quality supervisor,1,0.004776233462291637,Low
linkedin sourcing,1,0.004776233462291637,Low
aerospike,1,0.004776233462291637,Low
bchh-c,1,0.004776233462291637,Low
home health coder,1,0.004776233462291637,Low
ipo documentation,1,0.004776233462291637,Low
client invoicing,1,0.004776233462291637,Low
gst compliances,1,0.004776233462291637,Low
high speed internet,1,0.004776233462291637,Low
online teaching,1,0.004776233462291637,Low
vllm,1,0.004776233462291637,Low
rf testing,1,0.004776233462291637,Low
software test development,1,0.004776233462291637,Low
telecommunication engineering,1,0.004776233462291637,Low
lamps,1,0.004776233462291637,Low
lead electrical & electronic design projects,1,0.004776233462291637,Low
after sales process,1,0.004776233462291637,Low
cruise booking,1,0.004776233462291637,Low
small ticket unsecured loan,1,0.004776233462291637,Low
strong comm,1,0.004776233462291637,Low
parenteral,1,0.004776233462291637,Low
saviynt iga,1,0.004776233462291637,Low
pen tablet,1,0.004776233462291637,Low
drip marketing,1,0.004776233462291637,Low
unity3d,1,0.004776233462291637,Low
aws cloud engineer,1,0.004776233462291637,Low
interior design projects,1,0.004776233462291637,Low
office interior,1,0.004776233462291637,Low
startup hiring,1,0.004776233462291637,Low
selling security solutions,1,0.004776233462291637,Low
email marketing campaign,1,0.004776233462291637,Low
odi filing,1,0.004776233462291637,Low
claim settlement,1,0.004776233462291637,Low
hdmi,1,0.004776233462291637,Low
sop development,1,0.004776233462291637,Low
m&e engineer,1,0.004776233462291637,Low
recruiter coordinator,1,0.004776233462291637,Low
air export,1,0.004776233462291637,Low
air export pricing,1,0.004776233462291637,Low
data qa,1,0.004776233462291637,Low
data transformation logic,1,0.004776233462291637,Low
idea generation,1,0.004776233462291637,Low
engineering items,1,0.004776233462291637,Low
english typing,1,0.004776233462291637,Low
executive- fabric lab,1,0.004776233462291637,Low
fabric testing,1,0.004776233462291637,Low
lead trainer,1,0.004776233462291637,Low
svar,1,0.004776233462291637,Low
fire and safety guard,1,0.004776233462291637,Low
piping support,1,0.004776233462291637,Low
chanel sales,1,0.004776233462291637,Low
object oriented languages,1,0.004776233462291637,Low
product validation,1,0.004776233462291637,Low
ai/ml deployment,1,0.004776233462291637,Low
aws cloud engineering,1,0.004776233462291637,Low
container networking,1,0.004776233462291637,Low
unani medicine,1,0.004776233462291637,Low
urdu,1,0.004776233462291637,Low
salesforce service cloud,1,0.004776233462291637,Low
brakes,1,0.004776233462291637,Low
machine programming,1,0.004776233462291637,Low
msc chemistry,1,0.004776233462291637,Low
vending machine,1,0.004776233462291637,Low
java automation,1,0.004776233462291637,Low
container orchestration solution,1,0.004776233462291637,Low
fargate,1,0.004776233462291637,Low
image management,1,0.004776233462291637,Low
she compliance,1,0.004776233462291637,Low
marketplace advertising,1,0.004776233462291637,Low
b arch,1,0.004776233462291637,Low
counselling psychologist,1,0.004776233462291637,Low
distributor manager,1,0.004776233462291637,Low
java automation testing,1,0.004776233462291637,Low
embedded system development,1,0.004776233462291637,Low
mep activities,1,0.004776233462291637,Low
draftman,1,0.004776233462291637,Low
model governance,1,0.004776233462291637,Low
head supply chain,1,0.004776233462291637,Low
ce module,1,0.004776233462291637,Low
dynamic 365,1,0.004776233462291637,Low
property advisor,1,0.004776233462291637,Low
area knowledge,1,0.004776233462291637,Low
data concepts,1,0.004776233462291637,Low
lead generation & sales,1,0.004776233462291637,Low
headcount planning,1,0.004776233462291637,Low
high eq,1,0.004776233462291637,Low
manager materials,1,0.004776233462291637,Low
onetrust developer,1,0.004776233462291637,Low
assembly fitter,1,0.004776233462291637,Low
greige fabric,1,0.004776233462291637,Low
markup languages,1,0.004776233462291637,Low
equipment calibration,1,0.004776233462291637,Low
it trainer,1,0.004776233462291637,Low
bams doctor,1,0.004776233462291637,Low
plant quality,1,0.004776233462291637,Low
unsecured business loan,1,0.004776233462291637,Low
ar executive,1,0.004776233462291637,Low
documentation and record keeping,1,0.004776233462291637,Low
entrepreneurship development,1,0.004776233462291637,Low
hygiene & safety,1,0.004776233462291637,Low
scheme design,1,0.004776233462291637,Low
township project,1,0.004776233462291637,Low
tailwindcss,1,0.004776233462291637,Low
painting inspector,1,0.004776233462291637,Low
health insurance channel sales,1,0.004776233462291637,Low
gst and tds compliances,1,0.004776233462291637,Low
opd operations,1,0.004776233462291637,Low
it returns,1,0.004776233462291637,Low
kashflow,1,0.004776233462291637,Low
midas,1,0.004776233462291637,Low
governance / compliance,1,0.004776233462291637,Low
site acquisition,1,0.004776233462291637,Low
tedds,1,0.004776233462291637,Low
authentication/authorization systems,1,0.004776233462291637,Low
hedging,1,0.004776233462291637,Low
brand partnerships,1,0.004776233462291637,Low
oracle business intelligence,1,0.004776233462291637,Low
risk management system,1,0.004776233462291637,Low
cloud vms resource finalisation,1,0.004776233462291637,Low
migrating on-premises application on cloud platforms,1,0.004776233462291637,Low
tendering & bidding,1,0.004776233462291637,Low
electronics components,1,0.004776233462291637,Low
roll forming,1,0.004776233462291637,Low
solar structure,1,0.004776233462291637,Low
steel processing,1,0.004776233462291637,Low
literature survey,1,0.004776233462291637,Low
ci/cd piplines,1,0.004776233462291637,Low
investor presentations,1,0.004776233462291637,Low
real estate accounting,1,0.004776233462291637,Low
electrical testing,1,0.004776233462291637,Low
ce marking,1,0.004776233462291637,Low
sap development,1,0.004776233462291637,Low
computer and excel,1,0.004776233462291637,Low
production documentation,1,0.004776233462291637,Low
audit analytics,1,0.004776233462291637,Low
line haul,1,0.004776233462291637,Low
client service management,1,0.004776233462291637,Low
eu mdr,1,0.004776233462291637,Low
holter monitoring,1,0.004776233462291637,Low
staff scheduling,1,0.004776233462291637,Low
global talent acquisition,1,0.004776233462291637,Low
data center infrastructure,1,0.004776233462291637,Low
net application development,1,0.004776233462291637,Low
sap trm,1,0.004776233462291637,Low
human capital management,1,0.004776233462291637,Low
ip configuration,1,0.004776233462291637,Low
barter,1,0.004776233462291637,Low
cookware,1,0.004776233462291637,Low
oracle osm,1,0.004776233462291637,Low
keystone,1,0.004776233462291637,Low
work breakdown structure,1,0.004776233462291637,Low
splunk development,1,0.004776233462291637,Low
large format retail,1,0.004776233462291637,Low
membership enrollment,1,0.004776233462291637,Low
fans,1,0.004776233462291637,Low
python web framework,1,0.004776233462291637,Low
inlet,1,0.004776233462291637,Low
project feasibility,1,0.004776233462291637,Low
high-level administrative support,1,0.004776233462291637,Low
solar rooftop,1,0.004776233462291637,Low
tableau cloud,1,0.004776233462291637,Low
hmsi,1,0.004776233462291637,Low
shock absorber,1,0.004776233462291637,Low
apache superset,1,0.004776233462291637,Low
lan troubleshooting,1,0.004776233462291637,Low
zomato,1,0.004776233462291637,Low
backend/frontend,1,0.004776233462291637,Low
credit collection,1,0.004776233462291637,Low
hitrust,1,0.004776233462291637,Low
solenoid valves,1,0.004776233462291637,Low
road safety,1,0.004776233462291637,Low
expeditor,1,0.004776233462291637,Low
art and craft,1,0.004776233462291637,Low
medical procedures,1,0.004776233462291637,Low
senior resident anesthesia,1,0.004776233462291637,Low
academy operations,1,0.004776233462291637,Low
student onboarding,1,0.004776233462291637,Low
outbound telesales,1,0.004776233462291637,Low
sun life,1,0.004776233462291637,Low
ameyo,1,0.004776233462291637,Low
central operations,1,0.004776233462291637,Low
including macros,1,0.004776233462291637,Low
uk customes advanced compliance certification,1,0.004776233462291637,Low
vba scripting,1,0.004776233462291637,Low
mortgage underwriter,1,0.004776233462291637,Low
cads rc,1,0.004776233462291637,Low
production planning & inventory control,1,0.004776233462291637,Low
honda,1,0.004776233462291637,Low
e way bills,1,0.004776233462291637,Low
clinical manager,1,0.004776233462291637,Low
mobile ui/ux principles,1,0.004776233462291637,Low
urban design,1,0.004776233462291637,Low
premium calculation,1,0.004776233462291637,Low
prophet,1,0.004776233462291637,Low
valuation analysis,1,0.004776233462291637,Low
urban planner,1,0.004776233462291637,Low
systems completion engineer,1,0.004776233462291637,Low
terra,1,0.004776233462291637,Low
jmag,1,0.004776233462291637,Low
motor design,1,0.004776233462291637,Low
solvency analysis,1,0.004776233462291637,Low
semantic layers,1,0.004776233462291637,Low
solution lead,1,0.004776233462291637,Low
power bi service,1,0.004776233462291637,Low
expedia,1,0.004776233462291637,Low
limestone,1,0.004776233462291637,Low
opencast,1,0.004776233462291637,Low
chinese language,1,0.004776233462291637,Low
cyber ark,1,0.004776233462291637,Low
debt syndication,1,0.004776233462291637,Low
loan closure,1,0.004776233462291637,Low
generalistic,1,0.004776233462291637,Low
messaging queue,1,0.004776233462291637,Low
system development life cycle,1,0.004776233462291637,Low
performance appraisal system,1,0.004776233462291637,Low
consumer cases,1,0.004776233462291637,Low
induction training,1,0.004776233462291637,Low
mineral processing,1,0.004776233462291637,Low
plant engineering,1,0.004776233462291637,Low
financial cloud,1,0.004776233462291637,Low
salesforce sales/service cloud,1,0.004776233462291637,Low
aerospace materials,1,0.004776233462291637,Low
aircraft design,1,0.004776233462291637,Low
gui testing,1,0.004776233462291637,Low
bills payable,1,0.004776233462291637,Low
vessel logistics advisor,1,0.004776233462291637,Low
banking support,1,0.004776233462291637,Low
enterprise application development,1,0.004776233462291637,Low
composite materials,1,0.004776233462291637,Low
modal analysis,1,0.004776233462291637,Low
nasgro,1,0.004776233462291637,Low
optistruct,1,0.004776233462291637,Low
aws java,1,0.004776233462291637,Low
erp consultant,1,0.004776233462291637,Low
suitecloud developer,1,0.004776233462291637,Low
soft skill trainer,1,0.004776233462291637,Low
bottling,1,0.004776233462291637,Low
modular kitchen design,1,0.004776233462291637,Low
direct purchase,1,0.004776233462291637,Low
project industry,1,0.004776233462291637,Low
welding consumables,1,0.004776233462291637,Low
netconf,1,0.004776233462291637,Low
l2 production support,1,0.004776233462291637,Low
sparx enterprise architect,1,0.004776233462291637,Low
major incident management,1,0.004776233462291637,Low
ifrs compliance,1,0.004776233462291637,Low
ifrs standards,1,0.004776233462291637,Low
delivery activities,1,0.004776233462291637,Low
technical officer,1,0.004776233462291637,Low
technology leadership,1,0.004776233462291637,Low
letter of credit,1,0.004776233462291637,Low
application gateway,1,0.004776233462291637,Low
legal research,1,0.004776233462291637,Low
stock market analysis,1,0.004776233462291637,Low
international financial reporting,1,0.004776233462291637,Low
system health checks,1,0.004776233462291637,Low
user administration,1,0.004776233462291637,Low
employee central certification,1,0.004776233462291637,Low
multiple product,1,0.004776233462291637,Low
family office,1,0.004776233462291637,Low
dme process,1,0.004776233462291637,Low
durable medical equipment,1,0.004776233462291637,Low
lithium,1,0.004776233462291637,Low
lithium ion battery,1,0.004776233462291637,Low
anodizing,1,0.004776233462291637,Low
mold maintenance,1,0.004776233462291637,Low
db2 database,1,0.004776233462291637,Low
z/os,1,0.004776233462291637,Low
contract law,1,0.004776233462291637,Low
room boy,1,0.004776233462291637,Low
affidavits,1,0.004776233462291637,Low
rubrik,1,0.004776233462291637,Low
abap workbench,1,0.004776233462291637,Low
ibm db2,1,0.004776233462291637,Low
er studio,1,0.004776233462291637,Low
eicher,1,0.004776233462291637,Low
nbfc lending,1,0.004776233462291637,Low
volvo,1,0.004776233462291637,Low
test automation playwright,1,0.004776233462291637,Low
bank reconciliation & banking related activities,1,0.004776233462291637,Low
processing accounts payable,1,0.004776233462291637,Low
processing sales invoices,1,0.004776233462291637,Low
purchase bills accounting experience,1,0.004776233462291637,Low
digital marketing expert,1,0.004776233462291637,Low
calls handling,1,0.004776233462291637,Low
patient handling,1,0.004776233462291637,Low
nsfr,1,0.004776233462291637,Low
sap software,1,0.004776233462291637,Low
isis,1,0.004776233462291637,Low
patient relations,1,0.004776233462291637,Low
predictive model,1,0.004776233462291637,Low
gc analysis,1,0.004776233462291637,Low
qlik replicate,1,0.004776233462291637,Low
instrument calibration,1,0.004776233462291637,Low
liquidity reporting,1,0.004776233462291637,Low
aws api gateway,1,0.004776233462291637,Low
aws cloud platform,1,0.004776233462291637,Low
aws code commit,1,0.004776233462291637,Low
transport planning,1,0.004776233462291637,Low
heat treatment engineer,1,0.004776233462291637,Low
ht furnace,1,0.004776233462291637,Low
hr helpdesk,1,0.004776233462291637,Low
salesforce admin,1,0.004776233462291637,Low
circuit simulation,1,0.004776233462291637,Low
destination management,1,0.004776233462291637,Low
store audit,1,0.004776233462291637,Low
sales & revenue,1,0.004776233462291637,Low
electrical mep draftsman,1,0.004776233462291637,Low
virtual banking,1,0.004776233462291637,Low
oracle hcm modules,1,0.004776233462291637,Low
claim payment,1,0.004776233462291637,Low
qaqc engineer,1,0.004776233462291637,Low
product compliance,1,0.004776233462291637,Low
lean manufacturing concepts,1,0.004776233462291637,Low
orthodontics,1,0.004776233462291637,Low
income tax filing,1,0.004776233462291637,Low
tax filing,1,0.004776233462291637,Low
supervisory skills,1,0.004776233462291637,Low
click funnels,1,0.004776233462291637,Low
aspen cce,1,0.004776233462291637,Low
leadership management,1,0.004776233462291637,Low
property laws,1,0.004776233462291637,Low
hindi typing,1,0.004776233462291637,Low
sap mdm,1,0.004776233462291637,Low
meta pixel,1,0.004776233462291637,Low
meta pixel conversion tracking codes,1,0.004776233462291637,Low
abap debugging,1,0.004776233462291637,Low
function modules,1,0.004776233462291637,Low
rebates,1,0.004776233462291637,Low
variant configuration,1,0.004776233462291637,Low
skill gap analysis,1,0.004776233462291637,Low
data analyst lead,1,0.004776233462291637,Low
demand letter,1,0.004776233462291637,Low
land development,1,0.004776233462291637,Low
real estate documentation,1,0.004776233462291637,Low
target orientation,1,0.004776233462291637,Low
design controls,1,0.004776233462291637,Low
key account handling,1,0.004776233462291637,Low
social media content manager,1,0.004776233462291637,Low
distribution handling,1,0.004776233462291637,Low
ai integration,1,0.004776233462291637,Low
drupal cms,1,0.004776233462291637,Low
naps,1,0.004776233462291637,Low
cppp,1,0.004776233462291637,Low
electrical product,1,0.004776233462291637,Low
new account acquisition,1,0.004776233462291637,Low
wcf services,1,0.004776233462291637,Low
showroom manager,1,0.004776233462291637,Low
slideware,1,0.004776233462291637,Low
cnc operator,1,0.004776233462291637,Low
mobile accessories,1,0.004776233462291637,Low
purchase coordinator,1,0.004776233462291637,Low
angular react,1,0.004776233462291637,Low
media mix modeling,1,0.004776233462291637,Low
spring hibernate,1,0.004776233462291637,Low
google cloud ai,1,0.004776233462291637,Low
storage racking,1,0.004776233462291637,Low
5s audit,1,0.004776233462291637,Low
new part development,1,0.004776233462291637,Low
ohsas,1,0.004776233462291637,Low
product audit,1,0.004776233462291637,Low
pharma production,1,0.004776233462291637,Low
license management,1,0.004776233462291637,Low
europe market,1,0.004776233462291637,Low
global transfer pricing,1,0.004776233462291637,Low
hr reporting,1,0.004776233462291637,Low
business to business,1,0.004776233462291637,Low
auto sales,1,0.004776233462291637,Low
live underwriting,1,0.004776233462291637,Low
wire cut,1,0.004776233462291637,Low
wire edm,1,0.004776233462291637,Low
microsoft dynamics 365 finance and operations,1,0.004776233462291637,Low
acf2,1,0.004776233462291637,Low
privilege access management,1,0.004776233462291637,Low
racf,1,0.004776233462291637,Low
vanguard,1,0.004776233462291637,Low
non clinical,1,0.004776233462291637,Low
area sales executive,1,0.004776233462291637,Low
distributor appointment,1,0.004776233462291637,Low
bpo only,1,0.004776233462291637,Low
retail store manager,1,0.004776233462291637,Low
supply chain executive,1,0.004776233462291637,Low
business dev,1,0.004776233462291637,Low
otc collection,1,0.004776233462291637,Low
crm marketing,1,0.004776233462291637,Low
deep draw,1,0.004776233462291637,Low
valgrind,1,0.004776233462291637,Low
lyophilization,1,0.004776233462291637,Low
commodity management,1,0.004776233462291637,Low
e-auctions,1,0.004776233462291637,Low
infrastructure procurement,1,0.004776233462291637,Low
enterprise development,1,0.004776233462291637,Low
racking,1,0.004776233462291637,Low
subversion,1,0.004776233462291637,Low
android auto,1,0.004776233462291637,Low
infotainment system,1,0.004776233462291637,Low
progressive tool,1,0.004776233462291637,Low
progressive tool design,1,0.004776233462291637,Low
stamping parts,1,0.004776233462291637,Low
hvac projects,1,0.004776233462291637,Low
bulk sales,1,0.004776233462291637,Low
superspeciality,1,0.004776233462291637,Low
cbi certified,1,0.004776233462291637,Low
oracle analytics cloud,1,0.004776233462291637,Low
oracle fusion analytics,1,0.004776233462291637,Low
sap ad,1,0.004776233462291637,Low
art direction,1,0.004776233462291637,Low
bpr review,1,0.004776233462291637,Low
e business suite,1,0.004776233462291637,Low
probiotics,1,0.004776233462291637,Low
hris analyst,1,0.004776233462291637,Low
dtaa,1,0.004776233462291637,Low
inventory reporting,1,0.004776233462291637,Low
debt analysis,1,0.004776233462291637,Low
infra as code,1,0.004776233462291637,Low
google cloud storage,1,0.004776233462291637,Low
arima,1,0.004776233462291637,Low
deep neural networks,1,0.004776233462291637,Low
equipment validation,1,0.004776233462291637,Low
cause & effect,1,0.004776233462291637,Low
instrument data sheets,1,0.004776233462291637,Low
instrument index,1,0.004776233462291637,Low
workforce analytics,1,0.004776233462291637,Low
eviews,1,0.004776233462291637,Low
textile export,1,0.004776233462291637,Low
engineering sales,1,0.004776233462291637,Low
informatica administrator,1,0.004776233462291637,Low
informatica cdi,1,0.004776233462291637,Low
api version,1,0.004776233462291637,Low
wso2,1,0.004776233462291637,Low
it technician,1,0.004776233462291637,Low
ugc net,1,0.004776233462291637,Low
operation theatre technician,1,0.004776233462291637,Low
fusion analytics warehouse,1,0.004776233462291637,Low
fusion reporting,1,0.004776233462291637,Low
polymer compounding,1,0.004776233462291637,Low
sitegenesis,1,0.004776233462291637,Low
sharegate,1,0.004776233462291637,Low
sharepoint designer,1,0.004776233462291637,Low
crm manager,1,0.004776233462291637,Low
b2b experience,1,0.004776233462291637,Low
off page seo,1,0.004776233462291637,Low
on page seo,1,0.004776233462291637,Low
analog layout,1,0.004776233462291637,Low
onestream,1,0.004776233462291637,Low
bugs effectively,1,0.004776233462291637,Low
franchise acquisition,1,0.004776233462291637,Low
franchise sales executive,1,0.004776233462291637,Low
lead generation & prospecting,1,0.004776233462291637,Low
hotel reservation,1,0.004776233462291637,Low
travel technology,1,0.004776233462291637,Low
video producer,1,0.004776233462291637,Low
cad designing,1,0.004776233462291637,Low
coral,1,0.004776233462291637,Low
akka,1,0.004776233462291637,Low
innovative software development,1,0.004776233462291637,Low
play framework,1,0.004776233462291637,Low
scala programming,1,0.004776233462291637,Low
technology hiring,1,0.004776233462291637,Low
qm integration,1,0.004776233462291637,Low
carpenters,1,0.004776233462291637,Low
datasphere,1,0.004776233462291637,Low
iso documentation,1,0.004776233462291637,Low
only kannada speaking candidates need to apply,1,0.004776233462291637,Low
customer chat support,1,0.004776233462291637,Low
computer hardware troubleshooting,1,0.004776233462291637,Low
hardware troubleshooting and repair,1,0.004776233462291637,Low
information security management system,1,0.004776233462291637,Low
lld design,1,0.004776233462291637,Low
roc compliance,1,0.004776233462291637,Low
sales coordination,1,0.004776233462291637,Low
indian railways,1,0.004776233462291637,Low
ireps,1,0.004776233462291637,Low
vsan,1,0.004776233462291637,Low
derivative products,1,0.004776233462291637,Low
equity and derivatives,1,0.004776233462291637,Low
doctor calls,1,0.004776233462291637,Low
xml technologies,1,0.004776233462291637,Low
power point presentation,1,0.004776233462291637,Low
polymers,1,0.004776233462291637,Low
ate systems,1,0.004776233462291637,Low
hard goods,1,0.004776233462291637,Low
hardgoods merchandiser,1,0.004776233462291637,Low
prior auth,1,0.004776233462291637,Low
insurance management,1,0.004776233462291637,Low
legal administration,1,0.004776233462291637,Low
responsive web application,1,0.004776233462291637,Low
price update,1,0.004776233462291637,Low
cnc supervisor,1,0.004776233462291637,Low
agency channel sales,1,0.004776233462291637,Low
product awareness,1,0.004776233462291637,Low
wet analysis,1,0.004776233462291637,Low
cmbs,1,0.004776233462291637,Low
management studies,1,0.004776233462291637,Low
trade promotion management,1,0.004776233462291637,Low
electrical automation engineer,1,0.004776233462291637,Low
client requirement analysis,1,0.004776233462291637,Low
mobility sales,1,0.004776233462291637,Low
associate team leader,1,0.004776233462291637,Low
company profiling,1,0.004776233462291637,Low
market sizing,1,0.004776233462291637,Low
relationship building and client management,1,0.004776233462291637,Low
cctv installation,1,0.004776233462291637,Low
handling hazardous materials,1,0.004776233462291637,Low
spanish sales,1,0.004776233462291637,Low
sap tpm,1,0.004776233462291637,Low
trade promotion,1,0.004776233462291637,Low
injection moulding machine,1,0.004776233462291637,Low
army retired,1,0.004776233462291637,Low
ammonia refrigeration,1,0.004776233462291637,Low
nutraceuticals,1,0.004776233462291637,Low
energy policies,1,0.004776233462291637,Low
power purchase,1,0.004776233462291637,Low
tariff,1,0.004776233462291637,Low
revenue cloud,1,0.004776233462291637,Low
jaws,1,0.004776233462291637,Low
quess,1,0.004776233462291637,Low
material knowledge,1,0.004776233462291637,Low
photoshoot,1,0.004776233462291637,Low
bike mandatory,1,0.004776233462291637,Low
vessel design,1,0.004776233462291637,Low
team leadership & supervision,1,0.004776233462291637,Low
vue js,1,0.004776233462291637,Low
sap fieldglass,1,0.004776233462291637,Low
insurance executive,1,0.004776233462291637,Low
commercial executive,1,0.004776233462291637,Low
bmlt,1,0.004776233462291637,Low
handling laboratory equipment,1,0.004776233462291637,Low
elastalert,1,0.004776233462291637,Low
mokito,1,0.004776233462291637,Low
ai transformation,1,0.004776233462291637,Low
corporate fundraising,1,0.004776233462291637,Low
electronics sales,1,0.004776233462291637,Low
social media marketing executive,1,0.004776233462291637,Low
modifiers,1,0.004776233462291637,Low
workers compensation,1,0.004776233462291637,Low
it controls,1,0.004776233462291637,Low
monitoring patient progress,1,0.004776233462291637,Low
digital strategy & execution,1,0.004776233462291637,Low
co ordination,1,0.004776233462291637,Low
ophthalmologists,1,0.004776233462291637,Low
bill of lading,1,0.004776233462291637,Low
documentation specialist,1,0.004776233462291637,Low
aum portfolio,1,0.004776233462291637,Low
aws neptune analytics,1,0.004776233462291637,Low
pr management,1,0.004776233462291637,Low
diagnostic testing,1,0.004776233462291637,Low
b2c marketing,1,0.004776233462291637,Low
guest management,1,0.004776233462291637,Low
receptionist activities,1,0.004776233462291637,Low
certified financial planner,1,0.004776233462291637,Low
financial planner,1,0.004776233462291637,Low
nism-5a,1,0.004776233462291637,Low
consulting hiring,1,0.004776233462291637,Low
devops workflows,1,0.004776233462291637,Low
addendums,1,0.004776233462291637,Low
grant management,1,0.004776233462291637,Low
grant proposals,1,0.004776233462291637,Low
applied machine learning,1,0.004776233462291637,Low
mathcad,1,0.004776233462291637,Low
budget compliance,1,0.004776233462291637,Low
order tracking,1,0.004776233462291637,Low
salesforce platform developer i / ii,1,0.004776233462291637,Low
rest api integration,1,0.004776233462291637,Low
defect life cycle,1,0.004776233462291637,Low
nursing superintendent,1,0.004776233462291637,Low
ibm qradar,1,0.004776233462291637,Low
annealing furnace,1,0.004776233462291637,Low
wire drawing,1,0.004776233462291637,Low
store alliance,1,0.004776233462291637,Low
ic marketing,1,0.004776233462291637,Low
plasma pheresis,1,0.004776233462291637,Low
lan setup,1,0.004776233462291637,Low
production order,1,0.004776233462291637,Low
application architectures,1,0.004776233462291637,Low
india payroll,1,0.004776233462291637,Low
file handling,1,0.004776233462291637,Low
good leadership qualities,1,0.004776233462291637,Low
object oriented perl,1,0.004776233462291637,Low
digital sourcing,1,0.004776233462291637,Low
manager recruitment,1,0.004776233462291637,Low
perl programming,1,0.004776233462291637,Low
web sockets,1,0.004776233462291637,Low
works manager,1,0.004776233462291637,Low
hardware lifecycle,1,0.004776233462291637,Low
laptop support,1,0.004776233462291637,Low
commercial buildings,1,0.004776233462291637,Low
institutional buildings,1,0.004776233462291637,Low
lms administration,1,0.004776233462291637,Low
lms functional,1,0.004776233462291637,Low
scorm,1,0.004776233462291637,Low
learning management system,1,0.004776233462291637,Low
bank job,1,0.004776233462291637,Low
nesas,1,0.004776233462291637,Low
azure cloud infrastructure,1,0.004776233462291637,Low
control system design,1,0.004776233462291637,Low
plot plans,1,0.004776233462291637,Low
diet counselling,1,0.004776233462291637,Low
weight management,1,0.004776233462291637,Low
infrastructure as a service,1,0.004776233462291637,Low
op billing,1,0.004776233462291637,Low
bank reconciliation statement,1,0.004776233462291637,Low
cordova,1,0.004776233462291637,Low
api manufacturing,1,0.004776233462291637,Low
api synthesis,1,0.004776233462291637,Low
impurities,1,0.004776233462291637,Low
lc-ms,1,0.004776233462291637,Low
on power bi,1,0.004776233462291637,Low
content lead,1,0.004776233462291637,Low
wealth management services,1,0.004776233462291637,Low
b2b inside sales,1,0.004776233462291637,Low
and on-page optimization,1,0.004776233462291637,Low
trade execution,1,0.004776233462291637,Low
channel strategies,1,0.004776233462291637,Low
organic synthesis,1,0.004776233462291637,Low
reaxys,1,0.004776233462291637,Low
scifinder,1,0.004776233462291637,Low
billing hospital,1,0.004776233462291637,Low
sourcing materials,1,0.004776233462291637,Low
sap tm consultant,1,0.004776233462291637,Low
av engineer,1,0.004776233462291637,Low
crestron,1,0.004776233462291637,Low
extron,1,0.004776233462291637,Low
polycom,1,0.004776233462291637,Low
mortgage underwriting,1,0.004776233462291637,Low
us mortgage underwriting,1,0.004776233462291637,Low
domestic calling,1,0.004776233462291637,Low
http server,1,0.004776233462291637,Low
linux installation,1,0.004776233462291637,Low
switching & routing,1,0.004776233462291637,Low
ga drawing,1,0.004776233462291637,Low
onboarding new clients,1,0.004776233462291637,Low
revenue maximization,1,0.004776233462291637,Low
voice and chat process,1,0.004776233462291637,Low
ed profee,1,0.004776233462291637,Low
5s activities,1,0.004776233462291637,Low
academic administration,1,0.004776233462291637,Low
corporate outreach,1,0.004776233462291637,Low
communication trainer,1,0.004776233462291637,Low
clojure,1,0.004776233462291637,Low
angular 12+,1,0.004776233462291637,Low
technology analyst,1,0.004776233462291637,Low
camera handling,1,0.004776233462291637,Low
backend hiring,1,0.004776233462291637,Low
embedded software integration,1,0.004776233462291637,Low
tax consulting,1,0.004776233462291637,Low
open market sales,1,0.004776233462291637,Low
maximo,1,0.004776233462291637,Low
training & placement,1,0.004776233462291637,Low
ups system,1,0.004776233462291637,Low
fttx,1,0.004776233462291637,Low
gpon,1,0.004776233462291637,Low
electronics design engineer,1,0.004776233462291637,Low
ecommerce operations,1,0.004776233462291637,Low
patient advocacy,1,0.004776233462291637,Low
research methodology,1,0.004776233462291637,Low
survey design,1,0.004776233462291637,Low
evbv,1,0.004776233462291637,Low
apache http server,1,0.004776233462291637,Low
laravel php,1,0.004776233462291637,Low
stakeholder interviews,1,0.004776233462291637,Low
voice processing,1,0.004776233462291637,Low
upcountry,1,0.004776233462291637,Low
city administration,1,0.004776233462291637,Low
azure development,1,0.004776233462291637,Low
aftereffects,1,0.004776233462291637,Low
gcp developer,1,0.004776233462291637,Low
fuel gas,1,0.004776233462291637,Low
final settlement,1,0.004776233462291637,Low
sla metrics,1,0.004776233462291637,Low
demonstrate leadership,1,0.004776233462291637,Low
store merchandising,1,0.004776233462291637,Low
tea taster,1,0.004776233462291637,Low
tea tasting,1,0.004776233462291637,Low
big data hadoop,1,0.004776233462291637,Low
electrical maintenance engineer,1,0.004776233462291637,Low
oracle cloud functional,1,0.004776233462291637,Low
b.sc. nursing,1,0.004776233462291637,Low
command over communication,1,0.004776233462291637,Low
it planning,1,0.004776233462291637,Low
cloud native architecture,1,0.004776233462291637,Low
international healthcare,1,0.004776233462291637,Low
5 axis,1,0.004776233462291637,Low
handling gst,1,0.004776233462291637,Low
presentation drawings,1,0.004776233462291637,Low
bank compliance,1,0.004776233462291637,Low
duty officer,1,0.004776233462291637,Low
cad cam,1,0.004776233462291637,Low
engineer engineering,1,0.004776233462291637,Low
loan agreements,1,0.004776233462291637,Low
senior social media executive,1,0.004776233462291637,Low
large databases,1,0.004776233462291637,Low
travel extensively across india,1,0.004776233462291637,Low
integrated management system,1,0.004776233462291637,Low
ai strategy,1,0.004776233462291637,Low
urban infrastructure,1,0.004776233462291637,Low
google forms,1,0.004776233462291637,Low
quality level,1,0.004776233462291637,Low
skin care,1,0.004776233462291637,Low
roadmap definition,1,0.004776233462291637,Low
snapshot,1,0.004776233462291637,Low
advertising agency,1,0.004776233462291637,Low
associate executive,1,0.004776233462291637,Low
mail management,1,0.004776233462291637,Low
intercompany reconciliation,1,0.004776233462291637,Low
power automate premium,1,0.004776233462291637,Low
account maintenance,1,0.004776233462291637,Low
influence testing,1,0.004776233462291637,Low
pipeline integrity programs,1,0.004776233462291637,Low
mm procurement,1,0.004776233462291637,Low
agri loans,1,0.004776233462291637,Low
rpo recruiter,1,0.004776233462291637,Low
hedge funds,1,0.004776233462291637,Low
bi architecture,1,0.004776233462291637,Low
dimensional modelling,1,0.004776233462291637,Low
domo,1,0.004776233462291637,Low
snowflake schema,1,0.004776233462291637,Low
tableau / power bi,1,0.004776233462291637,Low
event coordinator,1,0.004776233462291637,Low
qa/qc procedures,1,0.004776233462291637,Low
rcc structures,1,0.004776233462291637,Low
soil stabilization,1,0.004776233462291637,Low
ignition scada,1,0.004776233462291637,Low
earthworks,1,0.004776233462291637,Low
gantry cranes,1,0.004776233462291637,Low
greenfield project execution,1,0.004776233462291637,Low
iso compliance,1,0.004776233462291637,Low
leveling,1,0.004776233462291637,Low
pavements,1,0.004776233462291637,Low
emr systems,1,0.004776233462291637,Low
patient monitoring,1,0.004776233462291637,Low
cybersecurity sales,1,0.004776233462291637,Low
bigdata testing,1,0.004776233462291637,Low
eye ot,1,0.004776233462291637,Low
ctvs ot,1,0.004776233462291637,Low
ot nurse,1,0.004776233462291637,Low
sap sd hana,1,0.004776233462291637,Low
lesioning,1,0.004776233462291637,Low
target-oriented approach,1,0.004776233462291637,Low
event manager,1,0.004776233462291637,Low
journal book,1,0.004776233462291637,Low
ca intermediate,1,0.004776233462291637,Low
mid corporate,1,0.004776233462291637,Low
micro finance,1,0.004776233462291637,Low
customapp development,1,0.004776233462291637,Low
recruitement,1,0.004776233462291637,Low
malyalam,1,0.004776233462291637,Low
team management and supervision,1,0.004776233462291637,Low
billing center development,1,0.004776233462291637,Low
computational biology,1,0.004776233462291637,Low
computational chemistry,1,0.004776233462291637,Low
boto3,1,0.004776233462291637,Low
cable trenches,1,0.004776233462291637,Low
cold rolling,1,0.004776233462291637,Low
compaction,1,0.004776233462291637,Low
nmap,1,0.004776233462291637,Low
soap/rest apis,1,0.004776233462291637,Low
sound editing,1,0.004776233462291637,Low
md physiology,1,0.004776233462291637,Low
igtr,1,0.004776233462291637,Low
ux strategy,1,0.004776233462291637,Low
cisco wireless,1,0.004776233462291637,Low
ip address,1,0.004776233462291637,Low
lacp,1,0.004776233462291637,Low
nexus 7k,1,0.004776233462291637,Low
url filtering,1,0.004776233462291637,Low
wireless lan,1,0.004776233462291637,Low
tableau development,1,0.004776233462291637,Low
large format stores,1,0.004776233462291637,Low
standard costing,1,0.004776233462291637,Low
buffer hoppers,1,0.004776233462291637,Low
sap business objects,1,0.004776233462291637,Low
pb sales,1,0.004776233462291637,Low
autocast,1,0.004776233462291637,Low
casting design,1,0.004776233462291637,Low
drawing preparation,1,0.004776233462291637,Low
methoding,1,0.004776233462291637,Low
procast,1,0.004776233462291637,Low
sand casting,1,0.004776233462291637,Low
landscape design,1,0.004776233462291637,Low
thermal power,1,0.004776233462291637,Low
thermal power plant,1,0.004776233462291637,Low
legal recovery,1,0.004776233462291637,Low
purchase order creation,1,0.004776233462291637,Low
test reporting,1,0.004776233462291637,Low
annuity insurance,1,0.004776233462291637,Low
kali linux,1,0.004776233462291637,Low
wireless communication,1,0.004776233462291637,Low
duck creek,1,0.004776233462291637,Low
duck creek billing,1,0.004776233462291637,Low
solar panel,1,0.004776233462291637,Low
and maintenance work,1,0.004776233462291637,Low
legal advisor,1,0.004776233462291637,Low
property matters,1,0.004776233462291637,Low
blower,1,0.004776233462291637,Low
shopify plus,1,0.004776233462291637,Low
appointment generation,1,0.004776233462291637,Low
team handing,1,0.004776233462291637,Low
infrastructure architect,1,0.004776233462291637,Low
fpga platforms,1,0.004776233462291637,Low
threat protection,1,0.004776233462291637,Low
deck,1,0.004776233462291637,Low
performance analyst,1,0.004776233462291637,Low
picklists,1,0.004776233462291637,Low
sales efficiency,1,0.004776233462291637,Low
partner handling,1,0.004776233462291637,Low
fermentation,1,0.004776233462291637,Low
fermentation operator,1,0.004776233462291637,Low
fermentation process,1,0.004776233462291637,Low
furniture design,1,0.004776233462291637,Low
production designer,1,0.004776233462291637,Low
sr.accountant,1,0.004776233462291637,Low
xray,1,0.004776233462291637,Low
radiography,1,0.004776233462291637,Low
hazard analysis,1,0.004776233462291637,Low
ms sql db,1,0.004776233462291637,Low
gtest,1,0.004776233462291637,Low
tds payments,1,0.004776233462291637,Low
medical data analyst,1,0.004776233462291637,Low
software project management,1,0.004776233462291637,Low
fiverr,1,0.004776233462291637,Low
windows troubleshooting,1,0.004776233462291637,Low
assistant manager - qa,1,0.004776233462291637,Low
seo content writer,1,0.004776233462291637,Low
distribution planning,1,0.004776233462291637,Low
2d echo,1,0.004776233462291637,Low
nexus dashboard,1,0.004776233462291637,Low
wan connectivity,1,0.004776233462291637,Low
medical coding executive,1,0.004776233462291637,Low
client servicing manager,1,0.004776233462291637,Low
azure cloud solution architect,1,0.004776233462291637,Low
f & b trainer,1,0.004776233462291637,Low
restaurant staff,1,0.004776233462291637,Low
payroll process,1,0.004776233462291637,Low
materials planning,1,0.004776233462291637,Low
ims core,1,0.004776233462291637,Low
it peripherals,1,0.004776233462291637,Low
project communications,1,0.004776233462291637,Low
project risk,1,0.004776233462291637,Low
ebs finance,1,0.004776233462291637,Low
arbor,1,0.004776233462291637,Low
economics lecturer,1,0.004776233462291637,Low
apc channel,1,0.004776233462291637,Low
byjus,1,0.004776233462291637,Low
elevator maintenance,1,0.004776233462291637,Low
anaplan developer,1,0.004776233462291637,Low
us sift,1,0.004776233462291637,Low
electromigration,1,0.004776233462291637,Low
fullstory,1,0.004776233462291637,Low
qualtrics,1,0.004776233462291637,Low
saas developer,1,0.004776233462291637,Low
release testing,1,0.004776233462291637,Low
microcontroller architectures,1,0.004776233462291637,Low
anaplan model building,1,0.004776233462291637,Low
finance accounting,1,0.004776233462291637,Low
finance coordination,1,0.004776233462291637,Low
otc derivatives,1,0.004776233462291637,Low
functional analysis,1,0.004776233462291637,Low
animated content,1,0.004776233462291637,Low
sap erp system,1,0.004776233462291637,Low
production supervising,1,0.004776233462291637,Low
elevator sales,1,0.004776233462291637,Low
gcp cloud solution architect,1,0.004776233462291637,Low
instruments handling,1,0.004776233462291637,Low
csfb,1,0.004776233462291637,Low
open ran,1,0.004776233462291637,Low
okhttp,1,0.004776233462291637,Low
mongo atlas,1,0.004776233462291637,Low
hfss,1,0.004776233462291637,Low
dies,1,0.004776233462291637,Low
viscosity,1,0.004776233462291637,Low
inventory mgmt,1,0.004776233462291637,Low
ms ophthalmology,1,0.004776233462291637,Low
data enrichment,1,0.004776233462291637,Low
pre-sales research,1,0.004776233462291637,Low
corporate presentations,1,0.004776233462291637,Low
green hydrogen,1,0.004776233462291637,Low
ac drives,1,0.004776233462291637,Low
codesys,1,0.004776233462291637,Low
emulsion,1,0.004776233462291637,Low
pickling,1,0.004776233462291637,Low
ceph storage,1,0.004776233462291637,Low
recovery operations,1,0.004776233462291637,Low
us mortage,1,0.004776233462291637,Low
credit risk technology,1,0.004776233462291637,Low
cloud erp technical consultant,1,0.004776233462291637,Low
erp technical,1,0.004776233462291637,Low
subcontractor billing,1,0.004776233462291637,Low
offtake development,1,0.004776233462291637,Low
retail inventory management,1,0.004776233462291637,Low
agency partner,1,0.004776233462291637,Low
agency partner channel,1,0.004776233462291637,Low
local sales,1,0.004776233462291637,Low
inbound/outbound calling,1,0.004776233462291637,Low
ios platform,1,0.004776233462291637,Low
travel sales consultants,1,0.004776233462291637,Low
software sales executive,1,0.004776233462291637,Low
kustomize,1,0.004776233462291637,Low
azure kubernetes services,1,0.004776233462291637,Low
reporting knowledge,1,0.004776233462291637,Low
hiring management,1,0.004776233462291637,Low
external communication,1,0.004776233462291637,Low
vector vt,1,0.004776233462291637,Low
database configuration,1,0.004776233462291637,Low
basic tally knowledge,1,0.004776233462291637,Low
vray,1,0.004776233462291637,Low
lab chemist,1,0.004776233462291637,Low
critical incident management,1,0.004776233462291637,Low
xero expert,1,0.004776233462291637,Low
acb reporting,1,0.004776233462291637,Low
investment portfolio,1,0.004776233462291637,Low
nostro reconciliation,1,0.004776233462291637,Low
international voice hiring,1,0.004776233462291637,Low
schedule change,1,0.004776233462291637,Low
bjmc,1,0.004776233462291637,Low
pmo-project manager,1,0.004776233462291637,Low
buying and merchandising,1,0.004776233462291637,Low
kids wear,1,0.004776233462291637,Low
team leadership & stakeholder management,1,0.004776233462291637,Low
projects sales,1,0.004776233462291637,Low
apache ranger,1,0.004776233462291637,Low
leveraging relationships,1,0.004776233462291637,Low
abend-aid,1,0.004776233462291637,Low
copyrights,1,0.004776233462291637,Low
salesforce selling,1,0.004776233462291637,Low
abrasives,1,0.004776233462291637,Low
middle management,1,0.004776233462291637,Low
camp boss,1,0.004776233462291637,Low
autocad drafting,1,0.004776233462291637,Low
autodesk autocad plant 3d and autocad drafting,1,0.004776233462291637,Low
ci cd,1,0.004776233462291637,Low
sales performance monitoring,1,0.004776233462291637,Low
emergency lighting,1,0.004776233462291637,Low
small power,1,0.004776233462291637,Low
ev trainer,1,0.004776233462291637,Low
service pricing,1,0.004776233462291637,Low
material take off,1,0.004776233462291637,Low
secured loan,1,0.004776233462291637,Low
client acquisition & retention,1,0.004776233462291637,Low
benefit administration,1,0.004776233462291637,Low
employee relations & engagement,1,0.004776233462291637,Low
plex erp,1,0.004776233462291637,Low
electronic product,1,0.004776233462291637,Low
product distribution,1,0.004776233462291637,Low
ship building,1,0.004776233462291637,Low
semrush/ahrefs,1,0.004776233462291637,Low
pmo project,1,0.004776233462291637,Low
after market sales,1,0.004776233462291637,Low
export manager,1,0.004776233462291637,Low
frontend angular developer,1,0.004776233462291637,Low
micro front end architecture,1,0.004776233462291637,Low
micro frontend angular,1,0.004776233462291637,Low
restful api integration,1,0.004776233462291637,Low
charted accountant,1,0.004776233462291637,Low
global product marketing,1,0.004776233462291637,Low
road project,1,0.004776233462291637,Low
solidworks design,1,0.004776233462291637,Low
ultra viewer,1,0.004776233462291637,Low
dc-dc,1,0.004776233462291637,Low
digital circuit design,1,0.004776233462291637,Low
emc testing,1,0.004776233462291637,Low
app engine,1,0.004776233462291637,Low
collaborative learning,1,0.004776233462291637,Low
ms sql database,1,0.004776233462291637,Low
fluent in telugu,1,0.004776233462291637,Low
ed professional,1,0.004776233462291637,Low
mpharm,1,0.004776233462291637,Low
office supervision,1,0.004776233462291637,Low
operations and management,1,0.004776233462291637,Low
passive components,1,0.004776233462291637,Low
power supply design,1,0.004776233462291637,Low
zigbee,1,0.004776233462291637,Low
incorporation,1,0.004776233462291637,Low
experienced recruiter,1,0.004776233462291637,Low
matcha,1,0.004776233462291637,Low
aging report,1,0.004776233462291637,Low
assistant professor gynecology,1,0.004776233462291637,Low
professor gynecology,1,0.004776233462291637,Low
branch incharge,1,0.004776233462291637,Low
ambulatory,1,0.004776233462291637,Low
billing collection,1,0.004776233462291637,Low
rcm manager,1,0.004776233462291637,Low
factory admin,1,0.004776233462291637,Low
geriatric support,1,0.004776233462291637,Low
windows kernel,1,0.004776233462291637,Low
bluekaktus,1,0.004776233462291637,Low
woven garments,1,0.004776233462291637,Low
parasoft,1,0.004776233462291637,Low
stlc process,1,0.004776233462291637,Low
jwt tokens,1,0.004776233462291637,Low
create print material,1,0.004776233462291637,Low
classic relationship manager,1,0.004776233462291637,Low
application penetration tester,1,0.004776233462291637,Low
operational audits,1,0.004776233462291637,Low
rc process,1,0.004776233462291637,Low
ai framework,1,0.004776233462291637,Low
actuator selection,1,0.004776233462291637,Low
ethercat,1,0.004776233462291637,Low
ni daq,1,0.004776233462291637,Low
windows platform,1,0.004776233462291637,Low
admixture,1,0.004776233462291637,Low
payable management,1,0.004776233462291637,Low
hni/uhni,1,0.004776233462291637,Low
student development,1,0.004776233462291637,Low
export import documentation,1,0.004776233462291637,Low
maintenance coordinator,1,0.004776233462291637,Low
ai inference,1,0.004776233462291637,Low
storage devices,1,0.004776233462291637,Low
used commercial vehicle,1,0.004776233462291637,Low
clinical information,1,0.004776233462291637,Low
distribution operations,1,0.004776233462291637,Low
alation,1,0.004776233462291637,Low
internal hiring,1,0.004776233462291637,Low
marketin,1,0.004776233462291637,Low
financial reporting services,1,0.004776233462291637,Low
product branding,1,0.004776233462291637,Low
caesar ii,1,0.004776233462291637,Low
kaggle,1,0.004776233462291637,Low
nlp generative,1,0.004776233462291637,Low
datastream,1,0.004776233462291637,Low
micronaut,1,0.004776233462291637,Low
reinsurer,1,0.004776233462291637,Low
cultural events,1,0.004776233462291637,Low
analytical testing,1,0.004776233462291637,Low
gas chromatography,1,0.004776233462291637,Low
liquid chromatography,1,0.004776233462291637,Low
mass spectrometry,1,0.004776233462291637,Low
design architecture,1,0.004776233462291637,Low
solar inverter,1,0.004776233462291637,Low
physical chemistry,1,0.004776233462291637,Low
expo,1,0.004776233462291637,Low
rpcs,1,0.004776233462291637,Low
windows ipc mechanisms,1,0.004776233462291637,Low
business developing,1,0.004776233462291637,Low
integration with aws,1,0.004776233462291637,Low
nuts,1,0.004776233462291637,Low
cnc operation,1,0.004776233462291637,Low
plc logic,1,0.004776233462291637,Low
ess / mss,1,0.004776233462291637,Low
practice head,1,0.004776233462291637,Low
commercial vehicle loans,1,0.004776233462291637,Low
metabase,1,0.004776233462291637,Low
small business banking,1,0.004776233462291637,Low
oracle configurator,1,0.004776233462291637,Low
java trainer,1,0.004776233462291637,Low
export logistics,1,0.004776233462291637,Low
import logistics,1,0.004776233462291637,Low
candidate sourcing & screening,1,0.004776233462291637,Low
core lending,1,0.004776233462291637,Low
lightspeed,1,0.004776233462291637,Low
compression operator,1,0.004776233462291637,Low
tablet compression,1,0.004776233462291637,Low
physics faculty,1,0.004776233462291637,Low
teaching physics,1,0.004776233462291637,Low
it systems administration,1,0.004776233462291637,Low
lumos,1,0.004776233462291637,Low
ls central,1,0.004776233462291637,Low
oriya,1,0.004776233462291637,Low
oriya speaking,1,0.004776233462291637,Low
multi brand,1,0.004776233462291637,Low
mcad,1,0.004776233462291637,Low
contract logistics,1,0.004776233462291637,Low
admm,1,0.004776233462291637,Low
gst working,1,0.004776233462291637,Low
educational content,1,0.004776233462291637,Low
beeline,1,0.004776233462291637,Low
sap btp cpi,1,0.004776233462291637,Low
cloud solution sales,1,0.004776233462291637,Low
sap pp consultant,1,0.004776233462291637,Low
ac room supervisor,1,0.004776233462291637,Low
laminate,1,0.004776233462291637,Low
paper godown supervisor,1,0.004776233462291637,Low
mep procurement,1,0.004776233462291637,Low
msd365,1,0.004776233462291637,Low
mechanical assembly,1,0.004776233462291637,Low
credit reporting,1,0.004776233462291637,Low
reporting & reconciliations,1,0.004776233462291637,Low
f&a collections,1,0.004776233462291637,Low
inventory executive,1,0.004776233462291637,Low
film editing,1,0.004776233462291637,Low
electronic security,1,0.004776233462291637,Low
security training,1,0.004776233462291637,Low
contract drafting,1,0.004776233462291637,Low
litigation matters,1,0.004776233462291637,Low
emsa,1,0.004776233462291637,Low
plm systems,1,0.004776233462291637,Low
ptc creo,1,0.004776233462291637,Low
image annotation,1,0.004776233462291637,Low
jde cnc,1,0.004776233462291637,Low
ot scrub nurse,1,0.004776233462291637,Low
odoo functional consultant,1,0.004776233462291637,Low
union management,1,0.004776233462291637,Low
residential school,1,0.004776233462291637,Low
tgt hindi teacher,1,0.004776233462291637,Low
monuments,1,0.004776233462291637,Low
food packing,1,0.004776233462291637,Low
tax management,1,0.004776233462291637,Low
tds return,1,0.004776233462291637,Low
tds return filing,1,0.004776233462291637,Low
compliance & governance,1,0.004776233462291637,Low
customer lifecycle management,1,0.004776233462291637,Low
video editing software,1,0.004776233462291637,Low
car rental process,1,0.004776233462291637,Low
poles,1,0.004776233462291637,Low
sales director,1,0.004776233462291637,Low
corporate credit,1,0.004776233462291637,Low
iot platform,1,0.004776233462291637,Low
data segmentation,1,0.004776233462291637,Low
email studio,1,0.004776233462291637,Low
journey builder,1,0.004776233462291637,Low
java springboot,1,0.004776233462291637,Low
design coordinator,1,0.004776233462291637,Low
procurement practice representative,1,0.004776233462291637,Low
block pattern,1,0.004776233462291637,Low
search marketing,1,0.004776233462291637,Low
hardware configuration,1,0.004776233462291637,Low
solar epc,1,0.004776233462291637,Low
software procurement,1,0.004776233462291637,Low
meta process,1,0.004776233462291637,Low
travel sales meta,1,0.004776233462291637,Low
travel sales meta process,1,0.004776233462291637,Low
mobile studio,1,0.004776233462291637,Low
fusion data intelligence,1,0.004776233462291637,Low
us travel sales meta,1,0.004776233462291637,Low
us travel sales meta process,1,0.004776233462291637,Low
guest handling,1,0.004776233462291637,Low
sas viya,1,0.004776233462291637,Low
sas viya administration,1,0.004776233462291637,Low
cdsl,1,0.004776233462291637,Low
nsdl,1,0.004776233462291637,Low
campus recruitment,1,0.004776233462291637,Low
ifa channel,1,0.004776233462291637,Low
fast food,1,0.004776233462291637,Low
maintaining cleanliness,1,0.004776233462291637,Low
community relations,1,0.004776233462291637,Low
contract labor management,1,0.004776233462291637,Low
mqtt protocols,1,0.004776233462291637,Low
campaign development,1,0.004776233462291637,Low
can-spam,1,0.004776233462291637,Low
profit and loss management,1,0.004776233462291637,Low
digital automation,1,0.004776233462291637,Low
automotive electrical architecture,1,0.004776233462291637,Low
medical knowledge,1,0.004776233462291637,Low
pricing optimization,1,0.004776233462291637,Low
government contracts,1,0.004776233462291637,Low
manager civil,1,0.004776233462291637,Low
project manager civil,1,0.004776233462291637,Low
jaeger,1,0.004776233462291637,Low
yelp,1,0.004776233462291637,Low
credit risk management,1,0.004776233462291637,Low
appliances sales,1,0.004776233462291637,Low
financial principles,1,0.004776233462291637,Low
darktrace,1,0.004776233462291637,Low
imperva,1,0.004776233462291637,Low
sql performance tuning,1,0.004776233462291637,Low
postpartum care,1,0.004776233462291637,Low
oracle transactional business intelligence,1,0.004776233462291637,Low
oracle visual builder studio,1,0.004776233462291637,Low
home appliances sales,1,0.004776233462291637,Low
biology faculty,1,0.004776233462291637,Low
relationship & negotiation,1,0.004776233462291637,Low
holidays packages,1,0.004776233462291637,Low
holidays packages sales,1,0.004776233462291637,Low
uk travel,1,0.004776233462291637,Low
uk travel sales,1,0.004776233462291637,Low
uk travel sales ppc,1,0.004776233462291637,Low
uk travel sales ppc/ meta,1,0.004776233462291637,Low
apfc,1,0.004776233462291637,Low
shift handling,1,0.004776233462291637,Low
h1 transfer,1,0.004776233462291637,Low
planswift,1,0.004776233462291637,Low
network operations engineer,1,0.004776233462291637,Low
smart contracts,1,0.004776233462291637,Low
clinic management,1,0.004776233462291637,Low
medical aesthetics,1,0.004776233462291637,Low
dataweave transformations,1,0.004776233462291637,Low
uk banking process,1,0.004776233462291637,Low
directors report,1,0.004776233462291637,Low
data stewardship,1,0.004776233462291637,Low
qa training,1,0.004776233462291637,Low
production optimisation,1,0.004776233462291637,Low
fix protocol,1,0.004776233462291637,Low
web application firewall,1,0.004776233462291637,Low
hardware and software troubleshooting,1,0.004776233462291637,Low
office365,1,0.004776233462291637,Low
solace,1,0.004776233462291637,Low
isro,1,0.004776233462291637,Low
good commnication,1,0.004776233462291637,Low
holiday package,1,0.004776233462291637,Low
us travel sales ppc calls,1,0.004776233462291637,Low
anz recruitment,1,0.004776233462291637,Low
sap data archiving,1,0.004776233462291637,Low
hong kong,1,0.004776233462291637,Low
connectwise,1,0.004776233462291637,Low
server & infrastructure management,1,0.004776233462291637,Low
ticketing platforms,1,0.004776233462291637,Low
general practitioner,1,0.004776233462291637,Low
helpdesk operator,1,0.004776233462291637,Low
devexpress,1,0.004776233462291637,Low
ai usage metrics,1,0.004776233462291637,Low
arista,1,0.004776233462291637,Low
powerpoint presentation,1,0.004776233462291637,Low
fortigate,1,0.004776233462291637,Low
real estate leasing,1,0.004776233462291637,Low
tenant relations,1,0.004776233462291637,Low
xquery,1,0.004776233462291637,Low
angular 14+,1,0.004776233462291637,Low
low side,1,0.004776233462291637,Low
amazon seller central,1,0.004776233462291637,Low
electrical industrial projects,1,0.004776233462291637,Low
power house,1,0.004776233462291637,Low
power house projects etc,1,0.004776233462291637,Low
projects planning,1,0.004776233462291637,Low
erp solution,1,0.004776233462291637,Low
akamai,1,0.004776233462291637,Low
symfony framework,1,0.004776233462291637,Low
design and estimation,1,0.004776233462291637,Low
italian cuisine,1,0.004776233462291637,Low
car rentels,1,0.004776233462291637,Low
epc sales,1,0.004776233462291637,Low
security operations center manager,1,0.004776233462291637,Low
soc manager,1,0.004776233462291637,Low
network automation,1,0.004776233462291637,Low
note-taking,1,0.004776233462291637,Low
cognos framework manager,1,0.004776233462291637,Low
framework manager,1,0.004776233462291637,Low
nuxt.js,1,0.004776233462291637,Low
vuetify,1,0.004776233462291637,Low
dwdm components,1,0.004776233462291637,Low
mux/demux,1,0.004776233462291637,Low
risk control unit,1,0.004776233462291637,Low
arrivals,1,0.004776233462291637,Low
model driven app,1,0.004776233462291637,Low
ribbon,1,0.004776233462291637,Low
retail hr,1,0.004776233462291637,Low
network deployment,1,0.004776233462291637,Low
roadm,1,0.004776233462291637,Low
flow chart,1,0.004776233462291637,Low
google my business,1,0.004776233462291637,Low
media plan,1,0.004776233462291637,Low
non motor,1,0.004776233462291637,Low
quality operations,1,0.004776233462291637,Low
arbortext,1,0.004776233462291637,Low
arbortext editor,1,0.004776233462291637,Low
snagit,1,0.004776233462291637,Low
transport manager,1,0.004776233462291637,Low
automation and manual testing,1,0.004776233462291637,Low
atoll,1,0.004776233462291637,Low
countif,1,0.004776233462291637,Low
ibm ace,1,0.004776233462291637,Low
oracle cloud procurement,1,0.004776233462291637,Low
alias,1,0.004776233462291637,Low
amqp,1,0.004776233462291637,Low
sap integration suite,1,0.004776233462291637,Low
pgvector,1,0.004776233462291637,Low
collaboration with smes,1,0.004776233462291637,Low
investment specialist,1,0.004776233462291637,Low
estate planning,1,0.004776233462291637,Low
blaze advisor,1,0.004776233462291637,Low
kong api,1,0.004776233462291637,Low
kinaxis maestro,1,0.004776233462291637,Low
kinaxis workbooks,1,0.004776233462291637,Low
maestro,1,0.004776233462291637,Low
semiconductor industry,1,0.004776233462291637,Low
amazon sqs,1,0.004776233462291637,Low
cloud messaging,1,0.004776233462291637,Low
premium card,1,0.004776233462291637,Low
mapinfo,1,0.004776233462291637,Low
mimo,1,0.004776233462291637,Low
netact,1,0.004776233462291637,Low
ray tracing,1,0.004776233462291637,Low
rf planning,1,0.004776233462291637,Low
umts,1,0.004776233462291637,Low
wireless technologies,1,0.004776233462291637,Low
hindi must,1,0.004776233462291637,Low
cluster sales manager,1,0.004776233462291637,Low
foreign exchange,1,0.004776233462291637,Low
proprietary trading,1,0.004776233462291637,Low
inside sales associate,1,0.004776233462291637,Low
dnb pathology,1,0.004776233462291637,Low
defence sales,1,0.004776233462291637,Low
corona,1,0.004776233462291637,Low
app-v,1,0.004776233462291637,Low
media analyst,1,0.004776233462291637,Low
functional safety,1,0.004776233462291637,Low
jade,1,0.004776233462291637,Low
fire prevention,1,0.004776233462291637,Low
bakery chef,1,0.004776233462291637,Low
bar executive,1,0.004776233462291637,Low
commie,1,0.004776233462291637,Low
password management,1,0.004776233462291637,Low
library management,1,0.004776233462291637,Low
organizational management,1,0.004776233462291637,Low
dryer,1,0.004776233462291637,Low
secured business loan,1,0.004776233462291637,Low
autodesk plant 3d,1,0.004776233462291637,Low
cadworx,1,0.004776233462291637,Low
soil science,1,0.004776233462291637,Low
gprs,1,0.004776233462291637,Low
civil planning,1,0.004776233462291637,Low
pdms,1,0.004776233462291637,Low
saas product sales,1,0.004776233462291637,Low
vacuum system,1,0.004776233462291637,Low
vehicle auction,1,0.004776233462291637,Low
quality assurance professional,1,0.004776233462291637,Low
japanese translator,1,0.004776233462291637,Low
jlpt n3,1,0.004776233462291637,Low
australian payroll,1,0.004776233462291637,Low
ndis,1,0.004776233462291637,Low
mathematical calculations,1,0.004776233462291637,Low
clickup,1,0.004776233462291637,Low
ship design,1,0.004776233462291637,Low
balance sheet preparation,1,0.004776233462291637,Low
icfr,1,0.004776233462291637,Low
ad copywriting,1,0.004776233462291637,Low
docketing,1,0.004776233462291637,Low
high performance computing,1,0.004776233462291637,Low
global trade management,1,0.004776233462291637,Low
credit review,1,0.004776233462291637,Low
autism spectrum disorder,1,0.004776233462291637,Low
learning disabilities,1,0.004776233462291637,Low
webmethods,1,0.004776233462291637,Low
security cloud,1,0.004776233462291637,Low
capsule filling,1,0.004776233462291637,Low
coating operator,1,0.004776233462291637,Low
project cordinator,1,0.004776233462291637,Low
linux troubleshooting,1,0.004776233462291637,Low
tele marketing executive,1,0.004776233462291637,Low
cash apps,1,0.004776233462291637,Low
customer development,1,0.004776233462291637,Low
azure open ai,1,0.004776233462291637,Low
icmp,1,0.004776233462291637,Low
ipv4/ipv6,1,0.004776233462291637,Low
multitenant architecture,1,0.004776233462291637,Low
quicksight,1,0.004776233462291637,Low
flask framework,1,0.004776233462291637,Low
military retired,1,0.004776233462291637,Low
tuberculosis,1,0.004776233462291637,Low
java support,1,0.004776233462291637,Low
senior software engineer ii,1,0.004776233462291637,Low
forging parts,1,0.004776233462291637,Low
arai,1,0.004776233462291637,Low
capital h,1,0.004776233462291637,Low
distribution system,1,0.004776233462291637,Low
engine development,1,0.004776233462291637,Low
exhaust,1,0.004776233462291637,Low
motion study,1,0.004776233462291637,Low
building management system,1,0.004776233462291637,Low
commercial finance,1,0.004776233462291637,Low
3d designer,1,0.004776233462291637,Low
bancs,1,0.004776233462291637,Low
caiib,1,0.004776233462291637,Low
trade operations,1,0.004776233462291637,Low
corporate accounts,1,0.004776233462291637,Low
safety & housekeeping,1,0.004776233462291637,Low
gear manufacturing,1,0.004776233462291637,Low
microsoft entra id,1,0.004776233462291637,Low
ms entra,1,0.004776233462291637,Low
webservice,1,0.004776233462291637,Low
f&a solutions,1,0.004776233462291637,Low
json / xml,1,0.004776233462291637,Low
financial integrity,1,0.004776233462291637,Low
hr consultant,1,0.004776233462291637,Low
power cable,1,0.004776233462291637,Low
fluentd,1,0.004776233462291637,Low
flexible workflow,1,0.004776233462291637,Low
industrial instrumentation,1,0.004776233462291637,Low
oem business,1,0.004776233462291637,Low
digital graphic,1,0.004776233462291637,Low
atlassian cloud,1,0.004776233462291637,Low
calendaring,1,0.004776233462291637,Low
tire building,1,0.004776233462291637,Low
csr advisory,1,0.004776233462291637,Low
zscaler private access,1,0.004776233462291637,Low
auto claims,1,0.004776233462291637,Low
module design,1,0.004776233462291637,Low
rational,1,0.004776233462291637,Low
aveva administration,1,0.004776233462291637,Low
medical training,1,0.004776233462291637,Low
aveva pml,1,0.004776233462291637,Low
syslog,1,0.004776233462291637,Low
vrealize,1,0.004776233462291637,Low
be biomedical,1,0.004776233462291637,Low
polyglot,1,0.004776233462291637,Low
http protocol,1,0.004776233462291637,Low
telecom process,1,0.004776233462291637,Low
gcp devops,1,0.004776233462291637,Low
core web vitals,1,0.004776233462291637,Low
image optimization,1,0.004776233462291637,Low
bpo operations management,1,0.004776233462291637,Low
compensation analyst,1,0.004776233462291637,Low
stackup,1,0.004776233462291637,Low
surfacing,1,0.004776233462291637,Low
industrial design,1,0.004776233462291637,Low
forgings,1,0.004776233462291637,Low
pega robotics,1,0.004776233462291637,Low
rpa tool,1,0.004776233462291637,Low
agenticai,1,0.004776233462291637,Low
machining quality,1,0.004776233462291637,Low
incoming inspection,1,0.004776233462291637,Low
frontend development skills,1,0.004776233462291637,Low
citrix xenapp,1,0.004776233462291637,Low
disa,1,0.004776233462291637,Low
idam,1,0.004776233462291637,Low
windows active directory,1,0.004776233462291637,Low
xenapp,1,0.004776233462291637,Low
xendesktop,1,0.004776233462291637,Low
chronic condition,1,0.004776233462291637,Low
rejection handling,1,0.004776233462291637,Low
fg stores,1,0.004776233462291637,Low
aveva administrator,1,0.004776233462291637,Low
advanced c,1,0.004776233462291637,Low
gui development,1,0.004776233462291637,Low
block diagram,1,0.004776233462291637,Low
gerber,1,0.004776233462291637,Low
schematics design,1,0.004776233462291637,Low
piling,1,0.004776233462291637,Low
custom scripts,1,0.004776233462291637,Low
arc welding,1,0.004776233462291637,Low
jig design,1,0.004776233462291637,Low
jigs and fixtures,1,0.004776233462291637,Low
spot welding,1,0.004776233462291637,Low
system integrator,1,0.004776233462291637,Low
cross functional coordination,1,0.004776233462291637,Low
import management,1,0.004776233462291637,Low
propulsion,1,0.004776233462291637,Low
it lead generation,1,0.004776233462291637,Low
ot-vim,1,0.004776233462291637,Low
vendor invoice management,1,0.004776233462291637,Low
sql & nosql databases,1,0.004776233462291637,Low
propulsion systems,1,0.004776233462291637,Low
rolling stock,1,0.004776233462291637,Low
crm administration,1,0.004776233462291637,Low
hubspot crm,1,0.004776233462291637,Low
debt restructuring,1,0.004776233462291637,Low
project evaluation,1,0.004776233462291637,Low
manager accounts payable,1,0.004776233462291637,Low
growth management,1,0.004776233462291637,Low
it infrastructure management services,1,0.004776233462291637,Low
funnel management,1,0.004776233462291637,Low
box office,1,0.004776233462291637,Low
pegasus,1,0.004776233462291637,Low
engineering & operations,1,0.004776233462291637,Low
jpa and hibernate,1,0.004776233462291637,Low
loan approval,1,0.004776233462291637,Low
sales governance,1,0.004776233462291637,Low
estimation and billing,1,0.004776233462291637,Low
quantity survey,1,0.004776233462291637,Low
vanilla,1,0.004776233462291637,Low
generative ai frameworks,1,0.004776233462291637,Low
neoload,1,0.004776233462291637,Low
building materials sales,1,0.004776233462291637,Low
cement industry,1,0.004776233462291637,Low
solidworks cad,1,0.004776233462291637,Low
jewellery sales,1,0.004776233462291637,Low
medidata rave,1,0.004776233462291637,Low
sap retail,1,0.004776233462291637,Low
holiday sales,1,0.004776233462291637,Low
opentext vim,1,0.004776233462291637,Low
entomology,1,0.004776233462291637,Low
logistics supervisor,1,0.004776233462291637,Low
institutional business,1,0.004776233462291637,Low
oracle clinical,1,0.004776233462291637,Low
rave,1,0.004776233462291637,Low
carbon credits,1,0.004776233462291637,Low
machine automation,1,0.004776233462291637,Low
provider enrollment,1,0.004776233462291637,Low
test complete,1,0.004776233462291637,Low
company secretarial functions,1,0.004776233462291637,Low
international outbound sales,1,0.004776233462291637,Low
data sphere,1,0.004776233462291637,Low
digital electronics,1,0.004776233462291637,Low
electronics hardware,1,0.004776233462291637,Low
customer exits,1,0.004776233462291637,Low
data communication,1,0.004776233462291637,Low
advertising sales,1,0.004776233462291637,Low
google ads sales,1,0.004776233462291637,Low
stackdriver,1,0.004776233462291637,Low
advance java,1,0.004776233462291637,Low
jsp servlets,1,0.004776233462291637,Low
web testing,1,0.004776233462291637,Low
abap dictionary,1,0.004776233462291637,Low
food and beverage associate,1,0.004776233462291637,Low
printed circuit board,1,0.004776233462291637,Low
us calling,1,0.004776233462291637,Low
ios sdk,1,0.004776233462291637,Low
jira cloud,1,0.004776233462291637,Low
breeding,1,0.004776233462291637,Low
legal drafting,1,0.004776233462291637,Low
plant breeding,1,0.004776233462291637,Low
inventory supervisor,1,0.004776233462291637,Low
cloud for customer,1,0.004776233462291637,Low
2d design,1,0.004776233462291637,Low
frozen food,1,0.004776233462291637,Low
thermoforming,1,0.004776233462291637,Low
troubleshooter,1,0.004776233462291637,Low
food engineering,1,0.004776233462291637,Low
leadership & team supervision,1,0.004776233462291637,Low
machine manufacturing,1,0.004776233462291637,Low
ad films,1,0.004776233462291637,Low
capacitors,1,0.004776233462291637,Low
staff training,1,0.004776233462291637,Low
qualitative analysis,1,0.004776233462291637,Low
electrical projects,1,0.004776233462291637,Low
hcm technical,1,0.004776233462291637,Low
workday hcm functional,1,0.004776233462291637,Low
hot forging,1,0.004776233462291637,Low
franchise operations,1,0.004776233462291637,Low
new store,1,0.004776233462291637,Low
retail head,1,0.004776233462291637,Low
oracle fusion ppm,1,0.004776233462291637,Low
nerc cip,1,0.004776233462291637,Low
vercel,1,0.004776233462291637,Low
communiation,1,0.004776233462291637,Low
communication & presentation skills,1,0.004776233462291637,Low
sf ec,1,0.004776233462291637,Low
cucumber framework,1,0.004776233462291637,Low
finance recruiter,1,0.004776233462291637,Low
cross-training,1,0.004776233462291637,Low
aws fis,1,0.004776233462291637,Low
chaos engineering,1,0.004776233462291637,Low
gremlin,1,0.004776233462291637,Low
advanced statistical,1,0.004776233462291637,Low
apache iceberg,1,0.004776233462291637,Low
debezium,1,0.004776233462291637,Low
minio,1,0.004776233462291637,Low
client orders,1,0.004776233462291637,Low
email handling,1,0.004776233462291637,Low
hybris commerce,1,0.004776233462291637,Low
sap hybris commerce,1,0.004776233462291637,Low
collection initiatives,1,0.004776233462291637,Low
mainframe operations,1,0.004776233462291637,Low
chemical analysis,1,0.004776233462291637,Low
safety and quality compliance,1,0.004776233462291637,Low
commercial excellence,1,0.004776233462291637,Low
inventory tracking,1,0.004776233462291637,Low
swimming,1,0.004776233462291637,Low
chiller plant,1,0.004776233462291637,Low
home textiles,1,0.004776233462291637,Low
visual lighting,1,0.004776233462291637,Low
failure mode and effects analysis,1,0.004776233462291637,Low
measurement system analysis,1,0.004776233462291637,Low
and analyze daily,1,0.004776233462291637,Low
abbott,1,0.004776233462291637,Low
data pipeline development,1,0.004776233462291637,Low
associate professional,1,0.004776233462291637,Low
deltav,1,0.004776233462291637,Low
ageing report,1,0.004776233462291637,Low
employee motivation,1,0.004776233462291637,Low
ehs knowledge,1,0.004776233462291637,Low
microinteractions,1,0.004776233462291637,Low
motion design,1,0.004776233462291637,Low
google apps,1,0.004776233462291637,Low
google apps script,1,0.004776233462291637,Low
damage mechanism,1,0.004776233462291637,Low
sap commerce cloud,1,0.004776233462291637,Low
lotus notes,1,0.004776233462291637,Low
coworking,1,0.004776233462291637,Low
cobit,1,0.004776233462291637,Low
icofr,1,0.004776233462291637,Low
as-built documentation,1,0.004776233462291637,Low
water quality,1,0.004776233462291637,Low
enterprise risk frameworks,1,0.004776233462291637,Low
heap dump analysis,1,0.004776233462291637,Low
analyze competitor offerings,1,0.004776233462291637,Low
market research & strategy,1,0.004776233462291637,Low
vendor communication,1,0.004776233462291637,Low
job location chennai,1,0.004776233462291637,Low
kinematics,1,0.004776233462291637,Low
category sourcing,1,0.004776233462291637,Low
equipment modeling,1,0.004776233462291637,Low
lead teacher,1,0.004776233462291637,Low
technical support analyst,1,0.004776233462291637,Low
arduino,1,0.004776233462291637,Low
esp32,1,0.004776233462291637,Low
raspberry pi,1,0.004776233462291637,Low
government advisory,1,0.004776233462291637,Low
advertiser,1,0.004776233462291637,Low
ai research,1,0.004776233462291637,Low
board meeting,1,0.004776233462291637,Low
ip design,1,0.004776233462291637,Low
non destructive testing,1,0.004776233462291637,Low
welding quality,1,0.004776233462291637,Low
dimensional data modelling,1,0.004776233462291637,Low
go to market,1,0.004776233462291637,Low
nozzle pro,1,0.004776233462291637,Low
informatics practices,1,0.004776233462291637,Low
tile adhesives,1,0.004776233462291637,Low
sap business warehouse,1,0.004776233462291637,Low
market assessment,1,0.004776233462291637,Low
internal reporting,1,0.004776233462291637,Low
pre-joining,1,0.004776233462291637,Low
argus,1,0.004776233462291637,Low
transaction tax,1,0.004776233462291637,Low
help desk executive,1,0.004776233462291637,Low
bootloader,1,0.004776233462291637,Low
interior execution,1,0.004776233462291637,Low
interior fit-out execution,1,0.004776233462291637,Low
mba project management,1,0.004776233462291637,Low
mep drawings,1,0.004776233462291637,Low
premium brand,1,0.004776233462291637,Low
maintenance engineering,1,0.004776233462291637,Low
drums,1,0.004776233462291637,Low
css and bootstrap,1,0.004776233462291637,Low
design of plastic and manufacturing process,1,0.004776233462291637,Low
wealth and asset management,1,0.004776233462291637,Low
state tax compliance,1,0.004776233462291637,Low
intellectual property law,1,0.004776233462291637,Low
property law,1,0.004776233462291637,Low
literature search,1,0.004776233462291637,Low
home furnishing,1,0.004776233462291637,Low
ipaas,1,0.004776233462291637,Low
f&d,1,0.004776233462291637,Low
immediate release,1,0.004776233462291637,Low
integrated logistics,1,0.004776233462291637,Low
and aws cloudwatch,1,0.004776233462291637,Low
chief security officer,1,0.004776233462291637,Low
cisco certified,1,0.004776233462291637,Low
cisco certified network associate,1,0.004776233462291637,Low
mvc 4/5 web development,1,0.004776233462291637,Low
compassion,1,0.004776233462291637,Low
cloud native architectures,1,0.004776233462291637,Low
suspension,1,0.004776233462291637,Low
communication system,1,0.004776233462291637,Low
helpdesk support,1,0.004776233462291637,Low
oss domain,1,0.004776233462291637,Low
red hat linux,1,0.004776233462291637,Low
anaerobic,1,0.004776233462291637,Low
wwtp,1,0.004776233462291637,Low
senior system administrator,1,0.004776233462291637,Low
cis controls,1,0.004776233462291637,Low
vendor security,1,0.004776233462291637,Low
priority banking,1,0.004776233462291637,Low
affordable housing loans,1,0.004776233462291637,Low
lab maintenance,1,0.004776233462291637,Low
security software,1,0.004776233462291637,Low
server migration,1,0.004776233462291637,Low
flsa,1,0.004776233462291637,Low
field wiring,1,0.004776233462291637,Low
sap pi/po,1,0.004776233462291637,Low
telecom engineering,1,0.004776233462291637,Low
transformer design,1,0.004776233462291637,Low
power transformers,1,0.004776233462291637,Low
precast tekla,1,0.004776233462291637,Low
tekla modeler,1,0.004776233462291637,Low
big 4 firm,1,0.004776233462291637,Low
corp tax,1,0.004776233462291637,Low
one source,1,0.004776233462291637,Low
property tax,1,0.004776233462291637,Low
coding and unit testing,1,0.004776233462291637,Low
angular js and react js,1,0.004776233462291637,Low
final accounts,1,0.004776233462291637,Low
lead generation & business development,1,0.004776233462291637,Low
celebrity,1,0.004776233462291637,Low
culinary innovation,1,0.004776233462291637,Low
dcam,1,0.004776233462291637,Low
pharma r&d,1,0.004776233462291637,Low
mendix,1,0.004776233462291637,Low
cost audit,1,0.004776233462291637,Low
alliance management,1,0.004776233462291637,Low
scaleup,1,0.004776233462291637,Low
crm application,1,0.004776233462291637,Low
account takeover,1,0.004776233462291637,Low
content filtering,1,0.004776233462291637,Low
tunneling,1,0.004776233462291637,Low
signature dishes,1,0.004776233462291637,Low
procurement to pay,1,0.004776233462291637,Low
forecast accuracy,1,0.004776233462291637,Low
integrated business planning,1,0.004776233462291637,Low
network planning,1,0.004776233462291637,Low
production scheduling,1,0.004776233462291637,Low
software training programs,1,0.004776233462291637,Low
websphere application server,1,0.004776233462291637,Low
ui5 fiori,1,0.004776233462291637,Low
customs compliance,1,0.004776233462291637,Low
icegate,1,0.004776233462291637,Low
residential property,1,0.004776233462291637,Low
work order management,1,0.004776233462291637,Low
command center,1,0.004776233462291637,Low
electrical systems management,1,0.004776233462291637,Low
basic life safety,1,0.004776233462291637,Low
browserstack,1,0.004776233462291637,Low
saucelabs,1,0.004776233462291637,Low
application system,1,0.004776233462291637,Low
nicmar,1,0.004776233462291637,Low
adlc,1,0.004776233462291637,Low
eqms,1,0.004776233462291637,Low
hostel management,1,0.004776233462291637,Low
housekeeping operations,1,0.004776233462291637,Low
management staff,1,0.004776233462291637,Low
analyst 3,1,0.004776233462291637,Low
tax treaties,1,0.004776233462291637,Low
neonatal care,1,0.004776233462291637,Low
neonatal intensive care,1,0.004776233462291637,Low
newborn,1,0.004776233462291637,Low
newborn resuscitation,1,0.004776233462291637,Low
finance module,1,0.004776233462291637,Low
s4 hana finance,1,0.004776233462291637,Low
by esp,1,0.004776233462291637,Low
scpo,1,0.004776233462291637,Low
supply network planning,1,0.004776233462291637,Low
vendor billing,1,0.004776233462291637,Low
principal associate,1,0.004776233462291637,Low
cpaas,1,0.004776233462291637,Low
presales solutions,1,0.004776233462291637,Low
causal modeling,1,0.004776233462291637,Low
indirect sales,1,0.004776233462291637,Low
adobe launch,1,0.004776233462291637,Low
solve complex problem,1,0.004776233462291637,Low
executive search,1,0.004776233462291637,Low
process streamlining,1,0.004776233462291637,Low
cost benefit analysis,1,0.004776233462291637,Low
project ownership,1,0.004776233462291637,Low
resume writing,1,0.004776233462291637,Low
student placement,1,0.004776233462291637,Low
career services,1,0.004776233462291637,Low
job drives,1,0.004776233462291637,Low
customer experience manager,1,0.004776233462291637,Low
azure integration services,1,0.004776233462291637,Low
interface builder,1,0.004776233462291637,Low
peci,1,0.004776233462291637,Low
us healthcare bpo,1,0.004776233462291637,Low
iso audit,1,0.004776233462291637,Low
jelly,1,0.004776233462291637,Low
servicenow scripting,1,0.004776233462291637,Low
field engineering,1,0.004776233462291637,Low
site manager,1,0.004776233462291637,Low
cipet,1,0.004776233462291637,Low
moulding operations,1,0.004776233462291637,Low
chlor alkali,1,0.004776233462291637,Low
tool box talk,1,0.004776233462291637,Low
gensets,1,0.004776233462291637,Low
grid code,1,0.004776233462291637,Low
strategy formulation,1,0.004776233462291637,Low
virtual server,1,0.004776233462291637,Low
windows server administrator,1,0.004776233462291637,Low
staff augmentation,1,0.004776233462291637,Low
cafeteria management,1,0.004776233462291637,Low
customer relation executive,1,0.004776233462291637,Low
signal detection,1,0.004776233462291637,Low
computational fluid dynamics,1,0.004776233462291637,Low
sr pega developer,1,0.004776233462291637,Low
data role,1,0.004776233462291637,Low
finance accounts,1,0.004776233462291637,Low
cash forecasting,1,0.004776233462291637,Low
financial controllership,1,0.004776233462291637,Low
sap automation,1,0.004776233462291637,Low
apac region,1,0.004776233462291637,Low
compliance advisory,1,0.004776233462291637,Low
fluid dynamics,1,0.004776233462291637,Low
saas product development,1,0.004776233462291637,Low
sailpoint identitynow,1,0.004776233462291637,Low
layout inspection,1,0.004776233462291637,Low
invasive monitoring,1,0.004776233462291637,Low
data research,1,0.004776233462291637,Low
doctor referral,1,0.004776233462291637,Low
riverbed,1,0.004776233462291637,Low
fabric knowledge,1,0.004776233462291637,Low
salesforce advanced administrator,1,0.004776233462291637,Low
redux saga,1,0.004776233462291637,Low
baseline schedule,1,0.004776233462291637,Low
practice lead,1,0.004776233462291637,Low
sap material management,1,0.004776233462291637,Low
oracle cpq,1,0.004776233462291637,Low
oracle cpq cloud,1,0.004776233462291637,Low
greeting clients,1,0.004776233462291637,Low
api web services,1,0.004776233462291637,Low
cohesity,1,0.004776233462291637,Low
travel operations,1,0.004776233462291637,Low
jamf,1,0.004776233462291637,Low
mbam,1,0.004776233462291637,Low
windows patching,1,0.004776233462291637,Low
ms fabric,1,0.004776233462291637,Low
mtls,1,0.004776233462291637,Low
munit,1,0.004776233462291637,Low
nielsen,1,0.004776233462291637,Low
pdlc,1,0.004776233462291637,Low
inventory manager,1,0.004776233462291637,Low
technical project lead,1,0.004776233462291637,Low
warehouse automation,1,0.004776233462291637,Low
warehouse management systems,1,0.004776233462291637,Low
content management system,1,0.004776233462291637,Low
digital publishing,1,0.004776233462291637,Low
pricing analytics,1,0.004776233462291637,Low
parameterization,1,0.004776233462291637,Low
neft finance,1,0.004776233462291637,Low
voucher entry,1,0.004776233462291637,Low
cybersecurity and compliance,1,0.004776233462291637,Low
cambridge,1,0.004776233462291637,Low
toefl,1,0.004776233462291637,Low
toeic,1,0.004776233462291637,Low
diesel generator,1,0.004776233462291637,Low
energy audit,1,0.004776233462291637,Low
reviewing financial documents,1,0.004776233462291637,Low
cpq cloud,1,0.004776233462291637,Low
training executive,1,0.004776233462291637,Low
training facilitation,1,0.004776233462291637,Low
academic planning,1,0.004776233462291637,Low
campus maintenance,1,0.004776233462291637,Low
curriculum knowledge,1,0.004776233462291637,Low
risk audit,1,0.004776233462291637,Low
store inventory,1,0.004776233462291637,Low
utility management,1,0.004776233462291637,Low
vendor and contractor management,1,0.004776233462291637,Low
safety operations,1,0.004776233462291637,Low
emergency resuscitation,1,0.004776233462291637,Low
communication & coordination skills,1,0.004776233462291637,Low
servicenow platform architect,1,0.004776233462291637,Low
ai ops,1,0.004776233462291637,Low
working capital loans,1,0.004776233462291637,Low
angular v15+,1,0.004776233462291637,Low
asset liability management,1,0.004776233462291637,Low
fiddler,1,0.004776233462291637,Low
us accent,1,0.004776233462291637,Low
pre payroll,1,0.004776233462291637,Low
customer service abilities,1,0.004776233462291637,Low
page design,1,0.004776233462291637,Low
project bidding,1,0.004776233462291637,Low
new installation,1,0.004776233462291637,Low
rabit mq,1,0.004776233462291637,Low
cabin crew,1,0.004776233462291637,Low
technical presales,1,0.004776233462291637,Low
service automation,1,0.004776233462291637,Low
millwork,1,0.004776233462291637,Low
flow charts,1,0.004776233462291637,Low
saas integrations,1,0.004776233462291637,Low
housing loan,1,0.004776233462291637,Low
franchise expansion,1,0.004776233462291637,Low
gold appraiser,1,0.004776233462291637,Low
podcast,1,0.004776233462291637,Low
biology teacher,1,0.004776233462291637,Low
geography teacher,1,0.004776233462291637,Low
civics,1,0.004776233462291637,Low
inbound marketing,1,0.004776233462291637,Low
assessment and evaluation,1,0.004776233462291637,Low
wiring harness design,1,0.004776233462291637,Low
fica,1,0.004776233462291637,Low
sap fica,1,0.004776233462291637,Low
content & communication,1,0.004776233462291637,Low
webdriver.io,1,0.004776233462291637,Low
safety and security management,1,0.004776233462291637,Low
ootb,1,0.004776233462291637,Low
electromagnetics,1,0.004776233462291637,Low
ethical hacking,1,0.004776233462291637,Low
pgp encryption,1,0.004776233462291637,Low
network coordinator,1,0.004776233462291637,Low
laboratory testing,1,0.004776233462291637,Low
adobe creative cloud,1,0.004776233462291637,Low
concept art,1,0.004776233462291637,Low
creative cloud,1,0.004776233462291637,Low
game art,1,0.004776233462291637,Low
ui animations,1,0.004776233462291637,Low
global marketing,1,0.004776233462291637,Low
industrial coatings,1,0.004776233462291637,Low
materials engineering,1,0.004776233462291637,Low
mental health support,1,0.004776233462291637,Low
short videos,1,0.004776233462291637,Low
concept sales,1,0.004776233462291637,Low
corporate alliances,1,0.004776233462291637,Low
offer generation,1,0.004776233462291637,Low
agile management,1,0.004776233462291637,Low
ansi sql,1,0.004776233462291637,Low
regulatory awareness,1,0.004776233462291637,Low
finacle,1,0.004776233462291637,Low
ndt level,1,0.004776233462291637,Low
technical manager-product-support-housing technical department,1,0.004776233462291637,Low
course selection,1,0.004776233462291637,Low
associate account manager - commercial lines,1,0.004776233462291637,Low
consultant,1,0.004776233462291637,Low
ft: strategy & ops,1,0.004776233462291637,Low
fpso,1,0.004776233462291637,Low
jacket,1,0.004776233462291637,Low
mixologist professionals,1,0.004776233462291637,Low
spirits,1,0.004776233462291637,Low
geotechnical,1,0.004776233462291637,Low
special effects,1,0.004776233462291637,Low
wordpress themes,1,0.004776233462291637,Low
soft bucket,1,0.004776233462291637,Low
soft bucket collection,1,0.004776233462291637,Low
secretarial compliance,1,0.004776233462291637,Low
business process management,1,0.004776233462291637,Low
character,1,0.004776233462291637,Low
sap hr functional,1,0.004776233462291637,Low
msme lending,1,0.004776233462291637,Low
sata,1,0.004776233462291637,Low
abap hr,1,0.004776233462291637,Low
sap abap hr,1,0.004776233462291637,Low
target planning,1,0.004776233462291637,Low
ontap,1,0.004776233462291637,Low
data hub,1,0.004776233462291637,Low
quality assurance testing,1,0.004776233462291637,Low
jvm tuning,1,0.004776233462291637,Low
import operations,1,0.004776233462291637,Low
labour relations,1,0.004776233462291637,Low
it training,1,0.004776233462291637,Low
netapp storage,1,0.004776233462291637,Low
sprout social,1,0.004776233462291637,Low
keyword clustering,1,0.004776233462291637,Low
position 7-manager thermfire & sand reclamnation location- mfpl,1,0.004776233462291637,Low
regional business head,1,0.004776233462291637,Low
transaction accounting,1,0.004776233462291637,Low
patient assessments,1,0.004776233462291637,Low
loss prevention associate,1,0.004776233462291637,Low
mechanical service,1,0.004776233462291637,Low
boiler design,1,0.004776233462291637,Low
christian,1,0.004776233462291637,Low
it intern,1,0.004776233462291637,Low
video quality,1,0.004776233462291637,Low
azure monitoring,1,0.004776233462291637,Low
google sheet,1,0.004776233462291637,Low
filmora,1,0.004776233462291637,Low
voice overs,1,0.004776233462291637,Low
rbi compliance,1,0.004776233462291637,Low
oracle netsuite,1,0.004776233462291637,Low
legal obligations,1,0.004776233462291637,Low
visual studio code,1,0.004776233462291637,Low
data protection officer,1,0.004776233462291637,Low
dpdp,1,0.004776233462291637,Low
dpdp act,1,0.004776233462291637,Low
telematics,1,0.004776233462291637,Low
servicenow grc/irm,1,0.004776233462291637,Low
service-oriented architecture,1,0.004776233462291637,Low
avixa,1,0.004776233462291637,Low
net webapi,1,0.004776233462291637,Low
senior .net full stack developer,1,0.004776233462291637,Low
hr administrator,1,0.004776233462291637,Low
spare admin,1,0.004776233462291637,Low
baggage handling,1,0.004776233462291637,Low
servicenow architecture,1,0.004776233462291637,Low
servicenow certified application developer,1,0.004776233462291637,Low
apache hive,1,0.004776233462291637,Low
apache pig,1,0.004776233462291637,Low
mapreduce,1,0.004776233462291637,Low
prosecution,1,0.004776233462291637,Low
strategic workforce planning,1,0.004776233462291637,Low
ddvl,1,0.004776233462291637,Low
compliance & security,1,0.004776233462291637,Low
service transition,1,0.004776233462291637,Low
highway design,1,0.004776233462291637,Low
integration exp,1,0.004776233462291637,Low
automotive lubricants,1,0.004776233462291637,Low
chief revenue officer,1,0.004776233462291637,Low
devops aws,1,0.004776233462291637,Low
financial planning & analysis analyst,1,0.004776233462291637,Low
portfolio management services,1,0.004776233462291637,Low
crisis communications,1,0.004776233462291637,Low
l2 application support,1,0.004776233462291637,Low
mainframe scheduling,1,0.004776233462291637,Low
ionic,1,0.004776233462291637,Low
cghs,1,0.004776233462291637,Low
echs,1,0.004776233462291637,Low
tpa executive,1,0.004776233462291637,Low
payment reminders,1,0.004776233462291637,Low
hana sql,1,0.004776233462291637,Low
payroll executive,1,0.004776233462291637,Low
tiruppur,1,0.004776233462291637,Low
oee calculation,1,0.004776233462291637,Low
performance & analytics,1,0.004776233462291637,Low
credit processing,1,0.004776233462291637,Low
cable design,1,0.004776233462291637,Low
cymcap,1,0.004776233462291637,Low
distribution cable design,1,0.004776233462291637,Low
ugsc,1,0.004776233462291637,Low
voltage drop,1,0.004776233462291637,Low
relay logic,1,0.004776233462291637,Low
gis substations,1,0.004776233462291637,Low
protection and control,1,0.004776233462291637,Low
nic teaming,1,0.004776233462291637,Low
mautic,1,0.004776233462291637,Low
associate product head,1,0.004776233462291637,Low
product head,1,0.004776233462291637,Low
broca,1,0.004776233462291637,Low
digital forensics,1,0.004776233462291637,Low
preparing invoices,1,0.004776233462291637,Low
tall,1,0.004776233462291637,Low
camduct,1,0.004776233462291637,Low
cesmm,1,0.004776233462291637,Low
costx,1,0.004776233462291637,Low
pomi,1,0.004776233462291637,Low
devops developer,1,0.004776233462291637,Low
jncie,1,0.004776233462291637,Low
jncip,1,0.004776233462291637,Low
oracle vm,1,0.004776233462291637,Low
vmware workstation,1,0.004776233462291637,Low
xenserver,1,0.004776233462291637,Low
iis web server,1,0.004776233462291637,Low
net c#,1,0.004776233462291637,Low
maritime regulations,1,0.004776233462291637,Low
mis management,1,0.004776233462291637,Low
sr accountant,1,0.004776233462291637,Low
it service delivery management,1,0.004776233462291637,Low
dc drives,1,0.004776233462291637,Low
vfd drives,1,0.004776233462291637,Low
group business,1,0.004776233462291637,Low
warehouse design,1,0.004776233462291637,Low
financial service cloud,1,0.004776233462291637,Low
salesforce customization,1,0.004776233462291637,Low
moulds,1,0.004776233462291637,Low
book closure,1,0.004776233462291637,Low
ifc audit,1,0.004776233462291637,Low
fabric sourcing,1,0.004776233462291637,Low
azure web apps,1,0.004776233462291637,Low
flux & webpack,1,0.004776233462291637,Low
design staff,1,0.004776233462291637,Low
including ductwork,1,0.004776233462291637,Low
assistant manager production,1,0.004776233462291637,Low
manual welding,1,0.004776233462291637,Low
press part,1,0.004776233462291637,Low
orthopedician,1,0.004776233462291637,Low
director finance,1,0.004776233462291637,Low
aix admin,1,0.004776233462291637,Low
nutanix,1,0.004776233462291637,Low
vpn configuration,1,0.004776233462291637,Low
cosmetology,1,0.004776233462291637,Low
skincare treatments,1,0.004776233462291637,Low
graph api,1,0.004776233462291637,Low
credit card analytics,1,0.004776233462291637,Low
marine claims,1,0.004776233462291637,Low
marine claims advisor,1,0.004776233462291637,Low
murex mxml integration,1,0.004776233462291637,Low
murex testing,1,0.004776233462291637,Low
mxml,1,0.004776233462291637,Low
cheminformatics,1,0.004776233462291637,Low
sap apo,1,0.004776233462291637,Low
crm campaigns,1,0.004776233462291637,Low
senior marketing executive,1,0.004776233462291637,Low
graphics driver,1,0.004776233462291637,Low
specflow,1,0.004776233462291637,Low
equest,1,0.004776233462291637,Low
ireg,1,0.004776233462291637,Low
roaming,1,0.004776233462291637,Low
roaming testing,1,0.004776233462291637,Low
store head,1,0.004776233462291637,Low
heirloom,1,0.004776233462291637,Low
tmaxsoft,1,0.004776233462291637,Low
line maintenance,1,0.004776233462291637,Low
loading/unloading,1,0.004776233462291637,Low
ucce,1,0.004776233462291637,Low
corporate marketing,1,0.004776233462291637,Low
partner recruitment,1,0.004776233462291637,Low
claims handling,1,0.004776233462291637,Low
demurrage,1,0.004776233462291637,Low
cobal,1,0.004776233462291637,Low
microfocus rehosting,1,0.004776233462291637,Low
oracle weblogic jms emphasizing,1,0.004776233462291637,Low
weblogic jms,1,0.004776233462291637,Low
constellation,1,0.004776233462291637,Low
pega constellation,1,0.004776233462291637,Low
murex,1,0.004776233462291637,Low
murex datamart,1,0.004776233462291637,Low
murex mxml,1,0.004776233462291637,Low
front end design,1,0.004776233462291637,Low
genus,1,0.004776233462291637,Low
audio drivers,1,0.004776233462291637,Low
digital agriculture,1,0.004776233462291637,Low
sweaters,1,0.004776233462291637,Low
documentary filmmaking,1,0.004776233462291637,Low
permit to work,1,0.004776233462291637,Low
ci/cd process,1,0.004776233462291637,Low
microservices and cloud,1,0.004776233462291637,Low
spanner,1,0.004776233462291637,Low
balance sheet reconciliation,1,0.004776233462291637,Low
gst audit,1,0.004776233462291637,Low
nightshift,1,0.004776233462291637,Low
coolants,1,0.004776233462291637,Low
gidc,1,0.004776233462291637,Low
kathwada,1,0.004776233462291637,Low
lead finance,1,0.004776233462291637,Low
dot digital,1,0.004776233462291637,Low
analytical & problem-solving skills,1,0.004776233462291637,Low
strategic advisory,1,0.004776233462291637,Low
nexthink,1,0.004776233462291637,Low
coolant,1,0.004776233462291637,Low
quote to cash,1,0.004776233462291637,Low
zuora,1,0.004776233462291637,Low
sensor integration,1,0.004776233462291637,Low
indirect procurement,1,0.004776233462291637,Low
medallion,1,0.004776233462291637,Low
medallion architecture,1,0.004776233462291637,Low
asil,1,0.004776233462291637,Low
canalyzer,1,0.004776233462291637,Low
davinci configurator,1,0.004776233462291637,Low
error analysis,1,0.004776233462291637,Low
lubrication,1,0.004776233462291637,Low
machinist,1,0.004776233462291637,Low
turner,1,0.004776233462291637,Low
part list,1,0.004776233462291637,Low
seo writing,1,0.004776233462291637,Low
outsourcing projects,1,0.004776233462291637,Low
peopletools,1,0.004776233462291637,Low
abinitio support,1,0.004776233462291637,Low
data structures & algorithms,1,0.004776233462291637,Low
russian,1,0.004776233462291637,Low
python virtual environments,1,0.004776233462291637,Low
customer escalation,1,0.004776233462291637,Low
detox,1,0.004776233462291637,Low
firefox,1,0.004776233462291637,Low
chargers,1,0.004776233462291637,Low
contract compliance,1,0.004776233462291637,Low
etl informatica,1,0.004776233462291637,Low
informatica power,1,0.004776233462291637,Low
parallel computing,1,0.004776233462291637,Low
soc integration,1,0.004776233462291637,Low
responsys,1,0.004776233462291637,Low
irules,1,0.004776233462291637,Low
postgresql administration,1,0.004776233462291637,Low
ensure timely resolution of customer complaints,1,0.004776233462291637,Low
technical seo audits,1,0.004776233462291637,Low
transaction management,1,0.004776233462291637,Low
aem development,1,0.004776233462291637,Low
informatica powercenter,1,0.004776233462291637,Low
powercenter,1,0.004776233462291637,Low
hr knowledge,1,0.004776233462291637,Low
health insurance advisor,1,0.004776233462291637,Low
solidworks designer,1,0.004776233462291637,Low
data warehouse etl testing,1,0.004776233462291637,Low
unica,1,0.004776233462291637,Low
digital asset management,1,0.004776233462291637,Low
community cloud,1,0.004776233462291637,Low
gis solutions,1,0.004776233462291637,Low
government community cloud,1,0.004776233462291637,Low
service benchmarking,1,0.004776233462291637,Low
sla tools and operations,1,0.004776233462291637,Low
dialux,1,0.004776233462291637,Low
electrical installation,1,0.004776233462291637,Low
sap enable now,1,0.004776233462291637,Low
server virtualization,1,0.004776233462291637,Low
contact center transformation,1,0.004776233462291637,Low
magazines,1,0.004776233462291637,Low
outdoor advertising,1,0.004776233462291637,Low
print media design,1,0.004776233462291637,Low
computer graphics,1,0.004776233462291637,Low
ahus,1,0.004776233462291637,Low
nuance,1,0.004776233462291637,Low
ibm websphere datapower,1,0.004776233462291637,Low
package engineer,1,0.004776233462291637,Low
ms dynamics 365 customer service,1,0.004776233462291637,Low
siam,1,0.004776233462291637,Low
hotjar,1,0.004776233462291637,Low
embedded software testing,1,0.004776233462291637,Low
account & finance,1,0.004776233462291637,Low
service desk operations,1,0.004776233462291637,Low
client profiling,1,0.004776233462291637,Low
risk based internal audit,1,0.004776233462291637,Low
corporate branding,1,0.004776233462291637,Low
imap,1,0.004776233462291637,Low
msql,1,0.004776233462291637,Low
unifier,1,0.004776233462291637,Low
robotics trainer,1,0.004776233462291637,Low
hall of fame,1,0.004776233462291637,Low
it enabled services,1,0.004776233462291637,Low
openshift virtualization,1,0.004776233462291637,Low
business process development,1,0.004776233462291637,Low
encore,1,0.004776233462291637,Low
solving queries,1,0.004776233462291637,Low
spartacus,1,0.004776233462291637,Low
intelligence research,1,0.004776233462291637,Low
visa support,1,0.004776233462291637,Low
hr project management,1,0.004776233462291637,Low
b2b commerce,1,0.004776233462291637,Low
cisco ip telephony,1,0.004776233462291637,Low
bioanalytical,1,0.004776233462291637,Low
pensions,1,0.004776233462291637,Low
erp services,1,0.004776233462291637,Low
customer data management,1,0.004776233462291637,Low
omnistudio,1,0.004776233462291637,Low
salesforce experience cloud,1,0.004776233462291637,Low
salesforce security model,1,0.004776233462291637,Low
sabsa,1,0.004776233462291637,Low
domain integration,1,0.004776233462291637,Low
product registration,1,0.004776233462291637,Low
articulate studio,1,0.004776233462291637,Low
curriculum strategy,1,0.004776233462291637,Low
engineering analyst,1,0.004776233462291637,Low
corporate hr head,1,0.004776233462291637,Low
sales effectiveness,1,0.004776233462291637,Low
salesforce certified technical architect,1,0.004776233462291637,Low
vlocity,1,0.004776233462291637,Low
third party collections,1,0.004776233462291637,Low
system control,1,0.004776233462291637,Low
bim architecture,1,0.004776233462291637,Low
bim modeling,1,0.004776233462291637,Low
search engine marketing,1,0.004776233462291637,Low
physical fitness,1,0.004776233462291637,Low
professional grooming,1,0.004776233462291637,Low
word processing,1,0.004776233462291637,Low
retail trainer,1,0.004776233462291637,Low
catia v5,1,0.004776233462291637,Low
seating system,1,0.004776233462291637,Low
timeline planning,1,0.004776233462291637,Low
customer insight,1,0.004776233462291637,Low
global platform,1,0.004776233462291637,Low
networking stack,1,0.004776233462291637,Low
heap dumps,1,0.004776233462291637,Low
price negotiation,1,0.004776233462291637,Low
travel coordination,1,0.004776233462291637,Low
good aptitude,1,0.004776233462291637,Low
and openshift container platform,1,0.004776233462291637,Low
cassandra administration,1,0.004776233462291637,Low
apex triggers,1,0.004776233462291637,Low
app exchange,1,0.004776233462291637,Low
schedule apex,1,0.004776233462291637,Low
custody operations,1,0.004776233462291637,Low
compliant handling,1,0.004776233462291637,Low
computer troubleshooting,1,0.004776233462291637,Low
toolings,1,0.004776233462291637,Low
finance & controlling,1,0.004776233462291637,Low
ricef objects,1,0.004776233462291637,Low
sap transportation management,1,0.004776233462291637,Low
finance business partner,1,0.004776233462291637,Low
servicenow hrsd,1,0.004776233462291637,Low
r&d manager,1,0.004776233462291637,Low
direct sales insurance,1,0.004776233462291637,Low
mortgage lap sales,1,0.004776233462291637,Low
sales insurance,1,0.004776233462291637,Low
direct selling/banka,1,0.004776233462291637,Low
packaging design,1,0.004776233462291637,Low
pharmaceutical packaging,1,0.004776233462291637,Low
digital agency,1,0.004776233462291637,Low
assistant manager finance,1,0.004776233462291637,Low
basic tax workings,1,0.004776233462291637,Low
promoter accounts,1,0.004776233462291637,Low
data quality analysis,1,0.004776233462291637,Low
pl-600,1,0.004776233462291637,Low
automotive technician,1,0.004776233462291637,Low
roi calculation,1,0.004776233462291637,Low
casting inspection,1,0.004776233462291637,Low
team centre,1,0.004776233462291637,Low
sap mdg technical,1,0.004776233462291637,Low
document writing,1,0.004776233462291637,Low
native cloud,1,0.004776233462291637,Low
mobile app designing,1,0.004776233462291637,Low
cancer,1,0.004776233462291637,Low
provider management,1,0.004776233462291637,Low
process slas,1,0.004776233462291637,Low
micro focus,1,0.004776233462291637,Low
uft testing,1,0.004776233462291637,Low
sap successfactors compensation,1,0.004776233462291637,Low
successfactors compensation,1,0.004776233462291637,Low
btp admin,1,0.004776233462291637,Low
customer drawing study,1,0.004776233462291637,Low
mortagage,1,0.004776233462291637,Low
java application development,1,0.004776233462291637,Low
quality officer,1,0.004776233462291637,Low
hr freshers,1,0.004776233462291637,Low
heat treatment process,1,0.004776233462291637,Low
fixture development,1,0.004776233462291637,Low
functional interface,1,0.004776233462291637,Low
machining & process expertise,1,0.004776233462291637,Low
process capability,1,0.004776233462291637,Low
creative problem solving,1,0.004776233462291637,Low
graph theory,1,0.004776233462291637,Low
story writing,1,0.004776233462291637,Low
user story writing,1,0.004776233462291637,Low
outlet operations,1,0.004776233462291637,Low
aws sqs,1,0.004776233462291637,Low
hp fortify,1,0.004776233462291637,Low
physical therapy,1,0.004776233462291637,Low
php application,1,0.004776233462291637,Low
data munging,1,0.004776233462291637,Low
nnapi,1,0.004776233462291637,Low
cert-in,1,0.004776233462291637,Low
security audit,1,0.004776233462291637,Low
conga,1,0.004776233462291637,Low
conga cpq,1,0.004776233462291637,Low
workday recruitment,1,0.004776233462291637,Low
sap abap object oriented,1,0.004776233462291637,Low
lease abstraction,1,0.004776233462291637,Low
digital communications,1,0.004776233462291637,Low
marketing acumen,1,0.004776233462291637,Low
marketing strategy & execution,1,0.004776233462291637,Low
us tax return,1,0.004776233462291637,Low
floor management,1,0.004776233462291637,Low
kharkhoda,1,0.004776233462291637,Low
shop floor management,1,0.004776233462291637,Low
micro segmentation,1,0.004776233462291637,Low
network operations center,1,0.004776233462291637,Low
problem determination,1,0.004776233462291637,Low
ibm app connect enterprise,1,0.004776233462291637,Low
sap fiori and ui5,1,0.004776233462291637,Low
sap hana database,1,0.004776233462291637,Low
e-learning courses,1,0.004776233462291637,Low
e-learning development,1,0.004776233462291637,Low
s/4hana integration,1,0.004776233462291637,Low
sap fi modules,1,0.004776233462291637,Low
oracle cloud visual builder,1,0.004776233462291637,Low
bi strategy,1,0.004776233462291637,Low
microsoft fed reactjs,1,0.004776233462291637,Low
ariba sourcing,1,0.004776233462291637,Low
request for proposal,1,0.004776233462291637,Low
it operations management,1,0.004776233462291637,Low
informatica intelligent cloud services,1,0.004776233462291637,Low
business process architect,1,0.004776233462291637,Low
advanced planning & optimization,1,0.004776233462291637,Low
sap scm apo,1,0.004776233462291637,Low
sap scm apo advanced planning,1,0.004776233462291637,Low
scm apo,1,0.004776233462291637,Low
servicenow human,1,0.004776233462291637,Low
servicenow tools administration,1,0.004776233462291637,Low
change strategy,1,0.004776233462291637,Low
oracle peoplesoft,1,0.004776233462291637,Low
taleo,1,0.004776233462291637,Low
transformational change,1,0.004776233462291637,Low
sap mm materials management,1,0.004776233462291637,Low
elearning development,1,0.004776233462291637,Low
lms platforms,1,0.004776233462291637,Low
enterprise architecture framework,1,0.004776233462291637,Low
aviation regulations,1,0.004776233462291637,Low
ground handling,1,0.004776233462291637,Low
enterprise network operations,1,0.004776233462291637,Low
field service management,1,0.004776233462291637,Low
oracle service cloud,1,0.004776233462291637,Low
emotional resilience,1,0.004776233462291637,Low
red hat os administration,1,0.004776233462291637,Low
sas bi,1,0.004776233462291637,Low
snowpipe,1,0.004776233462291637,Low
windows administration,1,0.004776233462291637,Low
windows administrator,1,0.004776233462291637,Low
windows cluster,1,0.004776233462291637,Low
capacity enhancement,1,0.004776233462291637,Low
sewing,1,0.004776233462291637,Low
network elements,1,0.004776233462291637,Low
pipeline pilot,1,0.004776233462291637,Low
rpa testing,1,0.004776233462291637,Low
azure function apps,1,0.004776233462291637,Low
ir drop,1,0.004776233462291637,Low
pdn analysis,1,0.004776233462291637,Low
power grid,1,0.004776233462291637,Low
automated unit testing,1,0.004776233462291637,Low
business system analyst,1,0.004776233462291637,Low
core java development,1,0.004776233462291637,Low
dtcc,1,0.004776233462291637,Low
mysql database administration,1,0.004776233462291637,Low
payroll & statutory compliance,1,0.004776233462291637,Low
social security,1,0.004776233462291637,Low
net azure,1,0.004776233462291637,Low
microsoft azure architecture,1,0.004776233462291637,Low
air traffic control,1,0.004776233462291637,Low
airport ground handling,1,0.004776233462291637,Low
agile metrics,1,0.004776233462291637,Low
spring integration,1,0.004776233462291637,Low
snowsql,1,0.004776233462291637,Low
talend etl,1,0.004776233462291637,Low
hr advisory,1,0.004776233462291637,Low
material planner,1,0.004776233462291637,Low
hand calculation,1,0.004776233462291637,Low
jira service management,1,0.004776233462291637,Low
cmdb architecture,1,0.004776233462291637,Low
glide api,1,0.004776233462291637,Low
computer operating,1,0.004776233462291637,Low
sap btm,1,0.004776233462291637,Low
sports coaching,1,0.004776233462291637,Low
cost centre,1,0.004776233462291637,Low
customer life cycle management,1,0.004776233462291637,Low
mistral,1,0.004776233462291637,Low
pcidss,1,0.004776233462291637,Low
zoho analytics,1,0.004776233462291637,Low
block dispute,1,0.004776233462291637,Low
airport operations,1,0.004776233462291637,Low
cargo handling,1,0.004776233462291637,Low
collection assistant manager,1,0.004776233462291637,Low
credit card collections,1,0.004776233462291637,Low
dailer,1,0.004776233462291637,Low
cost centre accounting,1,0.004776233462291637,Low
salesforce cloud,1,0.004776233462291637,Low
crushers,1,0.004776233462291637,Low
crushing,1,0.004776233462291637,Low
enforce safety protocols,1,0.004776233462291637,Low
mining operations,1,0.004776233462291637,Low
jewellery designing,1,0.004776233462291637,Low
workforce data,1,0.004776233462291637,Low
agriculture sales,1,0.004776233462291637,Low
fiels sales,1,0.004776233462291637,Low
sample testing,1,0.004776233462291637,Low
go live support,1,0.004776233462291637,Low
materials management module,1,0.004776233462291637,Low
sap mm hana,1,0.004776233462291637,Low
nice actimize,1,0.004776233462291637,Low
critical thinking & problem solving,1,0.004776233462291637,Low
product listing,1,0.004776233462291637,Low
construction accounting,1,0.004776233462291637,Low
chinese cuisine,1,0.004776233462291637,Low
modern trade sales,1,0.004776233462291637,Low
legal procedures,1,0.004776233462291637,Low
title verification,1,0.004776233462291637,Low
seo management,1,0.004776233462291637,Low
deluge,1,0.004776233462291637,Low
fruit,1,0.004776233462291637,Low
pharma packaging,1,0.004776233462291637,Low
field visit,1,0.004776233462291637,Low
denodo developer,1,0.004776233462291637,Low
xcode gradle,1,0.004776233462291637,Low
rfi lifecycle,1,0.004776233462291637,Low
manhattan software,1,0.004776233462291637,Low
manhattan supply chain management,1,0.004776233462291637,Low
scm workflows,1,0.004776233462291637,Low
suitescripts,1,0.004776233462291637,Low
navision finance,1,0.004776233462291637,Low
md pharmacology,1,0.004776233462291637,Low
bad debt,1,0.004776233462291637,Low
collection calls,1,0.004776233462291637,Low
c++17,1,0.004776233462291637,Low
workday technical,1,0.004776233462291637,Low
data warehouse solution,1,0.004776233462291637,Low
math teacher,1,0.004776233462291637,Low
tgt math teacher,1,0.004776233462291637,Low
tgt maths teacher,1,0.004776233462291637,Low
wire transfers,1,0.004776233462291637,Low
land disputes,1,0.004776233462291637,Low
land revenue,1,0.004776233462291637,Low
cocoa touch,1,0.004776233462291637,Low
it talent acquisition,1,0.004776233462291637,Low
it recruitment management,1,0.004776233462291637,Low
doctor activities,1,0.004776233462291637,Low
otc sales,1,0.004776233462291637,Low
web ide,1,0.004776233462291637,Low
patient history,1,0.004776233462291637,Low
channel relationship management,1,0.004776233462291637,Low
setters,1,0.004776233462291637,Low
zoho one,1,0.004776233462291637,Low
zoho one suite,1,0.004776233462291637,Low
zoho rest apis,1,0.004776233462291637,Low
eureka,1,0.004776233462291637,Low
jbpm -jboss,1,0.004776233462291637,Low
kakfa,1,0.004776233462291637,Low
cms platforms,1,0.004776233462291637,Low
server configuration,1,0.004776233462291637,Low
vue.js/react/angular,1,0.004776233462291637,Low
laparoscopies,1,0.004776233462291637,Low
software qa methodologies,1,0.004776233462291637,Low
vmc programming,1,0.004776233462291637,Low
animal nutrition,1,0.004776233462291637,Low
poultry,1,0.004776233462291637,Low
poultry science,1,0.004776233462291637,Low
veterinary science,1,0.004776233462291637,Low
biometric attendance,1,0.004776233462291637,Low
online marketplace,1,0.004776233462291637,Low
digital marketing analyst,1,0.004776233462291637,Low
mulesoft lead,1,0.004776233462291637,Low
structured text,1,0.004776233462291637,Low
derivative market,1,0.004776233462291637,Low
in-process quality control,1,0.004776233462291637,Low
inprocess,1,0.004776233462291637,Low
inprocess quality,1,0.004776233462291637,Low
hydraulic press,1,0.004776233462291637,Low
machine press,1,0.004776233462291637,Low
tgt chemistry teacher,1,0.004776233462291637,Low
pyp teacher,1,0.004776233462291637,Low
tower erection,1,0.004776233462291637,Low
employee engagement & retention strategies,1,0.004776233462291637,Low
netbeans,1,0.004776233462291637,Low
supplier audit,1,0.004776233462291637,Low
video conference,1,0.004776233462291637,Low
demo entry,1,0.004776233462291637,Low
program governance,1,0.004776233462291637,Low
transformation initiative,1,0.004776233462291637,Low
solidity,1,0.004776233462291637,Low
it troubleshooting,1,0.004776233462291637,Low
itsm ticketing,1,0.004776233462291637,Low
rapport building,1,0.004776233462291637,Low
associate scm,1,0.004776233462291637,Low
market intelligence & reporting,1,0.004776233462291637,Low
sales & application,1,0.004776233462291637,Low
geometric dimensioning and tolerancing,1,0.004776233462291637,Low
ra bills,1,0.004776233462291637,Low
tablet manufacturing,1,0.004776233462291637,Low
attendance system,1,0.004776233462291637,Low
channel partner onboarding,1,0.004776233462291637,Low
infection control practices,1,0.004776233462291637,Low
surgical instruments,1,0.004776233462291637,Low
material data creation,1,0.004776233462291637,Low
locum,1,0.004776233462291637,Low
unit hr,1,0.004776233462291637,Low
ibdp english teacher,1,0.004776233462291637,Low
igcse/ibdp english teacher,1,0.004776233462291637,Low
trading account,1,0.004776233462291637,Low
db queries,1,0.004776233462291637,Low
production drawings,1,0.004776233462291637,Low
insurance verification,1,0.004776233462291637,Low
bacnet,1,0.004776233462291637,Low
hypermill,1,0.004776233462291637,Low
employee satisfaction survey,1,0.004776233462291637,Low
dispensing medications,1,0.004776233462291637,Low
aws security,1,0.004776233462291637,Low
content annotator,1,0.004776233462291637,Low
regional business manager,1,0.004776233462291637,Low
sales dashboards,1,0.004776233462291637,Low
hemm,1,0.004776233462291637,Low
finance modelling,1,0.004776233462291637,Low
extrusion process,1,0.004776233462291637,Low
hdpe,1,0.004776233462291637,Low
plastic extrusion,1,0.004776233462291637,Low
invision,1,0.004776233462291637,Low
winui,1,0.004776233462291637,Low
verification lead,1,0.004776233462291637,Low
investment counselor,1,0.004776233462291637,Low
customer executive,1,0.004776233462291637,Low
time study,1,0.004776233462291637,Low
associate recruiter,1,0.004776233462291637,Low
continuous improvement focus,1,0.004776233462291637,Low
brand collaborations,1,0.004776233462291637,Low
creator economy,1,0.004776233462291637,Low
digital content creation,1,0.004776233462291637,Low
on-call experience,1,0.004776233462291637,Low
medical coding trainee,1,0.004776233462291637,Low
head & neck oncology,1,0.004776233462291637,Low
fire alarm system,1,0.004776233462291637,Low
fire detection system,1,0.004776233462291637,Low
laser cutting,1,0.004776233462291637,Low
lessor cutting,1,0.004776233462291637,Low
credit balance,1,0.004776233462291637,Low
stock market operations,1,0.004776233462291637,Low
automated security testing,1,0.004776233462291637,Low
fixed income products,1,0.004776233462291637,Low
mis operations,1,0.004776233462291637,Low
accounting software sales,1,0.004776233462291637,Low
quartz,1,0.004776233462291637,Low
nri banking,1,0.004776233462291637,Low
corporate services,1,0.004776233462291637,Low
clinical psychologist,1,0.004776233462291637,Low
cash flow forecasting,1,0.004776233462291637,Low
treasury head,1,0.004776233462291637,Low
freelance recruitment,1,0.004776233462291637,Low
hoist,1,0.004776233462291637,Low
report making,1,0.004776233462291637,Low
us payroll processing,1,0.004776233462291637,Low
talent engagement,1,0.004776233462291637,Low
english trainer,1,0.004776233462291637,Low
scientific writing,1,0.004776233462291637,Low
requirement documentation,1,0.004776233462291637,Low
financial transformation,1,0.004776233462291637,Low
corporate identity,1,0.004776233462291637,Low
guardduty,1,0.004776233462291637,Low
iam security,1,0.004776233462291637,Low
identity and access management principles,1,0.004776233462291637,Low
security incident response,1,0.004776233462291637,Low
enterprise software sales,1,0.004776233462291637,Low
ui/ux development,1,0.004776233462291637,Low
hedis,1,0.004776233462291637,Low
salesforce.com development,1,0.004776233462291637,Low
service delivery lead,1,0.004776233462291637,Low
design workflows,1,0.004776233462291637,Low
digital marketing design,1,0.004776233462291637,Low
marketing design,1,0.004776233462291637,Low
strong design sense,1,0.004776233462291637,Low
synthesia,1,0.004776233462291637,Low
shopping mall,1,0.004776233462291637,Low
production assembly,1,0.004776233462291637,Low
high pressure die casting,1,0.004776233462291637,Low
medical oncologist,1,0.004776233462291637,Low
journal voucher,1,0.004776233462291637,Low
tax invoice,1,0.004776233462291637,Low
support lab classes,1,0.004776233462291637,Low
ats systems,1,0.004776233462291637,Low
cpc certified,1,0.004776233462291637,Low
drg coding,1,0.004776233462291637,Low
plm teamcenter,1,0.004776233462291637,Low
tcua,1,0.004776233462291637,Low
aircraft maintenance engineer,1,0.004776233462291637,Low
deliver product demos,1,0.004776233462291637,Low
manageengine,1,0.004776233462291637,Low
rpg400,1,0.004776233462291637,Low
sqlrpgle,1,0.004776233462291637,Low
challan,1,0.004776233462291637,Low
exit process,1,0.004776233462291637,Low
mattress,1,0.004776233462291637,Low
nepali,1,0.004776233462291637,Low
quechers,1,0.004776233462291637,Low
sample preparation,1,0.004776233462291637,Low
rf system design,1,0.004776233462291637,Low
supplychain,1,0.004776233462291637,Low
performance mgmt,1,0.004776233462291637,Low
story reporting,1,0.004776233462291637,Low
e-tendering,1,0.004776233462291637,Low
sentry,1,0.004776233462291637,Low
structured credit,1,0.004776233462291637,Low
syndicated loans,1,0.004776233462291637,Low
ux software,1,0.004776233462291637,Low
design inputs,1,0.004776233462291637,Low
medication review and assessment,1,0.004776233462291637,Low
monitoring drug therapy,1,0.004776233462291637,Low
patient counseling and education,1,0.004776233462291637,Low
patient safety and risk management,1,0.004776233462291637,Low
hr operation,1,0.004776233462291637,Low
hse management,1,0.004776233462291637,Low
hse management system,1,0.004776233462291637,Low
manager - safety,1,0.004776233462291637,Low
regulatory framework,1,0.004776233462291637,Low
improving customer satisfaction,1,0.004776233462291637,Low
reimbursement processing,1,0.004776233462291637,Low
hard working,1,0.004776233462291637,Low
tivoli,1,0.004776233462291637,Low
mis associate,1,0.004776233462291637,Low
3d macros,1,0.004776233462291637,Low
aws services and cloud-native development,1,0.004776233462291637,Low
tally operator,1,0.004776233462291637,Low
liferay,1,0.004776233462291637,Low
xml web services,1,0.004776233462291637,Low
luxury retail sales,1,0.004776233462291637,Low
pagination,1,0.004776233462291637,Low
mis manager,1,0.004776233462291637,Low
operational analysis,1,0.004776233462291637,Low
service provisioning,1,0.004776233462291637,Low
8 bit,1,0.004776233462291637,Low
ppc manager,1,0.004776233462291637,Low
consultant radiology,1,0.004776233462291637,Low
c. g. road,1,0.004776233462291637,Low
shipping operations,1,0.004776233462291637,Low
clinical consultation and collaboration,1,0.004776233462291637,Low
clinical pharmacology,1,0.004776233462291637,Low
mangaluru,1,0.004776233462291637,Low
virtual agent,1,0.004776233462291637,Low
aidl,1,0.004776233462291637,Low
new product design,1,0.004776233462291637,Low
pharmacokinetic dosing and optimization,1,0.004776233462291637,Low
senior web designer,1,0.004776233462291637,Low
holiday packages sales,1,0.004776233462291637,Low
senior steward,1,0.004776233462291637,Low
pha pro,1,0.004776233462291637,Low
panel builder,1,0.004776233462291637,Low
english faculty,1,0.004776233462291637,Low
title analyst,1,0.004776233462291637,Low
fluent in malayalam,1,0.004776233462291637,Low
strong interpersonal abilities,1,0.004776233462291637,Low
industrial automation engineer,1,0.004776233462291637,Low
fire alarm systems,1,0.004776233462291637,Low
sap btp mdk,1,0.004776233462291637,Low
itgc audit,1,0.004776233462291637,Low
radiology coder,1,0.004776233462291637,Low
staffing operations,1,0.004776233462291637,Low
smsf,1,0.004776233462291637,Low
personal & professional tasks,1,0.004776233462291637,Low
emergency physician,1,0.004776233462291637,Low
interventional radiologist,1,0.004776233462291637,Low
oncosurgeon,1,0.004776233462291637,Low
liaison officer,1,0.004776233462291637,Low
tahsildar,1,0.004776233462291637,Low
aura framework,1,0.004776233462291637,Low
design control,1,0.004776233462291637,Low
gm project,1,0.004776233462291637,Low
warehouse project,1,0.004776233462291637,Low
f & a,1,0.004776233462291637,Low
physiotherapists,1,0.004776233462291637,Low
creatio,1,0.004776233462291637,Low
microsoft purview,1,0.004776233462291637,Low
support uat,1,0.004776233462291637,Low
geared motors,1,0.004776233462291637,Low
sea freight,1,0.004776233462291637,Low
operations & service delivery,1,0.004776233462291637,Low
corporate card underwriting,1,0.004776233462291637,Low
real estate laws,1,0.004776233462291637,Low
netskope,1,0.004776233462291637,Low
forescout,1,0.004776233462291637,Low
forescout eyesight,1,0.004776233462291637,Low
method validation,1,0.004776233462291637,Low
handling manpower,1,0.004776233462291637,Low
rider handling,1,0.004776233462291637,Low
industrial security,1,0.004776233462291637,Low
anfd,1,0.004776233462291637,Low
piping fabrication,1,0.004776233462291637,Low
gitops workflows,1,0.004776233462291637,Low
opentofu,1,0.004776233462291637,Low
monitoring and evaluation,1,0.004776233462291637,Low
chemical production,1,0.004776233462291637,Low
caregiver,1,0.004776233462291637,Low
nextgen,1,0.004776233462291637,Low
sqls,1,0.004776233462291637,Low
workforce planning manager,1,0.004776233462291637,Low
audit coordination,1,0.004776233462291637,Low
itinerary management,1,0.004776233462291637,Low
apic,1,0.004776233462291637,Low
cisco nexus switches,1,0.004776233462291637,Low
nxos,1,0.004776233462291637,Low
azure cloud security,1,0.004776233462291637,Low
cloud security architecture,1,0.004776233462291637,Low
internal financial control,1,0.004776233462291637,Low
salary administration,1,0.004776233462291637,Low
doctoral program,1,0.004776233462291637,Low
training sales,1,0.004776233462291637,Low
design accuracy,1,0.004776233462291637,Low
sap production planning,1,0.004776233462291637,Low
iot sales,1,0.004776233462291637,Low
sap billing,1,0.004776233462291637,Low
gst knowledge,1,0.004776233462291637,Low
platform and integrations,1,0.004776233462291637,Low
financial research,1,0.004776233462291637,Low
relationship manger,1,0.004776233462291637,Low
db icedq,1,0.004776233462291637,Low
daily progress report,1,0.004776233462291637,Low
emai,1,0.004776233462291637,Low
layout preparation,1,0.004776233462291637,Low
contracting & negotiation,1,0.004776233462291637,Low
corporate travel,1,0.004776233462291637,Low
servicenow lead,1,0.004776233462291637,Low
account director,1,0.004776233462291637,Low
invoicing accuracy,1,0.004776233462291637,Low
win32,1,0.004776233462291637,Low
sales planning & forecasting,1,0.004776233462291637,Low
ppqm,1,0.004776233462291637,Low
corporate litigation,1,0.004776233462291637,Low
sales order processing,1,0.004776233462291637,Low
payment testing,1,0.004776233462291637,Low
swift payments,1,0.004776233462291637,Low
fashion merchandising,1,0.004776233462291637,Low
jewellery merchandiser,1,0.004776233462291637,Low
japanese speaking,1,0.004776233462291637,Low
jlpt n2,1,0.004776233462291637,Low
used cv,1,0.004776233462291637,Low
aws iot core,1,0.004776233462291637,Low
geology,1,0.004776233462291637,Low
procurement and contract management,1,0.004776233462291637,Low
luxury interiors,1,0.004776233462291637,Low
moodle lms,1,0.004776233462291637,Low
iraq,1,0.004776233462291637,Low
lead commercial,1,0.004776233462291637,Low
sap sd testing,1,0.004776233462291637,Low
nego,1,0.004776233462291637,Low
womens wear,1,0.004776233462291637,Low
boring,1,0.004776233462291637,Low
lathe machine,1,0.004776233462291637,Low
lathe machine operator,1,0.004776233462291637,Low
precision machining,1,0.004776233462291637,Low
concierge services,1,0.004776233462291637,Low
edmcs,1,0.004776233462291637,Low
stock register,1,0.004776233462291637,Low
lead recruiter,1,0.004776233462291637,Low
vehicle placement,1,0.004776233462291637,Low
liability products,1,0.004776233462291637,Low
uk market,1,0.004776233462291637,Low
and retailers,1,0.004776233462291637,Low
asp.netcore,1,0.004776233462291637,Low
reflow,1,0.004776233462291637,Low
smt engineer,1,0.004776233462291637,Low
e-commerce manager,1,0.004776233462291637,Low
websockets,1,0.004776233462291637,Low
it knowledge,1,0.004776233462291637,Low
python full stack developer,1,0.004776233462291637,Low
damage tolerance,1,0.004776233462291637,Low
fatigue and damage tolerance engineer,1,0.004776233462291637,Low
single-line diagrams,1,0.004776233462291637,Low
expense accounting,1,0.004776233462291637,Low
sap gts,1,0.004776233462291637,Low
pump room,1,0.004776233462291637,Low
orthopaedics,1,0.004776233462291637,Low
business process configuration,1,0.004776233462291637,Low
odoo project,1,0.004776233462291637,Low
stress handling,1,0.004776233462291637,Low
big data analytics,1,0.004776233462291637,Low
avaya cms,1,0.004776233462291637,Low
orm libraries,1,0.004776233462291637,Low
atm operations,1,0.004776233462291637,Low
pricing analyst,1,0.004776233462291637,Low
panda,1,0.004776233462291637,Low
making quotation,1,0.004776233462291637,Low
technician trainee,1,0.004776233462291637,Low
tender preparation,1,0.004776233462291637,Low
vendor drawings,1,0.004776233462291637,Low
fault analysis,1,0.004776233462291637,Low
innovation focus,1,0.004776233462291637,Low
documents review,1,0.004776233462291637,Low
piping material specification,1,0.004776233462291637,Low
piping materials,1,0.004776233462291637,Low
digital wallet,1,0.004776233462291637,Low
roaster management,1,0.004776233462291637,Low
control engineering,1,0.004776233462291637,Low
distributed control system,1,0.004776233462291637,Low
intools,1,0.004776233462291637,Low
smart plant instrumentation,1,0.004776233462291637,Low
system automation,1,0.004776233462291637,Low
capital equipments,1,0.004776233462291637,Low
pipeline engineering,1,0.004776233462291637,Low
sap platform,1,0.004776233462291637,Low
automate processes,1,0.004776233462291637,Low
scheduling management,1,0.004776233462291637,Low
ui modeling,1,0.004776233462291637,Low
personal security,1,0.004776233462291637,Low
hebrew,1,0.004776233462291637,Low
job analysis,1,0.004776233462291637,Low
transport coordination,1,0.004776233462291637,Low
contracts and claims,1,0.004776233462291637,Low
inward inspection,1,0.004776233462291637,Low
track and trace,1,0.004776233462291637,Low
vision inspection,1,0.004776233462291637,Low
proofpoint,1,0.004776233462291637,Low
servo system,1,0.004776233462291637,Low
welding machine,1,0.004776233462291637,Low
project management consultancy,1,0.004776233462291637,Low
gas cutting,1,0.004776233462291637,Low
call center training,1,0.004776233462291637,Low
admission counseling,1,0.004776233462291637,Low
product hiring,1,0.004776233462291637,Low
pcg dealer,1,0.004776233462291637,Low
terminal handling,1,0.004776233462291637,Low
invertors,1,0.004776233462291637,Low
variable frequency drives,1,0.004776233462291637,Low
boiler operations,1,0.004776233462291637,Low
ios native,1,0.004776233462291637,Low
push notification,1,0.004776233462291637,Low
creative storytelling,1,0.004776233462291637,Low
branch handling,1,0.004776233462291637,Low
integrated facility management,1,0.004776233462291637,Low
excise,1,0.004776233462291637,Low
independent working style,1,0.004776233462291637,Low
iso 21434 csms,1,0.004776233462291637,Low
state machine,1,0.004776233462291637,Low
piping layouts,1,0.004776233462291637,Low
sap pricing,1,0.004776233462291637,Low
tax calculation,1,0.004776233462291637,Low
tax calculations,1,0.004776233462291637,Low
tax engine,1,0.004776233462291637,Low
vat configuration,1,0.004776233462291637,Low
wricef,1,0.004776233462291637,Low
ate test,1,0.004776233462291637,Low
renesas,1,0.004776233462291637,Low
tgt english teacher,1,0.004776233462291637,Low
video scripting,1,0.004776233462291637,Low
web production,1,0.004776233462291637,Low
computer teacher,1,0.004776233462291637,Low
bridge fabrication,1,0.004776233462291637,Low
sales accounting,1,0.004776233462291637,Low
software entry,1,0.004776233462291637,Low
garment merchandiser,1,0.004776233462291637,Low
structured products,1,0.004776233462291637,Low
second line of defense,1,0.004776233462291637,Low
net web api development,1,0.004776233462291637,Low
team lead operations,1,0.004776233462291637,Low
retail store sales,1,0.004776233462291637,Low
iot & applications,1,0.004776233462291637,Low
iot transformation,1,0.004776233462291637,Low
automotive manufacturing,1,0.004776233462291637,Low
machining operations,1,0.004776233462291637,Low
e2e recruitment,1,0.004776233462291637,Low
sourcing profiles,1,0.004776233462291637,Low
microsoft azure app service,1,0.004776233462291637,Low
group management,1,0.004776233462291637,Low
kinaxis rapidresponse,1,0.004776233462291637,Low
data upload,1,0.004776233462291637,Low
power electronic,1,0.004776233462291637,Low
psfb,1,0.004776233462291637,Low
chief of manufacturing,1,0.004776233462291637,Low
interactive learning,1,0.004776233462291637,Low
siebel eim,1,0.004776233462291637,Low
defense electronics,1,0.004776233462291637,Low
radar warning receiver,1,0.004776233462291637,Low
rwr solutions,1,0.004776233462291637,Low
strong background in electronics,1,0.004776233462291637,Low
landscape architect,1,0.004776233462291637,Low
landscape architecture,1,0.004776233462291637,Low
mechanical knowledge,1,0.004776233462291637,Low
transaction advisory services,1,0.004776233462291637,Low
plant accounting,1,0.004776233462291637,Low
responding to dcgi queries,1,0.004776233462291637,Low
sugam,1,0.004776233462291637,Low
security supervisor,1,0.004776233462291637,Low
mcitp,1,0.004776233462291637,Low
av equipment,1,0.004776233462291637,Low
user account management,1,0.004776233462291637,Low
informatica axon,1,0.004776233462291637,Low
mdm administration,1,0.004776233462291637,Low
capex and opex,1,0.004776233462291637,Low
servicenow apm,1,0.004776233462291637,Low
adtech,1,0.004776233462291637,Low
audit trail,1,0.004776233462291637,Low
tensorflow serving,1,0.004776233462291637,Low
uftaa,1,0.004776233462291637,Low
to handle visitor coordination,1,0.004776233462291637,Low
kinaxis consultant,1,0.004776233462291637,Low
ecp payroll,1,0.004776233462291637,Low
l1 monitoring,1,0.004776233462291637,Low
monitoring & support,1,0.004776233462291637,Low
draw.io,1,0.004776233462291637,Low
net core / .net 6+,1,0.004776233462291637,Low
dcs programming,1,0.004776233462291637,Low
pulmonology,1,0.004776233462291637,Low
and ensure roi through data-driven strategies,1,0.004776233462291637,Low
manage and optimize ppc campaigns across google,1,0.004776233462291637,Low
run a/b tests,1,0.004776233462291637,Low
teaching techniques,1,0.004776233462291637,Low
odia,1,0.004776233462291637,Low
car inspection,1,0.004776233462291637,Low
jewellery retail sales,1,0.004776233462291637,Low
case processing,1,0.004776233462291637,Low
ip commission & cdtl requirements,1,0.004776233462291637,Low
credit card operations,1,0.004776233462291637,Low
financial content,1,0.004776233462291637,Low
nagaland,1,0.004776233462291637,Low
it recruitments,1,0.004776233462291637,Low
lead talent acquisition,1,0.004776233462291637,Low
us non it,1,0.004776233462291637,Low
accounts receivable follow-up,1,0.004776233462291637,Low
rcm process,1,0.004776233462291637,Low
design execution,1,0.004776233462291637,Low
php development,1,0.004776233462291637,Low
clover,1,0.004776233462291637,Low
assist in periodic internal audits,1,0.004776233462291637,Low
couchdb,1,0.004776233462291637,Low
naac,1,0.004776233462291637,Low
ratio analysis,1,0.004776233462291637,Low
control center,1,0.004776233462291637,Low
memory design,1,0.004776233462291637,Low
edtech tools,1,0.004776233462291637,Low
foundry operations,1,0.004776233462291637,Low
iron foundry,1,0.004776233462291637,Low
resolution of queries & complaints,1,0.004776233462291637,Low
accounting skills,1,0.004776233462291637,Low
critical analysis,1,0.004776233462291637,Low
state and local tax,1,0.004776233462291637,Low
tax accounting,1,0.004776233462291637,Low
us federal,1,0.004776233462291637,Low
stock market knowledge,1,0.004776233462291637,Low
pgt teacher,1,0.004776233462291637,Low
cloudstorage,1,0.004776233462291637,Low
warranty management,1,0.004776233462291637,Low
water pumps,1,0.004776233462291637,Low
card operations,1,0.004776233462291637,Low
aem architecture,1,0.004776233462291637,Low
sling models,1,0.004776233462291637,Low
abinitio developer,1,0.004776233462291637,Low
hospitality kpis,1,0.004776233462291637,Low
technical assurance,1,0.004776233462291637,Low
zoho sign,1,0.004776233462291637,Low
vgo process,1,0.004776233462291637,Low
us region,1,0.004776233462291637,Low
uddi,1,0.004776233462291637,Low
distribution development,1,0.004776233462291637,Low
theatre teacher,1,0.004776233462291637,Low
history teacher,1,0.004776233462291637,Low
educational technology,1,0.004776233462291637,Low
basketball,1,0.004776233462291637,Low
gymnastics,1,0.004776233462291637,Low
steel structure design,1,0.004776233462291637,Low
hospital front desk,1,0.004776233462291637,Low
crm post sales,1,0.004776233462291637,Low
process safety management,1,0.004776233462291637,Low
cmda,1,0.004776233462291637,Low
dtcp,1,0.004776233462291637,Low
project approvals,1,0.004776233462291637,Low
customerservice,1,0.004776233462291637,Low
microservice development,1,0.004776233462291637,Low
radis db,1,0.004776233462291637,Low
actd,1,0.004776233462291637,Low
java messaging service,1,0.004776233462291637,Low
offrole,1,0.004776233462291637,Low
etl automation testing,1,0.004776233462291637,Low
institutional selling,1,0.004776233462291637,Low
lab operations,1,0.004776233462291637,Low
technical executive,1,0.004776233462291637,Low
digital factory projects,1,0.004776233462291637,Low
enterprise-wide solutions in it,1,0.004776233462291637,Low
cad design,1,0.004776233462291637,Low
surface modeling,1,0.004776233462291637,Low
energy saving,1,0.004776233462291637,Low
manager sales & marketing,1,0.004776233462291637,Low
rfq management,1,0.004776233462291637,Low
automotive lighting,1,0.004776233462291637,Low
deputy manager process,1,0.004776233462291637,Low
manager process engineering,1,0.004776233462291637,Low
biocides,1,0.004776233462291637,Low
am accounts,1,0.004776233462291637,Low
customer inspection,1,0.004776233462291637,Low
avamar,1,0.004776233462291637,Low
snapmirror,1,0.004776233462291637,Low
veritas netbackup,1,0.004776233462291637,Low
hr analytics & mis,1,0.004776233462291637,Low
training management,1,0.004776233462291637,Low
audio equipment,1,0.004776233462291637,Low
store promoter,1,0.004776233462291637,Low
road construction,1,0.004776233462291637,Low
primetime,1,0.004776233462291637,Low
tempus,1,0.004776233462291637,Low
network management system,1,0.004776233462291637,Low
network synchronization,1,0.004776233462291637,Low
oscilloquartz,1,0.004776233462291637,Low
timepictra,1,0.004776233462291637,Low
meta ads specialist,1,0.004776233462291637,Low
meta blueprint,1,0.004776233462291637,Low
meta platforms,1,0.004776233462291637,Low
port operations,1,0.004776233462291637,Low
oil refinery,1,0.004776233462291637,Low
amisp,1,0.004776233462291637,Low
adaptive insight,1,0.004776233462291637,Low
adaptive insight fp&a,1,0.004776233462291637,Low
tagetik,1,0.004776233462291637,Low
project executive,1,0.004776233462291637,Low
strategic transformation,1,0.004776233462291637,Low
ariba consultant,1,0.004776233462291637,Low
integration of applications,1,0.004776233462291637,Low
erp training,1,0.004776233462291637,Low
zeta,1,0.004776233462291637,Low
solar power projects,1,0.004776233462291637,Low
solar project,1,0.004776233462291637,Low
solar projects,1,0.004776233462291637,Low
linux administrator,1,0.004776233462291637,Low
generative engine optimization,1,0.004776233462291637,Low
supplier quality management,1,0.004776233462291637,Low
asst manager - maintenance,1,0.004776233462291637,Low
sanand location,1,0.004776233462291637,Low
site hse activities,1,0.004776233462291637,Low
cloud and infrastructure,1,0.004776233462291637,Low
aem lead,1,0.004776233462291637,Low
general practioner,1,0.004776233462291637,Low
international marketing,1,0.004776233462291637,Low
account based marketing,1,0.004776233462291637,Low
demandbase,1,0.004776233462291637,Low
gstr 1,1,0.004776233462291637,Low
gstr 3b,1,0.004776233462291637,Low
sap accounting,1,0.004776233462291637,Low
rolling mill,1,0.004776233462291637,Low
siemens drives,1,0.004776233462291637,Low
monitoring payment followup,1,0.004776233462291637,Low
payment followup,1,0.004776233462291637,Low
computer work,1,0.004776233462291637,Low
ash sales,1,0.004776233462291637,Low
general & laparoscopic,1,0.004776233462291637,Low
solvent extraction,1,0.004776233462291637,Low
account mapping,1,0.004776233462291637,Low
circulation,1,0.004776233462291637,Low
2d animation,1,0.004776233462291637,Low
be biotechnology,1,0.004776233462291637,Low
8d analysis,1,0.004776233462291637,Low
acad,1,0.004776233462291637,Low
printer support,1,0.004776233462291637,Low
latin america,1,0.004776233462291637,Low
lap loans,1,0.004776233462291637,Low
equity broking,1,0.004776233462291637,Low
postgressql,1,0.004776233462291637,Low
collections support,1,0.004776233462291637,Low
pumped hydro,1,0.004776233462291637,Low
3d modeling software,1,0.004776233462291637,Low
ehs audits,1,0.004776233462291637,Low
swift programming,1,0.004776233462291637,Low
lab analysis,1,0.004776233462291637,Low
ice gate,1,0.004776233462291637,Low
pcba,1,0.004776233462291637,Low
gst calculation,1,0.004776233462291637,Low
u stamp,1,0.004776233462291637,Low
telephonic interview,1,0.004776233462291637,Low
channel sales management,1,0.004776233462291637,Low
turnaround management,1,0.004776233462291637,Low
payroll integration,1,0.004776233462291637,Low
documents management,1,0.004776233462291637,Low
business process consulting,1,0.004776233462291637,Low
crm sales,1,0.004776233462291637,Low
including gst,1,0.004776233462291637,Low
tool engineering,1,0.004776233462291637,Low
drnb nephrology,1,0.004776233462291637,Low
ms-office / google sheets,1,0.004776233462291637,Low
bill payment,1,0.004776233462291637,Low
treasury analyst,1,0.004776233462291637,Low
report building,1,0.004776233462291637,Low
agent recruitment,1,0.004776233462291637,Low
agri commodities,1,0.004776233462291637,Low
gastro,1,0.004776233462291637,Low
medical gastro,1,0.004776233462291637,Low
training specialist,1,0.004776233462291637,Low
smart tv,1,0.004776233462291637,Low
tizen,1,0.004776233462291637,Low
webos,1,0.004776233462291637,Low
fidic,1,0.004776233462291637,Low
pyqt,1,0.004776233462291637,Low
qt framework,1,0.004776233462291637,Low
ms general surgery,1,0.004776233462291637,Low
pmrda drawings,1,0.004776233462291637,Low
automotive app store platform,1,0.004776233462291637,Low
tgt physics,1,0.004776233462291637,Low
executive engineering,1,0.004776233462291637,Low
beer,1,0.004776233462291637,Low
chemical sales,1,0.004776233462291637,Low
colour theory,1,0.004776233462291637,Low
lab chemicals,1,0.004776233462291637,Low
powerbi report,1,0.004776233462291637,Low
jewellery manufacturing,1,0.004776233462291637,Low
plating manager,1,0.004776233462291637,Low
x++,1,0.004776233462291637,Low
direct and indirect taxation,1,0.004776233462291637,Low
housing societies,1,0.004776233462291637,Low
azure site recovery,1,0.004776233462291637,Low
hadr,1,0.004776233462291637,Low
finance planning and analysis,1,0.004776233462291637,Low
consignment,1,0.004776233462291637,Low
deputy manager logistics,1,0.004776233462291637,Low
cinematography,1,0.004776233462291637,Low
installation & maintenance,1,0.004776233462291637,Low
portal sourcing,1,0.004776233462291637,Low
homecare nurse,1,0.004776233462291637,Low
fabrication drawing,1,0.004776233462291637,Low
ndt inspection,1,0.004776233462291637,Low
financial statement review,1,0.004776233462291637,Low
401k,1,0.004776233462291637,Low
oecd,1,0.004776233462291637,Low
poem,1,0.004776233462291637,Low
coal handling,1,0.004776233462291637,Low
lumpsum,1,0.004776233462291637,Low
candidate management,1,0.004776233462291637,Low
manager quality assurance,1,0.004776233462291637,Low
active directory tasks,1,0.004776233462291637,Low
alert monitoring,1,0.004776233462291637,Low
asset documentation,1,0.004776233462291637,Low
patch status check,1,0.004776233462291637,Low
tape handling,1,0.004776233462291637,Low
azure architect,1,0.004776233462291637,Low
regular data backups,1,0.004776233462291637,Low
field recruitment,1,0.004776233462291637,Low
multispeciality denial,1,0.004776233462291637,Low
logo design,1,0.004776233462291637,Low
court orders,1,0.004776233462291637,Low
guest house management,1,0.004776233462291637,Low
cod collection,1,0.004776233462291637,Low
resort sales,1,0.004776233462291637,Low
delta automation,1,0.004776233462291637,Low
iot systems,1,0.004776233462291637,Low
micro 80,1,0.004776233462291637,Low
siemens tia programming,1,0.004776233462291637,Low
system troubleshooting,1,0.004776233462291637,Low
wonderware,1,0.004776233462291637,Low
dancing,1,0.004776233462291637,Low
employee records management,1,0.004776233462291637,Low
mass balance,1,0.004776233462291637,Low
kanada,1,0.004776233462291637,Low
component development,1,0.004776233462291637,Low
inside sales process,1,0.004776233462291637,Low
business promotion,1,0.004776233462291637,Low
panindia,1,0.004776233462291637,Low
live video streaming,1,0.004776233462291637,Low
roku,1,0.004776233462291637,Low
raw material handling,1,0.004776233462291637,Low
ibm netcool,1,0.004776233462291637,Low
netcool omnibus,1,0.004776233462291637,Low
omnibus,1,0.004776233462291637,Low
webgui,1,0.004776233462291637,Low
combined cycle,1,0.004776233462291637,Low
hrsg,1,0.004776233462291637,Low
looker developer,1,0.004776233462291637,Low
corrected claims,1,0.004776233462291637,Low
closing & reporting,1,0.004776233462291637,Low
car leasing,1,0.004776233462291637,Low
proxy management,1,0.004776233462291637,Low
zscaler proxy,1,0.004776233462291637,Low
query solving,1,0.004776233462291637,Low
horizontal,1,0.004776233462291637,Low
process inspection,1,0.004776233462291637,Low
retail operations management,1,0.004776233462291637,Low
food quality assurance,1,0.004776233462291637,Low
b2b sales & marketing,1,0.004776233462291637,Low
financial inclusion,1,0.004776233462291637,Low
information security strategy,1,0.004776233462291637,Low
mobile application security,1,0.004776233462291637,Low
civil project manager,1,0.004776233462291637,Low
enclosure design,1,0.004776233462291637,Low
gas turbine,1,0.004776233462291637,Low
heading branch,1,0.004776233462291637,Low
tied agency,1,0.004776233462291637,Low
tied agency channel,1,0.004776233462291637,Low
electric vehicle sales,1,0.004776233462291637,Low
encoding,1,0.004776233462291637,Low
quality engineer (civil),1,0.004776233462291637,Low
infrastructure hardening,1,0.004776233462291637,Low
system hardening,1,0.004776233462291637,Low
video streaming,1,0.004776233462291637,Low
collection specialist,1,0.004776233462291637,Low
ad tech,1,0.004776233462291637,Low
endoscopy,1,0.004776233462291637,Low
midwifery,1,0.004776233462291637,Low
nursing council,1,0.004776233462291637,Low
senior nurse,1,0.004776233462291637,Low
excellent english written and verbal communication skills,1,0.004776233462291637,Low
circuit diagrams,1,0.004776233462291637,Low
client servicing executive,1,0.004776233462291637,Low
beauty products,1,0.004776233462291637,Low
forensic med,1,0.004776233462291637,Low
customer specification,1,0.004776233462291637,Low
gate level simulations,1,0.004776233462291637,Low
commercial building,1,0.004776233462291637,Low
preventive & corrective maintenance,1,0.004776233462291637,Low
serving tea/coffee,1,0.004776233462291637,Low
healthcare sales,1,0.004776233462291637,Low
reltio integration hub,1,0.004776233462291637,Low
ct scan,1,0.004776233462291637,Low
radiation safety,1,0.004776233462291637,Low
manager account,1,0.004776233462291637,Low
illumio,1,0.004776233462291637,Low
easytrieve,1,0.004776233462291637,Low
structural fabrication,1,0.004776233462291637,Low
primer,1,0.004776233462291637,Low
sales expertise,1,0.004776233462291637,Low
technology marketing,1,0.004776233462291637,Low
field quality,1,0.004776233462291637,Low
hysterectomies,1,0.004776233462291637,Low
infertility,1,0.004776233462291637,Low
hr employee relations,1,0.004776233462291637,Low
french language,1,0.004776233462291637,Low
content moderator,1,0.004776233462291637,Low
java 21,1,0.004776233462291637,Low
docusign,1,0.004776233462291637,Low
loan booking,1,0.004776233462291637,Low
omniscripts,1,0.004776233462291637,Low
consumer finance,1,0.004776233462291637,Low
exit management,1,0.004776233462291637,Low
organizational culture,1,0.004776233462291637,Low
staff engagement,1,0.004776233462291637,Low
know your client,1,0.004776233462291637,Low
hexaware,1,0.004776233462291637,Low
decarbonization,1,0.004776233462291637,Low
d365 technical,1,0.004776233462291637,Low
digital manufacturing cloud,1,0.004776233462291637,Low
manufacturing cloud,1,0.004776233462291637,Low
infection prevention,1,0.004776233462291637,Low
power converters,1,0.004776233462291637,Low
power electronics design,1,0.004776233462291637,Low
pega deployment,1,0.004776233462291637,Low
telus international,1,0.004776233462291637,Low
ctet,1,0.004776233462291637,Low
regional service,1,0.004776233462291637,Low
fraud control,1,0.004776233462291637,Low
and air conditioning systems,1,0.004776233462291637,Low
mep consultant,1,0.004776233462291637,Low
proxmox,1,0.004776233462291637,Low
vmware administration,1,0.004776233462291637,Low
family planning,1,0.004776233462291637,Low
turners / grinderman / milling man / drillingman,1,0.004776233462291637,Low
vmc / cnc operators,1,0.004776233462291637,Low
diet planning,1,0.004776233462291637,Low
stamping tools,1,0.004776233462291637,Low
core accounting,1,0.004776233462291637,Low
purchase process,1,0.004776233462291637,Low
deep understanding of manufacturing processes,1,0.004776233462291637,Low
edge computing,1,0.004776233462291637,Low
floor operations,1,0.004776233462291637,Low
industrial iot,1,0.004776233462291637,Low
iot hub,1,0.004776233462291637,Low
sap dmc,1,0.004776233462291637,Low
shop floor operations,1,0.004776233462291637,Low
smart manufacturing,1,0.004776233462291637,Low
business process optimization,1,0.004776233462291637,Low
customisation,1,0.004776233462291637,Low
sales rnr,1,0.004776233462291637,Low
microsoft sharepoint,1,0.004776233462291637,Low
business banking relationship manager,1,0.004776233462291637,Low
wardrobe,1,0.004776233462291637,Low
clinical training,1,0.004776233462291637,Low
project initiation,1,0.004776233462291637,Low
project management certifications,1,0.004776233462291637,Low
oracle xstore,1,0.004776233462291637,Low
consultant pediatrician,1,0.004776233462291637,Low
macintosh,1,0.004776233462291637,Low
production target,1,0.004776233462291637,Low
service delivery platform,1,0.004776233462291637,Low
sap cs,1,0.004776233462291637,Low
dm plant operator,1,0.004776233462291637,Low
machinery manufacturing,1,0.004776233462291637,Low
production manufacturing,1,0.004776233462291637,Low
commercial complex,1,0.004776233462291637,Low
it parks,1,0.004776233462291637,Low
ascp,1,0.004776233462291637,Low
oracle cloud scm,1,0.004776233462291637,Low
site billing,1,0.004776233462291637,Low
sewerage,1,0.004776233462291637,Low
attack vectors,1,0.004776233462291637,Low
log management,1,0.004776233462291637,Low
fabrication process,1,0.004776233462291637,Low
pick & place,1,0.004776233462291637,Low
visa processing,1,0.004776233462291637,Low
m.pharma,1,0.004776233462291637,Low
banking integration,1,0.004776233462291637,Low
prop trader,1,0.004776233462291637,Low
ftir,1,0.004776233462291637,Low
b.sc microbiology,1,0.004776233462291637,Low
it & non-it recruiter,1,0.004776233462291637,Low
non-it recruiter,1,0.004776233462291637,Low
lamination,1,0.004776233462291637,Low
air ticketing,1,0.004776233462291637,Low
stores executive,1,0.004776233462291637,Low
social media graphics,1,0.004776233462291637,Low
vyond,1,0.004776233462291637,Low
clinical teaching,1,0.004776233462291637,Low
senior executive operations,1,0.004776233462291637,Low
retail finance,1,0.004776233462291637,Low
tooling process,1,0.004776233462291637,Low
consultant orthopedic surgeon,1,0.004776233462291637,Low
continuing professional development,1,0.004776233462291637,Low
justdial,1,0.004776233462291637,Low
upsells,1,0.004776233462291637,Low
salon manager,1,0.004776233462291637,Low
kibo,1,0.004776233462291637,Low
web application design,1,0.004776233462291637,Low
final product inspection,1,0.004776233462291637,Low
product evaluation,1,0.004776233462291637,Low
production monitoring,1,0.004776233462291637,Low
municipal drawings,1,0.004776233462291637,Low
value-based selling,1,0.004776233462291637,Low
cutlery,1,0.004776233462291637,Low
mynd,1,0.004776233462291637,Low
ticket queues,1,0.004776233462291637,Low
hospital pharmacy,1,0.004776233462291637,Low
pharmacy head,1,0.004776233462291637,Low
lottie,1,0.004776233462291637,Low
pcb testing,1,0.004776233462291637,Low
customer support freshers,1,0.004776233462291637,Low
preparing financial statements,1,0.004776233462291637,Low
channel distribution,1,0.004776233462291637,Low
market execution,1,0.004776233462291637,Low
territory management,1,0.004776233462291637,Low
cash book,1,0.004776233462291637,Low
monthly accounting,1,0.004776233462291637,Low
followups,1,0.004776233462291637,Low
hr policies & procedures,1,0.004776233462291637,Low
chocolate,1,0.004776233462291637,Low
test case preparation,1,0.004776233462291637,Low
diagnostic acumen,1,0.004776233462291637,Low
products sales,1,0.004776233462291637,Low
motivation for sales,1,0.004776233462291637,Low
credit card fraud,1,0.004776233462291637,Low
patient coordinator,1,0.004776233462291637,Low
boy activities,1,0.004776233462291637,Low
patient assessment,1,0.004776233462291637,Low
plumbing system,1,0.004776233462291637,Low
tire curing,1,0.004776233462291637,Low
occupational therapy,1,0.004776233462291637,Low
magnetic component design,1,0.004776233462291637,Low
matlab simulink,1,0.004776233462291637,Low
hypermarket,1,0.004776233462291637,Low
timescaledb,1,0.004776233462291637,Low
tele-sales executive,1,0.004776233462291637,Low
sampling manager,1,0.004776233462291637,Low
veneer furniture,1,0.004776233462291637,Low
food tech,1,0.004776233462291637,Low
clinical operations,1,0.004776233462291637,Low
patient calling,1,0.004776233462291637,Low
lube oil,1,0.004776233462291637,Low
manning,1,0.004776233462291637,Low
computer networking,1,0.004776233462291637,Low
truebeam,1,0.004776233462291637,Low
car sales,1,0.004776233462291637,Low
tax litigation,1,0.004776233462291637,Low
ensuring the efficient,1,0.004776233462291637,Low
recruitment business development,1,0.004776233462291637,Low
empi,1,0.004776233462291637,Low
cadstar,1,0.004776233462291637,Low
pcb designer,1,0.004776233462291637,Low
product advisor,1,0.004776233462291637,Low
excellent verbal communication in english,1,0.004776233462291637,Low
reception handling,1,0.004776233462291637,Low
web app development,1,0.004776233462291637,Low
research & development executive,1,0.004776233462291637,Low
test prep,1,0.004776233462291637,Low
heat load calculation,1,0.004776233462291637,Low
pipe fitting,1,0.004776233462291637,Low
ai&ml,1,0.004776233462291637,Low
cse ai,1,0.004776233462291637,Low
installation and commissioning,1,0.004776233462291637,Low
preventive maintenance of injection molding machine,1,0.004776233462291637,Low
language editing,1,0.004776233462291637,Low
communication surveillance,1,0.004776233462291637,Low
voice & communication surveillance,1,0.004776233462291637,Low
pro-e,1,0.004776233462291637,Low
mep project management,1,0.004776233462291637,Low
hotel projects,1,0.004776233462291637,Low
interventional cardiologists,1,0.004776233462291637,Low
wood veneer,1,0.004776233462291637,Low
wood veneer furniture,1,0.004776233462291637,Low
testing fresher,1,0.004776233462291637,Low
tool manufacturing,1,0.004776233462291637,Low
rt technologist,1,0.004776233462291637,Low
medical retina,1,0.004776233462291637,Low
api pharma,1,0.004776233462291637,Low
corporate lending,1,0.004776233462291637,Low
lending domain,1,0.004776233462291637,Low
settlement operations,1,0.004776233462291637,Low
subject expert,1,0.004776233462291637,Low
sap hcm on premise abap,1,0.004776233462291637,Low
hospitality design,1,0.004776233462291637,Low
backend process,1,0.004776233462291637,Low
consultant ophthalmologist,1,0.004776233462291637,Low
lecture,1,0.004776233462291637,Low
senior medical coder,1,0.004776233462291637,Low
fiber optic,1,0.004776233462291637,Low
mice sales,1,0.004776233462291637,Low
sap bas,1,0.004776233462291637,Low
productivity enhancement,1,0.004776233462291637,Low
uidai,1,0.004776233462291637,Low
control and compliance,1,0.004776233462291637,Low
gr/ir,1,0.004776233462291637,Low
pr/po,1,0.004776233462291637,Low
ivr automation,1,0.004776233462291637,Low
overseas procurement,1,0.004776233462291637,Low
consent order deliverables,1,0.004776233462291637,Low
fhlmc,1,0.004776233462291637,Low
loan-level testing,1,0.004776233462291637,Low
quality testing oversight,1,0.004776233462291637,Low
regulatory/investor/occ consent order testing,1,0.004776233462291637,Low
test plan development,1,0.004776233462291637,Low
detergent,1,0.004776233462291637,Low
technical presentation,1,0.004776233462291637,Low
chemical processing,1,0.004776233462291637,Low
consultant medical retina,1,0.004776233462291637,Low
air compressor,1,0.004776233462291637,Low
industrial pumps,1,0.004776233462291637,Low
genomics,1,0.004776233462291637,Low
ecm execution,1,0.004776233462291637,Low
rapport with customers,1,0.004776233462291637,Low
investing experience,1,0.004776233462291637,Low
splunk query language,1,0.004776233462291637,Low
kisssoft,1,0.004776233462291637,Low
scientific acumen,1,0.004776233462291637,Low
pavement,1,0.004776233462291637,Low
space selling,1,0.004776233462291637,Low
receptionist front office,1,0.004776233462291637,Low
investment sales,1,0.004776233462291637,Low
m code,1,0.004776233462291637,Low
odhav,1,0.004776233462291637,Low
pan asian,1,0.004776233462291637,Low
london market,1,0.004776233462291637,Low
xchanging,1,0.004776233462291637,Low
healthy food,1,0.004776233462291637,Low
special needs,1,0.004776233462291637,Low
national pension scheme,1,0.004776233462291637,Low
new hire training,1,0.004776233462291637,Low
bioscience,1,0.004776233462291637,Low
bio-medical,1,0.004776233462291637,Low
msc biochemistry,1,0.004776233462291637,Low
head engineering,1,0.004776233462291637,Low
maintenance fitter,1,0.004776233462291637,Low
mechanical fitter,1,0.004776233462291637,Low
bpo back office,1,0.004776233462291637,Low
general management,1,0.004776233462291637,Low
land laws,1,0.004776233462291637,Low
title reports,1,0.004776233462291637,Low
fire protection system,1,0.004776233462291637,Low
bar bending schedule,1,0.004776233462291637,Low
error correction,1,0.004776233462291637,Low
pr creation,1,0.004776233462291637,Low
coverage closure,1,0.004776233462291637,Low
cnc punching,1,0.004776233462291637,Low
call center hiring,1,0.004776233462291637,Low
drone,1,0.004776233462291637,Low
nhai,1,0.004776233462291637,Low
e commerce management,1,0.004776233462291637,Low
e commerce merchandiser,1,0.004776233462291637,Low
keka hrms,1,0.004776233462291637,Low
instructional support,1,0.004776233462291637,Low
nursing tutor,1,0.004776233462291637,Low
pipe stress engineer,1,0.004776233462291637,Low
patient engagement,1,0.004776233462291637,Low
technology evaluation,1,0.004776233462291637,Low
logistics sales,1,0.004776233462291637,Low
inspect buildings,1,0.004776233462291637,Low
tool setting,1,0.004776233462291637,Low
turning center,1,0.004776233462291637,Low
blood products,1,0.004776233462291637,Low
physical examination,1,0.004776233462291637,Low
instrumentation technician,1,0.004776233462291637,Low
equipment installation,1,0.004776233462291637,Low
sponsorship sales,1,0.004776233462291637,Low
cluster hr,1,0.004776233462291637,Low
fashion retail,1,0.004776233462291637,Low
store hr,1,0.004776233462291637,Low
npd engineer,1,0.004776233462291637,Low
asme standards,1,0.004776233462291637,Low
operation theatre tech,1,0.004776233462291637,Low
