job_id,domain_id
270925000000,8
270924000000,6
270825000000,6
270525000000,12
270225000000,12
260926000000,12
260925000000,1
260825000000,12
250926000000,12
250925000000,6
250924000000,6
250825000000,12
250625000000,12
250425000000,14
250125000000,12
240926000000,6
240925000000,12
240625000000,12
240524000000,12
240522000000,12
240425000000,14
240325000000,6
231024000000,12
230926000000,14
230925000000,6
230825000000,12
230625000000,14
230425000000,12
230325000000,6
220925000000,12
220825000000,12
220725000000,8
211124000000,14
210825000000,12
210725000000,12
210425000000,15
210225000000,12
210223000000,14
210123000000,12
200925000000,12
200825000000,12
200725000000,6
200525000000,12
200225000000,12
200125000000,12
190925000000,12
190825000000,12
190725000000,12
190625000000,8
190425000000,6
180925000000,1
180825000000,14
180725000000,6
180425000000,14
180225000000,6
171224000000,10
170925000000,6
170725000000,15
170425000000,12
170125000000,12
161024000000,12
160925000000,12
160725000000,12
160522000000,12
160425000000,14
160325000000,12
160225000000,7
150925000000,12
150725000000,1
150425000000,12
150125000000,6
140825000000,12
140725000000,14
140625000000,12
140325000000,12
140225000000,12
131224000000,6
130925000000,12
130825000000,12
130525000000,6
130523000000,12
130325000000,6
121224000000,12
120925000000,12
120924000000,12
120826000000,14
120825000000,12
120625000000,6
120624000000,6
120425000000,6
120225000000,12
110926000000,15
110925000000,6
110825000000,13
110820000000,12
110725000000,12
110625000000,12
110425000000,12
110325000000,12
110225000000,6
110125000000,14
100925000000,12
100625000000,12
100525000000,14
100425000000,8
100225000000,12
100126000000,12
91024017948,14
90925034508,14
90925031130,12
90925030780,12
90925024427,11
90925024182,14
90925024063,12
90725004184,12
90623005411,12
90125020986,6
80925932530,12
80925021971,6
80925018570,6
80925008635,12
80825930482,12
80825028246,12
80825026915,6
80625004399,12
80525005008,14
80425024617,12
80425023749,6
80425014817,14
71024919976,12
71024919962,14
70825022277,6
70825020290,12
70725008792,1
70125012438,12
61124015027,12
60925010464,12
60925010456,12
60925008662,12
60825026658,12
60825018831,4
60825017588,4
60825017493,12
60825017347,14
60825017208,4
60825017082,6
51224019071,12
51024010498,1
50925017878,14
50925015497,6
50825033048,12
50825022351,4
50825022155,4
50725011385,6
50625022160,12
50625014191,4
50625012080,14
50325025485,14
41223007444,12
40925016858,1
40925015381,14
40925008863,14
40725012301,12
40325014661,12
40225915755,12
40225019737,6
40225004372,6
31025918731,12
31025918637,12
31025918555,6
31025917962,12
31025917573,12
31025916121,12
31025909572,6
31025908410,6
31025906525,12
31025503486,12
31025503483,12
31025503480,10
31025503478,12
31025503477,12
31025503476,9
31025503475,14
31025503474,15
31025503469,12
31025503464,12
31025503463,12
31025503462,12
31025503461,10
31025503456,12
31025503445,2
31025503435,12
31025503424,12
31025503361,12
31025503360,6
31025503359,14
31025503335,12
31025503316,6
31025503313,6
31025503312,6
31025503311,6
31025503207,10
31025503146,14
31025503020,6
31025502979,12
31025502959,12
31025502911,6
31025502905,12
31025502883,12
31025502882,6
31025502855,12
31025502853,14
31025502851,12
31025502847,1
31025502819,4
31025502818,4
31025502779,4
31025502776,4
31025502775,4
31025502773,4
31025502768,4
31025502735,1
31025502525,14
31025502523,12
31025502303,12
31025501585,12
31025501523,14
31025501522,14
31025501521,14
31025501520,14
31025501519,14
31025501518,14
31025501517,14
31025501516,14
31025501515,14
31025501161,12
31025501143,12
31025501125,12
31025500935,1
31025500934,1
31025500728,12
31025500674,6
31025500549,14
31025500548,14
31025500547,14
31025500546,14
31025500418,12
31025500375,6
31025500374,6
31025020266,6
31025020257,10
31025020073,1
31025020070,6
31025019936,12
31025019337,6
31025019310,12
31025019052,12
31025019046,12
31025019019,12
31025018898,12
31025018600,12
31025018492,12
31025018478,1
31025018288,1
31025018226,12
31025018196,1
31025018106,12
31025017987,15
31025017899,12
31025017822,12
31025017698,12
31025017359,12
31025017132,6
31025016850,7
31025016780,12
31025016558,12
31025016425,12
31025016209,12
31025016096,12
31025015949,6
31025015895,12
31025015799,12
31025015741,12
31025015649,12
31025015606,7
31025015525,1
31025015517,8
31025015259,1
31025015171,7
31025015149,14
31025015045,10
31025014958,14
31025014952,6
31025014198,14
31025014049,6
31025013937,12
31025013649,12
31025013479,6
31025013370,6
31025013296,5
31025013280,12
31025013199,14
31025013109,12
31025013104,14
31025013042,12
31025013021,12
31025012990,6
31025012971,12
31025012787,12
31025012766,1
31025012671,12
31025012431,12
31025012395,14
31025012303,12
31025012232,1
31025012144,14
31025012071,6
31025011937,1
31025011927,12
31025011901,6
31025011850,12
31025011802,12
31025011759,6
31025011670,1
31025011633,1
31025011478,2
31025011357,6
31025011303,12
31025011296,12
31025011281,12
31025011218,6
31025011124,6
31025011040,12
31025010991,12
31025010912,6
31025010793,6
31025010765,14
31025010529,14
31025010467,14
31025010396,12
31025010276,12
31025010204,12
31025010061,12
31025010010,8
31025009994,12
31025009461,14
31025009421,3
31025009397,8
31025009296,8
31025009254,12
31025009208,14
31025009126,6
31025008997,1
31025008862,12
31025008475,12
31025008467,14
31025008462,14
31025008434,6
31025008042,12
31025007849,12
31025007832,12
31025007554,12
31025007528,6
31025007514,6
31025007492,6
31025007490,14
31025007480,12
31025007471,14
31025007269,15
31025007229,6
31025007220,14
31025007126,8
31025007080,1
31025006807,12
31025006798,12
31025006761,14
31025006747,4
31025006643,4
31025006490,7
31025006355,12
31025006225,6
31025006222,12
31025006034,12
31025005913,12
31025005858,6
31025005621,6
31025005300,6
31025005171,6
31025005150,1
31025005011,6
31025004861,14
31025004781,12
31025004736,12
31025004686,12
31025004649,12
31025004635,12
31025004528,12
31025004456,14
31025004279,12
31025004200,6
31025004013,12
31025003995,6
31025003724,12
31025003435,1
31025003429,12
31025003415,14
31025003205,12
31025003133,4
31025003099,6
31025002787,12
31025002605,8
31025002551,12
31025002542,8
31025002509,12
31025002341,6
31025002329,6
31025002072,12
31025001727,12
31025001689,12
31025000889,12
30925026690,1
30925026045,12
30925017511,12
30925014893,14
30925014169,14
30725016642,12
30625029841,12
30525007176,14
30325026726,12
30225007557,12
30225007339,12
30224006032,11
21025009442,1
21025009361,15
21025009346,12
21025009231,8
21025009087,6
21025008923,12
21025008774,6
21025008615,12
21025008535,6
21025008392,7
21025008286,7
21025008178,12
21025008082,8
21025008021,14
21025007990,6
21025007898,12
21025007701,14
21025007590,6
21025007397,4
21025007261,12
21025007181,6
21025007137,1
21025007110,12
21025006836,12
21025006818,12
21025006796,14
21025006627,8
21025006601,12
21025000141,12
21024004891,4
20925011199,12
20825007255,6
20825003199,12
20825000166,6
20625016307,14
20625006150,12
20425012847,6
11025922438,12
11025921864,14
11025921863,8
11025921862,12
11025921861,12
11025921859,14
11025921858,12
11025921857,14
11025921855,12
11025921854,14
11025921852,12
11025921851,12
11025921849,14
11025921848,14
11025921842,12
11025921841,12
11025921840,14
11025921838,14
11025921837,12
11025921836,10
11025921835,14
11025921782,12
11025921742,5
11025921405,12
11025920908,12
11025920119,12
11025920065,12
11025920052,12
11025920051,12
11025920050,12
11025919963,12
11025919958,12
11025919957,12
11025919954,12
11025919281,12
11025919269,12
11025918490,12
11025918480,12
11025918474,12
11025918460,12
11025918362,12
11025911626,12
11025911189,14
11025910609,14
11025910459,12
11025910355,1
11025909840,12
11025504013,13
11025504003,6
11025503993,12
11025503985,12
11025503963,12
11025503940,12
11025503939,12
11025503938,14
11025503851,12
11025503737,12
11025503726,12
11025503719,12
11025503361,12
11025503359,12
11025503347,10
11025503346,12
11025503342,12
11025503282,12
11025503266,10
11025503263,14
11025503253,12
11025503252,12
11025503243,12
11025503240,12
11025503227,12
11025502528,3
11025502145,4
11025502144,4
11025502140,4
11025502136,14
11025502064,6
11025502057,12
11025502055,12
11025501943,10
11025501939,12
11025501917,12
11025501902,12
11025501806,12
11025501798,12
11025501784,8
11025501780,12
11025501777,10
11025501776,12
11025501775,14
11025501747,14
11025501624,12
11025501536,6
11025501333,11
11025501147,12
11025501055,14
11025501054,14
11025500752,12
11025500475,12
11025500311,11
11025024397,10
11025023993,1
11025023991,6
11025023864,12
11025023653,7
11025023382,14
11025023331,1
11025023213,12
11025022979,12
11025022925,12
11025022869,12
11025022832,12
11025022583,6
11025022403,14
11025022380,8
11025022345,6
11025022063,14
11025021995,12
11025021922,12
11025021895,14
11025021886,12
11025021827,1
11025021716,10
11025021694,14
11025021453,10
11025021412,12
11025021322,12
11025021232,12
11025021167,12
11025020987,14
11025020964,11
11025020910,14
11025020904,12
11025020637,1
11025020520,14
11025020262,1
11025020240,14
11025020144,12
11025020042,14
11025019881,3
11025019863,6
11025019814,14
11025019803,6
11025019710,12
11025019708,12
11025019698,1
11025019693,14
11025019486,6
11025019365,12
11025019340,12
11025018781,14
11025018516,6
11025018507,4
11025018417,4
11025018413,7
11025018389,7
11025018326,6
11025018249,12
11025018211,6
11025018112,12
11025017647,6
11025017507,12
11025016962,6
11025016928,12
11025016923,14
11025016793,6
11025016299,6
11025016198,6
11025015996,12
11025015687,7
11025015646,7
11025015458,14
11025014876,14
11025014871,14
11025014836,6
11025014702,14
11025014479,11
11025014448,6
11025014434,14
11025014294,12
11025014220,12
11025014115,12
11025014066,12
11025014002,12
11025013908,12
11025013782,10
11025013740,10
11025013702,12
11025013607,12
11025013485,12
11025013351,6
11025013296,14
11025013076,12
11025012861,14
11025012845,6
11025012829,14
11025012817,2
11025012758,12
11025012726,6
11025012686,12
11025012590,12
11025012538,1
11025012290,12
11025012286,12
11025012264,6
11025011806,6
11025011669,14
11025011610,6
11025011550,12
11025011524,12
11025011456,6
11025011413,5
11025011341,6
11025011247,12
11025011156,12
11025011056,12
11025011039,2
11025010991,12
11025010759,12
11025010633,1
11025010533,1
11025010486,6
11025010229,6
11025010221,14
11025010163,8
11025010114,12
11025009705,12
11025009553,6
11025009356,1
11025008374,12
11025000301,12
11025000294,6
11025000289,12
11025000282,8
11025000269,6
11025000261,6
11025000245,8
11025000237,12
11025000074,10
10925017544,12
10925016998,8
10925012203,12
10925003184,6
10925002714,12
10825030626,12
10825016605,14
10425014611,12
10425010931,1
300926000000,14
300925000000,6
300825000000,1
290926000000,12
290525000000,14
30925015090,14
30925014991,14
30925013943,14
11025012762,7
120124000000,9
230123000000,14
90825010478,12
30523006125,1
310524000000,12
310317000000,12
300725000000,12
280625000000,12
260625000000,12
251123000000,6
220423000000,12
100125000000,12
70623003683,12
31025008765,6
31025005426,6
11025012510,12
11025012482,12
10424007196,12
280725000000,14
270725000000,14
230125000000,14
210424000000,14
210325000000,12
150825000000,14
141220000000,12
80925007826,6
80825022937,14
80225007696,6
20924006766,12
20121003135,12
80325004447,14
290925000000,2
280925000000,12
240725000000,6
200625000000,12
110126000000,12
90925011671,12
90925011614,12
31025019897,2
31025018601,12
31025010977,12
31025004602,12
31025004320,12
31025003037,12
31025001596,12
31025001527,12
31025001458,12
30925016617,12
11025020327,6
11025015870,12
11025012763,15
11025012537,6
11025010871,6
300525000000,12
130425000000,12
110826000000,12
40825011527,12
31025018318,12
31025015363,3
31025003450,11
11025024575,12
11025021664,12
11025020316,15
11025016160,15
10325005729,12
211224000000,14
100724000000,14
51124006237,6
50925019311,6
50825016168,11
40925032650,15
31025019925,1
31025018675,1
31025008442,12
31025005353,12
21025008666,12
310725000000,12
310523000000,12
300524000000,12
290825000000,12
290725000000,12
290425000000,12
290325000000,12
290125000000,8
281024000000,12
280825000000,14
280525000000,15
270125000000,12
260924000000,12
260725000000,12
250725000000,6
250724000000,12
250626000000,12
240525000000,6
230725000000,12
220424000000,12
220325000000,6
210925000000,12
210623000000,12
190224000000,12
181225000000,12
180625000000,12
180125000000,6
170825000000,12
170625000000,14
170225000000,12
160625000000,12
160125000000,14
150525000000,14
140824000000,14
140422000000,8
140125000000,11
121124000000,14
120325000000,12
111225000000,5
90425006268,8
81024019257,12
80925924921,12
80925034751,12
71221001536,12
70825018319,12
70425007790,12
70324005774,12
60925015598,2
60925007852,12
60625024932,14
60525032219,8
60325017468,15
60325016159,12
60325015991,12
50925017984,6
50825018835,14
50825018179,12
50725017623,4
50525018288,14
40925024141,6
40925023010,12
40925011425,14
40925001374,4
40825016713,2
40825016449,14
40825015409,12
40625027445,12
40325910689,12
40225014840,6
31025020380,11
31025020253,6
31025020212,9
31025019999,12
31025019838,15
31025019572,2
31025019493,12
31025019368,6
31025019288,12
31025019205,6
31025018649,12
31025018454,3
31025018246,12
31025017202,12
31025015932,12
31025015527,14
31025015495,6
31025015350,14
31025013397,14
31025012831,15
31025012226,14
31025012102,15
31025012065,12
31025011919,12
31025011698,15
31025011118,12
31025010982,12
31025010373,12
31025009899,12
31025009887,12
31025009780,10
31025009645,12
31025009005,6
31025008950,12
31025008894,6
31025008481,12
31025008300,10
31025008293,14
31025007010,12
31025006493,12
31025005763,14
31025005688,10
31025004914,6
31025004903,12
31025004845,12
31025004834,14
31025004782,12
31025004759,14
31025004379,12
31025004349,12
31025003954,12
31025003454,8
31025002887,12
31025002616,6
31025002065,8
31025001865,12
31025001724,12
31025001648,12
31025000050,10
30925018172,8
30925011367,6
30925011034,6
30924006059,8
30725021219,8
30125010247,12
21025008356,6
21025007562,12
21025007388,10
21025006775,1
21025006538,12
20925025521,12
20725022792,12
20425018777,6
11025918156,8
11025918076,12
11025918048,14
11025918025,14
11025917991,6
11025917949,14
11025917892,14
11025917868,12
11025917814,14
11025917751,14
11025917722,12
11025917646,14
11025917590,6
11025917551,14
11025917518,14
11025917475,14
11025917441,6
11025917366,12
11025917317,12
11025917282,12
11025917246,14
11025917214,12
11025024333,12
11025024225,14
11025023810,12
11025023588,12
11025022823,2
11025022265,12
11025022067,12
11025022050,6
11025021831,12
11025021254,4
11025021041,14
11025020877,6
11025020803,7
11025020531,6
11025020490,12
11025020118,1
11025019105,12
11025018535,14
11025018024,8
11025017021,14
11025016948,10
11025016859,4
11025016543,14
11025016407,14
11025015966,12
11025015565,12
11025015561,9
11025015204,14
11025014636,6
11025014543,12
11025014514,8
11025014279,10
11025014215,12
11025013056,14
11025013017,12
11025012800,6
11025012447,12
11025012440,12
11025011043,12
11025010305,12
11025010212,14
11025009641,14
11025009374,6
10925004129,12
10725024927,12
10725018356,12
190525000000,12
70825010830,8
11025017726,12
30925034288,12
160825000000,1
90925019826,12
71222009466,8
60825023054,2
50925018524,12
50825026499,2
30925025722,12
10925016817,12
281119000000,11
280325000000,12
190225000000,12
170124000000,12
161021000000,8
111124000000,14
100825000000,12
50625029223,13
40925025499,12
30925014488,3
30325004200,6
10925011441,12
10525009369,6
311224000000,12
311020000000,12
310825000000,12
310525000000,12
310125000000,12
301024000000,15
300924000000,12
291025000000,12
281124000000,12
280824000000,6
270826000000,12
260822000000,12
260525000000,6
260425000000,12
260225000000,11
250325000000,12
250225000000,6
241024000000,12
240824000000,9
231224000000,12
231222000000,12
231021000000,14
220724000000,12
220425000000,6
210526000000,15
210524000000,12
210326000000,12
210224000000,12
201224000000,6
201024000000,12
190924000000,12
180324000000,6
171024000000,6
170824000000,14
170525000000,12
160525000000,12
151121000000,12
150325000000,12
150225000000,12
150224000000,6
141224000000,6
140525000000,9
140524000000,12
140223000000,12
130224000000,12
130120000000,1
121125000000,12
120725000000,14
120525000000,12
120226000000,12
120224000000,1
101024000000,6
100922000000,12
100124000000,6
90925027377,6
90925016778,12
90925014440,6
90825010431,6
90824008906,12
90725007959,6
90725001701,12
90525027150,12
90525026815,12
90325003219,1
90323004959,12
80925030575,12
80925019671,6
80925019010,14
80925018052,12
80825029538,12
80621007261,6
80519005538,12
80225005840,12
70925005271,12
70825030138,4
70825021831,12
70725024653,6
70525010731,12
70425009433,6
70225013895,12
70125004866,12
61124021188,1
60925011725,12
60825009491,12
60725004165,12
60525012457,12
60225005411,1
51224013784,12
51124009490,8
50925028529,12
50925028431,15
50925024500,12
50925020608,12
50925018044,14
50925014759,12
50925013893,12
50825033900,12
50825019341,12
50825016344,12
50824008679,12
50724009994,12
50625019791,6
50625011021,8
50425006738,8
50325918879,8
40925029736,12
40925029030,6
40925014206,12
40925010150,12
40925000351,6
40825018838,11
40825017901,6
40825002721,6
40725016612,6
40625000271,6
40425021604,10
40425018478,12
40425014026,12
40225023557,14
30925034626,14
30925034586,1
30925034399,12
30925022252,12
30925020925,11
30925019217,12
30925013308,12
30725018630,6
30525000059,6
30525000051,1
30425013414,8
30325012319,15
20925927793,15
20925030158,1
20925024339,12
20925022947,12
20825010594,9
20825010494,6
20825000170,1
20725033824,14
20725019103,2
20625014836,8
20425011655,12
20125008539,12
10925010993,6
10725013312,12
280425000000,14
171124000000,14
161123000000,12
20725017823,12
10825018130,12
10425005904,12
80525004609,2
31025019740,15
31025018522,14
31025016366,12
31025015275,12
31025013797,15
31025011843,15
31025005371,6
31025000969,12
11025915491,12
11025502703,15
11025502485,12
11025018277,1
11025015954,7
11025015721,12
300625000000,12
260125000000,1
241123000000,1
230424000000,2
210125000000,6
191124000000,6
160924000000,1
160824000000,6
141123000000,6
130924000000,1
130125000000,4
120123000000,1
100725000000,12
80925007312,12
80925001901,12
80925001292,12
80325004206,12
60925014501,12
60925001287,12
60924006553,1
60525002844,12
50925006424,15
31025919410,15
31025918738,12
31025916494,2
31025916073,3
31025915637,14
31025913606,12
31025911086,12
31025909981,12
31025909565,9
31025909385,12
31025909384,6
31025908298,12
31025502470,6
31025502469,12
31025502335,6
31025500731,12
31025500730,12
31025500482,12
31025500481,12
31025500480,12
31025019778,15
31025019739,6
31025019706,6
31025019641,6
31025019602,6
31025019335,10
31025019326,10
31025019137,12
31025019120,12
31025019028,12
31025018682,9
31025018623,12
31025018592,12
31025017978,12
31025017873,15
31025017543,6
31025017154,12
31025016923,12
31025016921,12
31025016691,12
31025016261,14
31025015991,12
31025015836,12
31025015830,12
31025015807,12
31025015786,12
31025015768,6
31025015307,12
31025014708,12
31025014262,15
31025013873,15
31025013800,9
31025013169,12
31025012495,6
31025012124,12
31025011456,12
31025011439,12
31025010732,12
31025010641,6
31025010531,15
31025009234,12
31025008643,15
31025008560,8
31025008558,2
31025008545,2
31025008533,6
31025008215,12
31025008174,12
31025007932,12
31025007909,6
31025007897,12
31025007626,6
31025007256,6
31025006888,12
31025006350,6
31025006122,6
31025005321,12
31025005288,15
31025004992,9
31025004725,9
31025004426,12
31025004217,15
31025004153,13
31025003989,12
31025003588,12
31025003208,14
31025003127,12
31025002422,12
31025002305,3
31025001680,12
31025001252,12
30825005519,12
21025009015,14
21025007722,12
21025007622,12
21025007166,2
21025007156,13
20925029877,14
20525017611,12
11025921897,15
11025918920,12
11025918656,12
11025918627,6
11025918576,12
11025917351,12
11025916461,2
11025913690,12
11025913689,12
11025913686,2
11025912771,15
11025912487,12
11025910439,12
11025503543,12
11025502569,15
11025502217,12
11025502074,12
11025502069,12
11025501363,15
11025501170,15
11025501090,12
11025501027,12
11025500975,12
11025500770,12
11025500255,6
11025024159,12
11025024152,12
11025024053,12
11025024034,12
11025023985,9
11025023939,6
11025023881,12
11025023229,12
11025022991,15
11025022957,12
11025022589,12
11025022271,12
11025022192,12
11025021924,12
11025020963,9
11025020944,12
11025020333,12
11025020248,12
11025019295,12
11025019267,12
11025019233,12
11025018702,2
11025018655,12
11025018505,6
11025018379,12
11025018184,4
11025018162,12
11025018015,1
11025016894,14
11025016555,12
11025016273,12
11025016073,15
11025016061,12
11025015990,6
11025015851,12
11025015383,12
11025015057,2
11025014166,12
11025014032,6
11025013926,14
11025013813,12
11025013419,6
11025013286,10
11025013191,12
11025012445,12
11025012321,6
11025011937,4
11025011788,12
11025010702,12
11025010640,14
11025010585,12
11025010336,2
11025010015,12
11025009900,12
11025009706,15
11025009528,12
11025009266,9
11025009243,2
11025009192,15
11025009140,15
11024022380,6
10225009473,12
310726000000,12
310325000000,12
291124000000,14
290623000000,12
281123000000,12
280826000000,11
270824000000,15
270625000000,15
270524000000,15
270226000000,6
261224000000,12
260826000000,15
260322000000,6
241224000000,14
221124000000,12
220826000000,6
220525000000,12
210525000000,14
200624000000,12
191224000000,6
190624000000,12
180926000000,11
170325000000,12
150926000000,12
150724000000,6
150625000000,12
150524000000,12
150523000000,6
150126000000,12
140826000000,6
140425000000,6
131222000000,12
130722000000,14
120724000000,6
120324000000,12
111223000000,1
111024000000,12
101121000000,6
100325000000,12
90925019143,12
90925017769,6
90925016957,12
90825008155,6
90725020380,12
90625019347,6
90625017336,2
90525027461,14
90525007431,12
90525005136,12
81024016566,12
80925029989,7
80925003137,6
80825033544,12
80825020992,12
80725021412,14
80725006939,12
80625003192,8
80425019244,4
71224005852,12
70825028911,9
70825026044,12
70625014443,12
70625011401,6
70624011183,12
70525010437,12
70325018451,12
70325017520,14
70224004791,12
60925007987,9
60825018116,14
60825018068,6
60825017870,14
60825017054,14
60825016743,14
60825016284,14
51224003754,6
51024006624,12
50925020771,9
50925011341,12
50925009818,1
50825033929,2
50825019321,6
50625030594,6
50325006739,12
50225016572,12
41024020870,14
40925016342,12
40925006160,6
40925006024,8
40925004617,4
40925000973,2
40825918684,12
40825006426,14
40825004512,12
40525002858,4
40425017601,12
31025919408,12
31025919228,12
31025919227,15
31025918755,12
31025917953,8
31025917951,12
31025917919,2
31025917423,15
31025917422,12
31025917419,12
31025917418,12
31025917410,12
31025917409,12
31025917408,12
31025917407,12
31025917405,12
31025917403,12
31025917402,2
31025917401,15
31025917400,12
31025917398,12
31025917396,12
31025917395,12
31025917394,2
31025917216,12
31025916405,6
31025916202,12
31025916198,12
31025916196,15
31025916194,12
31025916193,12
31025916190,12
31025916183,12
31025916182,2
31025916180,15
31025916178,6
31025916176,12
31025916175,2
31025915437,12
31025915435,6
31025915372,12
31025915370,15
31025915369,12
31025915368,15
31025915367,12
31025915365,12
31025915364,12
31025915362,15
31025915361,12
31025915360,12
31025915358,9
31025915356,12
31025915355,12
31025915354,12
31025915218,12
31025913668,15
31025913629,12
31025913615,12
31025913613,12
31025913612,12
31025913611,12
31025913608,15
31025913568,12
31025913567,12
31025913566,12
31025913088,12
31025913086,6
31025913083,15
31025913081,12
31025913079,15
31025913077,15
31025912562,2
31025912533,2
31025912275,6
31025912262,1
31025912230,12
31025912205,12
31025911750,15
31025911288,12
31025910721,6
31025910151,14
31025910150,11
31025910147,2
31025910145,11
31025910144,11
31025910104,9
31025910066,12
31025910033,12
31025909564,12
31025909086,6
31025907304,12
31025905844,6
31025905580,12
31025905415,12
31025905255,12
31025904860,12
31025904068,12
31025503470,15
31025503442,12
31025503437,12
31025503384,14
31025503363,12
31025503362,14
31025503329,12
31025503321,12
31025503320,12
31025503269,12
31025503257,12
31025503253,9
31025503251,9
31025503240,12
31025503228,12
31025503227,12
31025503219,2
31025503194,12
31025503192,4
31025503191,3
31025503190,6
31025503148,6
31025503147,5
31025503125,15
31025503123,6
31025503055,6
31025503016,6
31025503007,12
31025502990,12
31025502980,12
31025502977,12
31025502975,9
31025502974,9
31025502973,9
31025502972,9
31025502964,6
31025502955,9
31025502943,6
31025502940,12
31025502910,12
31025502894,12
31025502842,11
31025502841,11
31025502840,6
31025502814,12
31025502811,12
31025502810,12
31025502801,2
31025502785,12
31025502783,12
31025502755,9
31025502745,14
31025502734,9
31025502726,12
31025502714,12
31025502701,12
31025502699,6
31025502697,12
31025502685,12
31025502675,12
31025502673,9
31025502672,14
31025502671,15
31025502670,3
31025502668,10
31025502667,12
31025502665,12
31025502663,12
31025502661,15
31025502659,15
31025502656,3
31025502645,15
31025502623,11
31025502608,12
31025502601,12
31025502590,3
31025502579,12
31025502577,12
31025502570,12
31025502568,12
31025502566,12
31025502544,12
31025502535,12
31025502534,12
31025502533,12
31025502529,12
31025502514,12
31025502503,12
31025502501,12
31025502492,12
31025502480,6
31025502475,12
31025502473,12
31025502471,12
31025502468,12
31025502466,14
31025502463,6
31025502454,12
31025502453,12
31025502438,12
31025502431,9
31025502419,12
31025502418,4
31025502416,12
31025502414,12
31025502413,3
31025502410,15
31025502399,10
31025502394,12
31025502392,12
31025502390,12
31025502388,12
31025502378,9
31025502371,12
31025502369,15
31025502359,14
31025502357,12
31025502354,12
31025502352,12
31025502351,12
31025502346,6
31025502313,2
31025502311,15
31025502309,12
31025502308,6
31025502294,2
31025502292,12
31025502288,2
31025502285,12
31025502282,2
31025502276,2
31025502275,12
31025502271,12
31025502262,12
31025502260,12
31025502250,15
31025502244,12
31025502232,15
31025502230,12
31025502228,15
31025502226,15
31025502218,15
31025502214,6
31025502212,6
31025502210,6
31025502205,12
31025502204,12
31025502203,12
31025502202,6
31025502200,12
31025502196,9
31025502195,2
31025502194,12
31025502191,6
31025502189,15
31025502183,12
31025502181,12
31025502161,12
31025502150,1
31025502149,15
31025502148,15
31025502146,12
31025502138,6
31025502135,6
31025502134,12
31025502133,6
31025502132,12
31025502115,12
31025502102,6
31025502099,6
31025502089,12
31025502073,12
31025502072,12
31025502071,9
31025502070,15
31025502069,6
31025502068,12
31025502064,15
31025502058,12
31025502053,12
31025502052,6
31025502051,12
31025502050,12
31025502049,12
31025502048,3
31025502045,12
31025501892,12
31025501869,10
31025501868,10
31025501867,6
31025501772,15
31025501675,12
31025501669,12
31025501665,12
31025501664,12
31025501653,12
31025501652,12
31025501583,6
31025501563,12
31025501561,9
31025501555,15
31025501554,15
31025501550,12
31025501549,12
31025501547,9
31025501546,12
31025501544,12
31025501541,12
31025501540,15
31025501533,12
31025501532,12
31025501528,1
31025501525,12
31025501524,6
31025501465,9
31025501463,15
31025501164,12
31025501157,12
31025501155,12
31025501153,3
31025501122,12
31025501112,12
31025501109,12
31025501050,12
31025501049,15
31025501029,12
31025501025,12
31025501024,12
31025501023,12
31025501022,6
31025501021,12
31025501020,2
31025501019,12
31025501018,15
31025501015,12
31025501003,12
31025501002,12
31025500995,12
31025500994,12
31025500993,12
31025500992,12
31025500984,15
31025500982,2
31025500959,9
31025500958,15
31025500957,15
31025500956,15
31025500955,15
31025500954,6
31025500953,12
31025500952,15
31025500949,15
31025500948,2
31025500939,11
31025500938,12
31025500936,12
31025500925,12
31025500923,12
31025500901,6
31025500900,12
31025500899,12
31025500882,12
31025500879,9
31025500878,15
31025500877,12
31025500874,15
31025500872,12
31025500870,12
31025500848,9
31025500846,12
31025500843,12
31025500842,12
31025500819,12
31025500817,12
31025500816,12
31025500813,9
31025500806,9
31025500801,9
31025500799,12
31025500797,12
31025500795,12
31025500794,12
31025500793,12
31025500792,12
31025500789,3
31025500785,2
31025500769,6
31025500768,12
31025500762,12
31025500761,12
31025500754,12
31025500738,12
31025500698,13
31025500697,6
31025500694,12
31025500691,12
31025500687,12
31025500679,12
31025500658,14
31025500602,12
31025500593,12
31025500571,12
31025500566,14
31025500536,12
31025500501,15
31025500499,12
31025500498,6
31025500497,12
31025500492,6
31025500483,12
31025500459,12
31025500458,15
31025500457,12
31025500456,12
31025500454,12
31025500453,6
31025500452,14
31025500450,12
31025500448,15
31025500388,9
31025500385,12
31025500343,12
31025500336,2
31025500329,9
31025500325,6
31025500114,12
31025500111,12
31025500083,15
31025500079,12
31025500076,14
31025020440,7
31025020436,12
31025020434,11
31025020410,12
31025020385,12
31025020287,12
31025020282,7
31025020239,9
31025020193,12
31025020143,12
31025020041,12
31025019964,12
31025019947,12
31025019943,12
31025019924,8
31025019905,12
31025019864,6
31025019844,12
31025019843,15
31025019762,6
31025019756,12
31025019749,12
31025019725,6
31025019685,6
31025019667,12
31025019664,12
31025019635,14
31025019627,6
31025019603,12
31025019587,12
31025019567,12
31025019562,6
31025019494,12
31025019471,12
31025019362,1
31025019344,12
31025019303,1
31025019289,1
31025019271,15
31025019265,12
31025019222,12
31025019206,12
31025019093,12
31025019059,12
31025019048,1
31025019029,10
31025018973,12
31025018960,12
31025018947,12
31025018925,12
31025018901,11
31025018880,6
31025018879,12
31025018865,12
31025018839,12
31025018832,6
31025018831,9
31025018655,8
31025018638,12
31025018631,12
31025018626,12
31025018616,12
31025018597,6
31025018569,15
31025018505,15
31025018503,12
31025018480,12
31025018462,3
31025018304,2
31025018278,12
31025018238,12
31025018233,6
31025018111,12
31025018090,12
31025018060,12
31025018052,8
31025018025,12
31025017983,12
31025017947,2
31025017945,4
31025017939,14
31025017921,12
31025017854,12
31025017519,6
31025017476,9
31025017466,12
31025017465,12
31025017437,1
31025017424,12
31025017318,12
31025017075,12
31025016994,12
31025016813,6
31025016731,12
31025016576,8
31025016548,12
31025016536,14
31025016484,12
31025016450,12
31025016438,12
31025016397,14
31025016287,15
31025016255,12
31025016191,10
31025016133,12
31025016116,1
31025016104,14
31025016076,12
31025016043,12
31025015810,14
31025015697,14
31025015689,14
31025015683,10
31025015570,6
31025015498,12
31025015468,1
31025015314,14
31025015210,12
31025015143,12
31025014786,12
31025014755,12
31025014733,6
31025014699,12
31025014281,12
31025014145,12
31025014089,15
31025013726,12
31025013698,12
31025013638,12
31025013564,12
31025013533,12
31025013362,12
31025013180,6
31025013167,8
31025013076,12
31025013050,12
31025013004,14
31025012983,15
31025012929,6
31025012751,12
31025012743,9
31025012626,6
31025012578,12
31025012559,12
31025012526,12
31025012476,14
31025012175,9
31025012009,12
31025011940,6
31025011910,12
31025011897,6
31025011749,6
31025011720,12
31025011703,14
31025011667,12
31025011648,2
31025011567,8
31025011560,12
31025011551,12
31025011540,6
31025011534,10
31025011494,12
31025011474,6
31025011428,12
31025011396,12
31025011278,11
31025011261,6
31025011197,12
31025011176,6
31025011117,2
31025011084,15
31025011018,13
31025010803,12
31025010736,10
31025010695,12
31025010677,12
31025010667,12
31025010662,6
31025010645,14
31025010595,12
31025010425,6
31025010171,6
31025010015,12
31025009987,12
31025009975,12
31025009930,12
31025009795,12
31025009524,12
31025009468,12
31025009445,12
31025009363,14
31025009331,12
31025009330,9
31025009305,14
31025009247,6
31025009153,10
31025009099,12
31025009095,12
31025009023,10
31025008991,12
31025008964,12
31025008900,12
31025008873,4
31025008821,12
31025008749,8
31025008666,12
31025008645,12
31025008528,14
31025008497,14
31025008428,12
31025008427,6
31025008402,12
31025008385,14
31025008384,12
31025008374,2
31025008232,12
31025008102,8
31025008097,12
31025008061,12
31025008016,12
31025007894,12
31025007866,12
31025007828,12
31025007813,14
31025007750,15
31025007747,13
31025007731,15
31025007730,12
31025007729,12
31025007719,10
31025007628,14
31025007618,14
31025007611,12
31025007486,15
31025007366,1
31025007357,6
31025007272,12
31025007236,9
31025007120,8
31025007084,6
31025007050,12
31025006990,12
31025006970,12
31025006926,12
31025006907,12
31025006856,14
31025006816,12
31025006746,12
31025006741,6
31025006714,12
31025006712,15
31025006697,12
31025006695,6
31025006642,12
31025006641,2
31025006625,12
31025006612,12
31025006461,6
31025006420,9
31025006239,6
31025006229,15
31025006198,12
31025006162,12
31025006159,12
31025006114,12
31025006104,12
31025006058,12
31025006056,12
31025006032,10
31025006023,6
31025006020,12
31025006011,14
31025006008,6
31025005996,15
31025005944,1
31025005863,14
31025005839,12
31025005757,6
31025005725,15
31025005671,12
31025005646,12
31025005582,14
31025005536,6
31025005507,12
31025005485,12
31025005461,15
31025005435,8
31025005409,15
31025005304,12
31025005298,15
31025005162,7
31025005158,12
31025005148,12
31025005085,11
31025005074,15
31025005015,12
31025004936,12
31025004924,12
31025004916,12
31025004913,12
31025004906,12
31025004872,6
31025004869,6
31025004817,12
31025004792,12
31025004777,6
31025004764,14
31025004757,1
31025004747,12
31025004733,6
31025004692,12
31025004688,11
31025004532,3
31025004442,12
31025004409,12
31025004362,2
31025004160,12
31025004148,12
31025004145,6
31025004114,3
31025004107,12
31025004085,6
31025003966,12
31025003849,12
31025003819,15
31025003817,15
31025003730,12
31025003701,12
31025003654,12
31025003633,14
31025003632,15
31025003618,12
31025003582,6
31025003580,14
31025003561,12
31025003494,14
31025003397,15
31025003383,2
31025003334,14
31025003250,15
31025003228,12
31025003220,12
31025003192,6
31025003159,12
31025003105,12
31025003055,12
31025003046,7
31025003022,12
31025002840,6
31025002834,6
31025002721,13
31025002718,14
31025002707,14
31025002645,12
31025002627,2
31025002557,12
31025002476,6
31025002468,12
31025002459,6
31025002386,10
31025002351,12
31025002306,14
31025002300,12
31025002226,14
31025002223,12
31025002169,12
31025002148,12
31025002045,12
31025002000,14
31025001952,15
31025001949,12
31025001853,6
31025001847,12
31025001796,6
31025001795,12
31025001789,12
31025001782,12
31025001777,12
31025001714,9
31025001702,12
31025001690,15
31025001679,15
31025001653,12
31025001631,12
31025001615,12
31025001554,12
31025001532,10
31025001456,12
31025001438,12
31025001413,12
31025001409,10
31025001406,12
31025001402,6
31025001390,9
31025001386,12
31025001385,12
31025001357,11
31025000968,12
31025000128,12
31025000108,12
31025000080,12
31025000079,12
31025000072,12
31025000071,1
31025000066,12
31025000014,12
31025000007,6
30925034566,15
30925027471,12
30925017869,12
30925016047,12
30925013578,12
30925013225,12
30725911739,6
30725023678,12
30625024509,12
30625011874,12
30225016146,2
30225013684,6
21025009391,6
21025009296,6
21025009278,12
21025009192,14
21025009180,6
21025009043,14
21025009002,12
21025008962,15
21025008891,6
21025008866,11
21025008778,12
21025008700,8
21025008629,12
21025008528,12
21025008515,12
21025008503,1
21025008495,12
21025008487,12
21025008463,1
21025008405,12
21025008239,11
21025008210,6
21025008176,14
21025008113,12
21025008044,12
21025008035,12
21025007954,14
21025007939,12
21025007884,15
21025007820,12
21025007730,12
21025007631,12
21025007536,4
21025007377,14
21025007366,15
21025007213,12
21025007163,12
21025007150,14
21025007079,12
21025006995,6
21025006932,10
21025006929,12
21025006921,12
21025006917,10
21025006832,2
21025006831,2
21025006829,2
21025006825,2
21025006819,2
21025006733,15
21025006708,15
21025006707,12
21025006647,12
21025006644,12
21025006642,1
21025006600,6
21025006553,9
21025006526,12
21025006513,2
21025006130,12
21025001714,12
21025000231,12
21025000203,12
21025000198,6
21025000187,6
21025000082,15
20925027210,12
20925026925,13
20925017878,12
20925014703,12
20925011726,6
20725928191,6
20725020615,3
20725014202,12
20425027508,12
20224007975,12
11025923240,6
11025923239,12
11025923238,6
11025922260,2
11025922255,12
11025921902,15
11025921900,15
11025921812,12
11025921798,12
11025921793,12
11025921792,6
11025921786,12
11025921736,12
11025921619,12
11025921591,12
11025921589,15
11025921586,12
11025921564,12
11025921406,12
11025921404,12
11025920933,15
11025920932,15
11025920931,12
11025920781,14
11025920064,12
11025920060,12
11025919980,12
11025919977,14
11025919764,12
11025919354,2
11025919285,12
11025918985,12
11025918980,12
11025918979,12
11025918946,12
11025918941,12
11025918778,12
11025918661,2
11025918484,12
11025918483,12
11025918477,14
11025918459,6
11025918376,12
11025918124,6
11025918121,6
11025917961,12
11025917932,12
11025917810,15
11025917809,12
11025917785,12
11025917781,12
11025917623,6
11025917622,2
11025917352,12
11025917350,12
11025917052,12
11025916458,12
11025916448,12
11025915494,12
11025915445,12
11025915426,12
11025915425,12
11025915243,2
11025915233,12
11025915225,15
11025915223,15
11025915220,12
11025914650,15
11025914649,15
11025914647,11
11025914646,12
11025914645,6
11025914530,12
11025914529,6
11025914528,6
11025914201,12
11025914200,12
11025913724,6
11025913720,12
11025913719,12
11025913717,12
11025913688,12
11025913685,9
11025913635,15
11025913543,6
11025913542,12
11025913541,12
11025913538,9
11025913367,12
11025913366,12
11025913166,6
11025913125,12
11025913078,2
11025913010,12
11025913009,12
11025913008,12
11025913007,12
11025912744,9
11025912742,15
11025912739,12
11025912486,12
11025912034,6
11025912001,10
11025911709,15
11025910353,12
11025910297,12
11025504039,6
11025503931,12
11025503930,12
11025503929,9
11025503848,15
11025503843,12
11025503840,6
11025503829,15
11025503822,12
11025503814,2
11025503810,12
11025503805,12
11025503804,12
11025503800,12
11025503791,2
11025503790,12
11025503787,9
11025503779,15
11025503776,15
11025503774,15
11025503772,12
11025503770,12
11025503768,12
11025503763,9
11025503756,12
11025503754,9
11025503752,12
11025503746,12
11025503744,12
11025503732,14
11025503731,12
11025503727,6
11025503724,12
11025503722,6
11025503718,12
11025503711,12
11025503686,12
11025503678,12
11025503675,12
11025503667,12
11025503649,12
11025503624,6
11025503607,12
11025503581,12
11025503578,12
11025503565,6
11025503561,6
11025503557,12
11025503556,12
11025503552,12
11025503548,12
11025503547,12
11025503546,6
11025503538,12
11025503530,6
11025503529,12
11025503527,12
11025503513,6
11025503500,4
11025503496,12
11025503486,12
11025503373,12
11025503203,12
11025503202,12
11025503201,12
11025503149,12
11025503139,13
11025503129,12
11025503079,12
11025503036,12
11025503023,12
11025502997,12
11025502984,9
11025502969,14
11025502952,12
11025502932,12
11025502931,12
11025502913,15
11025502887,12
11025502880,15
11025502879,6
11025502861,6
11025502858,12
11025502827,12
11025502786,15
11025502782,12
11025502781,13
11025502770,12
11025502738,12
11025502734,12
11025502706,12
11025502686,12
11025502626,12
11025502619,12
11025502618,15
11025502614,15
11025502592,12
11025502591,6
11025502590,6
11025502589,12
11025502571,12
11025502556,12
11025502551,12
11025502550,11
11025502541,12
11025502525,12
11025502524,12
11025502520,12
11025502519,12
11025502513,12
11025502512,12
11025502511,15
11025502509,12
11025502507,12
11025502506,15
11025502505,12
11025502502,15
11025502499,15
11025502496,13
11025502491,15
11025502489,6
11025502481,12
11025502476,12
11025502475,12
11025502471,12
11025502460,12
11025502458,12
11025502449,12
11025502439,12
11025502434,12
11025502418,12
11025502405,15
11025502334,12
11025502331,12
11025502329,12
11025502320,12
11025502318,12
11025502296,8
11025502295,12
11025502293,12
11025502291,2
11025502288,12
11025502287,12
11025502283,15
11025502279,12
11025502277,14
11025502275,12
11025502273,2
11025502272,12
11025502271,12
11025502270,12
11025502268,12
11025502261,13
11025502251,6
11025502249,2
11025502224,15
11025502211,12
11025502204,11
11025502202,12
11025502193,12
11025502188,2
11025502186,2
11025502185,12
11025502175,6
11025502168,12
11025502167,12
11025502161,8
11025502129,4
11025502124,15
11025502113,6
11025502102,6
11025502083,12
11025502075,12
11025502066,12
11025502059,12
11025502052,10
11025501904,12
11025501900,12
11025501899,12
11025501898,12
11025501897,12
11025501885,12
11025501884,12
11025501849,12
11025501843,12
11025501812,12
11025501810,12
11025501809,12
11025501802,12
11025501801,12
11025501797,12
11025501771,12
11025501751,15
11025501749,12
11025501743,12
11025501728,6
11025501727,6
11025501706,12
11025501674,12
11025501669,12
11025501668,12
11025501651,12
11025501638,12
11025501636,12
11025501628,2
11025501627,2
11025501626,2
11025501625,2
11025501594,12
11025501589,12
11025501583,2
11025501580,12
11025501563,14
11025501559,12
11025501557,13
11025501551,12
11025501550,12
11025501548,6
11025501547,6
11025501542,12
11025501533,14
11025501529,2
11025501526,12
11025501523,12
11025501517,12
11025501516,12
11025501513,12
11025501509,2
11025501491,15
11025501482,15
11025501479,15
11025501472,12
11025501468,12
11025501458,12
11025501457,3
11025501450,14
11025501438,12
11025501435,12
11025501434,12
11025501433,12
11025501408,12
11025501406,12
11025501399,12
11025501397,12
11025501395,6
11025501393,12
11025501389,12
11025501388,12
11025501377,12
11025501374,12
11025501369,12
11025501367,9
11025501365,12
11025501364,15
11025501360,10
11025501357,2
11025501356,2
11025501351,3
11025501347,12
11025501340,12
11025501323,6
11025501321,2
11025501314,12
11025501297,12
11025501296,12
11025501291,12
11025501284,12
11025501280,9
11025501279,9
11025501266,12
11025501244,12
11025501237,12
11025501231,12
11025501227,15
11025501222,12
11025501220,12
11025501219,15
11025501215,15
11025501214,3
11025501191,12
11025501190,12
11025501186,12
11025501185,12
11025501184,2
11025501179,12
11025501177,15
11025501174,15
11025501173,15
11025501171,15
11025501164,12
11025501161,15
11025501149,15
11025501148,15
11025501146,12
11025501140,12
11025501127,12
11025501121,6
11025501119,12
11025501109,6
11025501099,10
11025501083,2
11025501078,12
11025501064,12
11025501061,15
11025501060,12
11025501047,15
11025501023,2
11025501022,12
11025501012,15
11025501011,12
11025501010,12
11025500998,12
11025500995,12
11025500989,15
11025500970,12
11025500969,12
11025500968,15
11025500964,12
11025500959,12
11025500957,12
11025500950,15
11025500948,10
11025500944,12
11025500941,10
11025500939,2
11025500938,1
11025500937,1
11025500936,12
11025500934,12
11025500932,12
11025500925,12
11025500924,12
11025500922,12
11025500910,12
11025500888,12
11025500885,15
11025500883,15
11025500881,12
11025500875,2
11025500866,12
11025500850,12
11025500840,14
11025500839,12
11025500838,12
11025500837,15
11025500836,12
11025500835,12
11025500834,12
11025500831,13
11025500826,2
11025500822,12
11025500815,12
11025500811,12
11025500809,2
11025500808,2
11025500806,15
11025500795,9
11025500793,12
11025500792,12
11025500791,12
11025500790,12
11025500783,12
11025500780,12
11025500765,12
11025500764,12
11025500762,9
11025500755,12
11025500741,6
11025500737,12
11025500734,9
11025500729,9
11025500725,12
11025500718,13
11025500640,6
11025500639,12
11025500638,12
11025500635,12
11025500633,15
11025500630,2
11025500614,12
11025500611,14
11025500606,12
11025500597,9
11025500596,15
11025500593,2
11025500591,12
11025500590,12
11025500584,12
11025500583,12
11025500581,6
11025500576,12
11025500566,12
11025500563,12
11025500562,12
11025500561,12
11025500554,12
11025500550,12
11025500545,12
11025500540,2
11025500531,2
11025500528,15
11025500524,14
11025500520,12
11025500517,12
11025500516,15
11025500512,12
11025500508,12
11025500506,15
11025500497,12
11025500469,2
11025500459,15
11025500455,6
11025500454,9
11025500427,2
11025500402,12
11025500394,9
11025500384,12
11025500342,15
11025500323,6
11025500301,2
11025500296,2
11025500283,12
11025500270,12
11025500269,11
11025500267,6
11025500258,15
11025500213,15
11025500197,12
11025500181,15
11025500176,12
11025500169,12
11025500133,15
11025500131,4
11025500129,12
11025500123,9
11025500089,6
11025500085,4
11025500018,12
11025500001,15
11025024574,12
11025024504,2
11025024464,11
11025024331,12
11025024325,12
11025024276,14
11025024270,12
11025024257,2
11025024246,12
11025024223,10
11025024217,12
11025024193,12
11025024169,12
11025024150,12
11025024023,12
11025023913,6
11025023831,15
11025023806,12
11025023757,12
11025023752,15
11025023729,12
11025023683,12
11025023554,12
11025023552,12
11025023527,14
11025023522,14
11025023481,9
11025023452,9
11025023438,12
11025023431,14
11025023418,12
11025023416,12
11025023392,12
11025023373,14
11025023304,12
11025023249,15
11025023217,12
11025023202,12
11025023175,12
11025023077,12
11025022948,6
11025022937,12
11025022808,8
11025022740,12
11025022702,12
11025022603,12
11025022500,12
11025022473,6
11025022462,8
11025022359,12
11025022193,12
11025022179,12
11025022129,12
11025022124,14
11025022109,15
11025022085,12
11025022059,12
11025022051,12
11025022013,6
11025021950,6
11025021944,14
11025021885,15
11025021883,14
11025021784,8
11025021775,14
11025021759,12
11025021691,14
11025021689,15
11025021646,14
11025021642,12
11025021602,12
11025021400,14
11025021357,14
11025021265,12
11025021249,12
11025021214,12
11025021206,15
11025021053,15
11025021044,15
11025021037,12
11025021027,15
11025020992,12
11025020903,12
11025020890,14
11025020865,6
11025020832,12
11025020815,8
11025020643,12
11025020550,12
11025020536,7
11025020524,12
11025020361,12
11025020233,8
11025020120,14
11025020049,12
11025019903,15
11025019815,12
11025019797,14
11025019759,12
11025019739,8
11025019652,12
11025019243,12
11025019221,12
11025019162,14
11025019139,12
11025018988,12
11025018971,12
11025018855,12
11025018833,12
11025018807,12
11025018662,8
11025018509,12
11025018386,12
11025018333,12
11025018317,12
11025018210,6
11025018202,12
11025018160,6
11025018123,4
11025018101,3
11025018095,12
11025017998,7
11025017719,6
11025017485,12
11025017474,12
11025017361,12
11025016998,6
11025016991,15
11025016977,12
11025016966,1
11025016926,12
11025016791,1
11025016788,14
11025016763,12
11025016743,12
11025016619,15
11025016596,15
11025016583,12
11025016559,12
11025016554,15
11025016541,12
11025016534,15
11025016506,12
11025016480,12
11025016359,12
11025016318,14
11025016169,12
11025016146,12
11025016144,12
11025016055,14
11025015998,6
11025015980,3
11025015913,10
11025015904,2
11025015871,14
11025015773,12
11025015710,6
11025015699,12
11025015697,8
11025015669,12
11025015624,12
11025015620,12
11025015610,12
11025015582,12
11025015562,6
11025015552,12
11025015470,2
11025015244,12
11025015237,12
11025015068,12
11025015031,12
11025014966,2
11025014884,6
11025014867,8
11025014704,12
11025014629,2
11025014455,1
11025014350,12
11025014319,12
11025014295,14
11025014229,8
11025014162,12
11025014140,12
11025014133,12
11025014063,14
11025014058,12
11025014031,12
11025014026,15
11025014006,9
11025014000,12
11025013919,6
11025013886,12
11025013808,12
11025013773,12
11025013672,12
11025013670,12
11025013663,12
11025013653,14
11025013652,12
11025013630,15
11025013624,9
11025013621,12
11025013604,12
11025013579,12
11025013512,12
11025013504,14
11025013420,12
11025013415,15
11025013352,12
11025013269,12
11025013160,12
11025013144,6
11025013139,12
11025013086,15
11025013083,12
11025013045,12
11025013037,12
11025013028,12
11025012940,2
11025012932,12
11025012905,12
11025012900,10
11025012797,12
11025012752,12
11025012671,7
11025012657,12
11025012634,12
11025012572,12
11025012540,12
11025012519,12
11025012480,15
11025012402,15
11025012339,15
11025012336,12
11025012304,14
11025012250,12
11025012177,12
11025012114,12
11025012090,12
11025012050,12
11025012024,15
11025011827,12
11025011783,12
11025011661,6
11025011608,6
11025011419,8
11025011374,12
11025011344,12
11025011307,12
11025011116,6
11025010963,12
11025010891,6
11025010775,8
11025010700,1
11025010669,15
11025010576,12
11025010565,12
11025010546,15
11025010516,12
11025010374,15
11025010321,12
11025010303,6
11025010280,14
11025010233,12
11025010169,8
11025010035,14
11025009977,11
11025009872,15
11025009756,12
11025009747,15
11025009689,6
11025009653,6
11025009634,12
11025009604,12
11025009596,9
11025009594,6
11025009523,15
11025009477,12
11025009433,12
11025009419,12
11025009409,12
11025009372,12
11025009350,2
11025009332,12
11025009328,12
11025009276,12
11025009205,2
11025009194,10
11025009189,12
11025009179,12
11025009131,6
11025009074,9
11025000285,12
11025000238,2
11025000178,12
11025000171,12
11025000131,12
11025000102,6
11025000093,9
11025000077,15
11025000059,6
11025000038,6
11024022359,6
10925021952,11
10925016491,1
10925016017,8
10925013703,14
10925013054,11
10925012359,12
10925009585,15
10925008346,1
10925007049,12
10925004543,6
10825012910,14
10825010506,12
10824005868,8
10725022556,12
10624004039,8
10425018481,12
10325007423,12
301224000000,12
301124000000,12
300723000000,1
300621000000,6
300425000000,12
291224000000,12
290723000000,12
280722000000,12
271124000000,12
270522000000,6
270325000000,12
261124000000,12
261123000000,12
260620000000,6
260224000000,12
251220000000,6
240924000000,12
240825000000,6
240624000000,12
240124000000,6
231223000000,1
230919000000,6
230824000000,1
230525000000,6
221220000000,6
220926000000,12
211220000000,7
211024000000,12
210226000000,12
201220000000,6
201123000000,1
200826000000,15
200823000000,6
190926000000,15
181224000000,12
181124000000,14
181021000000,5
180726000000,12
180525000000,4
180325000000,14
171123000000,12
170926000000,12
170924000000,6
170624000000,12
161224000000,12
161219000000,6
160626000000,1
160124000000,6
151120000000,12
151024000000,12
141024000000,14
140925000000,4
140624000000,12
131124000000,12
131121000000,12
130725000000,12
130624000000,4
130423000000,7
130225000000,1
120922000000,12
120423000000,12
111224000000,6
110924000000,1
110222000000,6
91022002160,12
90925032368,14
90925029410,12
90925028296,14
90925027817,7
90925027783,12
90925027485,12
90925027281,12
90925020336,14
90925014724,12
90925012028,12
90925011393,12
90821004884,12
90725023737,6
90725019804,12
90725019600,12
90725013665,12
90725004313,12
90725002472,12
90525009512,6
90425009151,6
90325002143,12
90125018641,12
81124019870,12
81024009061,6
80925027226,12
80925016264,12
80925002616,12
80925001780,14
80925001745,12
80925001591,14
80923009021,12
80825022592,6
80824006817,12
80725018896,6
80725017671,12
80725009910,6
80725008584,7
80725006000,15
80725001068,12
80525022639,6
80425023262,12
80425018904,6
80425016897,6
80425013883,12
80325008922,12
80125022758,12
71124012947,14
70924006089,12
70825025996,6
70825025216,14
70825018114,12
70825018087,12
70825015564,12
70725014580,12
70725009452,6
70725009440,12
70725007075,8
70625011506,12
70625011269,4
70625011225,4
70623003825,14
70525005557,12
70425015617,12
70425006481,14
70325020838,6
70324010868,12
61224018831,12
60925015054,12
60925013761,12
60925012446,12
60925012352,14
60925010578,12
60925010321,12
60825033092,14
60825026525,14
60825025568,12
60825024521,6
60825019021,12
60825017490,12
60825017343,14
60825017218,14
60825016872,12
60825016461,6
60825016208,12
60825016149,14
60825015142,12
60825014758,12
60825014504,8
60825012024,14
60824012789,7
60625018645,12
60524001996,6
60523006283,1
60320005780,6
60225010840,12
60225007667,10
50925913515,12
50925029906,12
50925028115,8
50925025517,12
50925022082,6
50925017801,6
50925016838,12
50925008483,12
50925008360,12
50925008346,12
50925006226,14
50825028558,1
50825027336,12
50825019182,12
50625028641,6
50625017568,14
50625012795,12
50325013539,6
50325008521,12
50225005562,12
41224016805,14
41224007684,12
41024013167,6
40925915193,12
40925029481,1
40925026988,12
40925026779,12
40925026424,12
40925023092,7
40925021702,12
40925015149,12
40925012987,6
40925012498,9
40925010224,12
40925008998,6
40925008274,8
40925006650,12
40925006456,12
40925000314,14
40924017300,12
40825023767,6
40825019389,12
40825019279,12
40825019236,12
40825018289,12
40825010754,12
40825008678,4
40823006431,12
40725017640,12
40725000132,6
40724912988,6
40724912964,6
40625032356,2
40625029374,12
40625027484,4
40625017814,14
40625017027,6
40525002877,4
40525002797,4
40325024347,4
40325024241,6
40325023120,15
40325022147,12
40325015181,14
40325005385,11
40324004161,12
40225013899,12
40225008375,6
40123006944,12
31124000994,6
31025920126,14
31025920103,12
31025920080,14
31025920079,14
31025920078,14
31025919229,10
31025919225,14
31025918824,12
31025918823,12
31025918822,12
31025918820,12
31025918817,12
31025918816,12
31025918815,12
31025918814,12
31025918813,12
31025918811,12
31025918810,12
31025918808,12
31025918807,12
31025918806,12
31025918804,12
31025918803,12
31025918801,12
31025918799,12
31025918796,12
31025918795,12
31025918794,12
31025918793,12
31025918792,12
31025918791,12
31025918789,12
31025918788,12
31025918785,12
31025918783,12
31025918782,12
31025918781,12
31025918780,12
31025918779,12
31025918778,12
31025918775,12
31025918774,12
31025918773,12
31025918772,12
31025918771,12
31025918770,12
31025918769,12
31025918767,12
31025918766,12
31025918765,14
31025918764,6
31025918763,6
31025918761,6
31025918760,6
31025918759,6
31025918758,6
31025918757,6
31025918756,6
31025918753,6
31025918752,6
31025918751,6
31025918750,6
31025918749,6
31025918748,6
31025918747,6
31025918745,6
31025918744,6
31025918742,6
31025918741,6
31025918740,6
31025918739,6
31025918736,6
31025918735,6
31025918734,6
31025918314,10
31025918263,6
31025917964,6
31025917963,6
31025917961,12
31025917960,12
31025917956,12
31025917952,12
31025917639,6
31025917579,12
31025917577,6
31025917570,6
31025917569,12
31025917511,12
31025917416,12
31025917412,12
31025916410,12
31025916213,3
31025916212,3
31025916205,2
31025916204,12
31025916203,12
31025916195,6
31025916188,6
31025916187,12
31025916036,12
31025916035,12
31025916033,12
31025916032,12
31025916031,12
31025916030,12
31025916029,12
31025916028,12
31025916025,12
31025916022,12
31025916021,12
31025916020,12
31025916019,12
31025916018,12
31025916017,12
31025916014,12
31025916010,12
31025916009,12
31025916008,12
31025916007,12
31025916006,12
31025916005,12
31025916004,12
31025916002,12
31025916001,12
31025916000,12
31025915999,12
31025915998,12
31025915995,12
31025915994,12
31025915993,12
31025915992,12
31025915989,12
31025915988,12
31025915987,12
31025915986,12
31025915985,12
31025915982,12
31025915981,12
31025915922,12
31025915752,6
31025915675,6
31025915674,6
31025915673,6
31025915671,6
31025915670,6
31025915658,12
31025915657,12
31025915655,12
31025915654,12
31025915652,12
31025915648,12
31025915647,12
31025915646,12
31025915643,12
31025915641,12
31025915640,12
31025915638,12
31025915636,12
31025915631,12
31025915630,6
31025915629,6
31025915628,6
31025915627,6
31025915626,6
31025915625,6
31025915624,6
31025915623,6
31025915622,6
31025915620,6
31025915618,6
31025915616,12
31025915613,12
31025915612,12
31025915608,12
31025915607,12
31025915605,12
31025915602,6
31025915600,12
31025915599,6
31025915597,6
31025915595,6
31025915594,12
31025915593,12
31025915592,12
31025915589,12
31025915587,12
31025915581,6
31025915577,12
31025915576,12
31025915575,12
31025915573,12
31025915564,6
31025915562,6
31025915560,6
31025915559,6
31025915558,6
31025915554,12
31025915553,6
31025915552,6
31025915551,12
31025915550,12
31025915549,12
31025915538,12
31025915535,12
31025915534,12
31025915530,6
31025915529,6
31025915526,12
31025915520,12
31025915510,6
31025915509,6
31025915508,6
31025915507,6
31025915505,6
31025915504,6
31025915503,12
31025915502,6
31025915501,6
31025915291,6
31025915290,6
31025915289,6
31025915288,6
31025915287,6
31025915286,6
31025915285,6
31025915284,6
31025915121,12
31025915087,12
31025915039,12
31025914906,12
31025914850,12
31025914791,12
31025914730,12
31025914697,12
31025914304,12
31025913579,15
31025913575,12
31025912963,12
31025912944,12
31025912923,12
31025912917,6
31025912916,6
31025912915,6
31025912782,6
31025912781,6
31025912780,6
31025912779,6
31025912778,6
31025912777,6
31025912776,6
31025912775,6
31025912773,6
31025912772,6
31025912771,6
31025912770,6
31025912768,6
31025912767,6
31025912765,6
31025912763,6
31025912761,6
31025912759,6
31025912758,6
31025912757,6
31025912755,6
31025912752,6
31025912675,12
31025912667,12
31025912666,12
31025912664,12
31025912661,12
31025912660,12
31025912659,12
31025912658,12
31025912657,12
31025912654,12
31025912653,12
31025912652,12
31025912651,12
31025912650,12
31025912649,12
31025912646,12
31025912644,12
31025912642,12
31025912639,12
31025912636,12
31025912635,12
31025912634,12
31025912631,12
31025912627,12
31025912620,12
31025912619,12
31025912617,12
31025912615,12
31025912614,12
31025912613,12
31025912612,12
31025912611,12
31025912610,12
31025912608,12
31025912256,8
31025912095,10
31025911981,6
31025911632,12
31025911622,1
31025911469,6
31025911301,9
31025911285,10
31025911100,1
31025910963,12
31025910918,6
31025910917,6
31025910916,6
31025910915,6
31025910862,12
31025910861,12
31025910860,12
31025910859,12
31025910858,12
31025910856,12
31025910855,12
31025910853,12
31025910852,12
31025910851,12
31025910850,12
31025910846,12
31025910844,12
31025910843,12
31025910842,12
31025910841,12
31025910840,12
31025910838,12
31025910837,12
31025910836,12
31025910833,12
31025910831,12
31025910830,12
31025910828,12
31025910826,12
31025910823,12
31025910822,12
31025910821,12
31025910820,12
31025910818,12
31025910815,12
31025910814,12
31025910813,12
31025910812,12
31025910811,12
31025910810,12
31025910809,12
31025910806,12
31025910805,12
31025910725,6
31025910724,6
31025910723,6
31025910722,6
31025910720,6
31025910719,6
31025910718,6
31025910717,6
31025910715,6
31025910714,6
31025910713,6
31025910712,6
31025910711,6
31025910710,6
31025910708,6
31025910707,6
31025910706,6
31025910705,6
31025910699,6
31025910513,12
31025910512,12
31025910511,12
31025910129,12
31025910128,2
31025909935,12
31025909744,12
31025909354,8
31025909352,12
31025906715,14
31025906635,8
31025906619,12
31025905868,12
31025905250,12
31025902385,12
31025503488,12
31025503484,12
31025503471,12
31025503460,12
31025503459,12
31025503432,12
31025503425,12
31025503394,14
31025503393,14
31025503392,14
31025503391,14
31025503390,14
31025503388,14
31025503385,14
31025503383,14
31025503382,6
31025503377,12
31025503358,12
31025503357,12
31025503355,12
31025503353,12
31025503347,12
31025503327,12
31025503326,12
31025503325,12
31025503324,12
31025503305,12
31025503303,8
31025503302,15
31025503297,12
31025503296,12
31025503295,12
31025503293,12
31025503289,12
31025503287,12
31025503284,6
31025503280,12
31025503273,14
31025503271,12
31025503265,11
31025503254,12
31025503248,12
31025503238,12
31025503234,12
31025503212,12
31025503211,12
31025503203,12
31025503201,12
31025503200,12
31025503189,12
31025503188,14
31025503187,10
31025503186,10
31025503185,14
31025503184,10
31025503183,12
31025503182,12
31025503181,12
31025503154,12
31025503153,12
31025503152,12
31025503151,3
31025503150,8
31025503149,12
31025503145,3
31025503144,3
31025503143,14
31025503142,12
31025503140,12
31025503139,12
31025503133,12
31025503058,12
31025503056,12
31025503032,12
31025503019,10
31025503018,6
31025503012,14
31025503009,12
31025502991,9
31025502986,12
31025502985,12
31025502984,12
31025502983,9
31025502978,12
31025502976,14
31025502969,12
31025502958,6
31025502957,12
31025502952,15
31025502948,12
31025502947,15
31025502945,1
31025502941,12
31025502936,13
31025502920,6
31025502914,6
31025502912,12
31025502907,12
31025502906,14
31025502898,14
31025502897,12
31025502896,6
31025502895,10
31025502892,4
31025502891,14
31025502890,12
31025502887,12
31025502885,12
31025502884,6
31025502881,12
31025502880,12
31025502857,12
31025502856,12
31025502854,12
31025502852,12
31025502850,8
31025502849,12
31025502848,10
31025502846,12
31025502845,14
31025502844,12
31025502843,12
31025502839,4
31025502838,4
31025502837,4
31025502836,4
31025502835,4
31025502834,4
31025502833,4
31025502832,4
31025502831,4
31025502830,4
31025502829,4
31025502828,4
31025502827,4
31025502826,4
31025502825,12
31025502824,6
31025502823,12
31025502822,6
31025502821,12
31025502820,6
31025502817,12
31025502816,12
31025502809,12
31025502804,6
31025502803,4
31025502802,12
31025502787,12
31025502786,12
31025502784,12
31025502778,4
31025502760,12
31025502759,12
31025502753,12
31025502748,14
31025502747,10
31025502746,15
31025502742,12
31025502741,15
31025502740,11
31025502739,15
31025502738,15
31025502737,12
31025502736,12
31025502732,12
31025502730,12
31025502729,12
31025502728,12
31025502727,12
31025502725,12
31025502724,12
31025502723,8
31025502721,4
31025502720,7
31025502715,12
31025502688,12
31025502676,12
31025502666,2
31025502637,12
31025502631,12
31025502629,11
31025502625,11
31025502621,11
31025502619,11
31025502616,11
31025502615,11
31025502603,15
31025502580,15
31025502575,12
31025502573,12
31025502551,12
31025502549,12
31025502510,12
31025502478,12
31025502474,6
31025502472,6
31025502465,6
31025502464,14
31025502462,12
31025502461,12
31025502460,12
31025502446,6
31025502443,12
31025502439,2
31025502436,12
31025502433,12
31025502429,12
31025502427,12
31025502417,14
31025502412,12
31025502376,12
31025502374,12
31025502373,6
31025502372,12
31025502353,15
31025502349,2
31025502345,6
31025502343,12
31025502331,12
31025502329,12
31025502328,12
31025502326,12
31025502315,12
31025502305,12
31025502304,6
31025502290,10
31025502283,12
31025502281,15
31025502274,12
31025502273,12
31025502269,12
31025502267,12
31025502264,12
31025502261,12
31025502254,12
31025502221,12
31025502217,6
31025502207,8
31025502201,12
31025502179,12
31025502151,8
31025502145,9
31025502142,8
31025502074,12
31025502057,15
31025502056,12
31025502043,14
31025502042,12
31025502041,12
31025502040,14
31025502039,12
31025502038,12
31025502037,12
31025502036,12
31025502008,6
31025501890,6
31025501889,6
31025501866,12
31025501770,12
31025501769,14
31025501743,12
31025501676,6
31025501670,9
31025501668,4
31025501667,12
31025501663,12
31025501662,12
31025501650,6
31025501591,12
31025501586,12
31025501584,6
31025501581,6
31025501560,12
31025501553,15
31025501548,12
31025501545,12
31025501542,12
31025501537,6
31025501536,14
31025501535,2
31025501530,12
31025501514,11
31025501513,11
31025501512,11
31025501459,12
31025501431,12
31025501430,12
31025501429,14
31025501193,10
31025501149,6
31025501148,10
31025501147,12
31025501146,12
31025501145,12
31025501144,12
31025501126,12
31025501123,14
31025501121,12
31025501120,12
31025501119,12
31025501118,12
31025501117,12
31025501116,12
31025501115,12
31025501114,11
31025501113,11
31025501111,12
31025501110,12
31025501105,10
31025501104,15
31025501103,12
31025501102,12
31025501091,12
31025501060,3
31025501028,14
31025501027,14
31025501009,15
31025501000,6
31025500999,12
31025500997,12
31025500996,7
31025500988,12
31025500986,12
31025500985,12
31025500983,11
31025500981,12
31025500978,12
31025500972,6
31025500968,3
31025500967,12
31025500965,12
31025500960,6
31025500950,12
31025500947,6
31025500946,3
31025500937,12
31025500932,12
31025500927,12
31025500926,12
31025500922,12
31025500921,12
31025500919,12
31025500918,12
31025500917,12
31025500916,12
31025500912,12
31025500911,1
31025500906,1
31025500904,15
31025500902,12
31025500897,6
31025500896,3
31025500886,2
31025500869,12
31025500839,12
31025500836,13
31025500823,12
31025500810,8
31025500809,11
31025500796,12
31025500788,12
31025500778,12
31025500776,12
31025500774,14
31025500770,12
31025500767,12
31025500766,6
31025500764,12
31025500758,12
31025500740,14
31025500721,12
31025500686,12
31025500684,12
31025500683,12
31025500682,12
31025500680,14
31025500678,12
31025500675,14
31025500673,12
31025500672,12
31025500671,12
31025500670,12
31025500669,12
31025500668,12
31025500667,12
31025500666,12
31025500662,12
31025500660,12
31025500654,14
31025500652,9
31025500651,9
31025500650,9
31025500649,12
31025500648,12
31025500647,14
31025500646,14
31025500645,12
31025500642,14
31025500641,14
31025500639,14
31025500638,12
31025500636,12
31025500635,12
31025500634,12
31025500631,14
31025500628,12
31025500627,12
31025500626,9
31025500624,12
31025500623,12
31025500622,12
31025500621,12
31025500620,12
31025500615,12
31025500614,12
31025500613,12
31025500612,12
31025500611,12
31025500610,12
31025500609,12
31025500608,12
31025500607,12
31025500606,12
31025500605,12
31025500604,12
31025500603,12
31025500601,12
31025500600,12
31025500599,12
31025500597,12
31025500596,12
31025500594,12
31025500592,12
31025500591,12
31025500590,12
31025500589,12
31025500588,12
31025500587,12
31025500586,12
31025500585,12
31025500584,12
31025500583,12
31025500582,12
31025500580,12
31025500579,12
31025500577,12
31025500576,12
31025500573,12
31025500572,12
31025500570,12
31025500569,14
31025500568,14
31025500567,14
31025500564,14
31025500563,14
31025500562,14
31025500561,14
31025500560,14
31025500558,12
31025500557,12
31025500555,12
31025500554,12
31025500553,12
31025500552,12
31025500551,12
31025500545,6
31025500544,12
31025500543,12
31025500542,12
31025500541,12
31025500540,12
31025500539,12
31025500538,12
31025500537,12
31025500535,12
31025500533,12
31025500531,12
31025500529,12
31025500527,12
31025500525,12
31025500524,12
31025500523,12
31025500519,6
31025500500,6
31025500496,3
31025500475,12
31025500469,12
31025500468,12
31025500449,9
31025500436,12
31025500435,12
31025500434,12
31025500433,12
31025500432,12
31025500429,12
31025500428,12
31025500427,3
31025500426,15
31025500425,12
31025500421,12
31025500420,12
31025500419,12
31025500417,12
31025500415,12
31025500414,12
31025500413,12
31025500412,12
31025500411,12
31025500408,12
31025500407,12
31025500406,10
31025500405,12
31025500404,12
31025500403,15
31025500402,12
31025500401,12
31025500400,12
31025500399,3
31025500398,12
31025500396,14
31025500395,12
31025500394,12
31025500378,12
31025500377,12
31025500344,2
31025500342,12
31025500326,12
31025500309,12
31025500308,12
31025500307,14
31025500306,14
31025500305,12
31025500304,6
31025500116,12
31025500113,12
31025500112,12
31025500081,12
31025500080,14
31025500078,14
31025500077,6
31025500075,14
31025500074,14
31025020511,8
31025020510,12
31025020462,12
31025020429,6
31025020419,14
31025020413,12
31025020406,15
31025020400,6
31025020370,12
31025020362,6
31025020347,12
31025020346,12
31025020323,12
31025020322,15
31025020318,6
31025020315,6
31025020311,6
31025020295,12
31025020293,12
31025020292,9
31025020284,15
31025020279,12
31025020273,12
31025020262,6
31025020246,8
31025020244,12
31025020227,12
31025020218,12
31025020208,12
31025020201,14
31025020185,12
31025020172,6
31025020158,1
31025020145,6
31025020089,6
31025020087,15
31025020072,10
31025020066,12
31025020065,6
31025020017,1
31025020003,3
31025020001,15
31025019974,8
31025019959,12
31025019939,12
31025019932,10
31025019914,12
31025019908,12
31025019858,12
31025019855,9
31025019852,1
31025019849,6
31025019845,12
31025019840,12
31025019784,14
31025019741,12
31025019738,12
31025019732,12
31025019724,12
31025019718,6
31025019683,12
31025019678,12
31025019673,2
31025019632,14
31025019599,14
31025019598,12
31025019596,9
31025019592,15
31025019590,12
31025019568,14
31025019554,6
31025019530,12
31025019522,1
31025019521,6
31025019506,12
31025019502,6
31025019476,11
31025019463,14
31025019453,15
31025019421,12
31025019406,1
31025019357,12
31025019352,10
31025019325,1
31025019320,3
31025019316,15
31025019309,12
31025019304,12
31025019294,14
31025019285,6
31025019230,9
31025019220,14
31025019208,12
31025019197,6
31025019176,8
31025019168,6
31025019154,8
31025019153,4
31025019146,12
31025019144,1
31025019131,14
31025019115,15
31025019096,11
31025019089,12
31025019071,12
31025019051,12
31025019030,12
31025019025,10
31025018999,12
31025018998,6
31025018979,12
31025018972,6
31025018969,4
31025018958,12
31025018944,12
31025018936,14
31025018923,12
31025018895,12
31025018872,12
31025018867,6
31025018853,6
31025018826,12
31025018722,12
31025018707,4
31025018698,12
31025018651,12
31025018627,1
31025018602,14
31025018599,6
31025018594,12
31025018587,12
31025018586,8
31025018582,15
31025018581,6
31025018570,6
31025018551,8
31025018550,6
31025018544,14
31025018529,6
31025018528,12
31025018523,12
31025018493,15
31025018485,12
31025018473,12
31025018451,12
31025018378,12
31025018375,12
31025018296,14
31025018275,12
31025018272,12
31025018245,12
31025018214,12
31025018198,6
31025018197,6
31025018177,12
31025018109,9
31025018104,12
31025018093,12
31025018092,12
31025018085,15
31025018070,12
31025018065,12
31025018037,12
31025018016,12
31025018008,12
31025017982,12
31025017927,12
31025017915,14
31025017843,12
31025017790,14
31025017737,12
31025017601,12
31025017541,12
31025017535,14
31025017534,6
31025017520,6
31025017517,12
31025017507,12
31025017499,10
31025017485,14
31025017477,6
31025017473,12
31025017467,6
31025017428,12
31025017397,14
31025017309,12
31025017290,12
31025017269,6
31025017263,6
31025017193,12
31025017156,14
31025017143,12
31025017069,11
31025017024,9
31025017019,12
31025017015,15
31025016894,12
31025016775,14
31025016602,1
31025016532,12
31025016473,1
31025016465,14
31025016403,12
31025016396,12
31025016294,1
31025016290,15
31025016277,6
31025016276,12
31025016234,12
31025016162,1
31025016156,12
31025016152,12
31025016081,12
31025016072,12
31025016058,12
31025016047,12
31025015997,6
31025015996,7
31025015979,12
31025015972,12
31025015955,12
31025015938,6
31025015937,14
31025015935,8
31025015894,6
31025015872,14
31025015868,12
31025015839,12
31025015837,8
31025015737,10
31025015710,6
31025015707,6
31025015696,1
31025015666,12
31025015590,12
31025015585,12
31025015582,12
31025015569,12
31025015518,12
31025015516,12
31025015482,12
31025015462,12
31025015461,6
31025015456,12
31025015452,6
31025015445,12
31025015431,15
31025015426,6
31025015405,12
31025015397,14
31025015389,12
31025015386,12
31025015299,12
31025015296,12
31025015278,12
31025015273,12
31025015255,12
31025015224,12
31025015215,12
31025015204,12
31025015195,6
31025015158,12
31025015005,14
31025014740,12
31025014729,12
31025014719,12
31025014677,12
31025014672,11
31025014633,14
31025014531,12
31025014458,12
31025014419,14
31025014417,14
31025014274,6
31025014161,7
31025014100,12
31025014062,12
31025014060,8
31025014042,2
31025013842,12
31025013744,12
31025013721,6
31025013708,7
31025013705,4
31025013669,12
31025013641,12
31025013620,12
31025013559,10
31025013499,12
31025013470,1
31025013469,12
31025013419,5
31025013403,12
31025013393,12
31025013345,6
31025013334,12
31025013322,12
31025013308,12
31025013300,14
31025013281,1
31025013276,12
31025013245,12
31025013213,6
31025013148,14
31025013137,12
31025013136,12
31025013121,8
31025013107,12
31025013105,10
31025013101,10
31025013096,12
31025013095,12
31025013073,6
31025013056,12
31025013009,12
31025013000,1
31025012997,12
31025012995,12
31025012989,12
31025012972,12
31025012967,12
31025012955,12
31025012943,10
31025012939,12
31025012932,6
31025012927,7
31025012919,12
31025012874,12
31025012860,12
31025012841,12
31025012816,12
31025012815,12
31025012812,6
31025012806,8
31025012798,8
31025012795,6
31025012788,12
31025012727,12
31025012714,10
31025012711,12
31025012606,12
31025012600,12
31025012584,6
31025012561,12
31025012520,12
31025012519,9
31025012515,12
31025012497,14
31025012480,12
31025012479,10
31025012472,14
31025012459,12
31025012457,12
31025012453,14
31025012449,14
31025012406,14
31025012405,12
31025012403,12
31025012375,12
31025012331,12
31025012326,12
31025012323,12
31025012319,12
31025012314,12
31025012313,14
31025012305,12
31025012281,8
31025012223,1
31025012166,12
31025012164,2
31025012163,14
31025012141,6
31025012131,4
31025012123,12
31025012113,12
31025012100,12
31025012098,12
31025012096,12
31025012093,12
31025012087,2
31025012055,12
31025012053,12
31025012033,12
31025012028,6
31025012024,15
31025012023,6
31025012008,12
31025012003,10
31025011997,12
31025011973,15
31025011965,12
31025011948,6
31025011934,8
31025011922,12
31025011877,14
31025011871,6
31025011870,12
31025011868,12
31025011852,12
31025011827,12
31025011762,12
31025011748,14
31025011682,12
31025011676,6
31025011663,10
31025011617,12
31025011616,12
31025011601,12
31025011577,12
31025011576,14
31025011564,1
31025011563,1
31025011528,1
31025011512,12
31025011493,14
31025011446,12
31025011418,6
31025011390,6
31025011385,12
31025011374,12
31025011353,12
31025011325,1
31025011314,6
31025011306,6
31025011297,12
31025011294,6
31025011293,12
31025011254,7
31025011251,2
31025011219,6
31025011201,12
31025011164,1
31025011163,12
31025011125,3
31025011104,12
31025011083,6
31025011075,12
31025011048,9
31025011030,12
31025011013,12
31025010961,14
31025010956,6
31025010954,14
31025010943,10
31025010922,12
31025010902,12
31025010889,9
31025010884,8
31025010876,6
31025010816,1
31025010795,12
31025010730,12
31025010716,6
31025010669,6
31025010661,12
31025010639,12
31025010618,10
31025010601,4
31025010600,12
31025010589,12
31025010537,12
31025010518,12
31025010475,14
31025010474,12
31025010472,6
31025010465,12
31025010444,6
31025010440,12
31025010406,12
31025010405,15
31025010402,12
31025010391,12
31025010367,12
31025010356,12
31025010349,8
31025010332,12
31025010296,12
31025010282,10
31025010233,6
31025010190,6
31025010176,12
31025010169,12
31025010154,12
31025010134,12
31025010123,12
31025010100,12
31025010094,12
31025010092,6
31025010088,12
31025010058,6
31025009999,12
31025009998,14
31025009990,12
31025009956,12
31025009931,12
31025009865,14
31025009849,12
31025009707,12
31025009642,12
31025009633,3
31025009544,12
31025009533,14
31025009479,12
31025009475,6
31025009453,6
31025009451,12
31025009426,2
31025009390,12
31025009295,12
31025009270,12
31025009253,14
31025009237,6
31025009227,8
31025009200,12
31025009182,6
31025009166,6
31025009158,6
31025009131,12
31025009117,4
31025009098,10
31025009088,12
31025009081,12
31025009042,12
31025009040,12
31025009037,12
31025009034,6
31025009004,6
31025009001,15
31025008979,12
31025008976,4
31025008966,6
31025008957,12
31025008956,12
31025008952,12
31025008939,12
31025008938,15
31025008914,9
31025008855,6
31025008844,12
31025008824,6
31025008813,12
31025008812,8
31025008773,11
31025008769,12
31025008702,12
31025008657,15
31025008649,14
31025008573,12
31025008551,12
31025008492,12
31025008489,14
31025008487,12
31025008457,12
31025008448,6
31025008408,7
31025008388,12
31025008383,14
31025008343,6
31025008335,12
31025008308,12
31025008274,8
31025008272,12
31025008263,9
31025008249,12
31025008244,9
31025008240,10
31025008222,15
31025008191,12
31025008188,12
31025008171,12
31025008164,12
31025008100,12
31025008064,12
31025008063,12
31025008048,12
31025007999,6
31025007970,12
31025007963,7
31025007954,1
31025007946,6
31025007914,12
31025007908,10
31025007905,12
31025007893,1
31025007829,14
31025007825,12
31025007810,12
31025007778,12
31025007753,15
31025007741,12
31025007711,12
31025007638,12
31025007627,6
31025007615,14
31025007608,12
31025007603,6
31025007592,12
31025007587,9
31025007577,6
31025007551,6
31025007542,12
31025007536,14
31025007530,6
31025007526,1
31025007522,6
31025007516,12
31025007485,10
31025007473,14
31025007470,12
31025007444,12
31025007443,1
31025007422,10
31025007382,14
31025007334,14
31025007324,12
31025007273,14
31025007270,12
31025007222,12
31025007219,6
31025007178,12
31025007168,12
31025007149,12
31025007127,10
31025007051,12
31025007027,12
31025006984,12
31025006981,12
31025006928,12
31025006834,12
31025006833,7
31025006824,9
31025006804,12
31025006802,12
31025006800,12
31025006792,14
31025006787,12
31025006749,12
31025006716,12
31025006702,8
31025006676,14
31025006663,12
31025006660,14
31025006658,15
31025006655,10
31025006638,12
31025006626,3
31025006624,14
31025006622,12
31025006589,12
31025006571,8
31025006530,2
31025006515,6
31025006514,1
31025006486,6
31025006466,12
31025006465,12
31025006425,12
31025006415,14
31025006389,12
31025006373,15
31025006370,12
31025006351,12
31025006303,4
31025006302,12
31025006169,12
31025006134,12
31025006125,8
31025006120,14
31025006119,10
31025006102,12
31025006089,12
31025006079,1
31025006070,12
31025006069,12
31025006047,12
31025006037,12
31025006031,12
31025006028,12
31025006025,12
31025005992,12
31025005940,12
31025005930,12
31025005925,12
31025005920,12
31025005918,12
31025005917,4
31025005911,12
31025005891,14
31025005885,12
31025005875,12
31025005845,12
31025005834,12
31025005830,6
31025005802,6
31025005769,12
31025005745,12
31025005728,12
31025005719,12
31025005694,12
31025005690,11
31025005644,12
31025005640,12
31025005623,7
31025005597,12
31025005557,12
31025005537,12
31025005518,12
31025005491,12
31025005490,12
31025005440,6
31025005394,12
31025005385,8
31025005376,6
31025005375,4
31025005358,14
31025005347,3
31025005340,8
31025005333,11
31025005318,6
31025005302,15
31025005292,12
31025005271,12
31025005245,12
31025005205,15
31025005204,6
31025005181,12
31025005180,14
31025005174,8
31025005163,15
31025005132,12
31025005069,10
31025005049,12
31025004998,12
31025004974,10
31025004965,6
31025004955,1
31025004920,12
31025004905,14
31025004889,14
31025004883,6
31025004878,12
31025004875,12
31025004870,12
31025004867,12
31025004842,12
31025004826,6
31025004793,6
31025004791,12
31025004765,12
31025004741,14
31025004687,12
31025004680,12
31025004674,14
31025004608,15
31025004605,14
31025004598,6
31025004533,14
31025004504,12
31025004503,12
31025004501,12
31025004472,12
31025004420,12
31025004372,12
31025004350,3
31025004333,8
31025004316,15
31025004311,12
31025004300,12
31025004270,12
31025004257,12
31025004244,12
31025004233,12
31025004218,8
31025004183,15
31025004158,12
31025004138,6
31025004136,12
31025004129,6
31025004116,6
31025004106,8
31025004090,12
31025004081,14
31025004057,6
31025004031,6
31025004030,12
31025004021,12
31025004018,12
31025004014,12
31025004009,12
31025003987,12
31025003986,12
31025003980,6
31025003953,12
31025003947,8
31025003936,12
31025003889,6
31025003885,12
31025003836,12
31025003835,6
31025003821,12
31025003806,6
31025003796,12
31025003789,12
31025003763,8
31025003758,5
31025003755,12
31025003743,6
31025003704,12
31025003675,12
31025003674,12
31025003668,12
31025003616,2
31025003613,8
31025003611,12
31025003557,10
31025003502,12
31025003490,12
31025003478,12
31025003475,15
31025003471,12
31025003403,12
31025003324,12
31025003308,12
31025003296,11
31025003291,6
31025003289,12
31025003225,12
31025003207,12
31025003200,14
31025003170,6
31025003129,4
31025003120,12
31025003115,6
31025003112,12
31025003086,12
31025003071,12
31025003059,6
31025003042,10
31025003027,12
31025003019,12
31025003014,6
31025003003,12
31025002983,12
31025002958,14
31025002950,12
31025002949,6
31025002925,15
31025002914,8
31025002912,14
31025002867,11
31025002838,12
31025002812,12
31025002772,12
31025002727,8
31025002725,7
31025002700,12
31025002599,12
31025002597,12
31025002596,1
31025002585,12
31025002579,12
31025002546,9
31025002541,6
31025002531,12
31025002471,14
31025002461,12
31025002460,12
31025002449,10
31025002432,12
31025002430,12
31025002423,6
31025002358,12
31025002348,6
31025002346,12
31025002323,2
31025002302,12
31025002268,12
31025002249,14
31025002244,1
31025002232,14
31025002209,14
31025002200,12
31025002199,6
31025002190,12
31025002144,3
31025002140,12
31025002123,14
31025002114,5
31025002098,12
31025002078,12
31025002062,12
31025002060,14
31025002039,6
31025002032,12
31025001985,11
31025001971,6
31025001944,1
31025001936,12
31025001927,12
31025001898,12
31025001882,12
31025001875,15
31025001820,12
31025001818,14
31025001815,12
31025001809,12
31025001808,12
31025001807,12
31025001786,12
31025001783,12
31025001780,12
31025001773,12
31025001740,7
31025001692,12
31025001669,12
31025001663,13
31025001611,14
31025001601,12
31025001599,12
31025001587,12
31025001578,6
31025001539,12
31025001503,12
31025001457,12
31025001436,12
31025001435,6
31025001420,12
31025001408,12
31025001397,12
31025001393,14
31025001349,12
31025001342,12
31025001332,12
31025001307,12
31025001305,12
31025001300,12
31025001297,5
31025001289,12
31025001284,12
31025001271,12
31025001259,14
31025001257,12
31025001248,12
31025001246,12
31025001221,12
31025000777,12
31025000109,7
31025000084,12
31025000074,12
31025000069,6
31024006398,12
31024001990,12
30925024324,6
30925019543,12
30925019384,12
30925016306,14
30925016148,9
30925014582,12
30925013481,14
30925012295,12
30925011846,12
30725022046,12
30625013649,6
30525008132,12
30525005813,7
30225004635,11
21224010974,12
21025009425,4
21025009414,12
21025009410,12
21025009397,12
21025009367,12
21025009355,4
21025009329,12
21025009315,15
21025009306,1
21025009304,12
21025009287,14
21025009270,12
21025009268,6
21025009250,12
21025009243,12
21025009232,15
21025009173,8
21025009165,12
21025009124,12
21025009088,6
21025009074,12
21025009004,14
21025008987,12
21025008984,8
21025008967,8
21025008959,12
21025008940,12
21025008925,6
21025008919,12
21025008914,6
21025008896,12
21025008887,2
21025008878,12
21025008877,12
21025008875,5
21025008865,14
21025008863,6
21025008859,12
21025008855,14
21025008854,6
21025008828,14
21025008817,12
21025008816,12
21025008787,12
21025008776,12
21025008761,14
21025008685,14
21025008677,14
21025008656,12
21025008651,12
21025008647,12
21025008634,8
21025008631,12
21025008626,9
21025008613,12
21025008578,9
21025008561,6
21025008555,12
21025008406,12
21025008401,14
21025008399,14
21025008394,12
21025008388,6
21025008387,14
21025008367,15
21025008333,12
21025008327,14
21025008318,12
21025008299,8
21025008284,12
21025008274,12
21025008267,14
21025008266,6
21025008244,14
21025008242,9
21025008240,6
21025008232,12
21025008229,14
21025008226,6
21025008221,12
21025008202,14
21025008198,12
21025008195,3
21025008193,12
21025008188,12
21025008185,6
21025008166,12
21025008161,12
21025008152,7
21025008151,10
21025008124,14
21025008117,10
21025008115,12
21025008111,12
21025008101,12
21025008100,12
21025008094,12
21025008093,12
21025008091,6
21025008056,12
21025008041,6
21025008012,12
21025008006,6
21025007997,14
21025007979,12
21025007964,6
21025007963,6
21025007946,12
21025007943,9
21025007914,9
21025007903,12
21025007896,12
21025007883,6
21025007856,12
21025007838,12
21025007827,15
21025007826,9
21025007819,15
21025007816,12
21025007804,12
21025007800,12
21025007790,9
21025007786,3
21025007782,12
21025007775,6
21025007767,12
21025007752,12
21025007731,6
21025007698,12
21025007683,12
21025007637,14
21025007633,6
21025007632,15
21025007630,1
21025007546,12
21025007492,6
21025007484,12
21025007474,12
21025007470,10
21025007442,12
21025007440,12
21025007425,4
21025007400,10
21025007371,14
21025007345,12
21025007318,12
21025007301,4
21025007298,6
21025007295,14
21025007278,12
21025007259,12
21025007246,12
21025007241,12
21025007240,12
21025007201,12
21025007199,12
21025007143,12
21025007141,8
21025007135,1
21025007124,12
21025007083,12
21025007066,14
21025007051,12
21025007030,10
21025007012,14
21025006998,12
21025006983,12
21025006977,12
21025006967,10
21025006965,12
21025006955,14
21025006951,12
21025006942,12
21025006941,12
21025006940,5
21025006934,14
21025006931,3
21025006927,12
21025006919,14
21025006871,12
21025006855,12
21025006849,1
21025006840,8
21025006839,12
21025006837,6
21025006830,6
21025006795,6
21025006792,12
21025006791,6
21025006786,6
21025006760,12
21025006748,12
21025006727,11
21025006725,6
21025006702,1
21025006698,1
21025006697,1
21025006694,12
21025006693,1
21025006673,1
21025006671,1
21025006670,1
21025006666,1
21025006661,12
21025006659,12
21025006658,1
21025006654,1
21025006652,1
21025006649,1
21025006645,1
21025006640,1
21025006635,1
21025006631,12
21025006630,1
21025006594,14
21025006576,6
21025006556,14
21025006540,14
21025006539,12
21025003043,12
21025001466,12
21025001279,12
21025000900,12
21025000766,12
21025000242,12
21025000174,14
21025000116,14
21025000083,12
21025000030,8
21025000016,12
20925030096,14
20925029641,15
20925029564,15
20925027166,6
20925026602,1
20925025542,12
20925024015,12
20925022156,1
20925021927,14
20925020842,15
20925015986,6
20925015258,9
20925014940,12
20925013953,14
20925013909,12
20925012553,2
20925012366,12
20925010550,12
20924002195,12
20825009861,6
20825008588,11
20825007254,6
20825004259,6
20825002797,14
20824016973,6
20525016637,12
20525011961,12
20525011829,6
20525006834,12
20525006053,12
20125014690,1
11025922673,12
11025922483,6
11025922399,12
11025922224,12
11025922165,12
11025921940,10
11025921912,14
11025921901,11
11025921899,12
11025921898,12
11025921810,12
11025921808,12
11025921805,12
11025921804,12
11025921802,14
11025921801,12
11025921794,12
11025921791,12
11025921790,12
11025921788,12
11025921785,12
11025921738,12
11025921615,12
11025921051,15
11025920785,10
11025920782,14
11025920779,14
11025920662,14
11025920085,12
11025920071,12
11025920067,12
11025920063,12
11025920062,12
11025920055,12
11025920054,12
11025920053,12
11025920048,12
11025919983,12
11025919981,12
11025919974,12
11025919973,12
11025919971,6
11025919969,12
11025919968,12
11025919967,12
11025919964,12
11025919962,12
11025919960,12
11025919959,12
11025919956,12
11025919955,12
11025919646,12
11025919612,12
11025919413,12
11025919284,12
11025919283,12
11025919282,12
11025919280,12
11025919276,12
11025919274,6
11025919272,12
11025919271,12
11025919270,12
11025919262,12
11025919261,12
11025919256,12
11025918998,12
11025918997,12
11025918984,6
11025918983,6
11025918950,12
11025918913,11
11025918909,12
11025918907,12
11025918899,6
11025918898,12
11025918825,2
11025918763,2
11025918713,12
11025918707,12
11025918697,3
11025918689,12
11025918646,12
11025918591,15
11025918589,6
11025918579,2
11025918559,2
11025918492,12
11025918481,12
11025918478,6
11025918476,12
11025918473,12
11025918472,12
11025918470,12
11025918469,12
11025918468,14
11025918467,12
11025918466,12
11025918464,12
11025918458,12
11025918457,12
11025918456,12
11025918374,12
11025918368,12
11025918366,12
11025918365,12
11025918355,12
11025918350,12
11025918135,6
11025918134,6
11025918133,6
11025918131,6
11025918130,6
11025918128,6
11025918127,6
11025918126,6
11025918119,6
11025918118,6
11025918117,6
11025918115,6
11025918111,6
11025917966,12
11025917965,12
11025917962,12
11025917957,12
11025917956,12
11025917952,12
11025917951,12
11025917950,12
11025917946,12
11025917944,12
11025917943,12
11025917939,12
11025917938,12
11025917936,12
11025917934,12
11025917929,12
11025917798,12
11025917797,12
11025917795,12
11025917793,12
11025917792,12
11025917790,12
11025917788,12
11025917786,12
11025917779,12
11025917778,12
11025917776,12
11025917775,12
11025917773,12
11025916784,12
11025916622,12
11025916471,6
11025916470,12
11025916469,15
11025916460,12
11025916454,12
11025916447,15
11025915941,12
11025915770,12
11025915631,12
11025915630,8
11025915629,4
11025915628,12
11025915493,14
11025915486,14
11025915429,12
11025915423,14
11025915306,14
11025915246,15
11025915245,12
11025915238,12
11025915236,12
11025915235,12
11025915231,12
11025915230,12
11025915229,12
11025915227,15
11025915222,15
11025915221,15
11025914205,12
11025914202,15
11025913687,1
11025913361,12
11025913297,12
11025913126,6
11025912833,12
11025912502,12
11025912281,12
11025912025,10
11025912016,12
11025912015,12
11025911934,12
11025911931,12
11025911924,14
11025911896,14
11025911792,14
11025911566,15
11025911303,12
11025911297,10
11025910639,12
11025910613,12
11025910610,8
11025910608,12
11025910443,12
11025910441,12
11025910435,6
11025910352,12
11025910203,12
11025910202,12
11025910200,12
11025910152,6
11025909964,12
11025909815,9
11025909779,12
11025909776,15
11025909769,14
11025909602,10
11025504042,12
11025504041,12
11025504040,12
11025504026,12
11025504025,3
11025504007,12
11025504006,12
11025504005,6
11025504004,12
11025504002,6
11025504001,6
11025504000,5
11025503998,12
11025503994,11
11025503992,12
11025503987,12
11025503986,12
11025503982,12
11025503981,12
11025503978,14
11025503975,12
11025503974,12
11025503973,12
11025503972,6
11025503970,12
11025503969,12
11025503968,12
11025503966,12
11025503965,12
11025503964,12
11025503962,12
11025503959,12
11025503956,12
11025503955,12
11025503935,12
11025503854,7
11025503852,12
11025503849,12
11025503847,12
11025503833,9
11025503808,2
11025503797,15
11025503788,12
11025503784,12
11025503771,12
11025503753,6
11025503751,12
11025503750,14
11025503749,6
11025503747,12
11025503745,9
11025503743,10
11025503742,10
11025503741,12
11025503740,12
11025503739,10
11025503738,8
11025503736,14
11025503734,4
11025503730,12
11025503729,12
11025503721,6
11025503720,12
11025503717,8
11025503714,12
11025503705,12
11025503703,12
11025503692,12
11025503658,6
11025503638,13
11025503633,12
11025503630,12
11025503594,12
11025503591,12
11025503572,12
11025503568,11
11025503559,12
11025503554,8
11025503509,4
11025503508,6
11025503505,12
11025503499,12
11025503497,12
11025503491,12
11025503367,12
11025503363,12
11025503224,3
11025503213,12
11025503196,9
11025503195,12
11025503194,14
11025503193,14
11025503192,14
11025503183,14
11025503175,12
11025503174,12
11025503173,12
11025503168,12
11025503141,12
11025503140,12
11025503135,8
11025503132,12
11025503131,12
11025503130,12
11025503120,12
11025503080,6
11025503076,10
11025503075,12
11025503074,15
11025503068,8
11025503065,9
11025503035,12
11025503025,12
11025503024,12
11025503021,15
11025503019,10
11025503018,12
11025503000,12
11025502998,12
11025502989,12
11025502982,12
11025502981,6
11025502980,12
11025502978,14
11025502973,15
11025502970,14
11025502968,14
11025502966,6
11025502965,6
11025502957,14
11025502955,6
11025502954,6
11025502948,12
11025502947,10
11025502946,12
11025502945,14
11025502938,2
11025502930,15
11025502916,12
11025502912,6
11025502878,12
11025502876,1
11025502875,6
11025502864,12
11025502855,6
11025502823,7
11025502808,12
11025502783,12
11025502779,10
11025502766,12
11025502757,12
11025502756,12
11025502755,6
11025502754,12
11025502753,12
11025502752,12
11025502750,12
11025502730,15
11025502704,6
11025502697,6
11025502679,6
11025502663,10
11025502658,12
11025502625,11
11025502617,15
11025502597,12
11025502595,13
11025502584,10
11025502583,15
11025502574,12
11025502567,4
11025502562,15
11025502546,6
11025502543,15
11025502540,12
11025502535,12
11025502531,12
11025502527,15
11025502523,3
11025502522,12
11025502521,15
11025502517,14
11025502500,2
11025502480,3
11025502479,10
11025502467,12
11025502438,12
11025502437,12
11025502432,12
11025502431,12
11025502421,12
11025502417,12
11025502411,12
11025502410,6
11025502407,6
11025502344,12
11025502332,12
11025502322,12
11025502286,12
11025502285,12
11025502269,15
11025502257,14
11025502256,14
11025502255,10
11025502254,10
11025502247,12
11025502245,12
11025502244,12
11025502229,12
11025502228,12
11025502227,2
11025502225,3
11025502219,12
11025502216,12
11025502212,12
11025502209,12
11025502205,12
11025502196,14
11025502194,12
11025502192,3
11025502190,12
11025502189,12
11025502187,12
11025502184,12
11025502182,12
11025502181,12
11025502171,15
11025502166,12
11025502165,2
11025502164,12
11025502148,12
11025502128,11
11025502127,14
11025502123,12
11025502120,12
11025502119,15
11025502117,12
11025502116,12
11025502115,6
11025502114,6
11025502112,12
11025502111,12
11025502110,6
11025502109,12
11025502108,6
11025502101,2
11025502098,12
11025502091,12
11025502090,14
11025502089,12
11025502088,12
11025502087,14
11025502086,14
11025502085,3
11025502084,14
11025502080,1
11025502073,12
11025502072,12
11025502070,14
11025502068,12
11025502063,12
11025502054,12
11025502044,12
11025502043,12
11025502026,12
11025501995,14
11025501993,6
11025501989,12
11025501988,12
11025501983,12
11025501982,12
11025501980,12
11025501979,12
11025501978,12
11025501977,12
11025501975,12
11025501974,12
11025501971,12
11025501969,12
11025501966,12
11025501964,12
11025501963,12
11025501962,12
11025501937,12
11025501929,12
11025501916,12
11025501915,12
11025501892,1
11025501891,12
11025501804,12
11025501794,12
11025501787,14
11025501786,14
11025501778,12
11025501742,12
11025501740,12
11025501731,15
11025501730,12
11025501718,12
11025501712,12
11025501709,12
11025501694,12
11025501682,12
11025501665,8
11025501659,12
11025501648,10
11025501635,12
11025501634,12
11025501590,12
11025501588,15
11025501581,2
11025501579,12
11025501575,12
11025501574,3
11025501573,12
11025501564,14
11025501556,4
11025501522,12
11025501512,12
11025501510,12
11025501508,3
11025501507,3
11025501505,12
11025501494,12
11025501493,6
11025501463,12
11025501462,6
11025501443,6
11025501442,2
11025501426,12
11025501425,12
11025501404,2
11025501396,12
11025501384,6
11025501380,12
11025501370,12
11025501366,9
11025501359,12
11025501353,14
11025501348,12
11025501346,12
11025501343,15
11025501342,12
11025501315,12
11025501290,12
11025501289,12
11025501276,12
11025501274,12
11025501272,12
11025501260,12
11025501259,12
11025501240,12
11025501229,12
11025501212,3
11025501188,12
11025501181,12
11025501172,15
11025501169,14
11025501165,6
11025501158,11
11025501139,9
11025501138,12
11025501137,6
11025501123,10
11025501117,12
11025501105,12
11025501104,12
11025501103,12
11025501102,6
11025501100,12
11025501098,10
11025501093,12
11025501092,15
11025501091,11
11025501085,10
11025501084,12
11025501080,12
11025501074,12
11025501069,12
11025501050,12
11025501041,15
11025501037,12
11025501036,12
11025501035,12
11025501009,6
11025500994,15
11025500992,12
11025500983,12
11025500977,12
11025500961,6
11025500956,11
11025500940,10
11025500914,6
11025500907,11
11025500876,12
11025500874,6
11025500868,11
11025500855,12
11025500844,14
11025500817,15
11025500816,12
11025500803,6
11025500794,12
11025500788,12
11025500785,9
11025500769,14
11025500760,12
11025500746,12
11025500723,12
11025500722,12
11025500719,12
11025500629,14
11025500627,9
11025500623,12
11025500613,6
11025500610,12
11025500607,12
11025500604,6
11025500595,12
11025500589,14
11025500582,12
11025500579,6
11025500577,12
11025500573,9
11025500560,15
11025500532,4
11025500525,14
11025500519,15
11025500502,14
11025500495,12
11025500494,12
11025500492,11
11025500478,12
11025500465,10
11025500456,12
11025500451,12
11025500449,12
11025500446,12
11025500421,12
11025500419,12
11025500418,12
11025500417,12
11025500416,12
11025500415,12
11025500414,12
11025500411,12
11025500410,12
11025500409,12
11025500407,12
11025500403,12
11025500401,12
11025500324,14
11025500313,15
11025500304,12
11025500289,12
11025500288,12
11025500268,12
11025500259,12
11025500245,12
11025500221,12
11025500212,10
11025500210,6
11025500193,10
11025500182,12
11025500149,9
11025500082,12
11025024550,15
11025024519,12
11025024497,12
11025024496,6
11025024474,12
11025024357,6
11025024346,5
11025024345,12
11025024271,12
11025024258,12
11025024232,12
11025024224,6
11025024210,1
11025024188,12
11025024156,10
11025024148,12
11025024129,12
11025024092,15
11025024085,8
11025024076,6
11025024051,12
11025024037,12
11025024036,12
11025023967,12
11025023903,14
11025023900,12
11025023894,12
11025023891,12
11025023847,14
11025023795,8
11025023794,7
11025023782,12
11025023733,12
11025023727,12
11025023715,8
11025023707,14
11025023706,12
11025023644,12
11025023638,12
11025023558,6
11025023547,12
11025023518,14
11025023507,12
11025023490,14
11025023484,14
11025023478,14
11025023456,14
11025023449,12
11025023443,14
11025023422,12
11025023412,6
11025023409,14
11025023402,11
11025023399,14
11025023369,14
11025023360,14
11025023348,14
11025023335,14
11025023321,12
11025023287,9
11025023274,12
11025023271,14
11025023268,12
11025023251,12
11025023224,8
11025023221,15
11025023211,12
11025023194,12
11025023186,8
11025023172,6
11025023154,12
11025023128,6
11025023107,8
11025023096,12
11025023087,15
11025023044,12
11025023028,1
11025023021,14
11025023002,12
11025022994,6
11025022985,6
11025022876,12
11025022870,14
11025022858,12
11025022845,1
11025022838,12
11025022828,1
11025022812,14
11025022807,12
11025022754,12
11025022753,6
11025022749,14
11025022696,6
11025022683,14
11025022666,8
11025022625,12
11025022569,6
11025022547,4
11025022475,6
11025022474,12
11025022445,4
11025022442,14
11025022429,14
11025022421,11
11025022416,12
11025022409,12
11025022393,12
11025022392,12
11025022379,14
11025022377,12
11025022368,6
11025022365,12
11025022336,14
11025022323,12
11025022306,6
11025022286,12
11025022274,14
11025022199,12
11025022180,1
11025022173,14
11025022162,10
11025022122,12
11025022084,12
11025022074,12
11025022069,12
11025022068,14
11025022058,6
11025022049,12
11025022038,14
11025022007,14
11025021999,12
11025021992,6
11025021990,1
11025021982,14
11025021980,12
11025021977,11
11025021972,14
11025021971,14
11025021969,14
11025021966,14
11025021965,14
11025021959,12
11025021953,14
11025021931,9
11025021926,12
11025021920,14
11025021887,14
11025021881,12
11025021828,14
11025021819,12
11025021780,12
11025021754,14
11025021735,8
11025021725,6
11025021717,1
11025021715,10
11025021713,1
11025021703,12
11025021693,12
11025021690,8
11025021686,15
11025021681,12
11025021678,14
11025021667,14
11025021665,6
11025021654,14
11025021652,14
11025021648,12
11025021637,14
11025021568,14
11025021560,12
11025021548,11
11025021470,12
11025021460,12
11025021366,6
11025021354,11
11025021349,6
11025021331,6
11025021319,8
11025021291,8
11025021257,12
11025021252,4
11025021226,8
11025021224,12
11025021197,12
11025021175,12
11025021129,12
11025021120,8
11025021098,12
11025021096,12
11025021086,14
11025021052,14
11025021046,12
11025021042,14
11025021007,14
11025020975,14
11025020968,14
11025020918,12
11025020901,6
11025020891,10
11025020858,12
11025020847,6
11025020819,6
11025020814,12
11025020807,14
11025020804,14
11025020798,14
11025020788,6
11025020777,14
11025020741,14
11025020714,14
11025020707,12
11025020698,15
11025020677,6
11025020620,6
11025020616,14
11025020603,12
11025020600,6
11025020549,6
11025020537,3
11025020530,14
11025020528,12
11025020497,12
11025020483,12
11025020468,12
11025020452,14
11025020425,12
11025020407,6
11025020403,6
11025020392,14
11025020387,12
11025020369,12
11025020356,12
11025020353,12
11025020345,12
11025020307,14
11025020305,12
11025020303,6
11025020296,14
11025020284,7
11025020281,12
11025020263,14
11025020229,14
11025020179,6
11025020152,12
11025020147,12
11025020145,14
11025020128,15
11025020122,14
11025020082,1
11025020057,14
11025020040,12
11025020028,12
11025020026,14
11025019996,6
11025019994,6
11025019953,14
11025019915,12
11025019912,8
11025019896,8
11025019895,12
11025019885,14
11025019868,14
11025019842,14
11025019829,14
11025019805,14
11025019788,1
11025019786,10
11025019769,14
11025019752,12
11025019747,12
11025019746,14
11025019737,12
11025019726,12
11025019725,14
11025019724,3
11025019711,6
11025019690,12
11025019677,14
11025019675,10
11025019645,14
11025019637,14
11025019564,14
11025019479,14
11025019477,14
11025019423,12
11025019422,14
11025019419,3
11025019411,12
11025019393,14
11025019390,7
11025019387,12
11025019379,14
11025019378,10
11025019366,14
11025019353,14
11025019351,12
11025019345,9
11025019336,6
11025019293,12
11025019252,14
11025019217,12
11025019016,12
11025019009,12
11025018925,8
11025018903,15
11025018851,8
11025018811,14
11025018788,12
11025018782,6
11025018625,15
11025018596,12
11025018554,6
11025018530,12
11025018497,12
11025018494,12
11025018486,6
11025018454,8
11025018451,12
11025018446,15
11025018443,10
11025018408,14
11025018406,15
11025018392,6
11025018345,12
11025018322,14
11025018318,6
11025018281,12
11025018267,12
11025018254,9
11025018248,6
11025018247,12
11025018233,6
11025018228,10
11025018181,1
11025018179,14
11025018167,12
11025018164,12
11025018163,14
11025018148,1
11025018143,15
11025018102,12
11025018100,6
11025018092,6
11025018026,12
11025018001,12
11025017794,10
11025017696,12
11025017685,6
11025017663,12
11025017660,12
11025017637,12
11025017566,12
11025017447,12
11025017324,14
11025017314,14
11025017178,12
11025017176,12
11025017162,12
11025017124,12
11025017121,6
11025017087,12
11025017047,12
11025017026,6
11025017009,6
11025016974,6
11025016957,6
11025016942,12
11025016922,12
11025016901,14
11025016881,14
11025016862,12
11025016835,12
11025016827,14
11025016813,12
11025016809,14
11025016787,7
11025016741,3
11025016729,12
11025016705,12
11025016700,12
11025016698,3
11025016689,14
11025016661,12
11025016639,12
11025016631,12
11025016625,14
11025016603,12
11025016570,12
11025016544,14
11025016537,12
11025016524,6
11025016512,12
11025016503,15
11025016502,12
11025016348,14
11025016328,12
11025016325,12
11025016314,11
11025016312,12
11025016242,6
11025016220,12
11025016186,9
11025016163,15
11025016143,14
11025016081,14
11025015994,6
11025015989,12
11025015979,12
11025015975,6
11025015935,12
11025015915,10
11025015901,14
11025015843,12
11025015833,14
11025015769,12
11025015758,12
11025015757,12
11025015756,12
11025015718,12
11025015700,8
11025015663,12
11025015617,12
11025015592,15
11025015564,12
11025015554,12
11025015547,14
11025015534,12
11025015420,14
11025015323,14
11025015310,14
11025015301,6
11025015216,12
11025015192,12
11025015123,6
11025015122,6
11025015120,12
11025015102,12
11025015062,12
11025015058,12
11025015029,8
11025015005,12
11025014989,12
11025014983,12
11025014973,12
11025014968,12
11025014963,12
11025014948,6
11025014931,12
11025014924,6
11025014900,12
11025014895,12
11025014882,14
11025014838,6
11025014835,12
11025014829,12
11025014822,14
11025014815,12
11025014801,12
11025014792,6
11025014787,12
11025014770,12
11025014742,12
11025014708,10
11025014691,3
11025014670,14
11025014635,12
11025014607,12
11025014580,3
11025014578,12
11025014562,14
11025014546,12
11025014496,12
11025014489,6
11025014481,15
11025014472,12
11025014470,12
11025014469,6
11025014443,12
11025014431,14
11025014421,14
11025014406,1
11025014382,6
11025014356,12
11025014339,12
11025014336,7
11025014334,6
11025014322,1
11025014270,12
11025014267,12
11025014251,12
11025014197,12
11025014121,11
11025014117,1
11025014099,12
11025014097,6
11025014091,12
11025014083,12
11025014082,14
11025014080,15
11025014074,12
11025014072,12
11025014051,6
11025014036,12
11025014033,12
11025014010,12
11025014005,7
11025013957,6
11025013941,12
11025013936,12
11025013931,2
11025013922,6
11025013909,12
11025013898,7
11025013896,12
11025013851,12
11025013848,1
11025013843,12
11025013828,6
11025013819,14
11025013812,7
11025013796,12
11025013789,12
11025013774,12
11025013758,9
11025013691,12
11025013661,12
11025013655,12
11025013628,12
11025013627,15
11025013615,12
11025013583,12
11025013572,12
11025013529,8
11025013521,6
11025013446,12
11025013440,15
11025013430,12
11025013422,1
11025013401,4
11025013356,12
11025013333,12
11025013326,12
11025013307,12
11025013300,12
11025013250,12
11025013234,10
11025013195,14
11025013194,12
11025013146,6
11025013138,12
11025013115,14
11025013107,4
11025013077,12
11025013052,14
11025013050,15
11025013048,5
11025013029,12
11025013000,12
11025012997,14
11025012983,14
11025012933,12
11025012926,3
11025012891,12
11025012888,1
11025012880,6
11025012867,12
11025012863,6
11025012856,14
11025012759,12
11025012718,6
11025012707,12
11025012695,12
11025012693,11
11025012685,12
11025012669,6
11025012651,12
11025012639,9
11025012622,14
11025012621,12
11025012592,6
11025012578,2
11025012574,12
11025012553,8
11025012547,12
11025012542,10
11025012529,12
11025012498,4
11025012490,12
11025012457,14
11025012438,12
11025012400,10
11025012363,14
11025012334,1
11025012303,12
11025012266,12
11025012228,5
11025012217,6
11025012208,12
11025012162,12
11025012159,12
11025012154,12
11025012153,12
11025012145,12
11025012110,6
11025012081,12
11025012079,8
11025012059,12
11025012048,12
11025012046,12
11025012029,6
11025012007,10
11025011974,12
11025011945,12
11025011942,1
11025011939,14
11025011871,12
11025011867,8
11025011865,12
11025011864,12
11025011812,12
11025011773,12
11025011763,12
11025011727,10
11025011647,12
11025011618,12
11025011604,12
11025011594,12
11025011586,14
11025011576,12
11025011565,12
11025011518,14
11025011503,12
11025011499,12
11025011480,12
11025011479,6
11025011390,12
11025011368,12
11025011285,12
11025011259,12
11025011248,12
11025011242,12
11025011204,10
11025011188,12
11025011141,12
11025011134,14
11025011123,6
11025011122,6
11025011106,12
11025011093,12
11025011092,12
11025011089,12
11025011053,12
11025011009,12
11025010985,2
11025010983,12
11025010967,12
11025010965,14
11025010961,12
11025010948,12
11025010909,6
11025010903,12
11025010818,12
11025010817,6
11025010802,12
11025010789,12
11025010781,12
11025010774,12
11025010773,12
11025010772,12
11025010758,12
11025010723,10
11025010594,12
11025010559,12
11025010538,14
11025010529,6
11025010474,12
11025010387,12
11025010357,12
11025010345,12
11025010145,12
11025010133,12
11025010130,12
11025010087,3
11025010076,12
11025010075,12
11025010072,12
11025010011,14
11025009969,12
11025009959,6
11025009940,12
11025009861,5
11025009855,8
11025009833,12
11025009826,12
11025009793,6
11025009786,6
11025009720,14
11025009654,12
11025009644,12
11025009610,12
11025009544,12
11025009540,12
11025009457,12
11025009439,12
11025009427,14
11025009406,12
11025009390,4
11025009347,6
11025009346,6
11025009338,12
11025009329,9
11025009307,10
11025009290,4
11025009201,14
11025009185,6
11025009178,12
11025009177,6
11025009173,12
11025009130,12
11025009080,10
11025009050,10
11025007152,12
11025004794,12
11025003929,12
11025003728,6
11025003575,5
11025000073,12
11025000018,6
10925021046,12
10925020758,12
10925017710,1
10925015156,14
10925014939,14
10925013561,14
10925013393,14
10925008156,12
10925005472,12
10925005421,12
10925005363,12
10925002938,14
10925002855,14
10925002701,14
10925002638,1
10925002356,14
10825026788,12
10825014288,6
10725912457,12
10525007463,4
10525005497,5
10421005183,6
10323000063,15
80825022061,12
30925018098,14
30125011908,12
11025503172,12
11025503020,10
11025501931,12
11025501562,12
11025501242,12
11025022191,6
11025016166,12
11025011630,12
11025011258,14
11025011221,14
11025011191,14
11025011138,14
11025010436,4
11025010135,14
11025010107,14
11025010080,14
11025010033,14
11025010005,14
11025009978,14
11025009962,14
11025009190,12
11025000257,1
300123000000,12
261220000000,6
261022000000,12
260522000000,15
200923000000,14
160919000000,6
140723000000,3
131023000000,14
121023000000,7
70525012653,15
20223012753,6
170724000000,12
160523000000,12
30925033384,2
30925033352,12
30625033057,12
20625019198,12
10925020274,6
240225000000,12
160926000000,15
60525034449,5
60525034429,6
50722011213,8
20725028149,12
210625000000,6
70725020496,12
60525034487,6
10925004634,12
300125000000,9
290822000000,6
280125000000,2
261021000000,6
260626000000,12
250322000000,5
230523000000,12
210323000000,12
191223000000,12
171220000000,12
110522000000,15
100524000000,6
90925031450,9
90925026761,12
90925021678,6
90925012917,10
90725016067,12
90725001146,6
90425000173,12
80925035907,12
80925013608,12
80825034172,3
80825014577,15
80825014457,12
80725011887,12
80125917391,12
71224007374,8
70825029324,14
70825018243,11
70820001307,6
70819005449,12
70725911306,6
70725018580,12
70725009443,12
70324010797,15
60925015604,2
60825028301,12
60825026076,8
60825024218,12
60825013863,6
60725003713,12
60524003639,12
60125010340,12
50925026439,12
50925023775,15
50925023571,12
50925013154,12
50925012184,15
50925011231,12
50922005746,6
50922005489,6
50922005276,6
50922005141,1
50922005029,1
50825030030,12
50825021868,15
50825013950,12
50625010038,6
40925024376,12
40725032718,12
40725022613,12
40725018701,15
40425021899,12
40225005222,14
31024012536,11
30925028606,12
30925014556,14
30725026491,12
30725016593,12
30725015708,12
30624001340,12
30524005968,12
30125012279,12
20925025722,12
20925014614,12
20825007522,12
20825007385,12
20125003658,6
10925014463,14
10925011428,6
10925001315,14
10425019150,12
10425004190,12
10224005873,15
10125001764,12
40525001609,12
10925009503,6
101224000000,12
30725030782,14
30625014952,15
20825002950,12
310321000000,12
240222000000,12
230924000000,12
230721000000,12
221123000000,12
210523000000,12
200924000000,12
200224000000,6
190822000000,12
190325000000,14
171221000000,12
140224000000,1
121223000000,12
91223007743,6
90925034413,12
90925031996,12
90525023819,6
90125010037,12
81021008563,12
81021003839,6
80925035838,10
80925035832,10
80925035614,12
80925035585,12
80825025783,12
80825023539,12
80825020400,12
80725022546,12
80125015630,12
70825027528,12
70725006140,12
60925007903,12
51224018846,6
50925027678,12
50925023193,6
50725016975,12
50621002965,12
50525010910,12
50122009260,6
41120003688,6
40925034008,11
40825004035,12
40222009477,12
30325027007,12
30225001053,12
10925021277,12
70925000087,12
11025021683,6
11025018987,6
90725008475,12
90724004710,4
90625009845,12
70825012198,9
31025020209,12
31025020164,12
31025008079,12
11025021100,7
10825030657,9
290824000000,12
271225000000,14
270123000000,1
260423000000,12
230426000000,4
100424000000,2
90925020901,12
90825008499,12
90725009155,9
90625023645,9
90625012594,12
81124008304,14
80825032888,1
80825021182,9
80825020659,12
80725015996,12
80125017977,12
70825020544,12
70825014580,12
70723006396,1
70625012241,6
60925007793,12
60925007752,6
60825019436,1
50925006300,12
50825016550,12
40925931079,14
40925030342,12
40624007537,15
31025909373,14
31025020466,12
31025019420,12
31025019349,10
31025019339,1
31025018075,14
31025007398,6
31025007025,12
30925027955,15
30925026280,6
21025008965,12
21025008673,12
21025008423,14
21025007404,6
21025002633,7
21025000004,12
21021001052,12
20925027508,12
20925022054,9
20825007880,12
20225001240,1
11025023571,6
11025023356,12
11025023280,6
11025022408,14
11025022223,12
11025021290,12
11025021030,14
11025015212,14
11025014533,12
11025014341,14
11025013888,6
11025011771,14
11025011475,12
11025009323,15
11025000037,15
260624000000,6
250525000000,10
240923000000,6
230923000000,1
200325000000,7
171122000000,1
140424000000,6
130625000000,7
110525000000,12
91223007033,6
90925017341,9
90925016237,6
90924003660,12
90924003063,12
90825010537,1
90723001391,7
90723001372,7
90623003638,12
80925012331,6
80825022784,12
80825021784,12
80825021302,12
80624003814,12
80524006387,12
70825019655,12
70825019418,12
70825006989,12
70824011590,12
70725013237,12
70625012050,11
70525004213,12
60825019042,1
60825016446,12
60525004894,12
60325011361,14
51224015358,12
50925017781,12
50825032091,12
50525018833,12
50325010557,12
41124008470,11
40725013257,14
40625019369,12
31025917904,15
31025917896,12
31025917895,15
31025917889,12
31025917878,6
31025917871,15
31025917864,12
31025917863,12
31025917850,2
31025917847,15
31025917837,15
31025917830,15
31025917826,12
31025917816,12
31025917768,12
31025917765,6
31025917756,9
31025917728,12
31025917716,12
31025917692,12
31025917691,12
31025917671,12
31025917670,2
31025917668,6
31025917666,8
31025917646,12
31025917644,15
31025917643,2
31025917637,12
31025917623,15
31025917612,12
31025917598,6
31025917572,12
31025917379,6
31025917376,11
31025917375,11
31025917374,12
31025917369,6
31025917364,6
31025917351,12
31025917349,12
31025917342,6
31025917331,12
31025917322,12
31025917313,15
31025917306,6
31025917303,6
31025917294,12
31025917276,6
31025917259,12
31025917254,6
31025917232,6
31025917227,6
31025917200,12
31025917194,6
31025917170,12
31025917168,12
31025917123,2
31025917102,15
31025917080,12
31025917073,15
31025917066,2
31025917025,15
31025917021,12
31025917020,12
31025917013,12
31025917011,12
31025916988,6
31025916971,6
31025916970,12
31025916961,12
31025916956,6
31025916955,15
31025916953,15
31025916947,14
31025916920,12
31025916882,12
31025916881,12
31025916875,12
31025916856,12
31025916853,12
31025916849,15
31025916835,12
31025916829,12
31025916825,12
31025916823,12
31025916821,12
31025916792,6
31025916787,6
31025916776,15
31025916773,6
31025916769,15
31025916760,2
31025916751,12
31025916713,6
31025916709,12
31025916692,15
31025916686,15
31025916684,12
31025916683,12
31025916681,9
31025916667,12
31025916648,15
31025916639,15
31025916632,15
31025916628,12
31025916627,11
31025916618,15
31025916611,6
31025916604,12
31025916603,15
31025916598,15
31025916593,15
31025916591,12
31025916586,15
31025916570,12
31025916560,6
31025916554,2
31025916549,15
31025916547,12
31025916545,6
31025916543,15
31025916537,12
31025916534,12
31025916518,12
31025916515,12
31025916474,15
31025916451,12
31025916444,15
31025916443,15
31025916439,6
31025916424,9
31025916422,12
31025916407,12
31025916387,15
31025916381,2
31025916376,12
31025916375,2
31025916374,12
31025916369,15
31025916365,6
31025916362,2
31025916355,6
31025916354,12
31025916350,12
31025916349,15
31025916347,12
31025916345,12
31025916344,12
31025916342,15
31025916340,15
31025916338,15
31025916329,12
31025916315,12
31025916312,12
31025916311,6
31025916310,12
31025916308,12
31025916293,12
31025916291,12
31025916098,12
31025915494,12
31025915493,12
31025915489,12
31025915460,12
31025915093,15
31025915068,15
31025915060,6
31025915059,12
31025915012,12
31025915011,12
31025914989,15
31025914985,12
31025914973,6
31025914971,12
31025914961,6
31025914837,6
31025914832,12
31025914831,6
31025914810,12
31025914802,11
31025914759,11
31025914757,11
31025914621,15
31025914596,6
31025914583,6
31025914574,6
31025914572,12
31025914540,6
31025914492,12
31025914428,6
31025914403,6
31025914399,12
31025914390,12
31025914389,12
31025914376,12
31025914341,12
31025914326,6
31025914320,12
31025914303,15
31025914287,6
31025914256,15
31025914239,6
31025914236,12
31025914228,11
31025914179,15
31025914175,12
31025914153,12
31025914151,6
31025914148,12
31025914138,15
31025914124,6
31025914116,12
31025914095,12
31025914025,6
31025914009,6
31025913986,6
31025913982,6
31025913960,6
31025913953,6
31025913930,6
31025913928,12
31025913924,12
31025913904,6
31025913887,15
31025913856,6
31025913852,12
31025913848,6
31025913844,6
31025913833,6
31025913829,6
31025913817,12
31025913808,15
31025912508,12
31025912443,12
31025912250,12
31025911021,12
31025911007,6
31025911003,12
31025911002,12
31025911001,12
31025910999,10
31025910998,12
31025910995,12
31025910487,12
31025910481,12
31025910449,6
31025910072,12
31025909147,12
31025503457,12
31025503368,12
31025503367,12
31025503345,12
31025503337,12
31025503304,12
31025503300,12
31025503291,14
31025503278,10
31025503277,15
31025503276,10
31025503275,10
31025503226,12
31025503138,12
31025503137,12
31025503124,14
31025502996,12
31025502994,12
31025502899,12
31025502893,12
31025502859,8
31025502858,12
31025502658,12
31025502428,12
31025502423,12
31025502421,12
31025502420,12
31025502384,12
31025502382,12
31025502224,12
31025502216,12
31025502163,12
31025502162,12
31025502121,12
31025502120,12
31025502108,12
31025502106,12
31025502104,15
31025502097,12
31025502090,12
31025502085,12
31025502084,12
31025502083,12
31025502082,12
31025502077,12
31025502076,12
31025502067,12
31025502066,6
31025502059,3
31025502030,12
31025502029,12
31025502021,12
31025502018,12
31025502017,12
31025501888,12
31025501885,15
31025501836,12
31025501835,12
31025501829,12
31025501825,12
31025501822,12
31025501821,6
31025501818,11
31025501816,12
31025501815,12
31025501812,12
31025501811,12
31025501810,12
31025501809,12
31025501805,12
31025501802,12
31025501797,12
31025501796,12
31025501795,12
31025501792,12
31025501788,12
31025501766,12
31025501762,12
31025501760,12
31025501752,12
31025501748,12
31025501741,12
31025501733,12
31025501721,14
31025501720,14
31025501719,14
31025501717,12
31025501711,14
31025501710,14
31025501685,12
31025501681,12
31025501679,12
31025501678,12
31025501677,12
31025501661,12
31025501660,12
31025501659,12
31025501651,6
31025501647,12
31025501578,12
31025501571,12
31025501558,12
31025501504,12
31025501500,12
31025501494,12
31025501462,12
31025501461,12
31025501460,11
31025501456,12
31025501450,15
31025501447,12
31025501446,9
31025501445,9
31025501444,9
31025501441,12
31025501440,12
31025501439,12
31025501438,12
31025501436,12
31025501435,12
31025501433,12
31025501416,12
31025501415,12
31025501411,12
31025501409,12
31025501406,12
31025501405,12
31025501400,12
31025501399,12
31025501398,12
31025501397,12
31025501392,12
31025501391,12
31025501386,12
31025501385,12
31025501384,12
31025501383,12
31025501381,12
31025501378,12
31025501346,12
31025501345,12
31025501283,5
31025501281,12
31025501280,12
31025501273,12
31025501272,14
31025501211,12
31025501210,12
31025501209,12
31025501208,12
31025501202,12
31025501187,6
31025501163,12
31025501098,12
31025501096,1
31025501089,12
31025501085,12
31025501072,12
31025501069,12
31025501068,12
31025501066,12
31025501064,12
31025501055,12
31025501054,12
31025501053,8
31025501052,10
31025500987,12
31025500865,12
31025500862,12
31025500858,12
31025500857,12
31025500856,12
31025500854,6
31025500851,12
31025500850,14
31025500808,12
31025500807,12
31025500689,6
31025500518,6
31025500517,12
31025500515,6
31025500514,12
31025500512,12
31025500509,12
31025500508,12
31025500507,12
31025500506,12
31025500505,12
31025500504,12
31025500472,12
31025500471,12
31025500465,12
31025500446,1
31025500442,12
31025500441,12
31025500369,12
31025500366,12
31025500365,12
31025500362,12
31025500358,12
31025500356,12
31025500353,12
31025500352,12
31025500349,12
31025500347,12
31025500339,12
31025500320,12
31025500319,12
31025500117,12
31025500106,12
31025500101,6
31025500099,6
31025500098,12
31025500095,12
31025500087,6
31025500085,12
31025500011,15
31025500010,12
31025500009,12
31025500006,12
31025500005,12
31025500004,6
31025500003,6
31025500001,12
31025019668,12
31025019655,12
31025019428,6
31025019278,6
31025019092,14
31025018889,12
31025018830,4
31025018249,12
31025018200,6
31025018116,6
31025018100,12
31025018091,10
31025018076,12
31025018071,12
31025018048,6
31025018045,12
31025018027,8
31025017907,12
31025017634,6
31025017355,12
31025016878,6
31025016418,12
31025016150,12
31025016145,14
31025016128,14
31025015968,14
31025015700,12
31025015349,12
31025015257,12
31025015197,12
31025015135,12
31025015071,12
31025015019,12
31025014925,12
31025014681,6
31025014644,14
31025014620,14
31025013974,12
31025013723,12
31025013588,12
31025013531,14
31025013450,6
31025013398,12
31025013374,9
31025013315,11
31025013272,12
31025013233,6
31025013120,6
31025013112,14
31025013057,14
31025013049,12
31025013047,12
31025012848,12
31025012823,12
31025012728,7
31025012662,12
31025012604,14
31025012502,12
31025012290,12
31025012264,7
31025012161,12
31025012066,10
31025012025,6
31025012012,6
31025011735,14
31025011394,12
31025011369,14
31025011298,1
31025011199,12
31025011029,14
31025011006,12
31025010966,12
31025010624,12
31025010596,12
31025010543,12
31025010414,12
31025010388,12
31025010374,12
31025010304,6
31025010192,12
31025010057,12
31025009983,14
31025009774,15
31025009710,12
31025009687,12
31025009547,12
31025008994,6
31025008833,12
31025008763,15
31025008589,12
31025008406,12
31025008309,15
31025008304,12
31025008243,15
31025008128,6
31025008041,12
31025008037,12
31025007948,12
31025007508,12
31025007358,12
31025007321,12
31025007289,12
31025006991,12
31025006846,6
31025006829,12
31025006675,12
31025006662,12
31025006583,12
31025006560,12
31025006497,3
31025006379,2
31025006361,12
31025006220,6
31025006212,12
31025006184,12
31025006150,12
31025006094,2
31025005901,12
31025005865,12
31025005850,12
31025005480,2
31025005398,12
31025005251,12
31025005225,12
31025005185,10
31025004558,12
31025004361,12
31025004273,6
31025004166,12
31025004050,6
31025003999,6
31025003883,1
31025003239,15
31025003196,12
31025003180,12
31025003140,12
31025003123,12
31025003061,2
31025002934,12
31025002791,12
31025002783,6
31025002610,12
31025002480,14
31025002410,12
31025002409,12
31025002398,15
31025002320,2
31025002180,12
31025002113,12
31025001970,12
31025001890,12
31025001889,12
31025001855,14
31025001854,12
31025001823,12
31025001787,12
31025001664,12
31025001382,12
31025000013,12
30925010659,12
30725011648,6
30625017589,12
21025009310,5
21025009252,6
21025009016,12
21025008890,12
21025008075,8
21025007989,12
21025007894,14
21025007753,1
21025007392,12
21025007288,12
21025007103,10
21025007082,1
21025007013,12
21025006991,10
21025006857,12
21025006851,12
21025006810,4
21025006794,11
21025006690,12
21025006502,12
21025006129,6
20725033072,6
20725012728,12
11025922237,12
11025922236,8
11025922233,12
11025922232,12
11025922103,12
11025922102,12
11025922100,12
11025922099,12
11025922098,12
11025922096,12
11025922090,12
11025922089,14
11025922087,12
11025922080,12
11025922079,12
11025921519,8
11025921399,8
11025921396,12
11025921395,12
11025921394,12
11025921392,11
11025921391,8
11025921390,12
11025921389,12
11025921388,12
11025921387,12
11025921372,12
11025921370,12
11025921328,12
11025921327,12
11025921310,12
11025921309,12
11025921307,12
11025921306,12
11025921303,12
11025921302,12
11025921301,12
11025921300,12
11025921297,12
11025921295,11
11025921289,12
11025921273,11
11025921212,12
11025918817,12
11025918816,15
11025918802,6
11025918799,12
11025918795,6
11025918784,12
11025918749,12
11025918308,12
11025918290,2
11025918288,12
11025918287,12
11025918283,12
11025918282,12
11025917856,12
11025917851,12
11025917850,12
11025917849,12
11025917848,12
11025917842,12
11025917836,12
11025917828,12
11025917825,12
11025917823,12
11025917602,12
11025917594,12
11025917591,12
11025917587,12
11025917585,12
11025917576,12
11025917562,2
11025917556,4
11025917552,12
11025917545,12
11025917499,12
11025917495,12
11025917491,12
11025917490,12
11025917488,6
11025917484,12
11025917481,6
11025917477,12
11025917469,12
11025917465,15
11025917442,2
11025917434,11
11025917416,12
11025917414,4
11025917408,12
11025917404,2
11025917401,2
11025917394,11
11025917387,2
11025917384,15
11025917383,12
11025917359,2
11025917358,12
11025917357,2
11025917348,15
11025917344,12
11025917341,12
11025917336,12
11025917328,2
11025917297,2
11025917293,12
11025917274,11
11025917267,2
11025917240,2
11025917236,2
11025917234,12
11025917206,12
11025917189,11
11025917188,12
11025917187,12
11025917186,12
11025917172,11
11025917169,12
11025917164,9
11025917156,12
11025917154,12
11025917150,12
11025917149,2
11025917138,12
11025917119,6
11025917107,12
11025917090,12
11025917084,6
11025917082,12
11025917074,12
11025917063,2
11025917059,12
11025917056,9
11025917043,12
11025917036,2
11025917008,12
11025917007,12
11025917005,12
11025916452,12
11025916450,12
11025916449,12
11025916446,12
11025916443,12
11025916439,8
11025916420,12
11025916416,12
11025916415,12
11025916413,12
11025916412,12
11025916294,12
11025916284,12
11025916279,12
11025916277,12
11025916271,12
11025916268,12
11025916261,12
11025915827,12
11025915823,12
11025915821,12
11025915816,12
11025915813,12
11025915809,12
11025915806,12
11025915803,9
11025915801,12
11025915800,12
11025915796,12
11025915793,12
11025915792,12
11025915790,12
11025915789,14
11025915788,12
11025915787,12
11025915749,12
11025915291,12
11025915285,12
11025914214,12
11025914210,12
11025914208,12
11025913373,12
11025913360,12
11025913295,12
11025913011,12
11025912773,6
11025912766,12
11025911805,6
11025911803,6
11025911756,6
11025911755,12
11025911337,12
11025911334,6
11025911277,6
11025911273,12
11025504033,12
11025504024,12
11025504022,12
11025503984,12
11025503980,5
11025503971,12
11025503958,12
11025503954,12
11025503924,12
11025503897,14
11025503883,12
11025503868,14
11025503838,2
11025503835,12
11025503725,8
11025503708,9
11025503707,6
11025503691,12
11025503602,6
11025503596,12
11025503550,6
11025503281,12
11025503268,12
11025503267,12
11025503258,12
11025503216,12
11025503215,12
11025503190,12
11025503180,12
11025503164,12
11025503163,12
11025503156,12
11025503137,12
11025503118,12
11025503042,12
11025503038,14
11025503034,6
11025503022,12
11025503015,12
11025502994,12
11025502961,12
11025502956,12
11025502950,12
11025502949,12
11025502941,12
11025502925,12
11025502924,12
11025502920,12
11025502908,12
11025502905,12
11025502892,12
11025502891,12
11025502837,12
11025502836,12
11025502831,12
11025502830,6
11025502825,12
11025502815,12
11025502813,12
11025502811,12
11025502772,12
11025502748,12
11025502747,12
11025502743,6
11025502736,12
11025502707,2
11025502682,12
11025502680,12
11025502677,15
11025502676,12
11025502671,12
11025502653,12
11025502648,12
11025502631,12
11025502623,12
11025502622,12
11025502600,12
11025502598,12
11025502579,12
11025502575,12
11025502558,12
11025502554,6
11025502532,12
11025502469,12
11025502400,12
11025502395,12
11025502379,12
11025502333,2
11025502324,12
11025502234,12
11025502210,12
11025502208,6
11025502207,12
11025502077,12
11025501955,11
11025501941,6
11025501903,12
11025501881,12
11025501880,12
11025501878,6
11025501874,12
11025501871,12
11025501867,6
11025501866,11
11025501865,11
11025501862,12
11025501855,15
11025501853,6
11025501852,12
11025501846,12
11025501842,12
11025501723,12
11025501719,12
11025501708,12
11025501696,12
11025501680,12
11025501679,12
11025501672,12
11025501671,12
11025501666,12
11025501663,12
11025501647,12
11025501644,14
11025501632,12
11025501598,12
11025501593,12
11025501577,12
11025501571,12
11025501569,12
11025501566,12
11025501553,6
11025501552,12
11025501538,12
11025501519,12
11025501478,15
11025501475,12
11025501466,12
11025501459,12
11025501456,12
11025501449,12
11025501439,12
11025501436,12
11025501398,12
11025501394,12
11025501373,11
11025501372,12
11025501371,12
11025501322,12
11025501318,12
11025501313,12
11025501309,12
11025501287,12
11025501257,12
11025501235,12
11025501224,12
11025501221,12
11025501205,12
11025501200,12
11025501192,12
11025501160,12
11025501150,6
11025501142,12
11025501128,12
11025501118,12
11025501115,12
11025501107,12
11025501073,12
11025501071,12
11025501065,12
11025501049,12
11025501046,9
11025501042,12
11025501033,10
11025501021,15
11025501020,12
11025500999,12
11025500986,12
11025500985,12
11025500972,12
11025500919,12
11025500906,12
11025500893,12
11025500849,2
11025500841,12
11025500830,15
11025500829,2
11025500828,12
11025500821,12
11025500805,2
11025500782,12
11025500744,12
11025500735,6
11025500731,12
11025500726,12
11025500622,12
11025500592,2
11025500570,14
11025500514,12
11025500513,12
11025500486,12
11025500482,12
11025500476,14
11025500332,12
11025500308,14
11025500290,12
11025500265,14
11025500262,6
11025500220,12
11025500218,12
11025500214,12
11025500209,6
11025500206,14
11025500196,12
11025500160,12
11025500151,14
11025500135,2
11025500132,1
11025500077,11
11025500047,12
11025500007,11
11025024378,8
11025023770,6
11025023767,6
11025023751,6
11025023689,12
11025023643,12
11025023642,12
11025023627,1
11025023617,7
11025023609,12
11025023557,12
11025023479,14
11025023471,12
11025023325,12
11025023269,12
11025023235,8
11025022995,6
11025022776,12
11025022492,6
11025022363,10
11025022276,12
11025021757,6
11025021730,6
11025021677,14
11025021567,6
11025021486,14
11025021365,10
11025021363,12
11025021242,12
11025021229,6
11025021192,14
11025021157,12
11025021015,14
11025020943,12
11025020864,5
11025020841,12
11025020753,14
11025020611,4
11025020492,14
11025020457,13
11025020406,6
11025020378,12
11025020314,12
11025020268,14
11025019853,14
11025019791,12
11025019766,12
11025019524,6
11025019494,14
11025019372,5
11025019349,6
11025019286,14
11025018934,12
11025018578,6
11025018541,14
11025018536,14
11025018510,12
11025018452,12
11025018337,12
11025018332,12
11025018263,12
11025018206,12
11025018195,12
11025018046,12
11025017982,12
11025017533,6
11025016992,11
11025016932,12
11025016917,12
11025016877,12
11025016734,14
11025016598,6
11025016590,12
11025016396,12
11025016370,9
11025016172,12
11025015670,12
11025015667,12
11025015662,6
11025015613,12
11025015566,14
11025015034,12
11025014776,12
11025014728,14
11025014620,12
11025014535,7
11025014299,6
11025014280,12
11025014260,6
11025013513,12
11025013289,12
11025013259,12
11025013254,1
11025013179,12
11025013174,6
11025013088,12
11025012927,12
11025012860,6
11025012741,1
11025012523,12
11025012513,1
11025012443,12
11025012377,12
11025012229,12
11025012132,12
11025011965,12
11025011840,12
11025011798,6
11025011457,12
11025011383,12
11025011373,12
11025011321,12
11025011223,6
11025010821,12
11025010581,12
11025010543,12
11025010206,12
11025009869,12
11025009836,12
11025009527,12
11025009166,14
11025005372,12
11025005367,12
11025001884,14
10925006547,1
10825020923,12
10825020821,12
10825017399,12
10725016759,1
10324006221,12
11025922107,12
11025917838,12
11025917829,8
11025916457,12
11025916287,12
130923000000,12
20625005784,14
110726000000,12
31025005615,6
11025020130,12
270421000000,6
31025006418,12
11025017699,4
11025015658,6
11025011844,6
240125000000,15
181024000000,15
90625014826,15
90425016394,15
60625026544,15
50925028405,12
50925009973,15
50625009230,15
40625033989,12
31025905297,6
31025015717,12
31025013477,12
31025011454,12
31025006795,6
21025008996,9
21025007543,3
20725031152,12
20725029218,12
20625016546,15
11025918553,6
11025913722,15
11025013165,2
11025010828,8
10825026997,12
280524000000,12
280225000000,15
90925034774,15
90925033928,1
90925033856,12
90725020631,12
90625016193,15
90424009904,2
60625026247,15
40925011703,12
40925003345,12
40925001296,12
40725015831,12
31025018461,15
31025013318,6
31025012913,12
31025011069,14
31025007352,12
31025001308,12
30425018728,15
30425017768,15
21025007551,3
20925029948,12
11025918912,12
11025915240,12
11025909961,12
11025023389,12
11025022615,12
11025014022,12
11025013108,6
11025010101,12
10825031454,12
31025918870,6
31025017840,12
30425014914,12
11025918693,12
260324000000,6
140324000000,12
110723000000,12
90625019441,15
90625007378,12
80925035469,6
80925034864,12
80925027334,15
80925007158,12
80425015274,6
70725002581,6
60125012512,12
60125012138,14
40925023772,11
40925020157,15
40925012716,15
40925011778,15
31025912218,12
31025006599,6
31025006395,12
31025006312,6
31025004908,12
31025004716,15
31025002582,6
30925019196,12
30925018963,12
30925018754,12
30925015349,12
21025008396,12
21025007830,12
20925025399,15
20925012192,6
20625004605,12
11025503278,6
11025503274,8
11025501856,12
11025501678,12
11025501584,12
11025500779,6
11025500778,6
11025500388,6
11025010764,12
11025010509,12
11025010507,12
11025009921,12
60325015761,12
10824015304,12
31025010960,6
90925033385,12
70825010432,2
70525012029,12
31025500462,6
31025007252,6
30424007175,12
20625015661,12
11025500538,6
11025022130,12
10825031959,12
240426000000,6
40725011689,6
30424012072,6
11025502266,12
11025502265,12
11025502263,12
11025501793,12
11025014441,14
11025013128,11
11025012128,6
11025010347,12
270724000000,12
260325000000,12
200526000000,6
90925017924,12
90625019718,15
80925016326,12
71024018785,1
70825029583,6
70525007862,13
70125013932,12
60925007927,12
60625023090,4
51224007167,1
40925011560,6
40825015897,12
40825008257,14
40825003964,6
31025910516,12
31025910515,12
31025910514,12
31025910111,9
31025910073,12
31025910041,12
31025502988,12
31025502922,12
31025502921,12
31025502530,12
31025502495,8
31025502493,12
31025502491,12
31025502136,12
31025502001,12
31025501956,14
31025501871,12
31025501657,12
31025501656,12
31025501654,12
31025501237,12
31025501150,12
31025501032,12
31025500832,12
31025500382,6
31025500283,12
31025500278,12
31025500272,12
31025500265,12
31025500262,12
31025500247,6
31025500245,12
31025500237,8
31025500235,12
31025500234,6
31025500195,12
31025500155,12
31025500151,12
31025500126,14
31025500124,13
31025500119,1
31025500048,12
31025019460,12
31025019449,8
31025018595,12
31025018243,12
31025017478,6
31025015770,6
31025012279,14
31025011655,12
31025009082,12
31025009009,14
31025008822,14
31025008570,12
31025007808,12
31025007114,12
31025005339,12
31025005005,12
31025002424,6
31025002384,8
31025002273,12
30725029641,4
30725029624,12
30725029151,12
30625024341,6
30525006785,12
21025008047,6
20925021795,6
11025921947,12
11025921946,12
11025921620,12
11025921618,12
11025916192,12
11025916191,9
11025916190,12
11025914699,12
11025914698,12
11025914696,12
11025504037,12
11025503593,12
11025503518,12
11025503451,14
11025503370,12
11025503166,12
11025503045,12
11025502972,12
11025502490,12
11025502448,12
11025502358,12
11025502338,14
11025502290,12
11025502191,12
11025501909,12
11025501890,12
11025501888,12
11025501816,15
11025501815,12
11025501814,15
11025501686,6
11025501621,12
11025501440,6
11025501294,12
11025501234,6
11025501196,12
11025500872,6
11025500325,12
11025500319,1
11025023531,1
11025023351,1
11025023146,12
11025022763,6
11025022722,14
11025022539,6
11025022400,12
11025021685,12
11025019650,12
11025018835,12
11025018264,1
11025018225,1
11025016949,14
11025014362,12
11025013769,12
11025013544,6
11025012393,14
11025012347,11
11025011193,12
11025010899,12
11025010792,14
11025010711,12
10925002946,6
90425009136,1
70425018186,12
31025910447,12
11025921540,15
11025920187,15
11025503892,12
11025011432,12
230522000000,12
130524000000,12
90925032263,12
90925027925,15
90625019772,15
90625014879,15
90625014663,15
90524006485,12
80725022643,12
70725022100,12
60725004641,12
60625028133,15
60625026321,15
60625010760,12
50925028527,12
50925011215,12
40925032915,15
40925011437,12
40325019794,15
31025917223,12
31025915439,12
31025915438,2
31025910448,15
31025909972,12
31025909724,2
31025503410,12
31025503166,14
31025503164,14
31025502702,14
31025501699,12
31025500299,14
31025500298,12
31025013720,1
31025007857,15
31025005492,12
31025005469,12
31025005242,1
31025005080,10
31025004787,12
31025004774,1
31025004151,6
31025003445,14
31025002027,9
30925010603,12
21025008507,12
11025921543,15
11025919085,15
11025503926,12
11025503889,12
11025503888,12
11025503153,14
11025501956,14
11025500473,14
11025500337,12
11025500298,14
11025500171,14
11025500069,12
11025500036,6
11025500021,6
11025500010,14
11025021127,12
11025009946,12
10925001537,12
10825030578,12
10825030441,12
10825030197,12
10825021920,6
10825021566,6
10825021391,6
221224000000,12
150726000000,12
91024006601,12
90625020812,14
90625007352,12
90525015825,14
90125006015,12
80925018862,12
80725023671,12
80425016915,12
70925004470,12
70725025062,10
70725009602,12
70725009469,12
70525023978,14
70525022562,12
70225908175,12
60525021027,12
50925024726,1
50925019055,9
50925007810,12
50925007072,12
50825024452,1
50625016033,12
50525014354,6
40925024688,12
40325004690,12
31025919507,6
31025919504,12
31025915421,9
31025913632,9
31025913631,12
31025912423,12
31025912422,11
31025912418,12
31025912324,11
31025912183,12
31025912182,2
31025912181,12
31025912177,12
31025912176,12
31025912173,12
31025910684,12
31025910682,12
31025910445,12
31025910005,12
31025909965,6
31025909945,12
31025909943,12
31025909940,12
31025909937,6
31025909928,12
31025909906,12
31025909902,12
31025909883,12
31025909882,12
31025909881,12
31025909880,6
31025909878,12
31025909876,12
31025909874,12
31025909871,12
31025909869,12
31025909867,12
31025909863,12
31025909861,12
31025909860,12
31025909858,6
31025909857,12
31025909836,12
31025909828,12
31025909827,15
31025909825,12
31025909824,12
31025909823,12
31025909820,12
31025909817,12
31025909804,12
31025909802,12
31025909799,12
31025909793,12
31025909725,12
31025909721,12
31025909706,12
31025909705,9
31025909703,12
31025909615,12
31025909601,6
31025909599,12
31025909598,12
31025909596,12
31025909595,12
31025909593,12
31025909592,12
31025909591,12
31025909589,12
31025909582,12
31025909567,6
31025909537,12
31025909534,12
31025909518,12
31025909500,12
31025909498,12
31025909493,12
31025909492,12
31025909491,12
31025909490,12
31025909489,12
31025909334,12
31025909333,12
31025909332,6
31025909314,12
31025909310,12
31025909294,12
31025909290,12
31025909276,12
31025909256,12
31025909194,12
31025909193,12
31025909192,15
31025909191,12
31025909190,6
31025908634,6
31025908633,12
31025908623,12
31025908621,12
31025908620,12
31025908618,11
31025908615,12
31025908610,12
31025908608,12
31025908606,12
31025908604,12
31025908586,12
31025907432,12
31025907428,12
31025907427,12
31025907425,12
31025907423,6
31025907421,12
31025907420,12
31025907414,12
31025503481,12
31025503465,15
31025503428,14
31025503423,14
31025503416,12
31025503400,12
31025503350,14
31025503310,6
31025503272,12
31025503249,12
31025503244,12
31025503243,12
31025503242,2
31025503045,12
31025502963,13
31025502962,9
31025502919,14
31025502916,14
31025502915,14
31025502710,14
31025502695,12
31025502693,12
31025502691,12
31025502690,12
31025502611,6
31025502609,12
31025502604,12
31025502600,6
31025502587,12
31025502585,12
31025502584,12
31025502531,10
31025502515,6
31025502513,6
31025502511,6
31025502509,6
31025502508,12
31025502506,6
31025502504,6
31025502502,6
31025502499,6
31025502497,12
31025502496,12
31025502401,14
31025502178,12
31025502176,12
31025502173,12
31025502172,12
31025502170,12
31025502169,12
31025502168,12
31025502165,12
31025502009,12
31025501843,15
31025501723,14
31025501700,14
31025501690,12
31025501595,12
31025501488,12
31025501388,12
31025501260,6
31025501259,15
31025501258,15
31025501257,12
31025501141,12
31025501129,14
31025501037,9
31025501036,12
31025501013,12
31025501012,12
31025500969,12
31025500771,12
31025500755,12
31025500752,12
31025500751,15
31025500750,6
31025500749,3
31025500748,6
31025500747,12
31025500746,12
31025500745,3
31025500714,12
31025500693,12
31025500692,12
31025500451,12
31025500387,12
31025500330,14
31025500318,12
31025500055,12
31025500054,12
31025500052,9
31025500049,6
31025500047,12
31025500046,15
31025500045,15
31025500042,15
31025500041,15
31025019343,1
31025019234,14
31025019043,6
31025018963,1
31025018848,1
31025018777,1
31025018709,12
31025018643,1
31025018519,12
31025018511,12
31025018501,1
31025018411,12
31025018404,12
31025018290,12
31025018267,1
31025018140,9
31025018043,6
31025017992,6
31025017883,14
31025017815,1
31025016093,12
31025014185,6
31025013215,12
31025011731,12
31025011628,12
31025011598,12
31025011395,12
31025010011,15
31025008940,6
31025008389,4
31025007738,14
31025007310,6
31025006745,6
31025006727,14
31025006475,6
31025006386,14
31025005751,12
31025005611,15
31025005433,15
31025005120,12
31025005014,12
31025004887,1
31025004805,12
31025004668,12
31025004600,12
31025004163,12
31025004126,12
31025003951,14
31025003440,12
31025003366,6
31025003044,7
31025003038,12
31025002995,12
31025002906,12
31025002849,12
31025002769,9
31025002766,14
31025002693,14
31025002671,12
31025002598,12
31025002466,12
31025002416,12
31025002373,6
31025002259,6
31025002197,12
31025002035,12
31025001516,6
31025000025,8
31024015700,1
30925018377,12
30625019162,12
30625019027,12
30625018796,12
30625018536,12
21224008943,12
21025009170,14
21025008794,12
21025008755,6
21025008514,12
21025008262,12
21025008200,12
21025007619,1
21025007613,12
21025007431,1
21025007408,12
21025007355,14
21025007229,12
21025007196,1
21025007186,1
21025007145,1
21025007122,12
21025007029,12
21025007016,12
21025007005,12
21025006997,1
21025006979,12
21025006548,14
20925028878,12
20925018785,9
20925013268,14
20925012398,6
20725032714,12
20625907237,12
20625014686,8
20525000152,12
20124002203,12
11025922887,12
11025922884,12
11025922774,12
11025922767,12
11025921544,6
11025921539,12
11025921537,2
11025921533,12
11025921003,15
11025921002,12
11025921001,12
11025920192,12
11025920188,12
11025919086,6
11025919083,12
11025919079,6
11025918954,6
11025913698,12
11025913697,6
11025913696,13
11025913346,12
11025913345,11
11025913337,15
11025913294,6
11025912721,15
11025912720,12
11025503912,12
11025503880,14
11025503855,12
11025503825,13
11025503817,2
11025503694,12
11025503690,12
11025503677,12
11025503655,12
11025503654,12
11025503651,12
11025503603,12
11025503601,12
11025503495,10
11025503030,2
11025503016,15
11025503005,12
11025502882,12
11025502731,13
11025502661,12
11025502605,12
11025502563,12
11025502501,12
11025502486,6
11025502468,12
11025502427,12
11025502414,14
11025502406,15
11025502312,2
11025502309,12
11025502306,12
11025502305,12
11025502303,12
11025502302,12
11025502299,12
11025502298,11
11025502292,6
11025502274,12
11025502048,12
11025502046,12
11025501961,6
11025501936,12
11025501844,12
11025501832,12
11025501681,12
11025501630,12
11025501558,12
11025501555,12
11025501515,12
11025501511,3
11025501486,15
11025501464,12
11025501444,12
11025501432,12
11025501430,12
11025501402,15
11025501401,12
11025501332,12
11025501331,13
11025501263,15
11025501230,12
11025501216,12
11025501183,15
11025501176,15
11025501157,6
11025501156,12
11025501038,1
11025501026,6
11025501025,6
11025501014,12
11025501005,9
11025500981,6
11025500951,12
11025500928,12
11025500912,12
11025500908,12
11025500895,12
11025500864,12
11025500827,12
11025500774,15
11025500773,12
11025500740,6
11025500720,12
11025500619,12
11025500574,6
11025500534,12
11025500510,6
11025500509,6
11025500484,12
11025500481,6
11025500479,2
11025500474,14
11025500471,12
11025500458,12
11025500453,14
11025500271,12
11025500261,6
11025500222,12
11025500216,6
11025500211,12
11025500208,6
11025500199,6
11025500185,9
11025500183,12
11025500178,6
11025500155,14
11025500153,12
11025500150,6
11025500145,12
11025500142,12
11025500137,6
11025500136,6
11025500128,12
11025500121,6
11025500104,12
11025500101,6
11025500049,6
11025500048,12
11025500040,6
11025500029,14
11025500019,6
11025023701,1
11025023641,10
11025022999,12
11025021779,14
11025021647,6
11025021102,12
11025020956,12
11025020348,12
11025019854,12
11025013895,14
11025013461,7
11025013413,14
11025013276,12
11025012625,14
11025012514,12
11025011768,1
11025011650,12
11025011556,1
11025011393,12
11025011179,12
11025010980,12
11025010887,12
11025010189,12
11025010123,1
11025009358,12
11025000003,14
10925021241,6
10925015281,12
10925004459,14
10725032076,2
260424000000,12
250424000000,12
240726000000,12
221024000000,12
220824000000,12
220524000000,12
220225000000,12
201122000000,12
200824000000,8
161023000000,12
160724000000,12
150426000000,14
141124000000,12
110424000000,14
91024912954,7
90925032879,12
90925032329,6
90725016845,12
90725012387,12
90725004338,12
90624001916,12
90525019341,6
90525012100,12
80925015719,12
80925015033,14
80925001508,7
80825011770,6
80725013911,10
80625002643,12
80625002626,12
80525023867,12
80525011263,12
80425022883,6
70825019511,1
70825018965,12
70825018280,12
70625014962,12
60825014994,12
60825014884,12
60825014694,12
60625019694,9
60623003968,12
60525012060,14
60325010957,6
50925013633,6
50925011220,1
50925006593,12
50825027929,12
50825023345,12
50824014000,4
50625028678,12
50625028564,12
50625025213,6
50525010063,6
40925023738,12
40925016454,1
40825016281,14
40825011860,14
40825009829,12
40625017591,2
40325017470,12
31025919513,12
31025919512,12
31025915414,12
31025914380,12
31025914369,12
31025914367,12
31025912420,11
31025912419,6
31025912215,2
31025912214,12
31025912204,12
31025912203,12
31025911816,12
31025911808,2
31025910457,12
31025910455,11
31025910452,12
31025910450,13
31025910446,11
31025909971,12
31025909964,13
31025909961,12
31025909959,2
31025909958,12
31025909952,12
31025909944,9
31025909941,12
31025909939,12
31025909938,12
31025909920,12
31025909908,12
31025909893,12
31025909848,12
31025909812,12
31025909784,12
31025909778,12
31025909732,2
31025909715,12
31025909708,12
31025909692,12
31025909685,12
31025909679,12
31025909677,12
31025909665,12
31025909652,12
31025909576,12
31025909196,6
31025907350,12
31025907347,12
31025907344,12
31025907342,12
31025907218,12
31025907217,12
31025907216,12
31025907215,12
31025907214,12
31025907213,6
31025907210,12
31025907209,12
31025907207,12
31025907206,12
31025907205,12
31025907204,12
31025907203,12
31025907202,12
31025907201,9
31025907200,12
31025907199,12
31025907197,12
31025907196,12
31025907174,12
31025503431,14
31025503430,14
31025503429,14
31025503422,14
31025503421,14
31025503420,12
31025503419,12
31025503418,12
31025503415,12
31025503414,12
31025503413,12
31025503412,12
31025503411,12
31025503405,12
31025503404,12
31025503403,12
31025503402,12
31025503401,12
31025503399,12
31025503373,14
31025503369,12
31025503346,12
31025503339,12
31025503309,12
31025503306,12
31025503179,14
31025503176,12
31025503169,14
31025503168,6
31025503167,6
31025503159,14
31025503155,12
31025503129,12
31025503126,12
31025503121,12
31025503054,14
31025503053,6
31025503047,12
31025503046,12
31025503044,12
31025503043,12
31025503041,12
31025503040,12
31025503039,12
31025503025,12
31025503005,12
31025502924,11
31025502917,14
31025502708,14
31025502706,14
31025502705,14
31025502700,14
31025502698,14
31025502696,14
31025502694,14
31025502689,12
31025502654,9
31025502607,12
31025502592,12
31025502257,12
31025502177,12
31025502175,12
31025502167,6
31025502164,12
31025502118,12
31025501742,14
31025501737,12
31025501736,6
31025501735,12
31025501731,14
31025501729,14
31025501726,14
31025501725,14
31025501724,14
31025501718,12
31025501716,12
31025501714,12
31025501713,14
31025501709,11
31025501708,11
31025501707,11
31025501706,11
31025501703,12
31025501698,12
31025501697,12
31025501696,12
31025501695,12
31025501694,12
31025501693,12
31025501691,12
31025501689,12
31025501688,12
31025501684,14
31025501682,12
31025501510,12
31025501498,12
31025501490,12
31025501424,12
31025501423,12
31025501421,12
31025501418,12
31025501408,6
31025501407,12
31025501404,12
31025501403,12
31025501401,12
31025501394,12
31025501393,6
31025501142,2
31025501140,12
31025501136,12
31025501135,14
31025501133,9
31025501131,11
31025501128,14
31025501127,12
31025501065,12
31025500867,12
31025500474,6
31025500317,12
31025500110,15
31025500056,6
31025500051,11
31025019753,1
31025019593,12
31025019551,6
31025019003,12
31025018915,12
31025018861,12
31025018842,6
31025018836,6
31025018676,12
31025017787,12
31025017505,12
31025017089,6
31025016573,12
31025016568,14
31025016302,12
31025016165,6
31025014951,12
31025014538,12
31025014416,12
31025013599,12
31025013476,12
31025013404,14
31025013312,14
31025012527,12
31025011865,6
31025011431,12
31025011113,12
31025011093,12
31025011054,11
31025010908,12
31025010553,12
31025010470,14
31025010003,12
31025009777,6
31025009186,6
31025008953,12
31025008891,12
31025008456,12
31025008248,10
31025007986,12
31025007855,12
31025007826,12
31025007802,15
31025007799,4
31025007712,15
31025007579,8
31025007495,12
31025007487,12
31025007284,12
31025006720,12
31025006704,12
31025006654,14
31025006507,15
31025006457,12
31025006403,12
31025006336,12
31025006308,6
31025006248,12
31025006177,12
31025006164,12
31025005836,11
31025005312,12
31025004393,12
31025004369,12
31025004277,14
31025003787,12
31025003627,12
31025003350,14
31025003168,12
31025003075,12
31025002729,6
31025002717,9
31025002555,15
31025001821,12
31025001552,6
30925035300,12
30925029881,8
30925000111,14
30625025847,3
30625020527,1
30625019372,12
30425019691,6
21025009384,12
21025009357,14
21025009327,14
21025009216,12
21025009131,12
21025009090,7
21025008746,6
21025008543,12
21025007597,12
21025007496,8
21025007480,12
20925030615,14
20925029233,10
20925027481,12
20925013436,6
20925010653,12
20825007174,12
20825005236,14
20725034536,14
20725018357,12
20725016630,12
20625014449,12
20625005291,12
11025922156,9
11025922155,12
11025922154,12
11025922151,6
11025922150,9
11025922149,12
11025922148,12
11025922147,12
11025922146,12
11025922145,12
11025922144,12
11025922143,12
11025922140,12
11025922139,12
11025922138,12
11025922137,12
11025922136,12
11025922135,12
11025922132,12
11025922110,12
11025921547,15
11025921542,12
11025921541,12
11025921538,12
11025921536,12
11025921535,12
11025921528,12
11025921527,12
11025921523,12
11025921522,12
11025921518,12
11025921515,12
11025921513,12
11025921511,12
11025921501,12
11025921497,12
11025921496,12
11025920437,8
11025920435,12
11025920434,12
11025920433,12
11025920431,12
11025920430,12
11025920429,12
11025920426,12
11025920422,12
11025920418,2
11025920417,12
11025920415,12
11025920413,12
11025920411,12
11025920410,12
11025920409,12
11025920194,12
11025920193,11
11025920191,9
11025920190,15
11025920177,15
11025919988,12
11025919185,12
11025919082,12
11025919075,12
11025919074,6
11025910717,12
11025910716,12
11025910715,12
11025910714,15
11025910713,12
11025910712,15
11025504050,12
11025504048,14
11025504038,12
11025504036,12
11025504029,12
11025504008,12
11025503945,14
11025503944,14
11025503943,12
11025503928,14
11025503927,12
11025503925,12
11025503922,14
11025503921,6
11025503919,12
11025503918,12
11025503916,12
11025503915,12
11025503913,12
11025503910,12
11025503909,12
11025503906,12
11025503905,12
11025503903,12
11025503901,14
11025503900,14
11025503899,14
11025503898,14
11025503896,14
11025503895,14
11025503891,12
11025503890,12
11025503887,14
11025503886,14
11025503885,12
11025503879,14
11025503875,14
11025503873,14
11025503872,14
11025503870,12
11025503869,12
11025503867,6
11025503866,14
11025503863,12
11025503862,12
11025503861,12
11025503859,12
11025503858,12
11025503857,12
11025503856,12
11025503827,12
11025503823,12
11025503816,12
11025503795,13
11025503715,14
11025503713,12
11025503709,12
11025503706,12
11025503704,12
11025503702,12
11025503673,12
11025503671,12
11025503656,12
11025503645,12
11025503641,12
11025503635,12
11025503634,12
11025503625,12
11025503618,12
11025503611,12
11025503610,12
11025503598,12
11025503590,12
11025503585,12
11025503583,12
11025503579,12
11025503571,12
11025503569,6
11025503563,12
11025503517,12
11025503167,12
11025503159,14
11025503127,12
11025503087,12
11025503081,12
11025503010,12
11025503007,14
11025502992,12
11025502979,14
11025502977,12
11025502936,12
11025502935,12
11025502773,12
11025502765,14
11025502641,12
11025502604,12
11025502536,12
11025502413,12
11025502311,12
11025502308,12
11025502307,12
11025502301,6
11025502150,13
11025502134,12
11025502133,12
11025501851,12
11025501830,6
11025501822,12
11025501685,10
11025501684,2
11025501572,12
11025501549,12
11025501489,15
11025501487,15
11025501460,12
11025501418,12
11025501386,12
11025501298,12
11025501283,12
11025501208,12
11025501207,12
11025501175,15
11025501136,6
11025501125,12
11025501122,6
11025501114,12
11025501013,12
11025500749,12
11025500727,14
11025500651,12
11025500646,12
11025500644,12
11025500643,12
11025500585,12
11025500557,12
11025500541,12
11025500468,12
11025500452,6
11025500443,12
11025500439,12
11025500432,12
11025500431,12
11025500422,12
11025500395,6
11025500391,13
11025500335,12
11025500330,12
11025500317,11
11025500314,14
11025500300,14
11025500274,13
11025500203,11
11025500200,14
11025500167,14
11025500147,11
11025500140,6
11025500125,12
11025500097,14
11025500090,14
11025500084,12
11025500081,14
11025500058,6
11025500056,12
11025500051,12
11025500045,14
11025500038,6
11025500037,6
11025500034,14
11025500033,14
11025500024,12
11025500023,14
11025500020,6
11025500015,14
11025500011,14
11025024265,12
11025024237,12
11025024220,12
11025024032,11
11025023916,14
11025023807,14
11025023131,10
11025022687,12
11025022649,12
11025022566,12
11025022455,6
11025022417,15
11025022203,14
11025021911,12
11025021846,15
11025021814,12
11025021722,14
11025021627,12
11025021266,15
11025021148,14
11025020896,15
11025020570,10
11025020349,12
11025020265,12
11025020079,8
11025019799,12
11025019695,12
11025019456,12
11025019392,12
11025019391,12
11025019358,6
11025019324,15
11025019247,12
11025019216,14
11025018643,11
11025017985,6
11025017954,12
11025016482,13
11025015963,12
11025015539,12
11025015016,12
11025014861,12
11025014549,2
11025013517,12
11025012883,12
11025012824,12
11025012803,12
11025012583,12
11025012560,12
11025012494,6
11025012309,12
11025011834,12
11025011665,12
11025011603,12
11025011543,12
11025011339,12
11025011320,12
11025011185,12
11025010803,12
11025010555,12
11025010365,6
11025009262,12
11025000194,12
11025000125,12
10925014672,12
10925006823,12
10925005939,14
10925005855,12
10825024409,6
10824011557,12
10725029563,12
60825028071,12
11025017298,12
31025001839,1
31025019180,2
31025018635,12
31025017134,12
31025016421,12
31025016282,12
31025008872,13
31025002928,15
21025007174,12
11025919001,12
11025918996,12
11025918976,6
11025918963,12
11025918957,12
11025918906,6
11025918877,12
11025918758,6
11025918753,12
11025918723,12
11025918721,12
11025918680,12
11025918677,12
11025918659,12
11025500565,12
11025500143,12
11025023784,15
11025019230,14
120923000000,12
31025915179,6
31025915178,15
31025915177,2
31025915176,12
31025915174,6
31025005804,12
21025009347,12
21025007064,6
11025023846,2
11025023398,15
11025020283,12
11025018151,14
170524000000,12
90824017869,6
71024001173,12
60525013370,12
50825031750,12
31025919412,12
31025919226,12
31025913675,12
31025500739,12
31025019477,12
31025019318,12
31025019101,1
31025018672,14
31025017968,12
31025013500,12
31025013014,14
31025012834,12
31025011452,12
31025011217,8
31025011038,9
31025008797,8
31025008517,2
31025008495,2
31025007481,12
31025006416,9
31025006174,6
31025005601,12
31025003748,12
31025003687,12
31025002014,13
21025006636,1
20925028872,8
11025918969,12
11025918960,12
11025918953,8
11025918933,12
11025918893,8
11025918642,8
11025915427,14
11025911932,12
11025910201,12
11025909878,12
11025502169,14
11025500945,14
11025024231,11
11025023378,14
11025022853,12
11025021845,12
11025021012,9
11025019300,12
11025019291,14
11025018545,14
11025017872,14
11025016995,14
11025014800,14
11025009814,8
90725020434,15
70125007094,12
60825030110,12
60625026458,15
50925028227,12
31025017558,12
31025002703,12
21025008952,6
21025008934,9
21025008912,6
20925017234,12
20525009615,15
20425021103,12
20425017272,6
20425014706,12
11025916941,12
11025009585,12
11025009249,12
80125015271,6
70425007037,12
60825027206,14
50925024462,15
50925023808,12
50925020975,12
50825018820,2
40825014096,12
31025915777,12
31025915237,15
31025915075,15
31025502565,13
31025011479,12
11025503616,12
11025022582,12
11025021146,6
11025013151,12
11025012265,12
11025010766,12
40925026356,12
31025501251,12
31025501227,12
31025018244,12
31025012236,14
31025005239,6
20925029162,15
11025020482,12
11025019820,12
10725913316,6
300426000000,12
180424000000,12
130326000000,12
90725010266,12
80825018883,12
80825016395,4
60825026907,4
50925024066,6
50925021666,12
40325004655,15
31025916253,15
31025915331,12
31025915330,12
31025915326,12
31025915323,12
31025910678,6
31025909895,6
31025909805,15
31025909766,6
31025909693,6
31025909574,6
31025909562,12
31025909552,6
31025909512,6
31025908732,2
31025908710,12
31025908709,12
31025908701,6
31025908694,6
31025908691,15
31025908682,6
31025908669,6
31025503331,12
31025502951,12
31025502649,12
31025502562,12
31025502458,12
31025502266,12
31025502265,12
31025502131,12
31025501947,14
31025501930,14
31025501870,12
31025501252,12
31025501250,12
31025501249,12
31025501248,12
31025501247,15
31025501246,12
31025501245,12
31025501244,12
31025501243,12
31025501242,13
31025501240,12
31025501239,12
31025501238,12
31025501236,12
31025501235,12
31025501234,2
31025501233,6
31025501232,12
31025501226,6
31025501223,12
31025501222,12
31025501165,15
31025501010,6
31025500431,6
31025500430,12
31025500334,12
31025500333,12
31025500332,12
31025500250,14
31025500168,12
31025500167,12
31025019832,2
31025018064,12
31025017469,12
31025017271,12
31025013571,12
31025012461,12
31025009888,9
31025007724,2
31025006973,12
31025005730,12
31025003375,10
31025002463,12
30925018578,12
30925018401,12
30925018290,12
30925018075,12
30925017689,12
21025008343,8
21025008211,12
21025007968,12
21025006800,12
20625002521,12
11025923039,15
11025923037,12
11025922978,14
11025921604,12
11025921603,12
11025921467,6
11025921452,6
11025921424,12
11025914224,12
11025914223,12
11025912749,12
11025912476,12
11025912475,12
11025911754,12
11025911753,12
11025911710,12
11025911410,12
11025503684,12
11025503636,9
11025503476,14
11025502895,12
11025502863,12
11025502818,12
11025502760,12
11025502726,12
11025502684,2
11025502613,15
11025502356,12
11025502138,8
11025501232,12
11025500848,12
11025500843,12
11025500759,12
11025500724,12
11025500605,8
11025500092,12
11025500053,6
11025023472,6
11025022228,15
11025020982,12
11025018847,2
11025018493,12
11025015228,12
11025015127,2
300726000000,12
40825018713,6
31025503454,12
31025502387,12
11025022542,14
140226000000,12
120125000000,14
111121000000,6
90925020347,15
90325002193,6
90325002166,9
90325002117,2
60825035558,12
40125007520,12
30925034646,9
90925030699,12
90925020298,12
90925019953,12
90925013606,12
80925033355,12
80925033311,12
80425916412,12
60625010517,12
51124005508,12
50925008250,12
40925002146,12
40625016858,12
40425005365,12
31025503482,14
31025503472,12
31025503458,12
31025503440,12
31025503298,15
31025502909,14
31025502556,12
31025502520,12
31025502363,12
31025502258,12
31025502240,12
31025502238,14
31025501671,12
31025501101,12
31025500962,12
31025500961,12
31025500941,12
31025500931,12
31025500695,12
31025500619,12
31025019473,6
31025019330,6
31025018050,6
31025017463,12
31025015716,6
31025015227,12
31025014976,6
31025013372,12
31025013166,12
31025013111,6
31025012804,12
31025012377,12
31025011609,12
31025010045,2
31025009854,2
31025009044,12
31025008552,12
31025007583,12
31025007248,12
31025006904,12
31025006699,6
31025006688,12
31025006579,12
31025006324,12
31025003913,6
31025003599,12
31025003321,1
31025002525,12
31025002019,12
31025001894,12
31025001286,12
31025000127,6
30925034969,12
30925030220,12
30725019569,6
21025009322,6
21025008370,8
11025921803,12
11025919972,12
11025918488,12
11025918482,12
11025918471,12
11025503362,12
11025503324,12
11025503323,12
11025503322,6
11025503283,6
11025503264,4
11025502143,4
11025502142,4
11025502126,4
11025501994,14
11025501992,12
11025501945,10
11025501799,12
11025501772,12
11025501745,10
11025501741,14
11025501700,12
11025501676,12
11025501525,12
11025501341,12
11025500753,8
11025023966,12
11025023637,1
11025021403,6
11025020609,6
11025020590,12
11025020439,6
11025020313,12
11025020169,12
11025019989,6
11025019987,12
11025019893,6
11025019806,6
11025019287,1
11025018989,3
11025018237,6
11025018070,12
11025016675,12
11025016357,14
11025016064,13
11025016037,13
11025015972,13
11025015733,1
11025015557,14
11025013865,12
11025013282,12
11025012665,12
11025011635,12
11025011583,6
11025011133,12
11025011007,10
11025010896,6
11025010089,12
11025009597,12
11025009280,1
11025000193,6
10825026137,6
90925013864,15
70425017940,12
70325019893,15
40725018894,12
40425021664,15
31025004167,12
11025918558,6
11025501015,12
10325003789,15
251124000000,15
190125000000,12
120926000000,3
90925028414,15
90925028132,15
90925025371,12
90925013739,15
90625019301,15
90625016722,15
90625016333,15
90625015061,15
90625014961,15
90625014884,15
90625014727,15
90625014726,12
90425016110,15
70825016005,12
70825013563,12
70225010182,15
61223004443,6
50925011233,12
50925009905,15
50825021171,12
50825021021,12
50725000060,15
40725032478,12
40725031429,6
40325019113,12
31025500478,15
31025500461,12
31025019462,12
31025016120,14
31025016088,14
31025015650,2
31025010461,12
31025007160,6
31025005861,12
31025003453,6
31025003024,12
31025002372,14
31025001729,9
30925016533,15
30925015731,12
21025006907,12
21025006902,3
11025918966,12
11025918897,12
11025918550,15
11025915421,12
11025501498,12
11025500028,15
11025024005,12
11025022609,14
11025022404,6
11025021070,6
11025018219,6
11025016951,7
11025014340,6
11025013530,8
11025011444,12
11025009646,12
10825028093,6
10825025961,12
10425017576,12
10425017547,12
280624000000,15
271223000000,12
270624000000,12
260824000000,12
250826000000,12
130723000000,12
101122000000,12
90925033251,12
90925024217,12
90925019954,6
90925017115,12
90925013828,8
90925013191,12
90125016705,11
81124009254,12
80925911343,15
80925025578,6
80925016854,12
80925015784,12
80925012650,12
80925009027,12
80925007529,12
80925005616,12
80925002744,12
80925001507,12
80825033125,12
80725010258,12
70925004681,12
70725008963,12
70725007288,12
70623003849,14
70225012431,6
70125014538,12
70125005297,12
61124011207,11
60925015593,12
60825027602,12
60825026147,14
60825020739,2
60825014546,12
60825013356,15
60525027975,6
60525003789,1
60424006092,12
60225025278,12
60125004314,15
60125002909,14
51224014701,12
50925029027,10
50925009391,12
50825012332,12
50325021627,14
50325006947,6
41224011780,12
40925910255,13
40925033402,15
40925032761,12
40925031766,6
40925026829,12
40925016306,14
40925012153,12
40925006418,12
40825008252,6
40825005882,14
40725000118,12
40625020655,12
31025918957,12
31025917211,10
31025915555,14
31025913676,15
31025913578,6
31025912097,6
31025908411,12
31025503466,6
31025503381,12
31025502450,12
31025502380,12
31025502355,9
31025501580,2
31025501486,12
31025501485,12
31025501162,12
31025501156,3
31025501108,12
31025501042,12
31025501031,12
31025501007,12
31025501006,12
31025500970,15
31025500933,12
31025500910,12
31025500893,12
31025500884,12
31025500883,12
31025500876,12
31025500875,2
31025500873,12
31025500773,9
31025500743,12
31025500735,6
31025500732,12
31025500729,12
31025500726,6
31025500705,12
31025500690,12
31025500681,12
31025500677,12
31025500598,12
31025500534,12
31025500526,12
31025500503,10
31025500493,9
31025500437,12
31025500345,12
31025500335,12
31025500327,14
31025019956,14
31025019888,13
31025019857,12
31025019830,12
31025019657,9
31025019439,12
31025019433,12
31025019432,12
31025019350,12
31025019244,6
31025019138,12
31025018834,15
31025018633,15
31025018489,12
31025018417,12
31025018410,12
31025018253,12
31025018209,12
31025017975,15
31025017496,12
31025017486,12
31025017370,14
31025016933,12
31025016296,12
31025016040,12
31025015971,12
31025015870,4
31025014627,14
31025014033,11
31025013730,6
31025013586,12
31025013428,12
31025013371,4
31025013289,4
31025013071,4
31025012506,14
31025012444,12
31025012260,15
31025012103,1
31025012099,8
31025011987,15
31025011885,15
31025011636,6
31025011269,12
31025011223,14
31025011056,12
31025010360,12
31025010205,12
31025008819,6
31025008352,12
31025008155,14
31025007995,12
31025007990,15
31025007823,12
31025007368,12
31025007302,12
31025007221,9
31025007104,8
31025006779,6
31025006623,14
31025006614,12
31025006582,12
31025006407,12
31025006401,12
31025006390,2
31025006313,12
31025006178,14
31025006000,6
31025005985,8
31025005923,9
31025005857,12
31025005828,12
31025005668,12
31025005105,10
31025005048,12
31025004933,12
31025004868,10
31025004607,3
31025004519,6
31025004405,12
31025004176,6
31025003990,12
31025003852,12
31025003839,12
31025003497,15
31025003108,9
31025002951,12
31025002831,12
31025002751,12
31025002367,14
31025002319,12
31025002277,6
31025002167,12
31025001953,15
31025001921,14
31025001916,15
31025001842,12
31025001651,12
31025001647,6
31025001622,2
31025001571,15
31025001536,12
31025001489,6
31025001460,6
31025001429,14
31025001195,12
30925030369,14
30925014112,9
30925012739,12
30725027044,6
30725026991,6
30725015954,12
30525007372,6
30523000054,6
30425004911,12
21025009412,12
21025009352,12
21025009166,6
21025009091,1
21025009063,12
21025009060,14
21025009054,14
21025008911,12
21025008043,1
21025007879,1
21025007789,1
21025007214,1
21025007128,12
21025007100,12
21025007037,12
21025007011,9
21025007010,12
21025006920,12
21025006905,12
21025006798,1
21025000031,6
20925030037,1
20925025146,15
20825001962,12
20725013222,12
20625001352,12
20125005271,12
11025921800,14
11025918908,12
11025918761,12
11025918750,12
11025918698,12
11025918694,12
11025917804,12
11025915415,12
11025915410,6
11025915395,12
11025912750,12
11025503632,12
11025503558,12
11025503519,12
11025503250,1
11025503238,12
11025503181,2
11025503119,9
11025502917,12
11025502725,12
11025502685,15
11025502580,12
11025502568,12
11025502105,12
11025502103,12
11025501789,12
11025501670,12
11025501492,2
11025501336,15
11025501329,12
11025501305,12
11025501304,12
11025501251,8
11025501204,13
11025501187,12
11025501094,12
11025501057,12
11025501053,13
11025500933,12
11025500818,12
11025500728,12
11025500426,15
11025500423,14
11025500396,12
11025500260,6
11025500256,12
11025500247,15
11025500180,12
11025500086,12
11025500062,15
11025500061,11
11025500025,9
11025024090,12
11025024026,6
11025023854,12
11025023758,12
11025023754,12
11025023749,12
11025023501,12
11025023305,12
11025023227,12
11025023095,9
11025023058,6
11025022946,11
11025022796,12
11025022573,12
11025022557,12
11025022478,12
11025022465,14
11025022453,14
11025022384,12
11025022086,1
11025022048,6
11025021938,12
11025021783,8
11025021721,12
11025021606,12
11025021569,12
11025021317,12
11025021142,12
11025021138,2
11025021112,12
11025021076,12
11025020837,6
11025020127,14
11025018812,12
11025018717,12
11025018361,14
11025018018,12
11025017356,12
11025016740,12
11025016735,12
11025016550,1
11025016161,12
11025015686,6
11025015636,12
11025015428,15
11025015251,12
11025015078,14
11025015066,12
11025014672,12
11025014639,12
11025014429,12
11025013945,12
11025013932,12
11025013379,12
11025013102,15
11025013073,12
11025012909,12
11025012713,12
11025012289,8
11025012278,6
11025012066,12
11025011982,12
11025011639,12
11025011423,5
11025011369,9
11025010895,6
11025010670,12
11025010465,14
11025010384,12
11025010037,12
11025009972,9
11025009876,12
11025009843,15
11025009565,12
11025009470,8
11025009416,15
11025009160,12
11025008920,12
11025007351,12
11025000071,1
11025000060,8
10925006291,12
10925006241,6
10925004480,12
10824008784,12
10725024094,12
10525013738,6
10525013679,12
10525013642,12
10525009074,8
300325000000,6
291123000000,12
291024000000,12
271224000000,12
270324000000,6
290625000000,6
281224000000,14
250323000000,6
240724000000,12
230624000000,6
181223000000,8
170919000000,12
160723000000,6
160424000000,12
130324000000,6
120919000000,6
110624000000,8
101124000000,12
91124005067,12
91124003965,14
90925922193,14
90925024495,12
90925016648,1
90924916136,6
90824004592,8
90725017546,6
90525022298,6
90524008377,6
90425013923,6
90425006724,12
90225001427,12
80925903831,15
80925018649,8
80925016091,8
80925015963,12
80925004726,14
80925003816,6
80825931145,14
80825931144,12
80825028958,3
80825023767,12
80825019037,12
80825012589,12
80825011664,12
80425025056,12
80425017177,12
80425012930,12
80425004709,12
80424002912,6
80225007079,6
80125023859,12
80125019992,12
70825925108,14
70825032865,8
70825029534,12
70825025920,12
70825023536,12
70825014621,6
70825013702,12
70825013580,6
70825012477,12
70825010060,12
70825007090,12
70824010441,6
70725013536,14
70525021562,12
70225012262,12
70225008099,8
60925007736,12
60925007715,9
60825035870,12
60825021856,9
60825021840,15
60825019204,6
60825011950,8
60625009816,1
60625000656,15
60525033137,12
60525026805,10
60525009733,6
60225009542,12
60125013574,12
51024006679,12
50925921332,15
50925919824,15
50925028412,7
50925028352,7
50925028297,7
50925024814,12
50925023987,12
50925019568,12
50925018126,15
50925011358,12
50925009805,12
50925007080,12
50925006045,12
50925005901,12
50924006241,12
50825012890,15
50725011484,8
50625016211,1
50625009995,12
50525005753,10
50325005199,13
50225000221,8
41124002363,8
40925912977,6
40925033442,12
40925029837,12
40925017366,12
40925015321,12
40925008338,2
40925006694,12
40825013127,9
40825010354,12
40825009903,6
40825009821,15
40825007053,9
40825005924,6
40725021220,12
40725019304,12
40724007190,14
40625017883,12
40625014062,14
40425019935,7
40325016211,12
31025920075,12
31025913534,2
31025909416,12
31025909415,10
31025909402,12
31025909392,12
31025909391,12
31025909389,6
31025909388,2
31025909387,12
31025909386,6
31025909377,12
31025909376,12
31025909375,12
31025909370,12
31025909366,12
31025909361,12
31025909359,6
31025909358,6
31025909357,12
31025909356,6
31025909355,12
31025909351,15
31025909350,2
31025909346,15
31025908916,12
31025020592,10
31025020586,14
31025020550,12
31025020527,15
31025020513,12
31025020395,12
31025020353,12
31025020297,12
31025020283,8
31025020258,12
31025020241,15
31025020197,6
31025020137,14
31025020045,12
31025019787,12
31025019606,8
31025019584,15
31025019583,14
31025019531,12
31025019366,12
31025019258,10
31025018992,12
31025018645,14
31025018593,12
31025018456,12
31025018372,12
31025018224,12
31025018117,12
31025017997,12
31025017920,15
31025017521,12
31025017449,12
31025017434,6
31025017099,15
31025016278,12
31025016275,2
31025016127,12
31025015923,15
31025015545,12
31025015443,12
31025015442,12
31025015343,12
31025015300,14
31025014763,4
31025014698,10
31025014649,6
31025013897,6
31025013741,14
31025013719,15
31025013677,12
31025013541,12
31025013333,12
31025013200,12
31025013174,14
31025013098,6
31025012948,12
31025012935,12
31025012921,12
31025012887,6
31025012885,12
31025012832,12
31025012813,12
31025012797,4
31025012732,14
31025012589,12
31025012573,14
31025012505,12
31025012291,12
31025012108,10
31025012026,14
31025011745,12
31025011734,12
31025011644,12
31025011631,10
31025011393,10
31025011378,12
31025011354,12
31025011267,13
31025011026,12
31025010834,12
31025010508,15
31025010507,12
31025010501,12
31025010044,14
31025009954,14
31025009909,12
31025009674,8
31025009248,14
31025009133,12
31025009025,14
31025008787,8
31025008651,14
31025008591,14
31025008526,15
31025008476,10
31025008407,12
31025008387,12
31025008381,12
31025008369,6
31025008281,6
31025008211,12
31025008178,6
31025007972,14
31025007964,6
31025007812,14
31025007772,6
31025007670,8
31025007593,15
31025007318,12
31025007288,14
31025007193,4
31025007179,10
31025006992,10
31025006987,12
31025006639,12
31025006630,6
31025006605,14
31025006498,14
31025006496,14
31025006494,12
31025006275,12
31025006226,4
31025006106,12
31025005922,12
31025005893,6
31025005101,12
31025005090,12
31025004953,6
31025004853,15
31025004751,3
31025004746,14
31025004694,12
31025004673,12
31025004314,12
31025004007,6
31025003881,6
31025003807,6
31025003695,12
31025003338,12
31025003332,6
31025003160,12
31025003084,8
31025003013,12
31025003008,6
31025002918,12
31025002890,12
31025002853,2
31025002847,6
31025002820,1
31025002731,14
31025002701,12
31025002672,10
31025002600,15
31025002569,14
31025002472,4
31025001572,15
31025001502,6
31025001474,6
31025001380,12
31025001354,6
31025001281,15
31025000085,6
30925031013,6
30925026733,15
30925011214,12
30925011082,12
30925010924,12
30924017092,12
30725912756,12
30725912683,6
30725912033,12
30725029906,15
30725012763,1
30625025264,12
30625012324,12
30125007168,6
21025009438,10
21025009432,12
21025009186,12
21025009157,4
21025009135,12
21025009034,12
21025008971,12
21025008932,14
21025008913,12
21025008869,10
21025008830,12
21025008725,6
21025008722,6
21025008695,12
21025008478,12
21025008477,6
21025008313,12
21025008074,12
21025007824,12
21025007759,14
21025007741,12
21025007723,12
21025007628,12
21025007524,12
21025007472,12
21025007464,10
21025007439,10
21025007413,6
21025007354,6
21025007350,12
21025007343,12
21025007280,6
21025007209,15
21025007093,12
21025007059,12
21025006778,2
21025006728,11
21025006618,12
21025006598,15
21025004257,12
21025000137,12
21025000079,12
21025000012,10
21025000005,14
20925027125,12
20925022111,15
20925016477,12
20925014130,12
20925011682,2
20925009971,15
20924013638,12
20825009699,12
20825004588,12
20825003759,12
20824015456,6
20725931248,8
20725931247,6
20725930471,12
20725930470,6
20725928717,12
20725928716,2
20725928715,9
20725928714,12
20725928712,12
20725928710,12
20725928708,12
20725928707,12
20725928706,2
20725928705,2
20725928703,12
20725928694,12
20725928692,2
20725928691,9
20725928217,12
20725928216,12
20725928212,15
20725928204,2
20725928203,11
20725928199,2
20725928198,6
20725928196,12
20725928195,12
20725928193,12
20725927948,9
20725927947,12
20725927946,3
20725927943,12
20725927942,12
20725927941,12
20725927887,12
20725927886,2
20725927885,12
20725927231,6
20725926693,6
20725027216,15
20725022934,10
20725020887,12
20625013362,6
20625008612,12
20524008194,12
20421002087,12
20225001519,2
20125008346,12
11025922658,14
11025922657,14
11025919223,15
11025918079,12
11025918077,12
11025918051,14
11025918049,14
11025918029,14
11025918027,14
11025917993,6
11025917958,14
11025917953,14
11025917897,14
11025917894,14
11025917873,12
11025917869,12
11025917817,14
11025917815,14
11025917756,14
11025917752,14
11025917725,12
11025917723,12
11025917702,14
11025917651,14
11025917648,14
11025917596,6
11025917592,6
11025917559,14
11025917555,14
11025917522,14
11025917519,14
11025917482,14
11025917478,14
11025917448,6
11025917444,6
11025917371,12
11025917368,12
11025917323,12
11025917320,12
11025917288,12
11025917284,12
11025917251,14
11025917248,14
11025917218,12
11025917215,12
11025024065,4
11025024046,12
11025023934,12
11025023922,14
11025023852,14
11025023829,14
11025023731,12
11025023709,12
11025023404,14
11025023260,14
11025023207,1
11025022945,14
11025022878,10
11025022792,6
11025022711,14
11025022640,12
11025022630,14
11025022504,12
11025022486,12
11025022448,14
11025022349,6
11025022172,6
11025021943,14
11025021807,4
11025021731,9
11025021720,12
11025021658,12
11025021551,12
11025021550,14
11025021082,12
11025020986,14
11025020971,12
11025020960,14
11025020893,7
11025020850,14
11025020831,14
11025020598,7
11025020513,7
11025020484,8
11025020428,8
11025020308,10
11025020257,10
11025020138,12
11025020092,15
11025020091,12
11025019926,12
11025019741,12
11025019643,6
11025019472,12
11025019407,12
11025019363,7
11025018992,3
11025018831,12
11025018339,12
11025018058,12
11025017972,6
11025017681,3
11025017425,6
11025017192,12
11025017030,14
11025016640,6
11025016634,12
11025016551,14
11025015919,14
11025015856,14
11025015184,6
11025015143,6
11025015063,12
11025015042,12
11025015025,12
11025014790,12
11025014782,12
11025014311,9
11025013912,12
11025013599,14
11025013581,12
11025013389,12
11025013383,9
11025013283,12
11025013190,12
11025013072,14
11025013071,12
11025012579,12
11025012232,12
11025012190,14
11025012118,14
11025011975,12
11025011816,12
11025011598,4
11025011585,15
11025011175,12
11025011088,14
11025010955,10
11025010884,12
11025010877,7
11025010763,14
11025010332,6
11025010204,2
11025010188,15
11025010113,6
11025009590,12
11025009378,6
11025009097,14
10925904782,12
10925021110,6
10925020981,14
10925005852,12
10925004620,6
10825912820,2
10825912818,12
10825019497,8
10825019231,14
10825015438,14
10725912793,7
10725028546,6
10725013660,6
10425003312,12
310521000000,7
301023000000,12
300624000000,12
290826000000,12
290322000000,6
281222000000,14
281023000000,12
280924000000,14
280626000000,6
280622000000,12
280426000000,12
280320000000,6
280124000000,6
270720000000,6
270521000000,12
270425000000,6
261223000000,9
261119000000,6
260921000000,6
260724000000,12
260526000000,6
250820000000,7
250224000000,12
250124000000,6
241222000000,12
241220000000,6
240424000000,6
240323000000,12
240321000000,6
231219000000,7
230723000000,10
230423000000,12
230321000000,12
220625000000,6
220321000000,12
210922000000,6
210826000000,12
210822000000,12
200424000000,12
200323000000,7
200321000000,6
191220000000,12
191123000000,12
191024000000,12
190923000000,1
190322000000,10
190321000000,6
181122000000,6
180924000000,12
180724000000,11
180423000000,12
170221000000,12
160524000000,12
160323000000,14
160224000000,14
160221000000,12
151124000000,12
150324000000,6
141020000000,9
131024000000,6
130922000000,12
130724000000,12
130623000000,12
130319000000,4
130223000000,9
130126000000,12
121225000000,6
120823000000,1
120821000000,6
120320000000,6
111023000000,7
110919000000,6
110324000000,12
110120000000,12
100924000000,12
100324000000,12
91123007760,12
90925034504,6
90925032452,6
90925032300,12
90925030117,12
90925027468,6
90925027451,12
90925026352,14
90925026300,12
90925023965,8
90925023295,8
90925022784,12
90925022477,12
90925018236,8
90925018099,6
90925016509,12
90925015925,12
90925015481,3
90925014519,14
90924002562,6
90825009101,12
90725031482,1
90725013763,8
90725013471,6
90725010006,14
90725001905,15
90625024108,6
90625015769,14
90625010531,12
90625004511,12
90625003608,6
90625001384,6
90623007671,12
90525021867,6
90524010917,15
90425020626,12
90425019027,12
90425018795,6
90425017407,6
90425014474,6
90225002066,12
90125003156,8
81124911358,3
81024015035,4
80925035642,12
80925034809,12
80925034724,12
80925033760,8
80925030794,12
80925025828,12
80925023669,6
80925022600,12
80925018908,6
80925018450,12
80925004213,2
80925003454,12
80925003008,12
80925002331,12
80825926035,12
80825033410,12
80825031183,12
80825030988,12
80825029713,2
80825020666,8
80825019427,12
80825010514,12
80820000828,7
80725022418,12
80725021718,12
80725005381,6
80725005112,12
80721002637,14
80625003375,12
80625003038,7
80525012346,4
80525007512,12
80525004415,12
80425022900,12
80425021334,12
80425018620,12
80325009304,12
80325005269,11
80225008413,6
80225007594,12
80225006635,12
80224006874,6
80223012662,12
80125012046,12
80125009633,12
71120002539,6
70925001006,6
70925000790,12
70825028044,14
70825024934,12
70825018788,12
70825014089,12
70725908377,12
70725002903,10
70722003610,7
70625013587,12
70625012637,6
70625009471,12
70525021941,6
70525021797,6
70525019774,12
70525005146,12
70525005037,6
70524009385,12
70425018762,12
70425016485,10
70425011457,12
70425003254,1
70325022240,6
70225008892,6
70125017469,12
70125013406,11
61224017992,12
61222006330,12
61124908607,6
61124006843,3
61120003393,6
60925015090,14
60925014881,12
60925014805,7
60925014406,12
60925014201,6
60925009541,14
60925008896,14
60925007964,12
60925007679,15
60925007613,1
60924016552,12
60922001129,12
60825030864,14
60825027658,6
60825022857,2
60825017962,9
60825016524,12
60825016427,12
60625020105,12
60625019020,11
60625011199,6
60525033293,12
60525026523,12
60525021228,12
60525007517,12
60425001779,12
60320006057,6
60320006024,6
60320005955,12
60320005928,6
60222000847,9
60125010642,6
51224017175,12
51224013364,12
51224012712,12
51223000129,8
51124014671,12
51124014402,14
50925924618,12
50925029287,9
50925029265,12
50925026952,12
50925026691,14
50925023520,12
50925021801,12
50925021692,8
50925018112,12
50925018029,12
50925017612,8
50925017546,12
50925016948,6
50925015152,6
50925012880,8
50925009738,14
50925009130,8
50925009041,12
50925007672,12
50825913748,12
50825035034,6
50825031360,6
50825027156,14
50825022984,12
50825022652,14
50825020506,10
50825019276,6
50825019258,6
50825018955,12
50724009138,8
50724006624,4
50625025596,12
50625018120,6
50625016509,12
50625012884,12
50625012687,12
50525006971,3
50525004416,12
50525002793,6
50525002527,14
50524000063,8
50425010352,12
50424014057,12
50325026998,6
50325019932,7
50225912985,12
50225016780,6
41224916082,12
41024019646,12
40925030295,11
40925025556,9
40925024167,1
40925023832,14
40925020695,9
40925020112,12
40925019339,12
40925018472,12
40925015680,14
40925008772,10
40925008403,6
40924017431,6
40924011331,12
40924008118,12
40825013459,12
40825013024,6
40825012219,12
40825011316,14
40825009694,12
40825006672,12
40825005602,8
40825005136,5
40825004031,12
40725033087,12
40725032770,12
40725029397,14
40725025507,12
40725023766,12
40725014409,8
40625030108,14
40625027282,15
40625025630,12
40625021353,6
40625015070,12
40624009313,6
40523006443,12
40425024125,8
40425022591,6
40325023946,12
40325016733,2
40224001030,1
40125007452,12
31224009623,12
31025920125,12
31025920124,12
31025920123,12
31025920122,15
31025920121,14
31025920120,15
31025920119,15
31025920118,12
31025920117,15
31025920116,12
31025920115,15
31025920114,12
31025920113,12
31025920112,8
31025920111,8
31025920109,15
31025920108,15
31025920107,15
31025920106,8
31025920105,15
31025920104,12
31025920102,12
31025920101,15
31025920100,6
31025920099,6
31025920097,15
31025920077,12
31025917581,12
31025917580,14
31025917576,14
31025917574,6
31025911096,12
31025910460,7
31025910458,6
31025909418,6
31025909411,6
31025909410,8
31025909400,12
31025909369,12
31025909353,6
31025909344,12
31025905755,12
31025020630,14
31025020591,3
31025020573,6
31025020570,12
31025020558,6
31025020543,12
31025020534,14
31025020517,12
31025020473,6
31025020456,9
31025020437,14
31025020426,12
31025020424,15
31025020420,12
31025020387,6
31025020383,15
31025020366,6
31025020355,6
31025020343,12
31025020334,12
31025020281,6
31025020274,6
31025020272,10
31025020251,12
31025020231,12
31025020223,12
31025020159,12
31025020152,12
31025020147,12
31025020069,12
31025020061,7
31025020056,12
31025020015,12
31025020010,8
31025019994,12
31025019990,12
31025019987,10
31025019980,4
31025019957,12
31025019929,6
31025019923,11
31025019915,10
31025019868,12
31025019822,12
31025019795,12
31025019793,12
31025019786,12
31025019773,12
31025019717,12
31025019715,6
31025019702,12
31025019591,12
31025019516,6
31025019455,12
31025019431,12
31025019342,12
31025019331,12
31025019317,12
31025019314,14
31025019307,6
31025019280,2
31025019266,12
31025019250,1
31025019242,12
31025019233,10
31025019141,12
31025019002,12
31025018965,6
31025018964,12
31025018962,1
31025018924,12
31025018913,1
31025018881,12
31025018727,14
31025018673,12
31025018634,12
31025018628,6
31025018625,12
31025018583,12
31025018561,12
31025018538,14
31025018508,15
31025018491,6
31025018439,12
31025018415,6
31025018409,10
31025018391,12
31025018364,9
31025018303,12
31025018286,3
31025018261,12
31025018258,6
31025018251,8
31025018242,14
31025018189,12
31025018156,6
31025018155,12
31025018061,12
31025018024,14
31025017969,15
31025017923,8
31025017918,12
31025017876,12
31025017867,6
31025017758,12
31025017711,14
31025017697,12
31025017618,12
31025017537,12
31025017536,12
31025017462,10
31025017458,2
31025017448,8
31025017443,1
31025017438,12
31025017297,12
31025017097,14
31025017028,12
31025016943,8
31025016872,14
31025016785,10
31025016772,12
31025016749,6
31025016745,12
31025016724,14
31025016527,10
31025016501,6
31025016458,12
31025016281,11
31025016274,6
31025016243,12
31025016140,14
31025016113,14
31025016057,12
31025015966,14
31025015953,6
31025015947,14
31025015946,3
31025015940,8
31025015916,12
31025015882,12
31025015838,15
31025015821,12
31025015819,5
31025015789,4
31025015776,14
31025015769,9
31025015694,11
31025015688,10
31025015687,8
31025015665,14
31025015661,12
31025015580,6
31025015578,12
31025015566,14
31025015561,14
31025015539,12
31025015390,6
31025015281,12
31025015267,12
31025015262,6
31025015260,12
31025015239,12
31025015221,6
31025015188,7
31025014998,14
31025014987,6
31025014980,14
31025014949,12
31025014750,12
31025014705,6
31025014700,12
31025014657,6
31025014640,12
31025014631,12
31025014630,12
31025014628,12
31025014535,12
31025014504,14
31025014466,12
31025014388,12
31025014193,12
31025014076,12
31025014070,6
31025013942,14
31025013843,10
31025013809,9
31025013761,14
31025013754,12
31025013728,14
31025013712,12
31025013674,14
31025013670,4
31025013645,12
31025013593,12
31025013560,12
31025013497,14
31025013455,12
31025013451,14
31025013439,12
31025013339,15
31025013313,11
31025013285,12
31025013283,14
31025013177,12
31025013168,12
31025013150,12
31025013144,12
31025013108,6
31025013072,12
31025013044,12
31025013041,12
31025013033,10
31025012986,3
31025012960,12
31025012911,6
31025012900,12
31025012879,12
31025012857,14
31025012846,6
31025012842,12
31025012838,12
31025012826,6
31025012805,14
31025012713,12
31025012603,12
31025012598,12
31025012571,12
31025012567,12
31025012536,12
31025012523,12
31025012517,12
31025012514,12
31025012491,14
31025012484,12
31025012478,12
31025012445,12
31025012417,12
31025012404,12
31025012399,12
31025012378,10
31025012336,14
31025012282,14
31025012276,12
31025012271,8
31025012270,12
31025012268,14
31025012263,12
31025012224,12
31025012167,12
31025012151,6
31025012130,12
31025012114,12
31025012104,12
31025012082,14
31025012078,12
31025012069,12
31025011947,6
31025011943,12
31025011925,6
31025011917,12
31025011908,12
31025011867,14
31025011862,12
31025011851,12
31025011797,14
31025011756,12
31025011701,12
31025011688,12
31025011654,6
31025011638,12
31025011619,14
31025011606,14
31025011496,10
31025011487,12
31025011473,12
31025011450,7
31025011406,12
31025011404,10
31025011399,12
31025011387,2
31025011371,12
31025011358,4
31025011304,15
31025011272,6
31025011268,8
31025011170,7
31025011154,6
31025011150,14
31025011111,14
31025011092,12
31025011044,12
31025011027,12
31025011016,12
31025010958,12
31025010924,14
31025010903,10
31025010896,12
31025010797,14
31025010745,12
31025010740,15
31025010738,12
31025010729,14
31025010727,5
31025010694,15
31025010659,6
31025010651,12
31025010628,14
31025010558,12
31025010548,6
31025010544,10
31025010534,12
31025010468,6
31025010459,14
31025010441,12
31025010422,6
31025010420,15
31025010407,12
31025010395,3
31025010368,1
31025010362,12
31025010357,12
31025010346,15
31025010235,12
31025010098,14
31025010059,14
31025010006,14
31025009988,12
31025009800,4
31025009726,12
31025009701,10
31025009690,14
31025009478,12
31025009466,12
31025009327,12
31025009306,14
31025009267,6
31025009240,15
31025009239,12
31025009207,12
31025009188,6
31025009156,14
31025009155,12
31025009125,15
31025009071,6
31025009036,6
31025009026,12
31025009018,10
31025008982,12
31025008977,12
31025008972,14
31025008949,12
31025008945,10
31025008850,12
31025008767,12
31025008757,2
31025008708,15
31025008667,12
31025008658,12
31025008639,12
31025008637,12
31025008607,12
31025008556,10
31025008547,12
31025008500,8
31025008496,10
31025008473,14
31025008460,12
31025008459,12
31025008449,14
31025008301,12
31025008288,6
31025008282,12
31025008279,12
31025008250,12
31025008233,14
31025008197,14
31025008192,12
31025008156,10
31025008144,12
31025008089,12
31025007988,12
31025007957,12
31025007929,12
31025007926,14
31025007912,12
31025007907,14
31025007885,14
31025007882,3
31025007859,4
31025007838,8
31025007758,14
31025007745,6
31025007736,12
31025007667,12
31025007559,12
31025007532,14
31025007523,14
31025007515,11
31025007509,12
31025007491,12
31025007483,12
31025007391,12
31025007373,12
31025007365,12
31025007323,14
31025007282,12
31025007276,14
31025007258,12
31025007226,6
31025007156,12
31025007150,14
31025007085,12
31025007076,12
31025007072,12
31025007065,10
31025007042,12
31025007029,14
31025006978,14
31025006968,15
31025006961,12
31025006948,15
31025006935,1
31025006838,12
31025006790,12
31025006753,6
31025006710,11
31025006707,12
31025006687,14
31025006674,12
31025006672,12
31025006665,11
31025006634,12
31025006628,9
31025006574,12
31025006573,6
31025006518,12
31025006506,12
31025006469,12
31025006452,8
31025006421,12
31025006396,12
31025006392,12
31025006364,12
31025006353,14
31025006347,15
31025006337,14
31025006294,14
31025006280,12
31025006234,10
31025006219,12
31025006179,14
31025006176,6
31025006151,9
31025006110,14
31025006100,8
31025006030,12
31025006019,12
31025006015,8
31025005993,2
31025005964,10
31025005932,12
31025005929,12
31025005910,12
31025005896,12
31025005884,12
31025005843,6
31025005809,12
31025005797,6
31025005762,12
31025005748,6
31025005737,10
31025005720,12
31025005717,12
31025005682,12
31025005643,14
31025005604,14
31025005586,15
31025005560,12
31025005555,12
31025005542,12
31025005535,15
31025005534,6
31025005519,6
31025005489,12
31025005460,12
31025005450,6
31025005431,12
31025005429,12
31025005413,12
31025005411,14
31025005323,6
31025005296,6
31025005266,8
31025005248,15
31025005224,14
31025005221,12
31025005218,12
31025005214,12
31025005207,8
31025005193,14
31025005164,12
31025005157,12
31025005123,14
31025005116,12
31025005110,6
31025005107,12
31025005092,10
31025005008,6
31025004997,6
31025004983,12
31025004969,8
31025004966,12
31025004950,6
31025004938,14
31025004935,12
31025004932,12
31025004829,12
31025004763,12
31025004762,12
31025004760,10
31025004752,15
31025004709,4
31025004693,12
31025004669,6
31025004615,12
31025004611,14
31025004563,6
31025004545,14
31025004531,12
31025004527,12
31025004520,12
31025004490,12
31025004470,6
31025004407,14
31025004380,6
31025004347,10
31025004328,3
31025004322,12
31025004293,12
31025004222,12
31025004215,6
31025004212,6
31025004206,6
31025004202,3
31025004186,12
31025004162,6
31025004150,12
31025004141,6
31025004137,14
31025004095,12
31025004088,6
31025004011,12
31025004005,12
31025003997,12
31025003971,12
31025003902,15
31025003892,12
31025003879,7
31025003878,12
31025003873,15
31025003745,8
31025003741,6
31025003720,12
31025003713,12
31025003700,12
31025003678,14
31025003628,6
31025003608,12
31025003573,14
31025003569,12
31025003568,12
31025003523,7
31025003511,8
31025003458,12
31025003446,12
31025003443,14
31025003421,6
31025003416,14
31025003394,12
31025003372,12
31025003353,1
31025003329,10
31025003282,12
31025003281,14
31025003237,8
31025003182,14
31025003164,12
31025003156,12
31025003155,12
31025003154,14
31025003110,12
31025003077,7
31025003051,9
31025003047,7
31025003017,12
31025002955,6
31025002913,14
31025002901,12
31025002882,6
31025002866,12
31025002854,10
31025002808,12
31025002758,12
31025002752,12
31025002702,14
31025002687,4
31025002684,12
31025002682,6
31025002657,14
31025002637,12
31025002565,14
31025002537,12
31025002524,4
31025002488,6
31025002485,12
31025002484,12
31025002464,14
31025002444,12
31025002404,12
31025002402,10
31025002388,10
31025002382,12
31025002378,6
31025002357,10
31025002342,10
31025002326,10
31025002309,6
31025002294,12
31025002287,14
31025002270,12
31025002263,12
31025002252,12
31025002243,12
31025002214,12
31025002183,12
31025002157,12
31025002136,12
31025002122,12
31025002112,12
31025002110,12
31025002096,12
31025002067,12
31025002059,14
31025002053,12
31025002048,12
31025002034,12
31025002023,4
31025001998,12
31025001989,12
31025001976,6
31025001965,12
31025001956,12
31025001900,3
31025001870,11
31025001852,12
31025001803,12
31025001739,14
31025001624,12
31025001592,12
31025001451,10
31025001431,12
31025001407,12
31025001347,6
31025000161,12
31025000156,12
31025000078,12
31025000064,6
31025000053,8
31024014023,12
30925033415,6
30925028384,12
30925027450,12
30925026236,12
30925024085,8
30925018832,7
30925018106,12
30925014012,8
30925013758,8
30925012616,6
30925008130,6
30924012314,12
30725034695,12
30725034011,12
30725029669,12
30725028669,12
30725018526,7
30724003813,12
30625032066,6
30625026636,12
30625018658,12
30525004069,12
30425013343,6
30425012678,6
30325021472,12
30325011612,12
30323007966,12
30323007725,12
30225012337,12
30125013782,2
30125013683,14
30125013505,12
21025009464,6
21025009404,6
21025009403,12
21025009368,12
21025009325,12
21025009319,6
21025009299,12
21025009280,12
21025009238,12
21025009229,12
21025009228,12
21025009213,12
21025009187,14
21025009164,12
21025009158,6
21025009105,12
21025009085,12
21025009072,14
21025009061,12
21025009052,10
21025009020,12
21025009012,14
21025009010,14
21025008976,14
21025008968,12
21025008927,12
21025008893,12
21025008860,12
21025008853,3
21025008836,14
21025008820,12
21025008819,14
21025008812,14
21025008806,11
21025008803,12
21025008783,6
21025008748,12
21025008723,6
21025008706,12
21025008692,14
21025008681,15
21025008672,12
21025008665,12
21025008648,8
21025008639,12
21025008605,12
21025008576,12
21025008565,6
21025008562,14
21025008548,12
21025008532,1
21025008526,3
21025008486,14
21025008476,12
21025008473,15
21025008470,10
21025008457,15
21025008445,12
21025008437,14
21025008429,14
21025008424,11
21025008419,9
21025008414,14
21025008409,12
21025008408,14
21025008400,14
21025008390,14
21025008385,6
21025008380,12
21025008366,15
21025008362,12
21025008310,12
21025008309,6
21025008298,10
21025008192,12
21025008163,12
21025008155,12
21025008154,12
21025008142,12
21025008129,12
21025008032,12
21025008004,12
21025007986,14
21025007981,10
21025007945,6
21025007935,11
21025007931,12
21025007928,12
21025007881,12
21025007880,12
21025007874,12
21025007868,14
21025007864,12
21025007841,12
21025007837,6
21025007833,12
21025007821,12
21025007809,6
21025007805,12
21025007803,10
21025007792,3
21025007788,12
21025007787,12
21025007777,14
21025007769,14
21025007766,12
21025007736,12
21025007734,14
21025007724,14
21025007696,15
21025007665,12
21025007662,12
21025007649,12
21025007610,12
21025007593,12
21025007589,6
21025007576,12
21025007537,12
21025007505,12
21025007468,10
21025007432,12
21025007414,12
21025007396,10
21025007393,10
21025007363,14
21025007311,12
21025007281,12
21025007265,12
21025007264,12
21025007231,12
21025007193,6
21025007187,7
21025007179,12
21025007153,6
21025007140,6
21025007138,12
21025007112,6
21025007088,12
21025007087,6
21025007058,3
21025007031,12
21025007007,14
21025006986,14
21025006975,12
21025006972,12
21025006968,12
21025006964,6
21025006963,6
21025006950,12
21025006949,12
21025006939,12
21025006938,12
21025006918,12
21025006901,12
21025006900,8
21025006890,1
21025006870,12
21025006799,15
21025006770,14
21025006696,14
21025006664,12
21025006663,6
21025006599,6
21025006545,12
21025006516,12
21025001459,12
21025001413,6
21025000278,15
21025000200,2
21025000199,12
21025000194,7
21025000192,14
21025000119,12
21025000086,6
21025000068,14
21025000060,12
21025000049,12
20925025354,12
20925023579,12
20925019887,12
20925016167,12
20925015311,12
20925014586,12
20925012209,12
20925011319,10
20925011106,12
20825009594,6
20825008559,3
20825007467,12
20825004937,7
20825004139,12
20825003276,14
20825002391,6
20824009193,12
20725929532,12
20725032451,14
20725011777,12
20625020476,12
20625019098,8
20625009594,12
20625007293,12
20625002031,4
20525017628,6
20525016631,6
20525016354,12
20525010827,12
20525007915,12
20525007662,12
20525007437,12
20425011855,12
20425008986,14
20325002001,7
20325001963,7
20325001938,7
20125015586,10
20125015387,14
11223005766,12
11123009073,14
11122011171,12
11025922497,12
11025921048,1
11025921019,10
11025920998,12
11025920995,12
11025920970,12
11025920965,12
11025918445,15
11025918438,8
11025918436,10
11025918435,12
11025918429,14
11025918222,8
11025918190,8
11025918188,8
11025918186,8
11025918185,8
11025918155,8
11025918154,8
11025918138,8
11025918108,12
11025918107,12
11025918105,12
11025918084,12
11025918081,12
11025918080,12
11025918074,12
11025918073,12
11025918072,12
11025918071,12
11025918067,12
11025918063,14
11025918062,14
11025918061,14
11025918060,14
11025918059,14
11025918056,14
11025918055,14
11025918054,14
11025918047,14
11025918045,14
11025918044,14
11025918043,14
11025918041,14
11025918039,14
11025918038,14
11025918037,14
11025918036,14
11025918035,14
11025918032,14
11025918031,14
11025918030,14
11025918023,14
11025918022,14
11025918021,14
11025918020,14
11025918017,14
11025918014,6
11025918013,6
11025918012,6
11025918011,6
11025918010,6
11025918008,6
11025918007,6
11025918006,6
11025917990,6
11025917989,6
11025917988,6
11025917987,6
11025917974,14
11025917973,14
11025917971,14
11025917970,14
11025917967,14
11025917964,14
11025917959,14
11025917947,14
11025917945,14
11025917942,14
11025917940,14
11025917916,14
11025917912,14
11025917911,14
11025917909,14
11025917907,14
11025917902,14
11025917900,14
11025917899,14
11025917898,14
11025917890,14
11025917889,14
11025917888,14
11025917887,14
11025917885,14
11025917883,12
11025917882,12
11025917881,12
11025917880,12
11025917879,12
11025917877,12
11025917876,12
11025917875,12
11025917860,12
11025917858,12
11025917857,12
11025917852,12
11025917845,12
11025917841,14
11025917840,14
11025917839,14
11025917835,14
11025917832,14
11025917827,14
11025917822,14
11025917819,14
11025917813,14
11025917811,14
11025917806,14
11025917802,14
11025917800,14
11025917771,14
11025917770,14
11025917769,14
11025917767,14
11025917765,14
11025917760,14
11025917759,14
11025917758,14
11025917750,14
11025917748,14
11025917747,14
11025917744,14
11025917740,14
11025917737,12
11025917735,12
11025917734,12
11025917733,12
11025917732,12
11025917729,12
11025917728,12
11025917727,12
11025917721,12
11025917720,12
11025917718,12
11025917717,12
11025917715,12
11025917712,14
11025917711,14
11025917709,14
11025917708,14
11025917707,14
11025917705,14
11025917704,14
11025917703,14
11025917690,14
11025917689,14
11025917686,14
11025917684,14
11025917661,14
11025917659,14
11025917658,14
11025917657,14
11025917655,14
11025917654,14
11025917653,14
11025917645,14
11025917644,14
11025917643,14
11025917642,14
11025917640,14
11025917638,6
11025917636,6
11025917635,6
11025917633,6
11025917631,6
11025917599,6
11025917589,6
11025917586,6
11025917584,6
11025917582,6
11025917578,6
11025917575,14
11025917574,14
11025917573,14
11025917571,14
11025917569,14
11025917565,14
11025917564,14
11025917563,14
11025917550,14
11025917546,14
11025917543,14
11025917540,14
11025917535,14
11025917531,14
11025917530,14
11025917529,14
11025917528,14
11025917527,14
11025917525,14
11025917524,14
11025917523,14
11025917517,14
11025917516,14
11025917514,14
11025917511,14
11025917508,14
11025917502,14
11025917500,14
11025917498,14
11025917496,14
11025917494,14
11025917489,14
11025917486,14
11025917483,14
11025917473,14
11025917471,14
11025917468,14
11025917467,14
11025917464,14
11025917461,6
11025917458,6
11025917457,6
11025917455,6
11025917453,6
11025917451,6
11025917450,6
11025917449,6
11025917440,6
11025917438,6
11025917437,6
11025917435,6
11025917429,6
11025917426,12
11025917423,12
11025917379,12
11025917376,12
11025917374,12
11025917372,12
11025917364,12
11025917362,12
11025917360,12
11025917355,12
11025917349,12
11025917343,12
11025917339,12
11025917335,12
11025917334,12
11025917333,12
11025917330,12
11025917326,12
11025917325,12
11025917316,12
11025917315,12
11025917313,12
11025917312,12
11025917310,12
11025917307,12
11025917306,12
11025917303,12
11025917300,12
11025917299,12
11025917294,12
11025917291,12
11025917289,12
11025917280,12
11025917278,12
11025917277,12
11025917275,12
11025917270,12
11025917266,14
11025917264,14
11025917261,14
11025917260,14
11025917259,14
11025917256,14
11025917255,14
11025917252,14
11025917245,14
11025917244,14
11025917242,14
11025917237,14
11025917233,14
11025917230,12
11025917229,12
11025917228,12
11025917227,12
11025917225,12
11025917222,12
11025917221,12
11025917219,12
11025917212,12
11025917210,12
11025917209,12
11025917207,12
11025917204,12
11025916893,11
11025916892,12
11025916882,3
11025916122,6
11025916121,10
11025916115,14
11025916105,11
11025916099,10
11025916098,10
11025916097,6
11025916096,6
11025916095,11
11025916028,6
11025913284,15
11025024548,12
11025024529,12
11025024481,14
11025024462,6
11025024458,12
11025024445,12
11025024414,6
11025024411,6
11025024404,14
11025024383,6
11025024368,10
11025024360,12
11025024256,6
11025024215,12
11025024202,12
11025024178,6
11025024146,12
11025024140,12
11025024103,12
11025024081,12
11025024067,12
11025024017,10
11025023970,6
11025023949,6
11025023756,8
11025023739,11
11025023734,15
11025023682,6
11025023664,12
11025023650,12
11025023619,12
11025023599,12
11025023556,12
11025023528,12
11025023506,6
11025023492,6
11025023407,14
11025023401,6
11025023395,2
11025023355,12
11025023329,6
11025023314,6
11025023312,14
11025023288,12
11025023263,12
11025023197,12
11025023187,12
11025023160,12
11025023158,12
11025023150,11
11025023145,12
11025023079,12
11025023040,6
11025022942,6
11025022892,1
11025022874,12
11025022846,14
11025022836,12
11025022818,12
11025022817,6
11025022795,7
11025022783,6
11025022748,12
11025022746,12
11025022727,4
11025022706,12
11025022699,12
11025022697,12
11025022681,4
11025022665,6
11025022662,14
11025022661,14
11025022655,12
11025022645,12
11025022637,1
11025022601,12
11025022563,6
11025022562,12
11025022558,14
11025022528,12
11025022436,12
11025022427,12
11025022405,12
11025022395,11
11025022394,12
11025022386,6
11025022382,12
11025022374,14
11025022372,12
11025022348,12
11025022332,6
11025022327,12
11025022285,12
11025022272,14
11025022269,7
11025022213,12
11025022200,6
11025022176,6
11025022166,12
11025022054,12
11025022033,3
11025021985,6
11025021978,12
11025021934,14
11025021844,12
11025021776,4
11025021746,12
11025021684,6
11025021651,14
11025021639,12
11025021638,12
11025021594,12
11025021563,6
11025021558,14
11025021553,12
11025021358,14
11025021335,14
11025021304,14
11025021269,10
11025021250,12
11025021245,14
11025021193,12
11025021170,6
11025021144,14
11025021143,6
11025021132,12
11025021125,7
11025021124,1
11025021123,8
11025021115,6
11025021113,15
11025021072,5
11025021071,14
11025021058,4
11025021032,12
11025021026,15
11025021025,14
11025020978,14
11025020973,14
11025020924,12
11025020915,12
11025020897,14
11025020868,12
11025020856,7
11025020843,7
11025020822,12
11025020817,7
11025020813,12
11025020783,12
11025020762,14
11025020718,7
11025020712,10
11025020667,12
11025020641,6
11025020596,12
11025020584,12
11025020564,6
11025020543,12
11025020396,12
11025020394,12
11025020388,6
11025020323,14
11025020321,14
11025020309,6
11025020288,12
11025020287,14
11025020244,12
11025020243,12
11025020162,12
11025020160,3
11025020090,12
11025020078,5
11025020073,12
11025020037,6
11025020009,6
11025020006,14
11025019984,8
11025019924,7
11025019901,6
11025019866,5
11025019833,10
11025019816,12
11025019812,15
11025019760,6
11025019706,12
11025019632,7
11025019615,6
11025019569,12
11025019558,6
11025019415,14
11025019403,12
11025019245,6
11025019231,12
11025019000,14
11025018948,6
11025018945,14
11025018928,14
11025018843,12
11025018730,12
11025018726,14
11025018724,14
11025018534,4
11025018533,12
11025018400,12
11025018384,12
11025018356,10
11025018344,12
11025018331,4
11025018330,12
11025018320,6
11025018301,14
11025018218,12
11025018144,12
11025018109,14
11025018104,12
11025018082,12
11025018004,12
11025017905,14
11025017891,14
11025017866,12
11025017738,12
11025017612,12
11025017454,12
11025017385,12
11025017243,10
11025017060,10
11025017022,12
11025016972,12
11025016968,12
11025016967,12
11025016921,12
11025016864,12
11025016836,4
11025016804,6
11025016795,1
11025016778,14
11025016772,12
11025016770,14
11025016758,12
11025016749,12
11025016738,12
11025016692,14
11025016665,12
11025016664,14
11025016633,12
11025016606,12
11025016573,12
11025016532,12
11025016477,12
11025016423,6
11025016374,1
11025016343,6
11025016332,14
11025016304,12
11025016218,12
11025016157,14
11025016086,12
11025016052,10
11025016042,12
11025016019,6
11025015969,6
11025015952,14
11025015937,12
11025015933,6
11025015920,8
11025015884,14
11025015872,14
11025015753,6
11025015742,14
11025015715,6
11025015677,8
11025015656,12
11025015625,6
11025015576,14
11025015512,12
11025015276,6
11025015226,12
11025015210,3
11025015200,7
11025015177,12
11025015161,14
11025015147,12
11025015115,12
11025015111,12
11025015075,12
11025015059,14
11025015037,3
11025015001,12
11025014981,12
11025014892,14
11025014880,6
11025014877,14
11025014873,12
11025014862,12
11025014826,12
11025014814,10
11025014798,12
11025014796,2
11025014794,12
11025014762,6
11025014731,12
11025014723,8
11025014703,12
11025014665,14
11025014661,6
11025014633,14
11025014579,12
11025014519,12
11025014425,12
11025014331,12
11025014281,14
11025014195,12
11025014055,6
11025014035,12
11025013999,12
11025013962,12
11025013934,12
11025013925,12
11025013871,6
11025013869,6
11025013852,14
11025013788,6
11025013565,6
11025013556,12
11025013523,14
11025013479,10
11025013431,6
11025013418,6
11025013417,9
11025013378,10
11025013365,12
11025013321,12
11025013317,12
11025013314,12
11025013251,1
11025013214,5
11025013187,12
11025013169,12
11025013158,12
11025013145,12
11025013134,12
11025013065,12
11025013001,6
11025012976,14
11025012951,12
11025012854,12
11025012848,14
11025012809,14
11025012808,12
11025012792,12
11025012776,10
11025012753,12
11025012711,7
11025012694,10
11025012645,11
11025012589,6
11025012551,10
11025012478,4
11025012416,12
11025012381,12
11025012375,14
11025012366,12
11025012355,12
11025012348,3
11025012138,12
11025012125,12
11025012041,12
11025011999,14
11025011888,12
11025011857,14
11025011784,12
11025011747,12
11025011723,6
11025011663,14
11025011517,12
11025011469,8
11025011445,6
11025011408,11
11025011190,6
11025011154,14
11025011028,12
11025011005,7
11025010843,14
11025010815,12
11025010788,12
11025010783,10
11025010761,12
11025010755,12
11025010682,12
11025010642,14
11025010586,12
11025010518,14
11025010502,12
11025010425,12
11025010318,10
11025010312,12
11025010141,10
11025010124,14
11025010100,12
11025010020,12
11025010013,12
11025010012,6
11025010002,12
11025009970,12
11025009967,7
11025009958,14
11025009957,12
11025009920,7
11025009862,12
11025009856,15
11025009785,6
11025009784,1
11025009758,12
11025009746,9
11025009680,12
11025009638,12
11025009542,12
11025009407,12
11025009385,6
11025009331,12
11025009322,12
11025009268,12
11025009218,4
11025009200,6
11025009199,6
11025009175,12
11025009141,10
11025009139,12
11025009124,12
11025009109,14
11025009100,14
11025009047,12
11025009045,6
11025008370,10
11025008269,10
11025007863,8
11025007557,12
11025007556,12
11025007469,12
11025005529,12
11025003569,10
11025000296,12
11025000265,10
11025000188,12
11025000175,12
11025000098,12
11025000055,12
11025000036,6
11024003878,14
10925908879,2
10925908874,2
10925908822,12
10925902451,12
10925014571,12
10925013651,12
10925012877,1
10925008097,10
10925006077,14
10925005989,6
10925004376,12
10925004307,12
10925003510,12
10925003198,1
10925002683,12
10925002560,14
10925002196,12
10925001820,13
10925001648,6
10924001201,12
10825030924,12
10825022872,6
10825014146,14
10825013967,12
10825013258,12
10825000227,6
10725031410,6
10725030502,6
10725014943,12
10725014601,12
10725011529,12
10724004157,6
10723004714,12
10625004395,1
10525012200,12
10525010204,12
10525008216,3
10525002942,15
10425011968,14
10425004995,12
10425004959,12
10422005478,6
70825025902,6
40925026746,12
40825018598,6
40725019438,12
30925015649,1
30925014518,12
20625002194,12
11025021149,12
11025019493,12
11025018801,12
11025018312,12
11025016330,12
11025014286,6
11025014170,14
11025013864,14
11025013193,14
11025012904,12
11025012359,3
11025012345,14
11025009383,12
10925021081,6
10825013425,8
10725018721,6
70522003372,14
220823000000,12
100224000000,12
30623003175,12
10725022732,12
271123000000,12
70725010735,12
70725011424,12
10725013777,12
70825018685,12
10825015492,12
300824000000,12
281021000000,12
230821000000,5
90923004851,6
90725023864,6
90724004913,12
90525011561,10
90425011469,15
80424005350,6
71024016863,6
60825018554,9
60825018287,6
50925021259,14
50825032027,12
50725017456,12
40924009869,8
40924004663,12
30625028435,6
21224008205,4
21223007379,12
20924014947,10
81221006107,12
70825019327,12
50825022006,12
40625020472,14
30625027549,8
10825011064,12
30925034896,2
30625012496,6
240626000000,2
220924000000,9
130822000000,11
90925029815,15
90925022831,9
90725016344,4
80925034135,12
70825024848,2
70825022271,2
70824005288,2
60925000051,6
60723004738,12
60625011488,14
60525034473,6
50925924890,12
50925924527,12
50925028610,6
50925018713,12
50925018652,12
50925006688,14
50825024665,12
40925021637,6
40825003068,12
40625014989,12
30925025958,6
30925024584,12
20925027572,12
20825004102,14
20525002493,12
20325003323,8
10925021029,1
10925018901,14
10925018267,12
10925015926,12
10925014542,9
10925009426,12
10825015225,12
10825014994,12
10825010592,6
290526000000,12
251224000000,8
210924000000,14
201124000000,12
171025000000,12
150924000000,14
140924000000,3
140526000000,12
131123000000,8
120824000000,8
110124000000,12
91124008949,1
90925033707,12
90925033436,12
90925031579,14
90925029643,14
90925029342,12
90925023896,12
90925023721,12
90925015725,12
90925012905,12
90925012491,12
90725004742,6
90725002314,14
90724004221,6
90625006053,12
90625005024,12
90525022059,11
90525015298,12
90425000255,12
90424006020,12
90224006378,12
80925034376,7
80925030374,12
80925013326,6
80925009000,12
80825031845,12
80825011955,12
80725021413,14
80725021368,14
80725020628,8
80725017511,8
80625004308,2
80425026062,12
80125010877,12
70825031366,15
70825024645,12
70825017268,11
70825010699,11
70725023224,12
70425013828,1
70225021772,14
70125006950,12
70123007358,12
60925014111,12
60825027738,6
60825023882,12
60825021060,1
60825018219,11
60825016328,11
60825013092,12
60724007133,8
60625014285,8
60625014197,9
60525033555,4
60525030598,12
60525007749,12
60325014986,12
50925924720,12
50925924701,12
50925921346,12
50925026505,7
50925017489,12
50925017452,12
50925017244,12
50925016153,12
50925015682,12
50925006140,12
50924021949,7
50924020918,12
50825032357,15
50825029280,12
50825011313,12
50724013267,12
50525019442,12
50525018692,12
50425010325,12
50325017036,12
50225021376,14
40925928046,12
40925919376,12
40925032999,11
40925031742,12
40925027642,12
40925024388,8
40925022443,12
40925006070,4
40925002870,12
40825023602,12
40825020508,6
40825015962,6
40825002567,14
40725031502,12
40625918857,12
40625021567,12
40425019857,12
40125010279,12
40125006712,12
31124001460,6
30925034954,1
30925034864,6
30925034530,12
30925034409,12
30925033549,12
30925032300,14
30925032033,14
30925027347,7
30925020368,12
30925018899,12
30925018136,12
30925017265,12
30925016684,12
30925014490,12
30825003841,8
30725023559,12
30725018666,6
30625017363,14
30325007089,7
20925025853,12
20925024471,6
20925024293,12
20925018501,12
20925012913,12
20924011226,12
20825004423,12
20725032290,12
20725019933,12
20725017723,6
20725015601,6
20525003394,12
20425021596,12
11024023829,12
11024010012,12
10925020649,2
10925018936,12
10925015426,2
10925014018,6
10925012250,6
10925010540,12
10925009690,15
10925007012,14
10925006750,12
10924001904,8
10825031126,12
10825026202,12
10825025054,12
10825010663,12
10725023414,12
10725023028,14
10725015502,9
10725014529,9
10725012434,12
10624003996,12
10425014925,12
311023000000,12
310824000000,6
310724000000,12
310723000000,12
301123000000,14
300916000000,12
300626000000,6
300526000000,7
300424000000,12
300124000000,12
291220000000,12
290624000000,12
281017000000,8
280923000000,15
280623000000,12
280526000000,12
280515000000,12
270923000000,12
270224000000,12
270124000000,12
260923000000,12
260223000000,12
260122000000,6
250923000000,12
241124000000,12
241023000000,12
240922000000,12
240523000000,12
231124000000,12
230724000000,6
230324000000,12
230225000000,12
230124000000,1
221021000000,12
220921000000,12
220726000000,12
220723000000,6
220624000000,6
220324000000,6
220125000000,6
210920000000,12
210621000000,4
210522000000,14
210423000000,8
210422000000,14
201225000000,12
201023000000,6
200719000000,8
200621000000,6
200425000000,6
190824000000,14
190821000000,14
190722000000,8
190623000000,6
190226000000,6
181123000000,14
180920000000,12
180522000000,8
180124000000,14
171225000000,12
171117000000,12
170922000000,14
161124000000,14
160726000000,12
160721000000,9
151224000000,10
150918000000,12
141021000000,6
140921000000,6
130320000000,6
110921000000,12
101225000000,6
100824000000,12
100822000000,12
100720000000,12
100624000000,12
100323000000,6
100223000000,12
100122000000,12
91224906631,6
91120003179,12
91024020581,12
91023004578,12
90925035254,12
90925033612,4
90925033431,12
90925032304,12
90925031959,6
90925030546,6
90925027182,6
90925025865,6
90925024027,12
90925023931,12
90925023853,12
90925023749,9
90925022862,12
90925022185,6
90925020705,12
90925018840,6
90925017945,15
90925017421,15
90925017200,12
90925016494,12
90925015086,1
90925015030,8
90925014748,12
90925014487,6
90925014056,12
90925012876,12
90925012617,12
90924012567,12
90725915620,12
90725021079,14
90725004588,14
90725004010,12
90725000267,12
90625020354,12
90625009070,12
90625004424,6
90525026290,13
90525024168,1
90525024053,1
90525023678,6
90525013950,6
90525009653,6
90524008614,4
90425022495,12
90425022413,12
90425015794,14
90425005696,15
90424012007,12
90125010691,12
81224002172,14
81024006317,6
81020003307,6
80925034843,12
80925034163,9
80925034081,12
80925028001,6
80925025596,12
80925021248,12
80925019950,12
80925016271,15
80925016157,6
80925015254,12
80925011938,12
80925009032,11
80925001758,12
80924002098,12
80825027397,12
80825023175,14
80825021799,12
80825021666,6
80825019107,6
80825018629,12
80825016557,12
80825013894,1
80825013239,6
80825011240,12
80725024373,1
80725021403,15
80725019187,12
80725014345,12
80725012131,12
80725007090,12
80725004246,12
80725002118,14
80724002970,8
80625003305,12
80622010032,14
80525017980,12
80525016771,6
80525011273,6
80525006625,7
80522000777,12
80425024877,14
80425023210,12
80425022104,12
80425015879,7
80225006764,12
80124005330,14
71224006962,14
71224005893,12
71124015514,6
71024002723,12
70925000909,10
70925000881,12
70925000809,12
70924006526,12
70825032710,14
70825030147,14
70825029095,6
70825024899,3
70825019693,12
70825019195,12
70825016941,12
70825012713,12
70825011067,14
70725909014,12
70725908115,12
70725025841,6
70725014656,12
70725012464,12
70725008292,12
70725007903,12
70724001581,8
70724001570,8
70625013285,12
70625011546,14
70625009677,12
70624012254,15
70525020788,12
70525019264,12
70525011271,12
70425004720,6
70325019700,12
70325019413,14
61124009441,12
60925014277,12
60925013786,12
60925011436,12
60925010964,4
60925009194,10
60825026592,14
60825024098,12
60825021813,6
60825019999,12
60825018846,6
60825017478,12
60825015916,1
60824004456,1
60725004347,12
60725004263,6
60724006355,12
60625028614,12
60625026299,15
60625010524,12
60525030501,8
60525011244,7
60325024347,7
60325024208,12
60325023763,12
60325017843,5
60325012801,12
60225021915,12
60225015644,12
60125007152,1
51224006398,7
51224006005,12
50925924656,6
50925029508,12
50925026802,9
50925025999,14
50925025273,6
50925023413,10
50925023279,8
50925021134,8
50925020115,8
50925019786,12
50925017346,8
50925016031,12
50925014303,12
50925012192,14
50925010288,6
50925010019,12
50925008856,12
50925007918,14
50925007565,15
50925007105,12
50925005849,12
50924012095,6
50924010149,12
50825034302,10
50825034087,12
50825029661,6
50825018543,12
50825017780,12
50825013661,12
50725014344,12
50725010046,14
50724011998,10
50625016804,14
50625016670,15
50625011828,6
50625011080,12
50624008492,4
50525014396,10
50525013722,12
50325022433,12
50325018432,3
50225016649,12
41224018133,12
41224012753,12
41024012228,12
41024011288,10
40925031029,12
40925026371,12
40925018446,4
40925015281,6
40925011579,15
40925003579,12
40925002819,8
40924907906,12
40924020512,12
40924013043,10
40921003919,14
40825020322,12
40825017322,14
40825016983,12
40825008733,12
40825006845,6
40825006150,7
40825003323,12
40825000045,12
40725028985,12
40725024095,6
40725022636,6
40725018441,6
40725016204,12
40725016021,12
40724006494,14
40625033321,12
40625032599,12
40625025363,12
40625023304,12
40625020035,14
40625000254,6
40624004917,14
40525002082,6
40525001814,12
40524006049,12
40425022222,4
40425021270,2
40325022042,6
40325014315,14
40325008494,12
40225925503,4
40225920819,12
40125007635,15
31224016756,14
31224002829,6
31224002827,6
31224002809,6
31221003718,7
30925035285,12
30925034155,12
30925032885,6
30925032865,6
30925032834,12
30925032725,6
30925029766,6
30925024408,12
30925024125,12
30925022142,1
30925020210,12
30925016362,12
30925015993,12
30925014639,12
30925013701,12
30925013483,4
30925013306,12
30825003838,8
30725027321,12
30725023043,12
30724002699,12
30724000876,6
30625030156,12
30625030025,12
30625012091,11
30525004677,12
30524007604,5
30425018784,12
30425014954,11
30425011836,14
30424008699,6
30424007201,1
30325017176,6
30325005156,6
30225005263,5
21224008054,12
21024006827,14
20925030133,12
20925029934,9
20925029070,8
20925026519,15
20925022431,6
20925014351,12
20925014126,15
20925013053,12
20825010790,12
20825010535,12
20825010515,12
20825010501,12
20825010484,1
20825010263,8
20825009663,14
20825008627,8
20825006121,14
20824010079,12
20824007606,6
20725034000,6
20725030690,12
20725024370,12
20625008713,12
20625008698,6
20625005415,12
20625005041,6
20525012381,1
20525008151,6
20425011714,14
20425011200,10
20425010442,14
20423001015,9
20325001991,12
20325001934,12
20125004148,12
11223007518,6
10925022875,6
10925018272,12
10925015604,12
10925012149,6
10925011914,6
10925009775,12
10925004360,14
10925001836,12
10924001979,8
10924001899,8
10924001898,8
10924001896,8
10825928986,12
10825020110,12
10825018499,1
10825017836,10
10824008320,14
10725031675,6
10725029193,6
10725022102,12
10725017861,10
10724005112,14
10425019100,14
10425000076,12
10125004362,12
10125002362,12
210324000000,6
90925024558,4
80722010254,12
80624006389,12
70625008069,14
70225012895,6
51024005974,14
50925018161,6
50825025127,6
50625014019,12
50325025527,12
50225018246,6
30625016113,12
20925019074,12
20825006228,12
20824016200,6
20824014609,12
10925904150,14
10925020930,15
10425009006,12
81122011596,6
60323006851,2
31123006140,12
10524009282,13
260922000000,12
60825021272,12
40625019644,6
70725020743,6
50925012653,12
10424001458,12
230726000000,12
180622000000,12
90925027764,15
80825028983,9
70725011219,12
61024001492,12
60525021576,12
40725032959,12
30125003796,1
20925027660,12
310121000000,12
290126000000,12
210824000000,6
201223000000,12
190324000000,12
161223000000,12
120424000000,12
90925023898,6
90925014121,14
90925012850,6
90925011836,6
90923004788,2
90725005348,15
90525018499,12
90525009368,2
90425022438,12
90223010194,12
90125005918,10
80525021206,12
71124019008,12
71124018309,12
70825021565,12
70825015798,14
70825012653,12
70625007559,12
60925008173,12
60925007782,6
60825022315,12
50925909235,6
50625028202,6
40925011476,6
40825023821,12
40825019596,2
40825001813,12
40725028520,12
40725017964,12
40725012322,12
30725020181,1
30525007098,12
30425014357,8
30225014155,15
20925011853,14
20825006592,1
20625013295,8
20425007720,12
10825017322,14
10823004554,12
10725019362,15
10724005437,6
10425015722,6
10425014310,12
300923000000,12
290922000000,14
290921000000,12
290819000000,6
290722000000,12
290524000000,12
290523000000,12
280919000000,6
270623000000,12
261024000000,12
250324000000,12
240919000000,6
231123000000,1
231019000000,6
230719000000,6
230518000000,6
220221000000,6
191022000000,14
190919000000,6
190621000000,6
190423000000,6
180826000000,12
180323000000,6
170122000000,5
150424000000,6
141019000000,6
131019000000,6
130121000000,12
121024000000,12
110823000000,6
110724000000,12
91224000825,12
91021000444,12
90925034861,12
90925029899,12
90925027411,14
90925018098,12
90925013286,12
90924008007,12
90725015764,14
90725012255,12
90725005669,6
90625003154,12
90525011279,12
90525008689,12
90425022424,14
90425018197,12
90425008085,12
90325001395,6
81124007976,6
80925933261,12
80925022796,6
80925017828,12
80825031791,12
80825031114,7
80825023843,14
80825021992,12
80825014072,12
80823010103,12
80725005835,11
80525023273,12
80525010197,12
80221006364,12
80217002222,6
80125015810,10
71124019281,15
71023003864,1
70825920207,12
70825019409,12
70825017310,14
70825014604,12
70725908648,12
70725907988,12
70525017553,12
70525009967,12
70525004685,8
70524007483,4
70425904684,6
70425904683,6
70425005142,12
70222000895,6
70125008227,6
61223009830,14
60925013558,6
60925011738,12
60925010041,14
60925009101,10
60925008991,14
60925008752,14
60925007659,12
60825026769,12
60825025448,12
60825024203,12
60825021044,12
60824007987,6
60819011033,12
60625017946,6
60625013101,11
60525022159,12
60525021671,12
60325022778,12
60325000170,1
60225919914,12
60225015559,12
60121001895,12
60121001871,12
51224020779,12
51224012271,12
51224010497,10
51124014774,12
50925028924,6
50925028691,12
50925020844,14
50925018008,12
50925010049,6
50925009145,12
50925006089,15
50825030227,6
50825027533,14
50825024206,12
50825018869,6
50825016158,12
50725012922,14
50725012771,12
50625010775,12
50425008275,12
50325009737,12
50225005589,14
50124909975,12
41224006732,12
41119000221,6
41024020255,12
41023009517,3
40925027322,6
40925020983,11
40925019382,10
40925016347,7
40925014265,12
40925012392,14
40925011577,12
40925010428,12
40925007394,6
40924010083,12
40825012365,12
40825006206,12
40725023671,12
40725021272,12
40725020303,15
40725017975,6
40725017397,14
40725017164,12
40725016541,7
40622002618,12
40425920219,12
40325015320,1
40324005938,6
31224020558,12
31023005900,12
30925032833,6
30925028835,12
30925026344,6
30925016105,12
30925013411,12
30925012738,12
30925012342,12
30925010815,12
30725029540,12
30725016951,14
30725014729,14
30625029768,4
30522001386,12
30425015281,12
30425005672,10
30423005258,12
30325016586,12
30225013941,6
30225009906,9
30225007591,12
30225007287,6
21119000335,9
21024004482,6
20925027303,6
20925025956,12
20925022998,6
20925022886,6
20925017166,12
20925012810,14
20925009682,12
20825010053,14
20825005891,12
20825005865,12
20825005822,12
20825005015,6
20725024657,3
20725020248,6
20725015109,4
20625007410,12
20525017946,10
20525013255,12
20525006452,12
20525006376,12
20525004915,12
20425012863,6
20325003581,6
11122011134,12
11024015886,12
11021000400,9
10925021769,8
10925021483,12
10925021074,12
10925014108,12
10925005218,12
10825026917,12
10825026592,14
10825019333,14
10825019038,14
10425003592,12
10325009293,12
10325008550,14
10225004661,4
10224006191,12
221223000000,12
90525007470,14
80825031577,12
70625011122,12
70625011055,14
70625010775,12
60925008810,14
60525009855,12
50725012830,12
50625926874,12
40425020980,12
70525015558,15
250321000000,6
210918000000,14
150620000000,12
100621000000,8
80725007070,12
80525019165,12
61023008734,12
60925010334,12
60825018003,6
60625014233,14
50625015776,3
40725019455,12
40725019204,12
20925026264,6
10725021224,12
10725021052,12
11025022712,12
21025008691,12
21025006512,2
11025022950,9
40925012877,12
11025008548,1
21025007529,12
21025007844,2
11025015203,15
11025018418,12
11025023458,1
21025006761,13
11025020159,12
11025011046,2
11025024335,15
11025019785,15
31025000075,15
11025023166,15
10925021668,8
40925034039,10
31025000070,15
21025006928,11
21025006701,12
11025014967,14
11025000179,3
30725013596,2
40725017720,12
31025015292,12
31025001279,9
21025009160,1
21025007910,12
21025004583,12
11025024268,15
11025020282,12
10925016114,9
31025013430,6
31025002670,15
31025000015,12
30925027670,11
21025009162,1
21025009107,12
21025008752,15
21025008622,15
21025008438,6
21025007015,12
11025023286,12
11025023257,12
11025023024,6
11025022868,9
11025014887,15
11025000172,6
60825025813,12
40725033649,12
190326000000,12
11025010028,2
10925015818,12
151021000000,6
70625013834,12
70625013288,5
50625021477,6
50625021338,12
31025006767,10
11025010437,6
30925026225,6
11025010564,12
31025017525,6
31025500108,6
80825033285,12
31025005926,12
11025503287,6
31025916295,12
31025011656,12
31025005127,12
11025020509,12
50625019529,12
31025915028,11
11025917265,6
11025917147,15
11025502780,12
11025502660,6
50925029393,1
31025501289,12
270723000000,12
31025018967,15
31025018662,12
31025018213,15
31025017999,12
31025016587,12
31025016273,2
31025015833,12
31025015686,15
31025013735,12
31025013635,12
11025021378,12
11025015532,12
70525021165,15
31025013405,6
31025009731,12
31025007228,12
11025911404,12
11025022301,15
11025010778,12
31025500109,6
11025502699,6
81124008721,12
70425001438,1
31025501137,12
31025007991,12
11025500878,12
31025501056,12
31025500090,12
31025014551,12
31025008799,6
31025008021,12
11025503296,12
11025503294,12
11025021081,14
11025012086,12
31025914848,12
31025010189,6
11025018371,12
11025500457,12
80725013351,14
60825011774,12
50725000050,15
31025018103,12
31025017764,12
31025011057,12
31025003132,12
31025002656,6
31025002550,12
31025002353,6
11025917347,12
11025917157,12
11025916988,12
11025023205,12
11025023123,12
11025023025,12
11025022949,12
11025022855,12
11025022752,12
11025022639,12
11025020547,12
11025016156,12
11025014837,15
11025014508,6
60625028317,15
31025916319,9
31025013724,6
31025013241,8
21025009030,14
21025007039,12
31025017058,12
31025004010,12
31025003765,12
11025914471,14
11025502572,12
11025009772,12
40925026560,15
11025012353,15
11025012103,15
90425018098,6
31025006439,12
10825022662,12
31025915430,1
31025914001,6
31025501574,12
11025503249,12
11025503248,12
31025914926,12
10725021765,1
31025501074,12
31025500355,12
90925019451,6
90925015907,12
31025917295,12
31025914760,12
31025914448,12
31025501746,12
31025501374,12
31025501359,12
31025501355,12
31025501350,6
31025501339,12
31025501322,12
31025501316,12
31025501299,12
31025501282,12
31025501213,12
31025501198,12
31025501180,12
31025500367,12
31025500354,12
31025500312,12
31025015791,12
31025015702,12
31025015681,1
31025014692,6
31025014340,12
31025013751,8
31025013654,12
31025013286,12
31025012462,6
31025011883,12
31025009264,1
31025008022,6
31025007931,12
31025006306,1
31025004658,8
31025004386,6
21025009055,1
21025008791,12
21025008145,6
21025007933,12
21025007835,12
21025007203,12
11025922076,1
11025916434,12
11025915286,12
11025503326,6
11025503303,12
11025503290,12
11025503288,12
11025503246,12
11025501838,12
11025501691,12
11025501690,12
11025501535,12
11025501254,12
11025501201,12
11025500990,15
11025500620,4
11025023805,12
11025023486,12
11025023408,12
11025023405,12
11025023332,1
11025023116,8
11025022788,6
11025021199,12
11025021134,12
11025020395,12
11025020253,12
11025020183,6
11025020155,12
11025019845,6
11025015017,12
11025014788,12
11025014712,1
11025014300,1
11025013112,12
11025011269,12
11025011019,1
31025019338,12
31025019125,12
31025017973,6
31025002070,15
31025017457,6
31025011081,12
31025010824,2
31025010207,12
31025010124,2
31025004980,12
31025002635,15
11025917290,12
11025917239,12
11025020809,12
90925015940,12
90625014397,12
70925003171,12
60925000181,6
50925015313,1
31025917343,12
31025917206,8
31025916732,12
31025915114,11
31025915033,12
31025914972,12
31025914781,12
31025502564,12
31025502245,12
31025502220,12
31025501786,12
31025501453,12
31025501449,12
31025500863,12
31025500784,6
31025500703,15
31025500324,12
31025500323,12
31025500102,12
31025500088,12
31025500066,12
31025500063,12
31025500061,6
31025500060,6
31025500059,6
31025500058,6
31025500057,12
31025500012,12
31025500008,12
31025018590,14
31025015469,15
31025015412,1
31025015189,14
31025014481,12
31025012934,12
31025012933,12
31025012325,12
31025011754,15
31025011360,12
31025011210,12
31025011058,12
31025010663,12
31025010564,2
31025010311,12
31025009174,15
31025008141,14
31025007023,12
31025006768,12
31025005697,12
31025004542,14
31025004475,9
31025004134,14
31025003181,12
31025001533,1
31025001490,13
31025001446,11
31025001428,10
21025009360,6
21025007988,12
21025007921,12
20625005170,14
11025918818,12
11025918796,12
11025918793,15
11025918792,12
11025918791,12
11025918790,12
11025918789,15
11025918787,12
11025918785,6
11025918762,12
11025918757,12
11025918754,12
11025917627,15
11025917605,12
11025917560,15
11025917487,12
11025917398,12
11025917396,6
11025917304,12
11025917281,12
11025917276,15
11025917195,12
11025917141,12
11025917103,15
11025917100,11
11025917095,12
11025917080,6
11025917046,12
11025911333,15
11025503950,12
11025503679,12
11025502991,12
11025502888,12
11025502850,12
11025502630,8
11025502588,12
11025501873,12
11025501673,12
11025501545,9
11025501193,12
11025501089,15
11025501019,12
11025500962,11
11025500952,6
11025500931,12
11025500852,12
11025500429,6
11025500067,2
11025500065,12
11025021989,2
11025021933,12
11025020538,14
11025020481,12
11025018725,12
11025016259,12
11025012549,12
11025012441,13
11025012028,6
31025917373,12
31025917328,6
31025917308,12
31025915150,12
31025914809,12
31025914794,12
31025914683,12
31025914197,12
31025914171,12
31025914144,12
31025006679,6
21025006999,12
11025918804,15
11025918800,12
11025917614,12
11025917547,12
11025917544,12
11025917354,6
11025917283,15
11025917279,12
11025917160,12
11025501695,12
60525027104,14
70325023796,1
21025006676,12
21025006646,12
31025501701,12
31025503375,14
10925003114,12
11025010911,12
31025501255,12
31025500040,12
31025500039,12
31025018175,12
30425018765,15
11025501317,10
11025011563,12
70825027348,12
70525022676,15
70525006377,15
10825009206,12
31025502758,1
31025501347,12
31025501344,12
31025501319,12
31025501314,12
31025501291,12
31025014663,12
31025014242,12
31025011692,1
31025009105,12
31025006413,12
31025002376,12
31025002132,12
11025916428,1
11025502100,12
11025013665,14
11025501662,12
31025915434,12
31025915433,12
31025915432,1
31025915427,12
31025915420,12
31025915419,12
31025915418,15
31025915417,12
31025915415,6
31025915413,12
31025914015,10
31025914014,12
31025914013,12
31025914012,12
31025914011,12
31025914003,12
31025914002,12
31025914000,12
31025913999,12
31025913555,1
31025913554,12
31025913552,12
31025913551,12
31025913548,12
31025913547,6
31025913546,6
31025913545,6
31025913544,6
11025917476,12
11025014049,12
40625027600,12
31025915130,6
31025915104,2
31025915103,11
31025915097,12
31025915088,15
31025915084,6
31025914932,2
31025914820,2
31025914747,15
31025914614,15
31025914570,15
31025914497,15
31025914450,2
31025914311,6
31025914282,15
31025914142,12
31025913912,15
31025913885,12
31025913860,15
31025913859,15
31025911012,12
31025013143,6
31025006171,12
31025003779,12
31025003396,12
11025917411,12
11025500144,15
11025021892,12
11025015651,12
11025011115,12
70425016030,12
40725015011,12
31025501420,12
31025501410,12
31025501402,12
31025500021,15
31025012089,12
31025009505,12
31025004548,12
31025003222,12
31025002103,4
20925026518,12
11025501250,12
11025500273,12
11025020373,15
11025013064,6
11025011006,12
11025010140,12
11025010083,12
10925005840,12
90725010330,14
90425007263,12
70725007205,6
60325005961,12
50825029886,12
50825023672,12
40925031310,12
40825015335,1
31025918341,12
31025917835,12
31025917811,12
31025917809,15
31025917724,2
31025917667,2
31025917388,12
31025917380,6
31025917363,12
31025917344,8
31025917332,12
31025917330,12
31025917315,12
31025917299,12
31025917296,11
31025917282,12
31025917264,12
31025917262,12
31025917261,12
31025917241,11
31025917239,1
31025917224,15
31025917222,12
31025917196,12
31025917152,6
31025917145,6
31025917140,15
31025917124,12
31025917115,12
31025917109,11
31025917104,11
31025917098,12
31025917096,11
31025917064,11
31025917060,11
31025917059,11
31025917056,11
31025917053,12
31025917022,11
31025917016,12
31025916978,12
31025916969,11
31025916946,6
31025916944,6
31025916887,12
31025916886,12
31025916859,6
31025916845,6
31025916827,6
31025916810,12
31025916779,12
31025916754,12
31025916658,15
31025916631,15
31025916621,6
31025916610,12
31025916569,12
31025916551,6
31025916524,15
31025916510,15
31025916503,15
31025916466,12
31025916463,12
31025916459,15
31025916437,12
31025916436,12
31025916435,12
31025916419,6
31025916416,6
31025916380,2
31025916378,6
31025915117,12
31025915116,12
31025915113,15
31025915110,11
31025915102,12
31025915099,6
31025915083,12
31025915048,12
31025915037,12
31025915032,11
31025915010,12
31025914945,12
31025914909,11
31025914869,12
31025914856,12
31025914852,6
31025914839,12
31025914823,12
31025914818,15
31025914801,12
31025914790,12
31025914785,12
31025914764,15
31025914752,12
31025914743,6
31025914723,12
31025914619,12
31025914605,12
31025914603,12
31025914569,11
31025914545,12
31025914541,12
31025914536,11
31025914521,15
31025914463,15
31025914461,6
31025914314,12
31025914199,12
31025914180,12
31025914154,6
31025914091,15
31025914079,12
31025913979,15
31025913956,15
31025913936,12
31025913899,12
31025503380,12
31025503340,12
31025503338,6
31025503268,12
31025503264,12
31025503224,12
31025503209,12
31025503180,12
31025503134,14
31025503070,12
31025502588,13
31025502581,9
31025502571,6
31025502567,12
31025502555,11
31025502553,6
31025502386,12
31025502239,12
31025502237,12
31025502222,12
31025502107,12
31025502055,12
31025502054,12
31025501833,12
31025501832,12
31025501814,12
31025501807,12
31025501801,12
31025501799,12
31025501779,12
31025501764,12
31025501761,12
31025501756,12
31025501749,12
31025501747,12
31025501722,14
31025501715,12
31025501593,12
31025501592,8
31025501527,2
31025501497,12
31025501457,12
31025501442,14
31025501413,12
31025501396,12
31025501390,12
31025501279,12
31025501278,12
31025501275,12
31025501274,12
31025501269,12
31025501219,12
31025501218,12
31025501179,12
31025501178,12
31025501177,12
31025501166,6
31025501077,12
31025500866,12
31025500716,6
31025500510,8
31025500494,13
31025500357,12
31025500348,12
31025500337,12
31025500315,6
31025500314,12
31025500313,12
31025500311,12
31025500310,11
31025500035,12
31025500034,13
31025500033,12
31025500027,12
31025500020,12
31025500018,6
31025500016,12
31025500013,12
31025019164,12
31025019159,6
31025019152,12
31025019136,14
31025019121,12
31025018681,12
31025018157,12
31025018032,12
31025017967,12
31025017430,6
31025017141,12
31025016854,14
31025016177,12
31025016155,6
31025015902,6
31025015140,9
31025014709,12
31025014393,12
31025014157,8
31025013976,14
31025013962,6
31025013332,6
31025012663,12
31025011942,12
31025011764,9
31025011690,6
31025010654,14
31025010633,12
31025010380,9
31025010097,6
31025009806,14
31025009189,12
31025009116,8
31025008863,12
31025008807,8
31025008789,6
31025008313,12
31025008278,12
31025007314,12
31025006040,15
31025004890,14
31025004632,6
31025004413,12
31025004113,6
31025003799,12
31025003583,6
31025003493,12
31025003441,12
31025002617,6
31025002601,12
31025002365,12
31025002205,12
31025002187,12
31025002012,12
31025001843,9
31025001602,12
21025009129,12
21025008864,12
21025008849,12
21025007934,12
21025007901,12
21025007728,12
21025007441,12
21025007159,12
21025000255,2
11025922095,12
11025921383,8
11025921373,4
11025921311,12
11025921271,12
11025918794,12
11025918286,12
11025917855,9
11025917613,12
11025917597,12
11025917538,12
11025917501,2
11025917479,12
11025917462,2
11025917460,12
11025917439,12
11025917436,12
11025917433,12
11025917432,12
11025917397,12
11025917395,12
11025917302,12
11025917249,12
11025917193,12
11025917185,15
11025917184,12
11025917179,2
11025917174,12
11025917165,6
11025917152,12
11025917129,12
11025917104,12
11025917097,12
11025917096,12
11025917081,12
11025917067,12
11025917061,15
11025917037,6
11025917034,12
11025916996,12
11025916455,12
11025916417,12
11025916289,11
11025915826,4
11025915825,12
11025915822,12
11025915292,12
11025912737,12
11025912477,12
11025910836,6
11025910835,12
11025504044,6
11025503881,12
11025503850,12
11025503796,12
11025503700,6
11025503685,12
11025503663,12
11025503661,12
11025503639,12
11025503623,12
11025503589,12
11025503573,6
11025503567,12
11025503564,12
11025503314,12
11025503259,12
11025503242,12
11025503212,12
11025503027,6
11025503026,12
11025503008,12
11025503002,6
11025502996,12
11025502993,12
11025502944,12
11025502828,6
11025502826,6
11025502803,12
11025502759,12
11025502758,12
11025502729,12
11025502700,6
11025502698,6
11025502683,12
11025502673,12
11025502634,12
11025502537,8
11025502454,12
11025502453,12
11025502442,12
11025502436,12
11025502424,12
11025502378,12
11025502337,11
11025502131,3
11025502097,12
11025501879,12
11025501850,12
11025501840,12
11025501839,12
11025501837,12
11025501836,12
11025501677,12
11025501660,2
11025501642,14
11025501595,12
11025501567,12
11025501554,12
11025501521,12
11025501471,12
11025501448,12
11025501447,12
11025501441,12
11025501437,12
11025501379,12
11025501378,12
11025501376,12
11025501375,12
11025501319,12
11025501299,12
11025501255,12
11025501202,12
11025501151,12
11025501044,12
11025501039,1
11025501032,12
11025500862,12
11025500860,12
11025500856,9
11025500854,12
11025500853,12
11025500776,12
11025500775,12
11025500763,12
11025500745,12
11025500739,12
11025500653,12
11025500624,12
11025500599,12
11025500424,12
11025500316,6
11025500281,6
11025500276,6
11025500223,6
11025500219,12
11025500154,12
11025500124,12
11025500115,12
11025500059,12
11025023130,12
11025022391,12
11025021929,12
11025021758,14
11025021728,14
11025021657,12
11025021231,9
11025021228,1
11025020849,6
11025020024,1
11025019250,12
11025019220,12
11025018093,12
11025018068,12
11025017753,12
11025017678,12
11025017421,12
11025016614,12
11025016560,6
11025016433,4
11025015702,12
11025015694,15
11025015692,15
11025015047,12
11025014859,14
11025014844,12
11025014626,12
11025014554,12
11025014527,12
11025014488,12
11025014326,12
11025014297,6
11025014264,15
11025014046,5
11025013388,12
11025012682,12
11025012550,1
11025012370,12
11025012258,12
11025011964,12
11025011826,6
11025011620,12
11025011590,12
11025011505,12
11025011473,12
11025011428,12
11025011219,12
11025011049,14
11025011040,4
11025010913,12
11025010237,12
11025009353,12
90425005174,12
11025919077,2
90525023876,15
31025909663,2
31025009612,12
21025009449,6
21025009439,12
21025009428,12
11025013450,12
11025013172,12
291222000000,12
90925025646,14
80925006905,12
80825032990,14
70625015757,14
70225010390,12
60925014512,1
60625026821,14
50825018637,14
50825018455,1
50625025935,12
40925030744,14
31025912416,12
31025912415,15
31025912178,15
31025909636,12
31025909531,12
31025503307,12
31025502171,12
31025501016,14
31025500909,12
31025500907,12
31025018273,6
31025013770,7
31025012016,14
31025008011,12
31025005399,12
31025004518,6
31025003815,12
31025003744,15
21025006560,12
21025006544,14
11025504045,6
11025503669,12
11025501689,3
11025501514,3
11025501485,15
11025501385,12
11025501058,12
11025500963,12
11025500549,14
11025500054,12
11025022815,6
11025022281,12
11025020928,12
11025019906,12
11025013816,14
11025011329,12
11024023383,6
10925016399,15
10925015354,6
10925002750,1
10925002599,14
31025003136,12
11025501197,12
11025500428,12
11025500204,12
10825019815,6
10425013924,15
70225000249,12
60125012903,12
40625916165,12
31025500915,9
90625014966,12
80725006360,12
60625011611,6
50925016352,6
40623901283,12
31025018147,2
31025016264,12
31025015783,12
31025008845,14
31025001801,12
30624909186,12
30624909185,12
30624909184,12
21025006911,3
11025023728,6
11025020002,12
11025009415,12
60325015638,15
20925030768,12
11025013206,12
300323000000,12
90925013842,15
50925009852,15
40925021032,8
31025013432,12
11025013094,12
90725020681,9
90525025277,15
70525008900,15
60625026859,15
31025501191,15
31025008800,12
31025007046,12
31025003018,12
31025002857,2
31025002761,12
31025002624,12
30925017396,12
20525013456,15
11025501646,12
11025501252,12
11025501108,6
11025022418,12
11025012521,15
11025010463,12
10125001796,15
90625006021,14
40425019070,15
31025911010,6
31025018477,12
31025015828,12
31025015725,12
31025013115,15
31025013038,15
31025012407,12
31025012229,12
31025012044,12
31025011969,12
31025011880,15
31025009230,12
31025009046,12
31025006644,12
31025005761,12
31025005539,12
31025005111,12
31025002850,12
21025008895,12
20125004140,12
11025023681,15
11025021555,2
11025020958,12
11025020627,12
11025020168,12
11025019907,12
11025016138,15
11025014377,12
11025014041,6
11025011539,15
11025010211,12
31025914387,8
31025914385,2
31025914384,12
31025501794,15
31025500688,12
31025500445,12
31025500440,12
31025001980,12
11025014904,14
60325004565,6
50225008497,6
41024009793,12
31025917841,12
31025917760,12
31025917733,12
31025917732,15
31025917703,12
31025917642,12
31025917640,2
31025917404,12
31025917338,6
31025917220,12
31025917162,12
31025917144,15
31025917136,6
31025917119,15
31025917117,6
31025917068,12
31025916990,6
31025916957,15
31025916908,15
31025916901,15
31025916871,12
31025916811,15
31025916729,12
31025916661,15
31025916660,15
31025916659,6
31025916643,15
31025916617,15
31025916609,12
31025916597,15
31025916581,2
31025916559,12
31025916530,12
31025916505,15
31025916497,6
31025916495,15
31025916483,15
31025916481,12
31025916449,15
31025916429,15
31025916389,12
31025916379,15
31025916325,12
31025916323,12
31025916309,12
31025916307,12
31025916303,12
31025916300,9
31025916298,12
31025915492,12
31025915491,12
31025915490,12
31025915074,12
31025915036,12
31025915020,12
31025915017,6
31025915015,15
31025915002,6
31025914978,15
31025914974,15
31025914962,12
31025914928,15
31025914915,12
31025914874,12
31025914845,9
31025914788,12
31025914758,6
31025914721,12
31025914598,6
31025914562,2
31025914557,15
31025914467,15
31025914446,12
31025914435,15
31025914414,15
31025914386,6
31025914267,6
31025914241,6
31025914217,15
31025914118,15
31025914117,2
31025914111,6
31025914088,12
31025914087,15
31025914083,15
31025914068,15
31025914051,12
31025914045,12
31025914031,15
31025914008,15
31025913919,15
31025913889,15
31025913792,12
31025913788,6
31025909962,10
31025908727,12
31025502677,6
31025502576,13
31025502561,2
31025502559,12
31025502490,2
31025502488,2
31025502302,12
31025502122,6
31025502095,12
31025502092,12
31025502026,12
31025502025,12
31025502024,12
31025502023,12
31025502022,12
31025502020,9
31025502019,12
31025502016,12
31025502015,12
31025502014,12
31025502013,12
31025502012,12
31025502010,12
31025501891,12
31025501883,15
31025501881,12
31025501880,12
31025501873,12
31025501865,2
31025501831,12
31025501830,12
31025501817,2
31025501793,12
31025501765,12
31025501744,12
31025501739,12
31025501570,12
31025501569,12
31025501531,6
31025501503,12
31025501502,12
31025501432,12
31025501426,15
31025501334,12
31025501276,12
31025501267,6
31025501100,2
31025501094,12
31025501093,15
31025500989,14
31025500864,12
31025500859,12
31025500852,12
31025500717,12
31025500712,15
31025500516,12
31025500513,12
31025500511,12
31025500439,12
31025500322,12
31025500094,12
31025500070,12
31025019082,12
31025018609,12
31025018598,12
31025018308,12
31025017391,12
31025016254,15
31025015905,15
31025015835,12
31025013694,15
31025013350,15
31025012546,12
31025012384,6
31025011998,12
31025010522,11
31025009618,12
31025009030,11
31025008961,12
31025008954,12
31025008549,15
31025008469,12
31025008142,12
31025007437,12
31025006960,12
31025006357,12
31025006343,12
31025005902,12
31025005466,12
31025004801,12
31025004619,12
31025002775,12
31025002647,12
31025002222,12
31025001937,12
31025001646,9
31025000016,6
21025008683,14
21025008600,6
21025008160,12
21025008086,12
21025007587,12
20925025817,12
11025917626,6
11025917616,12
11025917606,2
11025917549,12
11025917446,6
11025917424,12
11025917418,2
11025917382,12
11025917338,6
11025917301,12
11025917171,12
11025917170,12
11025917168,12
11025917167,9
11025917153,12
11025917076,12
11025917058,6
11025917040,2
11025917033,12
11025917004,12
11025503801,15
11025503769,12
11025503650,12
11025503637,12
11025503620,12
11025503613,12
11025503604,12
11025503582,12
11025503317,12
11025503316,12
11025503315,12
11025503221,12
11025503189,12
11025503043,12
11025502960,12
11025502959,6
11025502951,12
11025502919,12
11025502909,12
11025502854,12
11025502817,12
11025502767,12
11025502746,12
11025502714,12
11025502336,12
11025502238,6
11025501876,12
11025501796,2
11025501724,12
11025501637,12
11025501500,12
11025501213,3
11025501075,12
11025501029,12
11025500915,6
11025500546,12
11025500493,1
11025500158,12
11025500126,15
11025500110,6
11025500109,6
11025500087,14
11025024348,11
11025023171,1
11025020397,12
11025020041,14
11025018915,9
11025016578,1
11025015601,12
11025014677,9
11025013954,14
11025013883,12
11025013753,12
11025013651,15
11025013472,12
11025013395,6
11025013130,14
11025013100,12
11025012884,6
11025010120,3
11025009927,8
11025009518,1
81124008653,6
21025008539,12
31025912207,12
31025911812,6
31025007837,14
11025920189,12
11025503066,6
11025500157,14
11025500060,14
90925012489,15
50925010046,15
31025918575,12
31025502152,12
31025501387,11
11025501246,12
11025500173,14
11025022902,12
11025021194,12
90925014956,12
60525024496,12
60525024189,12
40725033018,6
40724014183,12
31025503417,12
31025503397,14
31025503364,6
31025503177,12
31025503165,6
31025503158,14
31025503157,12
31025503132,6
31025503127,12
31025503027,14
31025503026,12
31025502918,14
31025502692,12
31025502605,12
31025502602,12
31025502597,12
31025502286,14
31025502174,12
31025502112,12
31025502109,12
31025502094,9
31025502075,12
31025501728,14
31025501727,14
31025501705,11
31025501704,12
31025501692,12
31025501687,12
31025501686,12
31025501648,12
31025501566,14
31025501565,14
31025501564,12
31025501499,12
31025501496,12
31025501495,12
31025501493,12
31025501492,12
31025501491,12
31025501489,12
31025501448,12
31025501261,12
31025501254,6
31025501134,12
31025501132,11
31025501130,12
31025501045,12
31025501033,6
31025500386,12
31025500069,12
31025500053,12
31025500038,6
31025019498,12
31025019424,2
31025015667,6
31025015515,12
31025014734,14
31025014325,14
31025013779,6
31025013729,12
31025013573,12
31025013491,12
31025013460,12
31025012637,14
31025012593,12
31025012547,6
31025012077,1
31025011993,12
31025010498,12
31025008472,6
31025008391,14
31025008386,6
31025007842,15
31025007827,15
31025006242,14
31025005716,12
31025005630,12
31025004232,13
31025003146,14
31025002221,12
31025001753,12
30625025358,12
30625011900,12
21025008883,12
20725013726,12
11025504051,2
11025504049,12
11025504035,12
11025503914,12
11025503904,12
11025503894,12
11025503884,6
11025503882,12
11025503877,14
11025503874,14
11025503871,6
11025503864,14
11025503860,12
11025503699,12
11025503687,12
11025503680,12
11025503670,12
11025503643,12
11025503642,12
11025503609,12
11025503608,12
11025503605,12
11025503597,10
11025503595,12
11025503592,12
11025503580,12
11025503542,12
11025503540,12
11025503516,12
11025503152,12
11025503138,12
11025502915,12
11025502809,12
11025502769,12
11025502724,6
11025502678,9
11025502665,6
11025502642,12
11025502616,12
11025502612,12
11025502529,14
11025502492,1
11025502425,12
11025502317,12
11025502304,12
11025502300,12
11025501833,12
11025501823,6
11025501821,12
11025501661,2
11025501633,12
11025501496,12
11025501428,9
11025501262,15
11025501223,12
11025501203,9
11025501097,9
11025501062,12
11025500982,14
11025500913,12
11025500865,12
11025500766,1
11025500649,12
11025500626,12
11025500609,12
11025500598,12
11025500575,12
11025500542,12
11025500485,12
11025500436,12
11025500392,6
11025500291,12
11025500278,6
11025500138,12
11025500103,12
11025500088,12
11025500043,12
11025023159,12
11025022863,12
11025019809,6
11025017922,12
11025017698,14
11025015978,6
11025014515,12
11025013498,14
11025012446,12
11025010791,6
11025009475,12
11025013023,14
31025500017,12
90925013820,15
90625002045,12
70825019441,15
60125015734,15
40425022909,12
30725014884,12
30525007763,14
11025014089,12
10922009963,12
281125000000,6
90725002362,8
90525015300,12
80925001491,13
80825013581,6
70425001488,1
60925009422,14
50925008678,12
40925031327,12
40925008153,12
40925006964,12
40825005683,12
31025917761,12
31025915353,12
31025915125,12
31025914990,12
31025914799,12
31025914772,12
31025914756,12
31025914577,12
31025914464,6
31025914334,6
31025914169,6
31025912441,8
31025910690,1
31025910483,10
31025910477,8
31025910319,12
31025910070,10
31025908930,10
31025503349,12
31025502300,12
31025502229,12
31025502117,2
31025502116,2
31025501768,12
31025501767,1
31025501750,12
31025501568,12
31025501567,12
31025501455,12
31025501372,12
31025501365,12
31025501357,12
31025501340,12
31025501338,12
31025501326,12
31025501268,6
31025501217,12
31025501216,12
31025501215,12
31025501212,12
31025501204,12
31025501203,12
31025501184,8
31025501167,12
31025501030,6
31025500022,15
31025017454,12
31025014711,10
31025014637,12
31025014507,12
31025013505,12
31025013277,12
31025007918,12
31025007054,12
31025006894,12
31025006637,12
31025005607,12
31025001608,12
31025001493,1
30925025838,12
30925015663,6
30525008035,6
30124005296,12
20925026514,6
20925010650,12
20625003044,12
20625002664,12
11025922961,12
11025922083,1
11025921284,1
11025917388,12
11025503785,12
11025503551,12
11025503360,12
11025503351,12
11025503330,12
11025503255,12
11025503245,12
11025503225,12
11025502139,12
11025501953,12
11025501861,12
11025501534,12
11025501421,12
11025501308,12
11025501248,12
11025501144,12
11025500305,12
11025500095,12
11025023446,1
11025022406,12
11025022279,12
11025021882,12
11025020834,12
11025015409,12
11025014984,12
11025013339,12
11025012652,12
11025011818,12
11025010146,1
10925003067,6
280322000000,12
90925018829,6
70725003831,6
50925011421,1
50825015085,12
50625022228,12
40425008602,12
31025918334,12
31025917189,6
31025917116,12
31025916877,15
31025916763,12
31025916761,12
31025916726,12
31025915065,12
31025915062,12
31025914590,12
31025914030,6
31025913955,6
31025911340,12
31025503334,12
31025503333,12
31025502900,6
31025502861,14
31025502860,10
31025501745,12
31025501579,12
31025501577,12
31025501576,12
31025501572,12
31025501454,12
31025501434,12
31025501377,12
31025501376,12
31025501375,12
31025501373,12
31025501371,12
31025501370,6
31025501367,12
31025501362,12
31025501358,12
31025501354,12
31025501343,12
31025501335,12
31025501331,12
31025501330,12
31025501329,12
31025501328,12
31025501327,12
31025501325,12
31025501324,12
31025501321,12
31025501317,12
31025501315,12
31025501312,12
31025501310,12
31025501309,12
31025501308,12
31025501307,12
31025501306,12
31025501303,12
31025501298,12
31025501297,12
31025501296,12
31025501294,12
31025501293,12
31025501292,12
31025501290,12
31025501288,12
31025501287,12
31025501270,12
31025501206,12
31025501200,12
31025501197,12
31025501196,12
31025501189,1
31025501188,1
31025501186,2
31025501185,12
31025501181,12
31025501097,12
31025501086,14
31025501082,8
31025501079,12
31025501076,12
31025501075,12
31025501070,12
31025501067,8
31025500861,12
31025500364,12
31025500361,12
31025500360,12
31025500002,13
31025019479,1
31025019404,12
31025019297,12
31025019272,1
31025019213,1
31025018951,12
31025018514,6
31025017930,12
31025017481,1
31025016700,6
31025016151,6
31025016144,8
31025015941,12
31025015209,12
31025014715,1
31025014658,12
31025014646,12
31025014291,12
31025013902,12
31025013591,12
31025013449,12
31025013294,12
31025013268,12
31025013253,12
31025013218,12
31025012845,12
31025012629,12
31025011914,12
31025011485,14
31025010687,12
31025010491,6
31025010354,6
31025010338,6
31025010087,6
31025009548,6
31025009465,12
31025008802,6
31025008523,6
31025008503,1
31025008491,12
31025008447,6
31025008285,6
31025008088,12
31025008066,12
31025007940,12
31025007796,12
31025007737,12
31025007389,12
31025007249,12
31025007172,9
31025006975,6
31025006815,6
31025006691,12
31025005742,6
31025003976,6
31025003911,12
31025003725,1
31025003158,12
31025003144,1
31025003062,12
31025002941,6
31025001359,12
30925027639,14
21025009445,12
21025008839,12
21025008159,8
21025008054,12
21025007870,12
21025006779,1
21025006777,14
21025006764,14
21025006587,12
11025922081,1
11025922078,1
11025921379,12
11025921371,1
11025921330,1
11025921287,1
11025916453,1
11025916445,12
11025916442,12
11025916295,12
11025916293,12
11025916282,1
11025915750,12
11025913928,10
11025503839,9
11025503836,12
11025503710,6
11025503335,12
11025503334,12
11025503332,12
11025503299,12
11025503293,12
11025503269,12
11025503260,12
11025503257,12
11025503241,12
11025503237,12
11025503226,12
11025501774,8
11025501565,14
11025501429,6
11025501368,12
11025501350,11
11025501247,12
11025501141,12
11025501124,2
11025501087,12
11025500891,12
11025500652,12
11025500602,12
11025500464,12
11025500041,12
11025023673,1
11025023436,6
11025022690,12
11025020898,12
11025020261,6
11025019905,6
11025019664,12
11025019647,8
11025016474,1
11025015173,8
11025015040,1
11025014740,12
11025014591,1
11025014312,12
11025013955,12
11025013793,12
11025013713,12
11025012699,6
11025012534,12
11025011886,6
11025011231,12
11025011042,12
11025010973,12
11025009581,12
11025922231,1
31025019556,12
31025008346,12
31025008239,12
31025008225,4
31025004988,12
30424007010,12
11025502203,13
11025023084,12
80225004758,14
50925025995,12
31025014796,2
31025012936,12
31025002377,2
11025502702,14
11025012459,12
11025009370,6
80125022808,12
31025503407,12
80225004795,12
50925028551,12
50625018239,6
31025004606,12
31025002191,12
21025006709,12
20923004679,12
10925009656,12
10825026596,12
10725031524,12
10725031485,12
10725011851,12
10425017559,6
90925012464,12
60825017247,12
60125015785,15
40925010535,12
31025500727,12
31025006944,12
31025003707,6
30925010608,12
20525014189,12
11025000260,15
31025011765,12
31025007877,12
30925010639,12
11025502741,14
11025501420,12
11025500505,12
11025500433,12
11025500148,12
11025500080,14
11025500009,14
11025021593,12
10925017382,11
90725006427,6
50925028270,1
50925020774,12
50825028114,12
50625026145,4
40625031504,12
31025914383,15
31025914382,2
31025914381,12
31025914379,2
31025914378,2
31025914377,2
31025914373,12
31025914362,12
31025914359,6
31025914357,15
31025914355,12
31025914329,12
31025914328,12
31025914327,9
31025914257,6
31025912402,2
31025912293,12
31025912252,12
31025912244,12
31025912243,12
31025912217,6
31025912216,6
31025912213,6
31025912212,6
31025912211,6
31025912209,12
31025912206,15
31025912200,12
31025912172,12
31025911828,12
31025911815,12
31025911814,12
31025911813,15
31025911811,12
31025911810,15
31025911809,12
31025911807,15
31025911806,2
31025911805,12
31025910004,12
31025909879,12
31025909870,12
31025909859,12
31025909855,12
31025909846,6
31025909843,12
31025909841,6
31025909834,12
31025909819,12
31025909709,12
31025909600,6
31025909568,12
31025909494,12
31025909303,12
31025909283,12
31025908631,6
31025908609,12
31025907430,12
31025907424,12
31025907419,6
31025907351,2
31025907349,12
31025907348,6
31025907346,15
31025907345,15
31025907343,15
31025906729,12
31025503308,12
31025503260,12
31025503259,12
31025503163,14
31025503136,12
31025503128,12
31025502808,12
31025502807,12
31025502743,12
31025502599,12
31025502598,12
31025502596,12
31025502595,2
31025502593,9
31025502591,12
31025502589,12
31025502560,11
31025502166,12
31025502033,12
31025501732,14
31025501256,12
31025501139,14
31025501044,6
31025501043,6
31025501041,12
31025501040,12
31025501039,12
31025501038,12
31025501035,12
31025500050,12
31025500044,15
31025500043,15
31025017414,1
31025016984,9
31025015963,12
31025015745,12
31025012750,11
31025012471,12
31025011875,12
31025010249,12
31025010229,15
31025010099,12
31025009968,12
31025009349,12
31025009246,12
31025009161,12
31025009080,12
31025008998,12
31025008794,6
31025008775,6
31025008546,12
31025007867,12
31025007607,6
31025007595,6
31025005708,14
31025004612,12
31025003927,12
31025003914,12
31025003401,12
31025002317,6
31025002202,12
30325002228,12
21025009455,2
21025008271,11
21025007904,15
20224008081,12
20125010564,12
11025922775,12
11025504047,14
11025503780,12
11025503773,2
11025503760,12
11025503576,12
11025503532,12
11025503162,6
11025503009,12
11025502986,11
11025502934,12
11025502768,2
11025502674,12
11025502620,12
11025502570,12
11025502462,9
11025502456,12
11025502433,12
11025502278,2
11025502233,12
11025502230,6
11025502047,12
11025502045,12
11025501996,12
11025501894,2
11025501886,12
11025501825,12
11025501824,12
11025501819,12
11025501653,12
11025501445,12
11025501431,12
11025501267,12
11025501211,12
11025501145,12
11025501059,12
11025501056,13
11025500804,12
11025500625,12
11025500572,12
11025500571,15
11025500543,6
11025500329,15
11025500328,12
11025500322,12
11025500120,12
11025500093,14
11025500078,14
11025500063,12
11025023397,12
11025020519,12
11025019852,6
11025019686,5
11025019308,12
11025018328,6
11025018161,12
11025017695,14
11025017038,6
11025016706,12
11025016566,12
11025016236,6
11025016124,12
11025013733,14
11025013662,12
11025013152,12
11025012939,15
11025012907,12
11025012598,6
11025010726,12
11025010139,15
80925022404,12
71024006552,12
70825009893,12
31025919413,2
31025919411,12
31025919409,12
31025919032,12
31025919031,6
31025918572,12
31025915663,14
31025013128,14
31025011795,14
31025008851,12
31025006141,3
31025003317,6
11025923330,15
11025923326,9
11025918940,6
11025918917,12
11025918888,2
11025918710,6
11025918709,6
11025911302,2
11025910988,6
11025910987,12
11025012036,14
11025009529,15
31025012398,15
31025011949,6
31025006258,8
31025004738,6
11025918842,12
11025502132,12
11025016636,6
11025016347,6
11025014721,6
11025014547,15
10825026797,12
181023000000,12
90925021441,12
90725004025,6
80925033382,12
80925033272,12
80925031369,1
80925014627,12
80925014379,12
80825033384,14
80625002830,6
70725025071,6
60825024325,14
60725003991,12
60625026304,6
60224008313,12
50625014939,12
40825005081,12
31025503250,12
31025019286,8
31025017990,12
31025006617,7
31025004168,10
21025008660,14
21025007097,8
20925026974,6
20925018680,12
20824015672,12
11025920104,12
11025502918,12
11025502812,12
11025501817,12
11025501813,12
11025501503,12
11025022764,12
11025020302,6
11025019649,1
11025018246,12
11025015441,15
10925003955,12
10725019572,6
80825013707,12
31025500032,15
31025500028,12
11025502578,12
11025501206,12
11025500527,15
60625028149,15
31025502547,12
31025501220,12
31025500026,12
31025500015,12
31025500014,12
31025018855,15
11025500858,12
11025500857,12
11025500526,15
11025500246,12
11025500064,12
11025009642,6
90625017512,9
90625004431,12
90625002001,12
90525023616,15
80925034324,8
50925020855,12
50625014527,12
31025916330,12
31025913630,12
31025910065,12
31025501738,12
31025501712,14
31025500389,15
31025500351,12
31025015944,6
31025015873,6
31025015767,6
31025015722,12
31025015611,12
31025014956,6
31025013529,6
31025013279,12
31025012168,2
31025010701,12
31025009634,12
31025008831,12
31025008265,12
31025007710,2
31025005525,12
31025005474,14
31025003508,9
31025003326,12
31025002606,15
31025001707,15
31025001424,12
30325002721,2
21025007861,9
21025006823,12
20925017335,6
11025921600,3
11025503865,12
11025502325,12
11025501473,12
11025500621,12
11025500616,12
11025021571,2
11025020661,12
11025019616,12
11025018229,2
11025018139,12
11025016986,12
11025016162,12
11025016131,12
11025013838,2
11025009692,12
11025000138,12
11025000135,15
11025000122,12
11025000116,12
11025000112,12
190724000000,12
160324000000,12
80925016168,12
80925007408,12
80725007180,6
70825032339,6
70824014353,12
70725026407,12
70725005243,6
60825035857,6
60825014481,12
60824019381,12
60625019953,6
50925016354,12
50825034095,12
50424008456,2
40925030565,12
40925011025,12
40425021276,12
31025919511,12
31025918338,12
31025917932,12
31025917931,12
31025917903,12
31025917901,12
31025917900,12
31025917892,12
31025917890,12
31025917888,6
31025917887,12
31025917886,12
31025917881,6
31025917880,12
31025917877,15
31025917875,15
31025917874,12
31025917872,12
31025917870,12
31025917868,6
31025917866,12
31025917865,2
31025917862,12
31025917857,8
31025917856,12
31025917855,12
31025917853,12
31025917851,9
31025917845,15
31025917842,12
31025917839,15
31025917836,9
31025917833,6
31025917831,15
31025917829,12
31025917828,12
31025917827,12
31025917821,6
31025917820,15
31025917817,15
31025917804,12
31025917803,15
31025917800,12
31025917798,12
31025917792,12
31025917791,12
31025917789,15
31025917780,15
31025917779,15
31025917772,12
31025917770,12
31025917769,12
31025917767,12
31025917766,12
31025917763,2
31025917759,12
31025917757,15
31025917754,12
31025917751,12
31025917742,12
31025917738,12
31025917734,6
31025917730,12
31025917721,12
31025917688,6
31025917685,12
31025917682,13
31025917675,12
31025917674,2
31025917669,6
31025917664,12
31025917662,12
31025917635,12
31025917627,6
31025917626,6
31025917615,12
31025917614,15
31025917613,12
31025917603,12
31025917602,15
31025917599,12
31025917591,15
31025917590,12
31025917586,12
31025917578,12
31025917575,12
31025917417,12
31025917392,8
31025917390,12
31025917389,12
31025917387,12
31025917386,6
31025917385,6
31025917384,15
31025917381,12
31025917378,6
31025917371,12
31025917367,12
31025917366,12
31025917365,15
31025917361,12
31025917360,2
31025917357,12
31025917356,15
31025917353,15
31025917347,15
31025917345,15
31025917341,15
31025917340,12
31025917339,6
31025917337,15
31025917336,15
31025917335,15
31025917334,15
31025917333,12
31025917327,12
31025917326,12
31025917324,12
31025917321,12
31025917319,12
31025917317,15
31025917316,6
31025917305,12
31025917304,12
31025917302,6
31025917293,12
31025917291,12
31025917289,12
31025917288,12
31025917286,12
31025917284,12
31025917283,12
31025917280,15
31025917278,6
31025917275,12
31025917273,12
31025917268,6
31025917267,12
31025917253,12
31025917251,12
31025917249,12
31025917247,12
31025917243,12
31025917238,12
31025917235,12
31025917233,6
31025917231,12
31025917230,12
31025917228,6
31025917225,15
31025917217,6
31025917214,6
31025917212,15
31025917210,15
31025917201,6
31025917195,12
31025917192,15
31025917172,15
31025917171,12
31025917166,15
31025917165,6
31025917161,15
31025917131,6
31025917127,6
31025917113,6
31025917111,12
31025917108,15
31025917100,15
31025917093,12
31025917092,6
31025917091,15
31025917088,12
31025917087,12
31025917086,12
31025917085,12
31025917084,12
31025917078,6
31025917071,6
31025917067,12
31025917041,15
31025917040,6
31025917039,15
31025917038,15
31025917037,14
31025917036,12
31025917034,12
31025917033,12
31025917026,6
31025917018,15
31025917014,12
31025916995,15
31025916993,6
31025916992,6
31025916991,6
31025916987,15
31025916983,2
31025916981,6
31025916979,15
31025916968,12
31025916959,12
31025916958,12
31025916940,12
31025916938,15
31025916935,15
31025916928,12
31025916927,12
31025916925,12
31025916919,12
31025916917,6
31025916913,6
31025916911,15
31025916910,6
31025916909,15
31025916907,6
31025916905,15
31025916904,15
31025916903,12
31025916898,15
31025916897,15
31025916896,15
31025916893,6
31025916891,15
31025916883,15
31025916880,13
31025916879,12
31025916873,5
31025916870,15
31025916869,12
31025916868,12
31025916864,12
31025916838,6
31025916831,2
31025916826,15
31025916817,6
31025916816,6
31025916815,6
31025916814,6
31025916812,15
31025916808,6
31025916804,15
31025916801,15
31025916800,12
31025916799,15
31025916798,15
31025916796,15
31025916793,15
31025916790,12
31025916788,6
31025916784,2
31025916781,12
31025916778,12
31025916774,12
31025916771,6
31025916758,12
31025916756,15
31025916753,6
31025916752,12
31025916750,15
31025916742,12
31025916738,12
31025916727,15
31025916723,6
31025916721,6
31025916719,15
31025916718,13
31025916716,15
31025916710,6
31025916696,12
31025916690,6
31025916687,6
31025916678,12
31025916677,12
31025916675,12
31025916662,15
31025916656,15
31025916655,15
31025916654,15
31025916652,15
31025916651,6
31025916642,12
31025916640,6
31025916633,12
31025916616,12
31025916615,15
31025916608,12
31025916606,12
31025916599,12
31025916596,12
31025916595,12
31025916592,6
31025916590,15
31025916588,15
31025916585,15
31025916584,6
31025916583,12
31025916582,15
31025916579,6
31025916578,15
31025916575,6
31025916574,6
31025916572,12
31025916564,15
31025916563,12
31025916557,2
31025916553,12
31025916552,12
31025916546,12
31025916535,15
31025916531,9
31025916525,6
31025916523,12
31025916522,12
31025916521,6
31025916519,6
31025916516,12
31025916508,15
31025916507,15
31025916500,12
31025916499,12
31025916496,6
31025916493,6
31025916485,12
31025916482,15
31025916479,12
31025916478,15
31025916475,15
31025916472,6
31025916471,6
31025916470,6
31025916462,6
31025916460,12
31025916457,11
31025916456,12
31025916454,12
31025916446,6
31025916445,15
31025916442,15
31025916440,15
31025916430,15
31025916426,12
31025916420,6
31025916412,12
31025916402,12
31025916398,12
31025916394,12
31025916393,12
31025916392,12
31025916390,2
31025916385,2
31025916383,15
31025916372,6
31025916370,15
31025916368,12
31025916364,6
31025916361,15
31025916360,15
31025916359,12
31025916358,15
31025916357,12
31025916352,2
31025916351,12
31025916348,12
31025916343,12
31025916341,15
31025916336,12
31025916335,15
31025916334,15
31025916332,12
31025916331,12
31025916328,12
31025916327,9
31025916324,12
31025916322,15
31025916321,12
31025916320,12
31025916317,12
31025916314,12
31025916306,12
31025916301,12
31025916297,12
31025915138,15
31025915137,12
31025915134,11
31025915131,12
31025915129,12
31025915128,2
31025915127,12
31025915123,11
31025915120,11
31025915119,6
31025915115,12
31025915112,11
31025915109,15
31025915107,11
31025915105,6
31025915100,6
31025915098,15
31025915092,12
31025915091,12
31025915089,12
31025915086,15
31025915081,12
31025915080,12
31025915076,11
31025915066,6
31025915061,2
31025915058,15
31025915057,11
31025915056,6
31025915055,12
31025915042,15
31025915041,12
31025915034,6
31025915027,12
31025915026,15
31025915025,11
31025915014,6
31025915006,12
31025915004,12
31025915003,6
31025915000,6
31025914996,12
31025914995,12
31025914994,15
31025914993,12
31025914983,15
31025914982,15
31025914981,12
31025914970,6
31025914967,15
31025914965,15
31025914960,11
31025914957,11
31025914946,15
31025914939,9
31025914938,12
31025914937,12
31025914927,6
31025914921,15
31025914911,15
31025914904,6
31025914899,15
31025914876,15
31025914871,11
31025914868,12
31025914867,6
31025914864,15
31025914863,12
31025914861,12
31025914858,6
31025914857,12
31025914843,12
31025914836,12
31025914834,2
31025914829,6
31025914825,6
31025914822,12
31025914812,15
31025914807,12
31025914800,12
31025914798,12
31025914782,12
31025914777,12
31025914768,6
31025914767,12
31025914741,6
31025914738,6
31025914666,12
31025914656,12
31025914616,15
31025914595,15
31025914591,12
31025914588,15
31025914585,15
31025914581,12
31025914565,12
31025914564,12
31025914563,12
31025914558,15
31025914543,12
31025914529,12
31025914525,6
31025914524,6
31025914520,6
31025914518,15
31025914516,15
31025914511,15
31025914502,12
31025914494,12
31025914490,6
31025914480,12
31025914479,11
31025914478,6
31025914472,12
31025914471,12
31025914468,12
31025914453,6
31025914445,6
31025914441,6
31025914437,12
31025914415,12
31025914406,12
31025914405,6
31025914404,6
31025914397,12
31025914395,12
31025914375,15
31025914366,6
31025914354,12
31025914352,12
31025914350,12
31025914346,2
31025914344,12
31025914342,11
31025914339,12
31025914338,6
31025914337,12
31025914335,12
31025914333,12
31025914332,12
31025914319,6
31025914312,12
31025914307,15
31025914292,12
31025914284,6
31025914276,12
31025914269,15
31025914261,6
31025914260,11
31025914251,6
31025914245,12
31025914243,12
31025914234,6
31025914231,6
31025914229,15
31025914223,12
31025914218,6
31025914213,6
31025914208,12
31025914205,12
31025914196,6
31025914192,12
31025914191,15
31025914189,15
31025914188,6
31025914187,6
31025914182,12
31025914177,15
31025914167,12
31025914152,6
31025914146,6
31025914141,6
31025914137,15
31025914132,15
31025914131,15
31025914125,12
31025914090,12
31025914086,12
31025914085,12
31025914084,12
31025914080,6
31025914072,12
31025914067,15
31025914065,12
31025914064,6
31025914059,6
31025914048,12
31025914046,15
31025914022,12
31025914016,9
31025914005,12
31025913993,12
31025913967,15
31025913964,12
31025913950,6
31025913949,6
31025913944,12
31025913922,12
31025913916,6
31025913914,12
31025913905,15
31025913898,6
31025913896,12
31025913875,12
31025913872,15
31025913851,15
31025913832,6
31025913823,12
31025913822,6
31025913821,2
31025913820,12
31025913814,6
31025913813,6
31025913811,15
31025913805,12
31025913801,6
31025913798,15
31025913793,6
31025913791,12
31025913790,12
31025913789,12
31025913759,12
31025913655,12
31025913569,12
31025912512,14
31025912511,3
31025912510,8
31025912509,12
31025912442,12
31025912440,12
31025912439,12
31025912433,12
31025912430,12
31025912427,13
31025912426,12
31025912425,6
31025912424,12
31025912421,12
31025912286,15
31025912255,12
31025912254,12
31025912253,12
31025912251,6
31025912249,6
31025912248,12
31025912247,12
31025912246,12
31025912245,12
31025912242,6
31025912241,12
31025912240,12
31025912239,12
31025912219,12
31025912170,2
31025911343,12
31025911339,12
31025911338,12
31025911337,12
31025911336,12
31025911335,6
31025911334,6
31025911333,12
31025911332,6
31025911331,12
31025911330,2
31025911011,12
31025910996,12
31025910994,12
31025910683,12
31025910681,12
31025910486,6
31025910485,13
31025910482,12
31025910480,12
31025910479,12
31025910478,12
31025910327,12
31025910326,12
31025910325,12
31025910324,12
31025910321,12
31025910320,6
31025910318,12
31025910317,12
31025910316,12
31025910315,12
31025910314,12
31025910313,6
31025910109,12
31025910106,12
31025910071,12
31025910068,6
31025910060,12
31025910039,12
31025910037,12
31025910035,12
31025910034,13
31025910032,13
31025909842,12
31025909697,12
31025909678,12
31025909619,12
31025909594,12
31025909152,12
31025909150,12
31025909145,12
31025909142,13
31025909141,12
31025909140,12
31025908933,13
31025908932,13
31025908927,12
31025908926,12
31025908924,12
31025908923,12
31025908781,12
31025503263,12
31025503262,12
31025503252,6
31025503247,15
31025503225,12
31025503131,14
31025503071,12
31025503024,2
31025502923,12
31025502679,12
31025502583,6
31025502578,12
31025502574,12
31025502572,12
31025502569,2
31025502563,9
31025502558,12
31025502527,2
31025502484,12
31025502482,15
31025502455,12
31025502449,12
31025502437,6
31025502424,6
31025502339,6
31025502243,12
31025502233,12
31025502231,12
31025502128,15
31025502127,13
31025502125,6
31025502114,12
31025502105,15
31025502103,15
31025502093,12
31025502091,12
31025502086,12
31025502081,12
31025502080,12
31025502079,6
31025502078,12
31025502047,9
31025502046,9
31025502011,12
31025501894,9
31025501893,9
31025501887,2
31025501886,15
31025501884,15
31025501882,12
31025501879,2
31025501878,2
31025501877,12
31025501876,12
31025501875,12
31025501874,12
31025501872,12
31025501864,10
31025501863,6
31025501862,2
31025501842,12
31025501840,12
31025501839,12
31025501838,12
31025501837,12
31025501828,12
31025501827,12
31025501826,12
31025501824,12
31025501823,12
31025501820,12
31025501819,12
31025501808,12
31025501804,12
31025501803,12
31025501800,12
31025501791,6
31025501790,12
31025501789,6
31025501787,6
31025501785,12
31025501784,12
31025501783,12
31025501782,6
31025501781,12
31025501780,12
31025501778,12
31025501777,12
31025501776,12
31025501763,6
31025501759,12
31025501758,12
31025501755,12
31025501734,14
31025501642,12
31025501613,12
31025501559,12
31025501557,6
31025501501,12
31025501452,15
31025501451,12
31025501443,6
31025501437,12
31025501428,12
31025501427,12
31025501419,12
31025501382,6
31025501380,12
31025501379,12
31025501352,12
31025501351,12
31025501271,12
31025501214,12
31025501207,12
31025501205,12
31025501195,12
31025501192,15
31025501190,15
31025501183,12
31025501182,12
31025501099,12
31025501095,12
31025501084,10
31025501081,12
31025501078,12
31025501073,12
31025501014,12
31025500855,12
31025500713,6
31025500711,12
31025500710,12
31025500709,12
31025500706,12
31025500702,15
31025500701,15
31025500700,12
31025500699,12
31025500495,13
31025500488,12
31025500470,12
31025500464,12
31025500447,14
31025500443,12
31025500392,15
31025500391,2
31025500390,13
31025500346,12
31025500303,12
31025500302,12
31025500301,12
31025500300,12
31025500107,12
31025500105,12
31025500104,12
31025500097,2
31025500096,12
31025500093,12
31025500092,12
31025500091,6
31025500086,12
31025500084,12
31025500068,6
31025500067,15
31025500065,12
31025500064,12
31025500062,12
31025500031,15
31025500030,15
31025500029,15
31025500025,6
31025500024,15
31025500023,15
31025500019,12
31025500007,12
31025019631,8
31025019549,12
31025019520,12
31025019517,12
31025019193,12
31025018129,12
31025018047,9
31025017998,12
31025016122,8
31025016068,8
31025015951,12
31025015568,1
31025015457,2
31025015241,12
31025015023,12
31025014659,12
31025012926,8
31025012311,12
31025012180,8
31025012152,6
31025011994,14
31025011800,11
31025011738,12
31025011716,1
31025011305,12
31025011143,6
31025011068,2
31025010632,6
31025010411,12
31025010363,12
31025010231,6
31025009648,12
31025008311,15
31025008138,12
31025007631,1
31025007574,12
31025007534,12
31025007464,12
31025007328,12
31025007251,12
31025006974,12
31025006786,6
31025006569,12
31025006346,12
31025006287,12
31025006145,12
31025005928,9
31025005794,12
31025005790,12
31025005788,12
31025005635,9
31025005626,6
31025005594,2
31025005532,12
31025005418,14
31025005177,9
31025004789,12
31025004742,6
31025004382,2
31025004371,12
31025004231,12
31025003880,1
31025003505,12
31025003474,12
31025003367,12
31025003348,11
31025003272,14
31025003256,1
31025003183,12
31025002967,15
31025002813,12
31025002696,15
31025002224,12
31025001961,11
31025001832,12
31025001806,12
31025001422,12
31025001285,12
30925013112,12
30625032530,12
30125015697,15
21025009050,12
21025008880,12
21025007361,12
20925027513,6
11025922768,12
11025922316,12
11025922256,15
11025922252,12
11025922093,4
11025922092,12
11025922091,12
11025922082,12
11025921407,6
11025921397,12
11025921381,14
11025921377,12
11025921375,12
11025921340,4
11025921277,14
11025921276,12
11025918822,12
11025918820,12
11025918814,15
11025918813,12
11025918798,6
11025918797,12
11025918786,12
11025918780,12
11025918748,12
11025918746,12
11025918307,12
11025918175,12
11025918174,6
11025917854,8
11025917820,12
11025917741,12
11025917691,6
11025917670,2
11025917624,6
11025917621,15
11025917619,12
11025917618,12
11025917617,12
11025917615,12
11025917609,12
11025917608,2
11025917607,12
11025917604,12
11025917595,12
11025917583,12
11025917581,12
11025917579,1
11025917572,12
11025917561,12
11025917557,6
11025917554,12
11025917553,12
11025917548,12
11025917539,15
11025917536,12
11025917532,12
11025917512,2
11025917506,12
11025917493,12
11025917459,12
11025917422,15
11025917420,12
11025917419,15
11025917417,12
11025917413,6
11025917406,12
11025917392,12
11025917390,12
11025917389,15
11025917381,9
11025917380,12
11025917342,12
11025917337,9
11025917332,12
11025917329,15
11025917305,12
11025917296,2
11025917269,12
11025917247,12
11025917238,6
11025917213,12
11025917203,6
11025917202,12
11025917201,12
11025917199,6
11025917194,12
11025917191,15
11025917173,12
11025917163,12
11025917158,12
11025917151,9
11025917142,12
11025917099,9
11025917091,15
11025917070,15
11025917069,6
11025917064,12
11025917044,12
11025917035,6
11025916997,12
11025916440,12
11025916436,4
11025916425,12
11025916422,12
11025916414,8
11025916290,4
11025916270,12
11025916267,12
11025916266,12
11025916265,8
11025915815,12
11025915814,12
11025915807,12
11025915799,12
11025915751,12
11025915289,12
11025915287,9
11025914209,8
11025913358,12
11025913006,12
11025912772,6
11025912770,12
11025912769,6
11025912767,12
11025911515,6
11025911513,12
11025911275,6
11025504043,12
11025504034,12
11025504031,12
11025504030,2
11025504023,3
11025503999,4
11025503996,12
11025503991,12
11025503990,12
11025503989,4
11025503988,6
11025503983,12
11025503979,4
11025503977,4
11025503976,12
11025503967,12
11025503961,4
11025503960,7
11025503957,4
11025503831,12
11025503826,12
11025503818,12
11025503811,15
11025503809,15
11025503806,12
11025503783,3
11025503781,2
11025503695,12
11025503693,12
11025503688,12
11025503683,12
11025503666,12
11025503665,12
11025503648,12
11025503646,12
11025503615,6
11025503614,12
11025503586,12
11025503560,12
11025503553,6
11025503541,12
11025503537,12
11025503493,8
11025503492,8
11025503490,8
11025503487,12
11025503353,12
11025503313,12
11025503312,12
11025503187,12
11025503184,12
11025503088,12
11025503041,12
11025503013,12
11025502995,9
11025502971,6
11025502962,12
11025502958,6
11025502943,12
11025502942,12
11025502927,12
11025502921,12
11025502903,12
11025502902,12
11025502899,12
11025502898,12
11025502871,6
11025502860,6
11025502849,6
11025502847,12
11025502846,12
11025502844,12
11025502839,6
11025502838,12
11025502835,12
11025502834,12
11025502833,12
11025502832,2
11025502829,12
11025502816,12
11025502814,12
11025502805,12
11025502802,12
11025502800,12
11025502785,12
11025502774,12
11025502732,12
11025502711,12
11025502710,12
11025502709,12
11025502681,12
11025502670,6
11025502668,12
11025502667,12
11025502666,12
11025502657,12
11025502656,12
11025502655,12
11025502652,12
11025502651,12
11025502649,12
11025502638,12
11025502636,12
11025502624,6
11025502596,12
11025502587,12
11025502582,12
11025502581,12
11025502577,12
11025502559,9
11025502557,12
11025502553,12
11025502538,12
11025502526,14
11025502498,15
11025502484,12
11025502483,12
11025502435,12
11025502409,12
11025502408,12
11025502404,12
11025502403,12
11025502401,12
11025502396,12
11025502393,12
11025502390,15
11025502377,12
11025502376,6
11025502375,12
11025502357,9
11025502355,15
11025502354,15
11025502353,12
11025502352,15
11025502347,2
11025502345,9
11025502330,11
11025502328,13
11025502321,12
11025502319,12
11025502316,12
11025502174,15
11025502173,12
11025502172,12
11025502099,12
11025502093,7
11025501958,12
11025501957,12
11025501954,12
11025501882,12
11025501877,12
11025501870,15
11025501860,12
11025501845,12
11025501795,12
11025501687,12
11025501645,12
11025501643,14
11025501568,12
11025501537,12
11025501476,12
11025501423,12
11025501409,12
11025501362,15
11025501361,15
11025501327,15
11025501326,15
11025501325,15
11025501306,12
11025501292,15
11025501281,12
11025501270,11
11025501265,15
11025501264,15
11025501261,6
11025501241,12
11025501168,12
11025501116,15
11025501086,12
11025501070,12
11025501068,15
11025501067,6
11025501066,12
11025501031,12
11025501006,12
11025501002,12
11025500960,9
11025500955,12
11025500953,12
11025500946,12
11025500911,2
11025500825,2
11025500820,6
11025500819,15
11025500810,12
11025500797,6
11025500772,12
11025500758,12
11025500750,12
11025500743,12
11025500742,12
11025500730,9
11025500636,6
11025500601,12
11025500600,12
11025500569,12
11025500568,15
11025500553,12
11025500548,12
11025500515,12
11025500503,9
11025500491,12
11025500463,9
11025500461,12
11025500399,12
11025500385,15
11025500334,12
11025500321,14
11025500310,15
11025500309,12
11025500295,12
11025500292,6
11025500264,12
11025500195,6
11025500194,12
11025500174,14
11025500170,12
11025500168,12
11025500152,12
11025500127,12
11025500122,6
11025500107,6
11025500105,12
11025500076,15
11025500075,15
11025500070,15
11025500066,12
11025500050,12
11025500042,9
11025500035,9
11025500027,6
11025500013,12
11025500008,15
11025500004,15
11025024153,12
11025024041,15
11025023764,15
11025023737,15
11025023718,15
11025023361,14
11025023337,6
11025023212,6
11025022893,12
11025022411,6
11025021645,14
11025021471,14
11025021334,6
11025021220,12
11025021006,12
11025020894,12
11025020689,12
11025020624,12
11025020557,11
11025020358,12
11025020274,14
11025020235,1
11025019789,12
11025019232,12
11025018258,6
11025018205,12
11025018116,12
11025016969,9
11025016346,12
11025015746,12
11025015679,12
11025015652,12
11025015649,2
11025015548,1
11025015274,12
11025014841,12
11025014658,10
11025014285,6
11025013699,14
11025013470,12
11025013396,6
11025013331,6
11025013309,12
11025013020,12
11025012892,12
11025012633,12
11025012464,12
11025012279,12
11025012010,12
11025011825,12
11025011769,15
11025011090,15
11025010448,12
11025010360,12
11025010150,12
11025010131,12
11025009990,12
11025009491,12
11025009267,12
11025006291,5
11025005852,6
11025000097,12
11025000082,6
11025000069,12
10925008039,12
10825031471,6
280224000000,12
200324000000,12
90925033372,12
90825009653,14
90724004912,1
90724004200,6
90625005402,14
90425014365,6
90425009978,12
80925035526,12
80925030681,6
80925014059,8
80425005401,14
70825031071,12
70825029106,12
70125009297,6
61124018339,6
60925009338,12
60825031517,6
51224013514,6
50825034597,6
50825020855,14
50725018203,12
50625009947,6
50623006358,12
41124009927,6
40925018634,12
40925014915,12
40925000118,12
40425005625,10
31025915497,15
31025912221,12
31025912220,12
31025910760,6
31025910751,12
31025910074,15
31025910038,9
31025909955,2
31025909936,2
31025909813,2
31025909781,2
31025909746,15
31025909566,12
31025909563,12
31025909560,12
31025909528,6
31025908736,12
31025908698,2
31025908693,2
31025908689,12
31025908686,2
31025908678,12
31025908672,12
31025908671,6
31025908670,12
31025503023,6
31025503022,6
31025503021,12
31025502931,12
31025502683,12
31025502489,12
31025502486,6
31025502255,12
31025502253,12
31025502251,12
31025502088,12
31025502087,12
31025502007,12
31025501963,14
31025501953,14
31025501952,14
31025501941,14
31025501926,14
31025501861,12
31025501860,12
31025501859,6
31025501857,12
31025501856,12
31025501855,12
31025501854,12
31025501853,12
31025501852,12
31025501851,12
31025501850,12
31025501849,2
31025501846,12
31025501845,12
31025501844,12
31025501658,12
31025501655,12
31025501646,12
31025501645,12
31025501487,12
31025501484,12
31025501266,12
31025501265,12
31025501263,12
31025501262,12
31025501228,12
31025501225,12
31025500834,12
31025500707,15
31025500491,12
31025500490,11
31025500489,12
31025500487,12
31025500486,12
31025500485,12
31025500484,12
31025500381,12
31025500380,12
31025500379,12
31025500296,14
31025500276,6
31025500253,12
31025500240,12
31025500229,14
31025500217,12
31025500125,14
31025500123,12
31025020319,12
31025020210,2
31025020196,12
31025020138,12
31025020134,12
31025019558,11
31025019490,12
31025019429,12
31025019346,2
31025019328,1
31025018139,6
31025017550,14
31025013777,12
31025012897,12
31025012894,12
31025012871,15
31025012695,12
31025012456,6
31025012394,12
31025012335,12
31025010733,12
31025010552,1
31025009271,6
31025009111,6
31025008854,12
31025008783,15
31025008584,12
31025008571,12
31025008431,12
31025008035,11
31025007955,12
31025007632,14
31025007558,12
31025007371,12
31025007277,12
31025007166,6
31025006882,2
31025006700,6
31025006338,15
31025006298,14
31025006076,1
31025005562,6
31025005412,12
31025005390,14
31025005291,1
31025005007,12
31025004928,6
31025004854,6
31025004626,12
31025004524,6
31025004506,14
31025004123,12
31025004066,6
31025003970,12
31025003858,1
31025003812,12
31025003757,12
31025003368,12
31025003285,12
31025003162,6
31025002889,6
31025002715,11
31025002591,12
31025002572,12
31025002556,12
31025002462,6
31025002431,12
31025000358,8
30925034644,10
30924011975,14
30825004337,12
30825004329,12
30825004320,12
30825004307,6
30825004301,12
30625023849,12
30625015222,12
30425012336,2
30325020542,14
21025009317,12
21025009136,14
21025009044,8
21025008885,8
21025008485,12
21025008246,12
21025008175,12
21025008171,10
21025007763,6
21025007739,6
21025007692,12
21025007679,15
21025007500,12
21025006889,12
20925029922,12
20925017412,6
20725032819,12
20525016638,8
20425004494,6
11025923055,2
11025923051,15
11025923047,15
11025923041,2
11025923035,12
11025921599,12
11025921464,15
11025921458,12
11025921433,12
11025921430,6
11025921409,12
11025919552,11
11025919546,12
11025919544,12
11025919541,12
11025919539,12
11025919536,6
11025919534,12
11025919532,12
11025919529,12
11025919527,12
11025919525,12
11025914183,12
11025911670,12
11025911494,12
11025503828,9
11025503820,12
11025503696,12
11025503659,12
11025503629,12
11025503622,12
11025503555,6
11025503534,12
11025503482,12
11025503469,14
11025503436,14
11025503171,15
11025503170,15
11025503169,15
11025503073,12
11025503047,12
11025503014,12
11025503012,6
11025502914,12
11025502870,12
11025502853,12
11025502851,6
11025502716,15
11025502643,12
11025502429,12
11025502374,6
11025502373,12
11025502371,12
11025502370,12
11025502369,12
11025502368,12
11025502367,12
11025502366,12
11025502365,12
11025502364,12
11025502363,12
11025502362,12
11025502361,12
11025502360,12
11025502359,12
11025502343,12
11025502341,12
11025502315,12
11025502313,12
11025502267,12
11025501738,15
11025501737,6
11025501617,12
11025501609,12
11025501484,15
11025501316,12
11025501178,12
11025501133,12
11025501120,12
11025501051,6
11025500979,12
11025500949,12
11025500767,6
11025500397,12
11025500307,2
11025500253,12
11025500130,6
11025500006,12
11025023931,6
11025023923,8
11025023793,12
11025023370,14
11025023262,12
11025023151,12
11025022981,15
11025022938,6
11025022703,6
11025022610,12
11025022548,12
11025022261,12
11025021984,12
11025021909,12
11025021727,12
11025021708,12
11025021692,11
11025021673,12
11025021630,12
11025021608,12
11025021106,12
11025020642,15
11025020632,6
11025020360,6
11025019678,12
11025019304,12
11025017078,12
11025016300,12
11025016193,12
11025016093,12
11025016034,12
11025014198,12
11025013585,10
11025013533,12
11025013447,12
11025013397,12
11025013272,12
11025013253,15
11025013109,12
11025013069,12
11025012936,12
11025012714,14
11025012531,12
11025012518,12
11025012497,12
11025012319,9
11025012273,12
11025012020,8
11025011952,12
11025011153,12
11025010342,12
11025010308,10
11025010252,12
11025010159,12
11025010024,12
11025009493,12
11025009325,12
11025009198,12
10925015017,12
10925012155,12
10925009207,12
10925004438,6
10825030837,12
10825024843,11
10824015239,1
10725014483,6
280326000000,12
230224000000,12
190424000000,12
150624000000,12
91024912970,12
90925031465,12
90925030093,12
90925029749,12
90925029241,12
90925022455,12
90925021345,6
90925018550,12
90824000140,12
90725012609,12
90725011930,14
90625004646,12
90525024600,6
90525013079,14
80925012799,14
80925009411,12
80822002554,5
80725017166,12
80425007254,14
80324005284,2
71224004168,2
70125008647,12
60925014323,12
60925013977,12
60925012873,12
60925012752,12
60925012168,12
60925011536,6
60925010838,12
60825012666,12
60525030431,12
60525030123,12
50925024761,14
50925021199,12
50925006804,14
50925005511,12
50924014202,12
50625015087,12
50325022516,12
41124005463,15
40925032384,12
40925027347,12
40925023599,12
40925015350,12
40925014452,12
40925011847,6
40925007862,12
40825905440,14
40825003868,14
31025918281,12
31025916125,15
31025915964,12
31025915157,15
31025910783,12
31025910782,12
31025910781,6
31025910780,15
31025910779,15
31025910778,12
31025910777,12
31025910776,12
31025910775,15
31025910774,12
31025910773,15
31025910770,12
31025910769,12
31025910768,12
31025910767,15
31025910766,12
31025910763,2
31025910762,6
31025910761,12
31025910758,15
31025910757,15
31025910756,6
31025910755,12
31025910754,15
31025910753,15
31025910752,6
31025910750,6
31025910749,12
31025910739,12
31025910679,12
31025910103,6
31025909969,12
31025909967,6
31025909963,12
31025909953,6
31025909946,2
31025909932,12
31025909929,12
31025909925,12
31025909911,12
31025909894,6
31025909886,2
31025909856,9
31025909850,12
31025909807,6
31025909796,15
31025909791,12
31025909773,6
31025909753,9
31025909742,12
31025909728,6
31025909719,12
31025909689,12
31025909686,2
31025909684,12
31025909681,15
31025909670,12
31025909668,9
31025909656,9
31025909649,9
31025909644,15
31025909640,12
31025909639,2
31025909627,12
31025909623,2
31025909604,13
31025909571,2
31025909561,12
31025909559,12
31025909557,12
31025909556,15
31025909554,12
31025909551,3
31025909550,12
31025909549,6
31025909545,15
31025909542,2
31025909541,12
31025909539,12
31025909532,2
31025909530,6
31025909529,12
31025909525,3
31025909521,12
31025909519,6
31025909517,15
31025909516,2
31025909515,12
31025909514,12
31025909513,2
31025909511,12
31025908748,12
31025908747,12
31025908746,15
31025908745,12
31025908744,12
31025908743,12
31025908742,2
31025908741,12
31025908740,15
31025908739,2
31025908738,6
31025908737,12
31025908735,15
31025908734,12
31025908733,9
31025908731,12
31025908730,15
31025908729,12
31025908728,12
31025908726,12
31025908724,2
31025908723,2
31025908720,6
31025908719,2
31025908718,12
31025908717,12
31025908715,12
31025908714,12
31025908713,2
31025908712,12
31025908711,12
31025908707,12
31025908706,9
31025908705,6
31025908704,6
31025908703,12
31025908700,15
31025908697,15
31025908696,12
31025908695,6
31025908692,15
31025908690,12
31025908688,2
31025908687,6
31025908679,9
31025908675,15
31025908674,12
31025908673,15
31025908569,2
31025503352,12
31025503330,12
31025503270,12
31025503258,12
31025503195,12
31025503135,6
31025503060,5
31025503015,15
31025503014,9
31025503013,12
31025503011,12
31025502997,12
31025502938,12
31025502937,12
31025502934,12
31025502933,12
31025502930,6
31025502929,12
31025502928,12
31025502925,12
31025502731,10
31025502713,12
31025502452,6
31025502426,12
31025502425,12
31025502393,12
31025502144,15
31025502143,12
31025502111,12
31025502004,14
31025502003,14
31025502002,12
31025501998,14
31025501997,14
31025501996,14
31025501995,14
31025501994,14
31025501993,14
31025501992,14
31025501991,14
31025501990,14
31025501989,14
31025501987,14
31025501984,14
31025501982,14
31025501981,14
31025501980,14
31025501977,14
31025501976,14
31025501975,14
31025501973,14
31025501972,14
31025501971,14
31025501970,14
31025501969,14
31025501968,14
31025501967,14
31025501966,14
31025501965,14
31025501962,14
31025501960,14
31025501959,14
31025501958,14
31025501957,14
31025501951,14
31025501950,14
31025501948,14
31025501945,14
31025501944,14
31025501942,14
31025501940,14
31025501939,14
31025501938,14
31025501937,14
31025501936,14
31025501935,14
31025501934,14
31025501933,14
31025501932,14
31025501928,14
31025501927,14
31025501925,14
31025501924,14
31025501922,14
31025501920,14
31025501919,14
31025501918,14
31025501917,14
31025501913,14
31025501910,14
31025501909,14
31025501908,14
31025501904,14
31025501902,14
31025501901,14
31025501900,14
31025501897,14
31025501895,12
31025501858,12
31025501774,14
31025501483,12
31025501482,12
31025501481,14
31025501479,12
31025501478,12
31025501477,12
31025501476,12
31025501475,12
31025501474,12
31025501473,12
31025501472,12
31025501471,12
31025501468,12
31025501467,14
31025501253,2
31025501241,12
31025501231,12
31025501230,12
31025501229,12
31025501224,12
31025501221,12
31025501160,12
31025501159,12
31025501158,12
31025501152,15
31025501151,6
31025500887,12
31025500835,12
31025500833,12
31025500831,12
31025500830,12
31025500829,12
31025500828,6
31025500782,12
31025500781,14
31025500780,14
31025500779,14
31025500757,15
31025500719,6
31025500383,12
31025500292,6
31025500289,1
31025500274,12
31025500273,11
31025500271,14
31025500270,14
31025500268,14
31025500263,12
31025500261,14
31025500260,6
31025500259,6
31025500255,6
31025500254,14
31025500252,12
31025500249,14
31025500246,12
31025500243,14
31025500232,14
31025500230,14
31025500228,14
31025500223,6
31025500221,6
31025500219,6
31025500215,12
31025500214,12
31025500213,12
31025500212,12
31025500211,12
31025500210,12
31025500208,12
31025500207,12
31025500206,12
31025500204,12
31025500202,12
31025500201,12
31025500200,12
31025500199,12
31025500198,12
31025500197,12
31025500194,12
31025500193,12
31025500192,12
31025500191,12
31025500188,12
31025500187,12
31025500186,12
31025500185,12
31025500184,12
31025500183,12
31025500182,12
31025500180,12
31025500179,12
31025500177,12
31025500176,12
31025500175,12
31025500172,12
31025500170,12
31025500169,12
31025500166,12
31025500165,12
31025500162,12
31025500160,12
31025500159,12
31025500158,12
31025500157,12
31025500156,12
31025500149,12
31025500148,12
31025500147,12
31025500143,12
31025500142,12
31025500141,12
31025500140,12
31025500133,14
31025500128,14
31025500121,14
31025500120,12
31025500118,1
31025500037,6
31025500036,6
31025020340,15
31025019859,14
31025019853,14
31025019821,12
31025019637,11
31025019478,12
31025018961,12
31025018302,14
31025017917,12
31025017762,12
31025017589,12
31025017506,12
31025017464,14
31025017070,12
31025016605,12
31025016367,12
31025016272,6
31025016100,14
31025015913,14
31025015678,12
31025015393,11
31025015320,12
31025015144,6
31025015050,12
31025014684,12
31025014638,12
31025013768,6
31025013596,12
31025013459,12
31025013447,4
31025013396,13
31025013204,12
31025013170,15
31025013133,6
31025012903,12
31025012843,12
31025012786,12
31025012729,12
31025012588,12
31025012534,8
31025012005,12
31025011704,12
31025011593,6
31025011443,12
31025011308,12
31025011101,6
31025010984,12
31025010969,6
31025010607,12
31025010542,12
31025010244,6
31025010162,12
31025010158,6
31025010013,6
31025009853,12
31025009735,14
31025009716,6
31025009206,8
31025009106,12
31025008559,12
31025008504,8
31025008219,6
31025008186,8
31025007848,12
31025007816,10
31025007610,8
31025007605,6
31025007590,12
31025007556,4
31025007293,14
31025007231,12
31025006908,12
31025006621,12
31025006554,12
31025006387,12
31025006193,9
31025006092,14
31025006064,12
31025005840,12
31025005707,14
31025005692,12
31025005522,12
31025005200,12
31025005115,12
31025005004,14
31025004990,12
31025004877,14
31025004317,14
31025004253,15
31025004139,5
31025003828,6
31025003792,12
31025003649,12
31025003427,6
31025003151,6
31025003088,12
31025002992,12
31025002778,14
31025002760,3
31025002564,12
31025002563,12
31025002264,12
31025002172,12
31025001929,6
31025001736,14
31025001720,14
31025001691,14
31025001563,12
31025001441,12
31025001417,12
31025001415,12
31025001310,1
30825005455,6
30824008625,6
30725027635,14
30725014749,2
30525002317,12
30225006569,12
21025009104,12
21025009009,12
21025009008,12
21025008510,6
21025008479,6
21025008315,12
21025008250,12
21025008241,12
21025008236,12
21025008234,12
21025008213,12
21025008026,12
21025007583,6
21025006614,12
20925028960,12
20925025988,7
20925022457,12
20825007068,6
20725022929,12
20625005471,12
20524002815,12
20125016115,4
20124002370,14
11025923170,12
11025923169,12
11025923102,9
11025923056,12
11025923054,12
11025923052,6
11025923049,12
11025923045,12
11025923034,12
11025922211,15
11025922210,12
11025922209,12
11025921939,12
11025921928,12
11025921860,14
11025921856,6
11025921853,14
11025921585,11
11025921584,6
11025921476,15
11025921475,12
11025921474,6
11025921472,12
11025921469,15
11025921466,15
11025921461,12
11025921455,12
11025921451,12
11025921449,9
11025921448,12
11025921446,6
11025921445,15
11025921443,12
11025921442,12
11025921441,12
11025921437,6
11025921434,6
11025921432,12
11025921431,12
11025921429,12
11025921428,2
11025921426,2
11025921425,9
11025921422,12
11025921420,12
11025921419,12
11025921418,12
11025921417,12
11025921414,12
11025921413,15
11025921411,2
11025921410,12
11025920722,6
11025920721,9
11025920580,2
11025916178,15
11025916174,12
11025914700,12
11025914697,12
11025914695,11
11025504027,14
11025503995,14
11025503832,12
11025503819,12
11025503786,12
11025503777,12
11025503775,15
11025503765,15
11025503577,6
11025503484,12
11025503483,12
11025503481,12
11025503477,14
11025503475,14
11025503473,14
11025503472,14
11025503471,14
11025503470,14
11025503468,14
11025503467,14
11025503465,14
11025503464,14
11025503463,14
11025503462,14
11025503461,14
11025503458,14
11025503457,14
11025503456,14
11025503453,14
11025503452,14
11025503450,14
11025503449,14
11025503448,14
11025503446,14
11025503444,14
11025503441,14
11025503439,14
11025503437,14
11025503434,14
11025503433,14
11025503432,14
11025503430,14
11025503428,14
11025503427,14
11025503426,14
11025503423,14
11025503422,14
11025503421,14
11025503420,14
11025503419,14
11025503418,14
11025503413,14
11025503410,14
11025503403,14
11025503401,14
11025503396,14
11025503395,14
11025503389,14
11025503387,14
11025503384,14
11025503383,14
11025503379,14
11025503377,14
11025503191,12
11025503154,12
11025503134,4
11025503116,14
11025503115,14
11025503114,14
11025503113,14
11025503112,14
11025503111,14
11025503109,14
11025503108,14
11025503107,14
11025503106,14
11025503105,14
11025503104,14
11025503102,14
11025503099,14
11025503097,14
11025503096,14
11025503095,14
11025503094,14
11025503093,14
11025503092,14
11025503091,14
11025503090,14
11025503089,14
11025503069,2
11025503059,12
11025503055,12
11025503054,12
11025503052,12
11025503051,12
11025503044,12
11025503032,12
11025502928,12
11025502881,12
11025502852,6
11025502777,12
11025502640,12
11025502593,12
11025502552,12
11025502547,6
11025502530,12
11025502497,12
11025502443,14
11025502422,12
11025502335,12
11025502262,12
11025502179,5
11025502176,12
11025502049,12
11025501913,12
11025501912,12
11025501911,12
11025501908,12
11025501858,12
11025501791,12
11025501735,12
11025501705,12
11025501657,12
11025501622,12
11025501619,12
11025501603,12
11025501602,12
11025501591,12
11025501576,12
11025501527,12
11025501383,12
11025501301,12
11025501226,15
11025501132,12
11025501131,12
11025500921,15
11025500920,9
11025500886,13
11025500871,6
11025500870,6
11025500869,6
11025500756,13
11025500748,6
11025500717,12
11025500716,12
11025500715,12
11025500714,12
11025500712,12
11025500711,12
11025500710,12
11025500708,12
11025500707,12
11025500706,12
11025500703,12
11025500702,12
11025500701,12
11025500700,12
11025500698,12
11025500692,12
11025500685,12
11025500587,14
11025500586,14
11025500567,6
11025500551,12
11025500386,14
11025500344,6
11025500340,12
11025500326,12
11025500320,1
11025500254,12
11025500236,1
11025500198,6
11025500187,14
11025500186,14
11025500100,6
11025500022,6
11025500005,12
11025023583,14
11025023259,12
11025022956,12
11025022798,12
11025022705,12
11025022685,14
11025022549,14
11025022350,12
11025022206,12
11025021813,12
11025021057,12
11025020899,12
11025020649,12
11025020573,12
11025020290,14
11025020251,14
11025020234,12
11025020184,14
11025020178,12
11025020171,6
11025019919,12
11025019908,12
11025019832,12
11025019688,6
11025018834,14
11025018599,12
11025018398,12
11025018270,6
11025018251,1
11025018187,12
11025018103,12
11025017796,6
11025017262,6
11025017211,12
11025016943,12
11025016939,11
11025016152,12
11025015983,14
11025015907,12
11025015730,9
11025015668,8
11025015559,12
11025015550,12
11025015530,12
11025015195,12
11025015140,9
11025015002,12
11025014846,10
11025014828,12
11025014774,14
11025014442,14
11025014103,12
11025014086,9
11025013889,7
11025013857,12
11025013701,11
11025013268,12
11025013178,14
11025012852,14
11025012827,14
11025012786,14
11025012716,12
11025012617,12
11025012599,14
11025012561,14
11025012548,12
11025012536,14
11025012515,14
11025012511,12
11025012508,14
11025012448,14
11025012398,14
11025012358,14
11025012320,14
11025012306,4
11025012272,6
11025012238,14
11025012152,14
11025011968,12
11025011897,6
11025011868,13
11025011782,12
11025011399,12
11025011366,12
11025011070,6
11025010999,12
11025010752,6
11025010704,12
11025010205,8
11025010026,12
11025001135,14
11025000070,2
10925018244,12
10925017134,12
10925014891,12
10925013570,14
10825015812,9
10825015583,14
10725021446,12
10425012194,12
40925023597,12
10325006589,6
70623009584,12
20824017228,12
210723000000,12
50925006639,14
30925034885,2
11025011220,6
10823004356,12
90925023966,12
80925017977,14
80225006372,14
50925018441,12
50925017789,12
50625030559,6
50325910605,14
40925023678,12
40422001738,12
11025015146,1
80925004760,12
50925013658,12
50825033940,12
31025919034,15
31025919033,12
31025913577,6
31025905753,12
31025905608,12
31025502733,12
31025019960,12
31025018192,14
31025017620,12
31025017487,15
31025017445,12
31025017198,12
31025016486,15
31025014693,12
31025011195,12
31025011149,8
31025010322,12
31025009446,12
31025008849,14
31025008297,12
31025007387,9
31025007094,12
31025006909,6
31025006130,12
31025005138,2
31025003358,12
31025002229,12
20625011047,2
11025918635,2
11025918583,2
11025918573,13
11025918566,12
11025911930,15
11025911929,12
11025911017,6
11025910388,12
11025910165,12
11025501106,12
11025500918,12
11025500917,12
11025500916,12
11025023772,15
11025022713,12
11025017677,15
11025016685,12
11025015206,12
11025013798,15
11025013561,12
11025013527,12
11025012456,12
11025011541,12
11025011360,12
11025011345,12
11025010765,12
11025010234,12
11025009618,14
11025009400,9
11025009314,2
11025009122,12
10925021410,12
90925029478,12
80925027138,7
70725008823,1
31025500455,14
31025019613,6
31025019188,12
31025019135,12
31025019055,14
31025012341,6
31025009268,12
31025009216,15
31025009065,12
31025006959,12
31025006849,12
31025006784,12
31025006601,12
31025005476,15
31025003917,12
31025003288,12
31025003264,12
30925013965,14
11025918978,12
11025918569,12
11025918562,12
11025915242,12
11025502705,3
11025502701,3
11025501162,12
11025023419,12
11025023368,14
11025023367,12
11025020097,2
11025016847,12
11025016754,12
11025016691,12
11025016629,12
11025016579,6
11025016035,12
11025015964,12
11025015895,12
11025015858,6
11025015768,12
11025014803,12
11025014664,15
11025014565,12
11025014333,12
11025013953,14
11025013596,12
11025013302,12
11025013293,6
11025011817,1
11025011467,12
11025010285,15
11025010068,15
11025009359,12
40725023984,6
31025500998,12
31025500765,12
31025500763,12
31025500737,3
31025500341,12
31025018959,12
31025015464,12
31025012640,2
31025009220,12
31025006958,12
31025006082,12
31025004823,7
31025003506,12
31025001914,12
30725022845,12
21025007975,12
11025918777,6
11025918773,12
11025915241,12
11025502236,12
11025501228,12
11025501110,12
11025500965,12
11025500842,6
11025011306,12
11025010805,6
11025009304,9
11025001126,6
11025000302,15
11025000295,12
10825016894,14
300724000000,12
270126000000,14
91224003667,12
90925017580,12
90725025765,12
80925013412,12
80925012157,12
80925001514,14
80825015546,12
80425025468,12
70825031990,12
70825009989,12
70824004390,6
70324009168,14
60825026210,14
60824010880,12
60525003198,8
50325919634,12
50325919629,14
40925023696,15
40925023505,12
40925022713,12
40425019566,12
40325011461,12
31025916406,12
31025916215,12
31025916208,3
31025916207,6
31025916199,15
31025916197,12
31025916181,12
31025916174,12
31025915180,12
31025915173,12
31025912222,12
31025911980,12
31025911979,12
31025911978,12
31025911158,12
31025910114,12
31025909423,14
31025503356,12
31025503328,12
31025503008,12
31025503006,12
31025502960,15
31025502949,6
31025502944,6
31025502939,12
31025502902,15
31025502901,15
31025502886,15
31025502712,10
31025502684,12
31025502539,12
31025502507,12
31025502500,9
31025502498,12
31025502440,13
31025502422,12
31025502391,12
31025502368,12
31025502366,12
31025502356,15
31025502340,6
31025502334,12
31025502295,12
31025502140,12
31025502129,12
31025502126,12
31025502124,6
31025502123,15
31025502065,6
31025502062,6
31025502061,12
31025502060,12
31025501582,6
31025501552,15
31025501458,12
31025501107,12
31025501106,12
31025501011,15
31025501008,12
31025501005,12
31025501004,12
31025500980,6
31025500971,12
31025500945,15
31025500944,12
31025500930,6
31025500929,6
31025500898,12
31025500892,6
31025500891,6
31025500890,14
31025500889,12
31025500885,6
31025500881,15
31025500880,2
31025500871,12
31025500847,12
31025500845,12
31025500844,12
31025500827,6
31025500826,6
31025500821,12
31025500820,12
31025500812,12
31025500811,12
31025500798,9
31025500790,12
31025500783,12
31025500772,6
31025500760,15
31025500759,12
31025500753,12
31025500742,12
31025500741,12
31025500734,6
31025500724,11
31025500720,12
31025500708,12
31025500704,6
31025500633,14
31025500556,12
31025500532,12
31025500528,12
31025500502,13
31025500467,9
31025500466,6
31025500340,12
31025500316,12
31025500115,12
31025020365,10
31025020230,12
31025020183,12
31025020168,12
31025020149,12
31025020093,12
31025020068,12
31025020039,6
31025019961,10
31025019920,8
31025019893,9
31025019754,10
31025019751,9
31025019607,14
31025019595,12
31025019594,12
31025019586,6
31025019480,14
31025019386,15
31025019348,6
31025019269,13
31025019239,12
31025019181,6
31025019163,14
31025019162,6
31025019142,12
31025019100,6
31025019050,12
31025018909,12
31025018905,12
31025018903,12
31025018868,8
31025018724,12
31025018671,12
31025018654,6
31025018650,12
31025018648,12
31025018563,12
31025018554,15
31025018499,6
31025018484,12
31025018482,8
31025017906,6
31025017776,12
31025017661,15
31025017630,12
31025017551,6
31025017494,12
31025017474,12
31025017242,14
31025017050,6
31025016876,6
31025016733,14
31025016511,12
31025016428,8
31025016299,12
31025016184,6
31025016143,1
31025016109,15
31025016077,12
31025015919,1
31025015840,12
31025015748,12
31025015579,12
31025015547,12
31025014680,12
31025014602,12
31025014331,12
31025013748,12
31025013733,9
31025013688,6
31025013639,12
31025013618,15
31025013536,12
31025013522,12
31025013485,12
31025013429,12
31025013378,12
31025013368,6
31025013319,6
31025013220,12
31025013210,15
31025013202,15
31025012602,12
31025012597,3
31025012539,12
31025012413,6
31025012370,12
31025012302,6
31025012228,12
31025012037,6
31025011995,14
31025011782,2
31025011747,12
31025011740,12
31025011666,10
31025011499,9
31025011476,12
31025011465,12
31025011464,12
31025011361,6
31025011258,8
31025011225,14
31025011119,12
31025011067,12
31025011062,12
31025011014,12
31025010817,12
31025010741,15
31025010698,15
31025010649,12
31025010622,15
31025010536,10
31025010505,10
31025010377,11
31025010153,12
31025010089,12
31025009991,12
31025009989,12
31025009831,12
31025009646,12
31025008993,12
31025008885,12
31025008590,6
31025008466,6
31025008161,12
31025008118,6
31025007994,12
31025007843,9
31025007499,12
31025007488,9
31025007245,12
31025007143,12
31025007056,12
31025007004,12
31025006972,12
31025006950,6
31025006883,9
31025006823,14
31025006565,12
31025006480,12
31025006327,12
31025006315,6
31025006278,2
31025006112,14
31025006073,12
31025006051,8
31025005871,12
31025005851,6
31025005832,6
31025005813,12
31025005731,12
31025005724,14
31025005659,12
31025005488,10
31025005465,10
31025005455,10
31025005446,8
31025005406,12
31025005391,12
31025005382,12
31025005342,12
31025005331,6
31025005145,12
31025004952,14
31025004633,12
31025004562,15
31025004297,12
31025004290,12
31025004237,6
31025004228,6
31025004226,12
31025004173,12
31025004104,6
31025004025,12
31025003968,11
31025003646,15
31025003602,12
31025003534,1
31025003352,6
31025002957,12
31025002877,12
31025002851,12
31025002846,12
31025002764,14
31025002603,14
31025002474,12
31025002325,15
31025002256,6
31025002207,12
31025002030,15
31025002011,12
31025001610,12
31025001562,6
31025001501,6
31025001498,15
31025001476,15
30925013757,6
30725016442,12
30625927986,12
30425917367,12
21025009324,6
21025009323,12
21025009251,11
21025009227,8
21025009066,12
21025008770,12
21025008663,12
21025008582,12
21025008391,14
21025008334,6
21025008279,12
21025008088,12
21025008066,6
21025008036,12
21025007842,12
21025007811,12
21025007754,12
21025007419,6
21025007415,6
21025007284,10
21025007250,12
21025007089,12
21025007032,14
21025006860,1
21025005720,12
21025003044,12
20925016204,1
20825007664,12
20725014851,12
11025921795,12
11025921601,12
11025920125,6
11025920003,12
11025919975,12
11025919218,12
11025918853,12
11025918840,12
11025918701,12
11025918367,12
11025918120,6
11025917960,12
11025917780,12
11025915496,6
11025915419,12
11025915247,12
11025914204,12
11025914182,12
11025913718,12
11025913368,12
11025913364,12
11025913362,15
11025913164,12
11025913163,15
11025912743,12
11025911950,12
11025911791,12
11025911732,12
11025911069,12
11025909247,13
11025909246,15
11025504032,12
11025504021,12
11025504020,12
11025504019,15
11025504018,12
11025504017,12
11025504016,12
11025504015,12
11025504014,12
11025503952,12
11025503951,12
11025503941,12
11025503933,12
11025503842,12
11025503841,12
11025503794,6
11025503757,12
11025503733,12
11025503723,12
11025503681,12
11025503617,12
11025503599,12
11025503575,12
11025503549,12
11025503503,12
11025503488,12
11025503368,9
11025503218,12
11025503217,15
11025503148,10
11025503142,15
11025503126,12
11025503125,12
11025503124,15
11025503123,15
11025503122,12
11025503121,10
11025502963,6
11025502894,12
11025502869,2
11025502868,12
11025502867,12
11025502866,15
11025502865,9
11025502862,6
11025502763,12
11025502761,12
11025502696,12
11025502695,12
11025502694,11
11025502693,12
11025502692,12
11025502691,12
11025502690,12
11025502689,12
11025502662,12
11025502644,12
11025502635,6
11025502615,6
11025502603,12
11025502586,12
11025502564,15
11025502539,12
11025502534,12
11025502503,6
11025502477,9
11025502465,12
11025502463,9
11025502461,9
11025502459,12
11025502441,10
11025502440,10
11025502430,12
11025502423,12
11025502412,14
11025502281,12
11025502276,12
11025502259,8
11025502253,12
11025502252,6
11025502125,12
11025502082,12
11025501991,12
11025501930,12
11025501896,12
11025501841,12
11025501834,12
11025501768,12
11025501766,12
11025501720,12
11025501655,12
11025501631,12
11025501623,6
11025501578,12
11025501570,12
11025501455,12
11025501405,12
11025501392,12
11025501382,12
11025501355,12
11025501344,8
11025501337,6
11025501330,12
11025501324,12
11025501302,2
11025501295,6
11025501288,12
11025501277,12
11025501243,12
11025501218,12
11025501182,15
11025501112,11
11025501095,12
11025501048,12
11025501030,12
11025501016,12
11025501004,12
11025500997,8
11025500988,15
11025500974,6
11025500887,11
11025500861,12
11025500807,12
11025500786,12
11025500784,12
11025500754,12
11025500751,12
11025500747,12
11025500732,12
11025500721,12
11025500631,6
11025500628,12
11025500618,12
11025500580,6
11025500537,6
11025500536,6
11025500405,12
11025500343,12
11025500333,6
11025500318,13
11025500302,6
11025500275,6
11025500257,14
11025500139,12
11025500134,12
11025500106,12
11025500099,6
11025500046,12
11025500026,2
11025024508,8
11025024455,1
11025024373,12
11025024371,12
11025024347,15
11025024264,6
11025024221,12
11025024132,14
11025023964,6
11025023858,12
11025023712,12
11025023696,12
11025023516,6
11025023496,12
11025023445,14
11025023403,2
11025023384,12
11025023374,12
11025023275,9
11025023254,12
11025023214,12
11025023201,6
11025022859,11
11025022852,5
11025022848,6
11025022785,12
11025022738,14
11025022638,9
11025022556,12
11025022553,12
11025022501,9
11025022477,9
11025022444,12
11025022385,12
11025022378,6
11025022366,12
11025022273,12
11025022270,12
11025022254,12
11025022220,12
11025022194,6
11025022121,3
11025022111,15
11025022065,12
11025022008,12
11025021888,12
11025021778,11
11025021679,12
11025021561,12
11025021549,1
11025021282,8
11025020922,12
11025020582,12
11025020448,14
11025020408,12
11025020222,12
11025020165,12
11025020086,2
11025020027,14
11025020023,14
11025020005,12
11025019849,12
11025019773,12
11025019619,3
11025019375,12
11025018760,12
11025018696,6
11025018683,12
11025018595,12
11025018529,12
11025018385,6
11025018266,4
11025018242,14
11025018208,1
11025018207,12
11025018177,10
11025018136,11
11025017679,12
11025017370,12
11025017190,4
11025017049,12
11025016989,12
11025016980,2
11025016919,10
11025016918,12
11025016806,12
11025016731,12
11025016666,6
11025016515,12
11025016505,12
11025016504,12
11025016441,12
11025016384,12
11025016365,12
11025016244,2
11025016237,10
11025016136,6
11025016025,12
11025016005,6
11025015977,12
11025015962,14
11025015943,12
11025015939,12
11025015892,12
11025015775,12
11025015774,12
11025015767,12
11025015732,9
11025015711,12
11025015673,1
11025015604,12
11025015603,12
11025015598,12
11025015560,8
11025015540,12
11025015321,6
11025015316,6
11025015248,6
11025015196,12
11025015170,15
11025015149,12
11025015139,6
11025015114,12
11025015074,6
11025014970,12
11025014866,6
11025014732,6
11025014675,14
11025014662,6
11025014659,12
11025014642,12
11025014641,12
11025014544,12
11025014478,12
11025014430,12
11025014422,1
11025014365,12
11025014361,14
11025014349,12
11025014290,14
11025014150,12
11025013960,12
11025013958,12
11025013924,12
11025013916,1
11025013866,2
11025013657,12
11025013656,6
11025013474,6
11025013406,12
11025013382,12
11025013376,6
11025013311,12
11025013306,12
11025013216,1
11025013137,2
11025013110,6
11025013090,2
11025013042,12
11025012987,12
11025012924,12
11025012811,12
11025012798,12
11025012632,12
11025012573,12
11025012346,12
11025012318,12
11025012201,12
11025011856,15
11025011821,12
11025011706,9
11025011554,4
11025011430,15
11025011314,8
11025011168,5
11025011114,12
11025011112,8
11025011109,6
11025011034,12
11025010957,15
11025010867,8
11025010290,12
11025010181,12
11025010094,12
11025009564,12
11025009520,12
11025009507,12
11025009499,9
11025009496,12
11025009489,12
11025009467,12
11025009135,9
11025000229,12
11025000221,12
11025000052,1
11025000042,9
11025022221,8
11025013776,9
11025009599,2
31025005622,9
11025020925,14
50625017880,2
40825009426,12
11025018192,14
11025015621,14
10725017844,12
300823000000,1
160621000000,6
90925012621,2
90724004751,4
40523005327,2
31025909380,14
31025909347,12
31025012149,12
31025011169,8
21025008809,14
11025023651,12
11025021960,12
11025018325,12
11025013033,6
11025013025,12
11025009036,1
11025009035,12
11025009034,1
11025000019,12
90825009927,12
70825027536,12
60925009421,2
60323001505,1
31025019016,12
31025018549,12
31025014240,12
31025013360,8
31025011699,12
31025011634,9
31025011475,12
31025004922,12
30325002384,12
20525004176,12
11025023699,6
11025020828,12
11025020080,12
11025016564,12
11025010344,14
300522000000,12
290324000000,4
280223000000,4
261023000000,6
250523000000,1
250326000000,15
231025000000,12
230922000000,12
200623000000,6
200123000000,12
170321000000,14
160923000000,12
150621000000,10
150423000000,6
140423000000,6
130321000000,14
101019000000,12
91124009427,12
90925015804,8
90825009729,12
90824004288,12
90525910322,3
90523904440,12
90125021591,8
81223007195,1
80925024707,12
80925009206,6
80825029756,12
80725008322,12
71124007524,12
70825027903,14
70825015359,6
70725023976,12
70725010111,12
70725003075,7
60925010854,12
60925000285,12
60825036291,6
60825036123,12
60825033481,12
60825027081,8
60825015669,12
60825012887,12
60725003130,12
60625023963,14
60525012737,15
60525011896,12
60525011469,14
50925007139,6
50824002863,12
50824001847,12
50725009019,12
50325024701,12
40925032034,12
40925026891,12
40925000981,12
31025909362,12
31025020300,6
31025020285,14
31025020203,6
31025020060,10
31025019896,14
31025019878,12
31025019837,4
31025019835,12
31025019760,12
31025019682,12
31025019681,6
31025019675,15
31025019638,12
31025019630,10
31025019491,12
31025019444,12
31025019324,15
31025019173,12
31025019078,14
31025019009,15
31025018955,12
31025018939,12
31025018926,14
31025018827,6
31025018620,12
31025018506,6
31025018309,14
31025018295,15
31025018083,12
31025017659,12
31025017500,6
31025017490,12
31025016555,12
31025016316,6
31025016219,12
31025016117,6
31025015934,12
31025015772,12
31025015734,12
31025015645,12
31025015436,12
31025015051,14
31025014773,6
31025014704,12
31025014634,12
31025014121,12
31025014074,14
31025013824,6
31025013710,12
31025013706,6
31025013697,12
31025013663,12
31025013453,14
31025013269,12
31025013193,9
31025013162,12
31025013048,6
31025012931,12
31025012818,2
31025012569,12
31025012543,6
31025012273,12
31025012196,12
31025012195,10
31025012189,14
31025012140,6
31025012137,6
31025012121,12
31025011983,8
31025011876,6
31025011845,1
31025011481,9
31025011275,6
31025011209,3
31025011077,6
31025011024,6
31025010910,12
31025010784,12
31025010696,8
31025010539,6
31025010521,12
31025010509,8
31025009926,14
31025009730,6
31025009336,12
31025008906,12
31025008852,12
31025008502,14
31025008328,6
31025007788,6
31025007568,12
31025007479,12
31025006969,4
31025006406,12
31025006360,12
31025006320,12
31025006236,12
31025006195,12
31025005715,12
31025005614,4
31025005198,12
31025005088,12
31025004835,12
31025004798,12
31025004260,12
31025004121,12
31025003984,12
31025003903,8
31025003393,12
31025003124,2
31025002845,12
31025002574,6
31025002210,8
31025002156,8
31025002133,10
31025002119,12
31025001336,6
31025000610,12
30925034224,13
30925034154,1
30925032115,6
30925030043,12
30925012194,12
30725033306,12
30223010071,12
21025009211,6
21025009033,8
21025009028,3
21025008764,6
21025008705,6
21025008701,12
21025008459,6
21025008349,12
21025007982,12
21025007909,3
21025000437,12
20925023377,6
20925016517,6
20925011405,12
20925010808,15
20925000080,12
20825009622,14
20825009454,14
20825009366,10
20822003020,12
20725029641,10
20725013152,14
20525003476,7
11025918078,12
11025918050,14
11025918028,14
11025917994,6
11025917955,14
11025917895,14
11025917871,12
11025917816,14
11025917754,14
11025917724,12
11025917701,14
11025917649,14
11025917593,6
11025917558,14
11025917521,14
11025917480,14
11025917445,6
11025917369,12
11025917321,12
11025917285,12
11025917250,14
11025917217,12
11025024339,12
11025024272,12
11025024250,15
11025023669,12
11025023607,12
11025023523,6
11025023451,12
11025023430,12
11025023289,12
11025023163,12
11025023141,12
11025023135,14
11025023117,12
11025022907,12
11025022864,10
11025022834,6
11025022245,12
11025022225,12
11025022178,12
11025021975,12
11025021964,12
11025021954,11
11025021822,6
11025021163,12
11025020827,12
11025020739,12
11025020404,10
11025020391,12
11025020332,6
11025020312,12
11025020276,12
11025020185,12
11025020058,12
11025019882,14
11025019775,12
11025019765,4
11025019736,12
11025019735,14
11025018832,12
11025018432,14
11025017978,12
11025016999,14
11025016880,12
11025016850,12
11025016707,8
11025016617,12
11025016340,12
11025015683,7
11025014985,6
11025014913,10
11025014681,12
11025014608,12
11025014556,12
11025014480,12
11025014256,12
11025013634,6
11025013626,6
11025013588,12
11025013584,12
11025013535,6
11025013084,12
11025013027,6
11025012875,14
11025012751,10
11025012640,7
11025012492,3
11025012435,6
11025012412,12
11025012195,11
11025012005,12
11025011751,6
11025011637,12
11025011398,6
11025011208,10
11025011035,9
11025010958,12
11025010807,8
11025010678,11
11025010528,6
11025010291,6
11025010232,7
11025010198,12
11025010157,12
11025009896,8
11025009866,2
11025009831,8
11025009805,6
11025009760,14
11025009710,14
11025009473,1
11025009465,6
11025009398,12
11025009104,12
11025009051,12
11025000290,12
11025000288,15
11025000180,14
11025000054,12
10925015158,14
10925009447,11
10925003651,12
10825031418,8
10825025964,12
10725031669,12
10425015243,10
10225008445,12
10125003498,12
250524000000,6
181121000000,6
90925029002,1
80725009740,12
70425017843,12
11025019306,14
11025014287,14
10925021456,6
151221000000,14
40925007711,12
11025502081,12
270526000000,12
190524000000,12
110123000000,1
90824018051,6
90824017250,6
90824016987,6
80925034064,6
80825034245,12
71124006132,1
70825028410,6
60725003117,12
31025019446,12
31025018877,6
31025006132,12
31025005592,6
31025005546,12
31025005526,12
31025005194,12
31025004855,6
31025002267,6
31025002260,6
31025002213,12
31025002192,12
31025002121,6
31025002105,6
31025002076,12
20725019883,12
20525009229,7
11025019414,6
11025011347,12
11025010222,12
11025010196,14
11025009841,12
10824010248,4
261121000000,6
240324000000,12
230621000000,12
200219000000,12
171023000000,6
151123000000,1
140122000000,12
130124000000,12
101123000000,6
90925034230,12
90925032431,12
90925030577,12
90925029940,15
90925027480,12
90925019601,12
90725008928,14
90725004727,12
90724009379,9
90724004613,6
80925023152,6
80925017205,6
80925013586,2
80825022302,6
80225007311,6
80125023294,6
80121000467,12
70923009195,6
70825006645,6
70725004562,15
70725003666,14
70525018002,12
70525004208,9
70425010027,14
70325017428,6
70325016769,12
70125012662,12
61224014210,12
61123005040,6
60925015187,1
60925012567,12
60825017880,14
60825017504,12
60825015965,12
60525028067,12
51124003930,14
50925924454,12
50925029790,6
50925026832,6
50925021263,12
50825011622,12
50625010732,6
50425006035,6
40925027971,12
40925025520,12
40825001232,12
40725027752,3
40724007685,12
40625023615,14
40425018416,12
40424005010,12
40125007300,12
31124001467,6
31025917959,12
31025905995,6
31025503491,12
31025503490,8
31025503447,6
31025503446,6
31025503444,12
31025503443,12
31025503441,12
31025503426,12
31025503341,6
31025503318,6
31025503315,6
31025502913,6
31025502777,4
31025502771,4
31025502722,9
31025502711,14
31025502532,6
31025502485,6
31025502481,12
31025502448,12
31025502408,12
31025502348,12
31025502333,12
31025502270,14
31025501771,15
31025501534,6
31025501051,12
31025500991,6
31025500990,12
31025500966,12
31025500903,14
31025500895,12
31025500818,12
31025500328,12
31025020098,8
31025019305,12
31025019006,12
31025018474,12
31025018362,7
31025018256,12
31025018186,8
31025018040,12
31025017552,12
31025017442,14
31025016149,12
31025016034,12
31025015794,14
31025015784,12
31025013633,6
31025013587,6
31025013037,3
31025013001,6
31025012272,12
31025012187,12
31025011584,12
31025011445,6
31025011365,12
31025011160,12
31025010948,4
31025010875,6
31025010630,12
31025010550,12
31025010528,8
31025009010,12
31025008951,10
31025008907,1
31025008470,10
31025008396,12
31025008214,6
31025007683,6
31025007553,6
31025007544,6
31025007454,9
31025007397,11
31025007360,14
31025006520,6
31025006384,12
31025006319,14
31025006247,12
31025006183,14
31025006149,12
31025005263,6
31025005222,12
31025005206,7
31025004893,12
31025004892,6
31025004243,8
31025004235,6
31025004120,12
31025003426,12
31025003424,12
31025002368,12
31025002195,12
31025002077,6
31025001975,12
31025001785,1
31025001728,6
31025000073,12
30925034058,8
30925017592,6
30925016610,8
30925014109,12
30925011489,8
30725030679,12
21122007262,12
21025009262,6
21025009130,10
21025008704,12
21025008642,12
21025008249,1
21025008183,12
21025008173,8
21025008150,1
21025008118,6
21025008098,6
21025008017,6
21025007936,8
21025007784,14
21025007638,12
21025007445,12
21025007399,14
21025007211,1
21025006850,8
21025000149,14
20925029732,12
20925015694,12
20925014399,8
20725022963,14
20525013948,12
20325001028,6
11025920102,12
11025919982,12
11025919253,12
11025918455,12
11025910354,6
11025503932,6
11025503716,12
11025503357,2
11025503344,12
11025503285,12
11025503279,12
11025503270,12
11025502141,4
11025502121,12
11025502076,12
11025502060,12
11025501942,12
11025501854,12
11025501820,12
11025501805,12
11025501800,12
11025501753,15
11025501750,12
11025501629,2
11025501427,10
11025501387,7
11025501320,12
11025501043,12
11025500511,15
11025500159,12
11025500014,6
11025024483,12
11025024344,14
11025024043,12
11025024025,12
11025023823,6
11025023497,12
11025022642,7
11025022282,12
11025021580,1
11025021556,12
11025020935,12
11025020902,2
11025020450,7
11025020173,6
11025020025,12
11025018864,12
11025017935,12
11025016728,6
11025016561,12
11025016483,12
11025016479,12
11025016345,12
11025016264,12
11025016082,12
11025015261,12
11025015189,14
11025015105,12
11025015097,12
11025015064,12
11025014888,6
11025014511,8
11025013874,6
11025012818,8
11025012053,1
11025011890,6
11025011736,12
11025011292,8
11025010880,12
11025010735,12
11025010593,12
11025010592,12
11025000058,8
10925015167,12
10925009525,12
10925006667,9
10925003709,15
10925003692,12
10925002759,9
10925001782,12
10925000017,2
10725027964,6
10724003098,9
10225005243,12
